4.158766736564764366e-10 2.979862120808683634e-10 2.916828920204248052e-10 6.597268306365481533e-10 4.797262317605439338e-10 1.077300779310793478e-09 3.985214312551614067e-09 2.917551095709052747e-09 1.073195238901341263e-09 1.321870264842905113e-09 -1.680366707305307868e-10 -1.716731254088761534e-09 -1.834995969366841899e-10
2.004694442318893079e-11 4.627268070567032824e-11 2.405860210019242711e-10 6.845699530679651526e-10 1.058853120702321381e-09 1.970652789651695579e-09 1.929139693811232898e-09 1.214747083557154347e-09 2.947348711915856595e-09 2.426134433062332086e-09 -3.791796156760490990e-10 -1.155716901165290957e-09 -5.366507170797731657e-10
1.400816544585737556e-11 -1.074530011289521070e-09 -7.773763296398233787e-10 1.988745221333801016e-09 2.130448317841883075e-09 -1.576218628222461924e-10 2.428248400408332407e-09 2.809965556102498700e-09 1.371115294908121065e-09 3.389729048666759951e-09 1.838080561756748543e-09 3.401046650610589287e-09 1.896774225590912558e-09
-4.251884189258151235e-12 3.035605384915028846e-10 2.089483092973399992e-09 1.635656817147667024e-09 5.252247705032060638e-09 2.702966712479067171e-09 3.092517582844753910e-09 3.768565338967097365e-09 3.415599814163033195e-09 3.647241491055780382e-09 -8.196637946109100499e-10 3.298327259193010058e-10 1.545992296584810785e-09
-4.171772110902097196e-11 -1.820969567163809300e-10 -3.050440667129249678e-10 5.249026470317211368e-10 4.679830166466606705e-09 2.120160363953565364e-09 8.415620287739795553e-10 2.165475440991945691e-09 4.428306918964316845e-09 2.376734600731919742e-09 1.408866440037588926e-09 -1.002846153723826413e-09 4.671158970025788793e-10
-5.456822014018114680e-11 5.318416137184291767e-10 -5.150899319102936210e-10 3.633066878087396612e-09 2.030543806342558588e-09 2.717263245853658316e-09 9.535632914096263347e-10 2.691287245599091503e-09 1.939542563650505552e-09 2.885928749485952946e-09 8.449073853806411848e-10 1.216279658783235100e-09 -1.554705213612633430e-09
1.242589512144943575e-10 7.005393309156425703e-10 9.874144122817223037e-10 8.857949198483850269e-10 1.892359852810522136e-09 1.471594189424822168e-09 1.931574177961564122e-09 3.869891939178129598e-09 2.179504107860692227e-09 2.343355120863006154e-10 5.169322355185941038e-09 2.849542704112283848e-09 8.572349795547240248e-10
-1.315982616441881253e-11 2.304011476915186464e-10 5.138745617328097426e-10 -8.780158238087710441e-10 2.663057376705960953e-10 4.340189562019869369e-09 3.181994031896489039e-09 4.465962332986535592e-09 4.064604178094444924e-09 2.359987224221871797e-09 6.148816814701327878e-10 3.607274269294427645e-09 1.156163178976976278e-09
-1.510180740884491745e-11 1.480913503625082262e-10 -4.146296289483106786e-10 -9.182637847372058290e-11 3.438192953660057803e-10 1.885785884944052533e-09 1.164458170823692231e-09 -1.957363425942405431e-09 3.831469764353734016e-09 4.749650790568411257e-09 -9.425312969247348557e-10 8.234382911300008208e-10 1.024110221281052175e-09
-1.021637881518982537e-10 6.801494304959709996e-11 -7.104981041329337856e-10 1.654141319764632503e-09 1.792760796479864213e-09 2.034635875828161902e-09 1.410770152380741945e-09 3.145468183372686729e-09 7.120951499690003276e-10 2.390867464446068385e-09 2.381096806136482172e-09 -2.639414727733552384e-10 -1.453553730373967197e-13
-2.447775266213177569e-11 4.971955836360812009e-10 1.002316957201210447e-10 5.000516651622619392e-10 2.195811548567558271e-09 2.468314723393164836e-09 2.741155854303059714e-09 1.194329025385993338e-09 9.876062344212144295e-10 1.215357876381012747e-09 -1.075273255340276951e-09 1.661125638150405381e-09 -7.780118210351150268e-10
-1.478252625617889769e-12 3.085482917921240381e-10 1.157738753236109631e-09 6.206564322234267703e-10 2.144976863919544298e-09 4.541845306480688616e-10 9.106528354694330292e-10 6.700513960180404282e-10 4.271612815161675475e-09 -3.297612517359508099e-11 3.770086918666421160e-09 -7.290480904790173472e-10 -1.515172720986026555e-09
4.966016820517508082e-11 -6.168389612301857277e-10 -3.653305627012843128e-10 2.068868483410474313e-09 2.875824019113700604e-09 4.285989116886661551e-09 1.553446895501482351e-09 3.755692624138014826e-09 2.782894998343895114e-09 4.679345999625097287e-09 1.917095289218663635e-09 7.440341732812181052e-10 9.611695371958921746e-10
6.846499842832096323e-11 -1.413806125218844545e-10 5.905694461736929482e-10 9.083925319516358785e-10 1.138517539360748324e-09 7.929975163026880196e-10 -1.925558440561435809e-09 1.491841583815338622e-09 3.189226088305233393e-09 3.561148448082935491e-09 2.704216858202082476e-09 -2.303115488869092495e-10 6.111253669599390821e-10
1.511938924800520208e-11 9.412671937172957934e-10 5.398576702560814657e-10 1.955801744835429135e-09 4.457340048866797975e-10 -5.081803737489558210e-10 3.293535317957881339e-09 2.863627982404621963e-09 1.703683543224186355e-09 2.471592517841122914e-09 1.241176846146571132e-09 4.262498484937407954e-09 -8.954569353710489476e-10
8.267643884434616559e-11 2.325669983088885407e-10 1.126565235986057544e-09 3.714351901064824108e-09 4.767413860242220829e-09 3.647066055664331295e-09 2.872162353343163004e-09 3.774018024563098868e-09 2.125753509557954420e-09 3.251381611790570504e-09 1.466321996507652682e-10 -3.266519804457376411e-09 -1.865410975761992135e-09
-3.661541065228792720e-11 9.596954519363219725e-11 2.827992436619141697e-10 1.570574018013744347e-09 7.481445335678453384e-10 2.115378646698534584e-09 2.385931937804420506e-09 3.432255361955681103e-09 5.688369496610848007e-09 4.455050910211761087e-09 1.885387404698970943e-09 1.774012013791862948e-09 -4.084576679873061658e-10
1.778467304383024800e-10 5.240285906098669523e-10 6.231111392214141220e-10 3.507906613993897071e-10 1.263082279889368903e-09 1.838937466812095096e-09 2.828609006030541549e-09 2.329710077142432358e-09 9.014380634813961790e-10 1.258774905299999196e-09 1.519487891281072608e-09 5.017094179465472062e-10 1.588174743201471999e-09
7.289386723732316742e-11 1.682413630619697062e-09 2.319697264249187472e-09 3.500895185611083124e-09 2.046385048642704641e-09 2.238179734858362667e-09 2.271646156342374799e-09 4.196125349510456555e-09 1.403992676844985465e-09 2.238005126889897085e-09 5.860093649824099940e-10 1.460338184146195985e-09 1.079398473378377699e-09
2.753332726870993814e-10 8.777975535155196227e-10 1.973320026027672622e-09 5.917829724217370860e-10 -1.580425150139201671e-09 1.093959792771577737e-09 9.881352950840499165e-10 1.343272566723978199e-09 2.340593787605357424e-09 2.448533987148458839e-09 -2.574649257838230376e-10 2.129260564045482460e-09 9.547381240635210925e-10
1.027549169148826970e-10 3.874030880418609227e-10 6.778004446770121237e-10 8.556358902822207356e-10 1.011006836464528311e-09 1.416539766860034554e-09 3.386048290375502712e-09 -1.470521785381383817e-09 2.968278077319362136e-09 -1.265935224663392035e-10 1.206559674365265147e-09 -9.161448426255332816e-11 2.234534413052303218e-11
6.513824482836885914e-11 4.128791329787497402e-10 9.478294032160972866e-10 6.251962598392327526e-10 -1.209640096341187731e-10 3.176242132344005236e-09 2.873618126523627884e-09 -1.076508862230811298e-10 2.832318449704402375e-09 1.785369057174928357e-09 -2.170429578630424353e-09 6.911806126648307033e-10 1.095193504588915865e-09
-1.361931901622445947e-11 2.013756121967637856e-10 1.873186860979601920e-10 -2.579126513097699401e-10 4.334657999074697243e-10 4.701829983326735549e-09 -1.258358876824534858e-10 -1.276619190297783514e-10 1.314620372265015680e-09 4.749691580168701802e-09 1.802836385151010999e-09 -1.665378867109107181e-09 -4.037640715134623239e-10
1.337241440229802851e-10 -8.450362702449910863e-10 -6.806971725196280704e-10 8.097466677070446652e-11 3.079442781083695364e-09 2.791161620391692649e-09 3.617858772115995687e-09 3.303839182864798712e-09 5.092030359664841712e-10 1.773078791340037793e-09 1.746577175062593284e-09 -1.918782366480765488e-10 -9.107791181966042387e-10
-1.029741684503319296e-12 6.038961709987034943e-10 1.083071366299363476e-09 2.736538211499096354e-09 3.229846546677373992e-09 2.998559827179264792e-09 -8.645188645135168205e-10 5.107519941462013091e-09 3.749962866697261280e-09 2.551497577626542237e-09 1.388524348899959614e-09 2.006771829018432922e-09 -5.681277096384838313e-10
2.827662882679062285e-11 -3.367087914335590147e-10 1.888684095175664089e-12 3.618241233997064527e-09 2.065296412545332585e-09 2.345556096448583494e-09 3.882252317781702917e-09 4.456478509550698323e-09 5.114613758803326680e-09 2.204497805204951813e-09 -1.090729448389460370e-09 4.065134552058025576e-09 -1.789037576343193363e-09
-1.944368407550216097e-11 1.097098202447362022e-09 6.789217044649610863e-10 1.922452857915975973e-09 1.955403075362182931e-09 2.890892120816968722e-09 1.873757036811322134e-09 -1.385887711978187124e-09 1.696587487348932683e-09 1.640059529369918118e-09 -1.492515105322291634e-09 -1.372163967516444649e-09 3.051468962785396740e-10
-8.983883683211664184e-11 1.595391949330305332e-10 4.633567730104653936e-10 3.029312671995657041e-09 2.909962524709017431e-09 4.669576283682037221e-09 2.421379431633297806e-09 2.348256398300216225e-09 5.103585668523671718e-10 5.738616597692519434e-10 -1.740020567002984651e-10 1.690820851229325036e-09 3.422456786479780142e-10
7.531214898383269290e-11 -2.624764400334884793e-10 -3.935389987233076871e-10 -7.408232285184090402e-10 3.175567710517952230e-10 2.673557513332519497e-09 2.747626026034023667e-09 4.381207380553756809e-09 6.384283169788822505e-09 3.430318457135132704e-09 -2.991300211584839388e-10 6.595993270065887599e-10 2.770558297119981553e-10
-2.394399590691576368e-12 6.919091494907521290e-10 5.924276378224459237e-10 1.583829197376504511e-09 2.556631522835206464e-09 4.217160226702484125e-09 -1.455650338026291325e-09 3.116500206928183366e-09 1.929350757343140370e-09 2.720969396588449051e-10 -6.822210360882741052e-11 1.733213221514988868e-09 1.918493483160716939e-09
-2.879923712279763963e-11 2.512063221919101188e-09 1.381240721077398385e-09 1.941483835953235516e-09 -6.129767055428106945e-10 7.086262187349921484e-10 1.014337733470849286e-09 2.876918723171419271e-09 2.982228394959971421e-09 3.244339951936267243e-09 5.408667098017926777e-12 2.957491879457544869e-09 -4.227076003603599324e-10
7.700740128208092206e-13 -3.158000564443022471e-10 8.892147360839484069e-10 1.552567523856215990e-09 2.604689307212221895e-09 2.297361440119878136e-09 2.280601631768293139e-09 3.856575152828925888e-09 1.682235107001622590e-09 1.093321840905788239e-09 1.622775747983408262e-09 6.739342233985855417e-10 1.373978699437546181e-09
-8.452982280983442036e-11 -3.828198467714715017e-10 -7.822647045738790613e-10 1.018035975730141254e-09 4.421511987677261888e-09 3.907170266949080821e-09 4.765153084026022355e-09 4.822943809812055992e-09 5.251417144245852040e-09 2.700863510177256781e-09 1.526629753658636655e-09 3.407070541299613165e-10 2.079315516954071704e-10
5.860054783779583007e-11 1.651021289664639121e-10 2.589647987470960300e-10 8.009450870007270125e-10 2.248523299130728533e-09 3.358378425822566653e-09 4.109956736663523672e-09 1.878528373583159577e-09 4.005675374874724261e-09 2.465815013470346482e-09 2.543230748851203238e-09 1.450600415510321452e-09 5.431321455729125367e-10
1.847273275833982654e-10 2.156132398682576534e-11 6.777629192812967057e-10 5.423293824468754805e-10 2.592834180624712481e-09 6.021310967001484489e-09 3.395558535866202027e-09 3.887764618550631220e-09 5.646384233620993182e-09 4.006051947020906994e-09 -1.385445274376077879e-09 4.102802146705291851e-10 8.362036512804318434e-10
1.160103288635661945e-11 -2.361616084768357470e-11 2.146809822543886055e-10 1.376487738736823791e-09 -6.059940280987421699e-10 9.024875946840606568e-11 5.238912802019741087e-09 3.362136642692104444e-09 -8.497774077685266255e-10 3.529886824280437570e-09 1.749758028654196868e-09 -2.045570732646217103e-09 -1.363900034577495857e-09
9.468304414921030503e-11 -2.451553511757794680e-10 1.711214852629012862e-09 2.931896279713068986e-09 1.163243198354958612e-09 1.603431155535185639e-10 2.728985723285912597e-09 4.415885118902041725e-09 3.930615959001277445e-09 3.478543393535805727e-09 -2.142636236746367114e-09 2.114822097018301947e-09 -2.324208809844337486e-10
3.932237576445372638e-13 4.854101867124881155e-10 2.154839522879393696e-10 3.490200940394582371e-10 1.220891275066062059e-09 3.589029034261671722e-09 2.165452318960819819e-09 1.628454801059349300e-09 7.374988532134235223e-10 5.373076983912983273e-09 2.288968900788020918e-09 -2.964830952106908409e-10 -1.094879911175077330e-09
3.757175129019669368e-11 8.744115034645933096e-10 1.849979174139906492e-09 1.908287478570546471e-09 2.383404991788727574e-09 8.162854299595165316e-10 5.283117678081275839e-09 4.412703302500329684e-09 4.041741701813182661e-09 3.375109163508036088e-09 8.396596134048822931e-10 2.038491263138316510e-10 6.391491098190341571e-10
-1.170631640332494020e-11 -1.220409204609551469e-10 4.413416660062330806e-10 9.045281196032488974e-10 9.105624103415160845e-10 3.018676678240092037e-09 1.281730627127741667e-09 1.652918288489615918e-09 5.268181114288163937e-09 2.637747411715100019e-09 1.198514107980398972e-11 2.668037247522536135e-10 -5.272325477736102262e-10
-2.108720353276984206e-11 -1.356435334878672998e-11 1.802833750320185510e-09 4.598253637909850250e-09 1.477953329171318670e-09 2.102427562229777874e-09 3.645020530007702681e-09 2.665181269036074608e-09 3.866643473306448684e-09 3.654577186313099778e-09 5.113896639294589281e-09 1.629212521125339838e-10 -4.045038294142334352e-12
-1.217798020226543514e-11 2.758909368319050424e-10 -3.387816003377310698e-11 6.092251341710576111e-10 3.909077560615864293e-09 4.035421692058562194e-09 3.555826279343726986e-09 3.257409701481661766e-09 1.663115707420321722e-09 5.356250726725308103e-10 4.275088188488843975e-09 -1.232962318871676888e-09 1.533212294387859991e-09
-4.811433217393245220e-11 -1.312434496408022963e-09 -7.614386104463294123e-10 2.053271696893750279e-09 1.965690935928821868e-09 1.820822025635069931e-09 3.311358132054101811e-09 3.322526668491670022e-09 3.826711628469699670e-09 2.046492818336101570e-09 2.126706718323901563e-09 -6.577156134290150522e-10 6.995998118311730714e-11
7.799827313867259719e-11 -5.885080291411117763e-10 -6.793570253388516706e-11 1.050473667430607450e-09 9.734705849426815226e-10 2.222196407588379297e-09 2.743763986822853276e-09 3.749697390666136139e-09 2.220818420315949268e-09 1.704990421730207827e-10 2.571011611191367694e-09 5.236902393878319720e-10 4.281831430848033577e-10
4.455917754110160877e-11 3.576046532819397578e-10 3.393216558982077197e-10 3.035065959454735092e-09 2.750603450501075262e-09 8.734980163175008963e-10 2.526868107242493793e-09 4.241953632300951412e-09 4.707466240150656349e-09 4.613794087248061784e-09 -1.585739976985443097e-09 -1.158380900840931211e-09 4.300416345342639072e-10
1.779679498685757086e-10 3.162145288893979225e-11 1.899945097162942479e-09 2.748840762467121873e-09 1.811866968238384485e-09 3.994091021742885062e-09 3.432460802204357131e-09 2.018393516477949388e-09 4.829421403274167899e-09 5.764739842838978988e-10 9.141439851349697707e-11 4.506578229363102503e-09 1.206523235644728686e-09
4.719797501021379026e-11 1.595372232051772758e-09 6.624250742185920866e-10 9.114184078101747707e-10 1.683099965676399295e-09 2.237411377893225549e-09 4.032909390876889883e-09 2.101876876029249277e-09 4.756285779863494665e-09 2.646664674727859936e-09 2.415753098721550397e-09 6.531299811541966569e-10 -9.805504233834717633e-10
1.201339828520544903e-10 -2.716027040197915706e-10 5.215159924233867992e-10 1.194291450073111667e-09 1.074544550283652946e-09 1.517287328961315029e-09 2.105591174344779822e-09 2.228048166584768006e-09 3.056614107513488215e-09 3.007789495469611047e-09 1.754795752418421411e-09 1.110710442286072110e-09 1.640950136944699435e-09
1.280172933589774598e-10 -4.022467632020383017e-10 5.364032039055802817e-12 2.734840819441466838e-10 1.087844298888978321e-09 1.520210210788632104e-09 3.329783096781686125e-09 9.572395647828679853e-09 1.977638105643485660e-09 2.015603514030636544e-09 -2.527670142754608243e-09 -1.564151071931285196e-09 9.602369983669556950e-10
3.616187096768855000e-11 5.387277020185973356e-10 2.212981175402844719e-09 2.807545996317138646e-10 1.573288484500215432e-09 1.305096780878153031e-09 4.038313269754553772e-09 3.126001460058897379e-09 1.948859057713416133e-09 2.539212548821066569e-09 4.080537230797849946e-09 2.226785835477481815e-09 -9.843467397500057245e-10
1.791604844385453888e-11 -3.648068506986370902e-10 -3.840608496552740073e-10 -7.398121695803734479e-10 -2.525921432901333477e-10 3.384619686999693399e-09 4.457011005578895659e-09 4.834866697648326817e-09 5.342301195902784193e-09 3.497447640667291136e-09 1.081839470090470166e-09 -1.566912813930566463e-09 -5.002641731773214524e-10
1.146996839185936797e-10 3.470684599947423750e-10 8.660628467985382503e-10 3.814518418209265405e-10 1.441136523221128838e-09 1.115721561875443928e-09 3.950324780941305333e-09 2.242908968219414968e-09 3.274053596148406555e-09 5.992500396918072338e-10 4.107661908994482441e-09 3.565222010764422397e-10 1.581735766606956139e-09
-7.112100784708500508e-12 1.819921659337283117e-10 5.248644924072406797e-10 1.710096480330928859e-09 1.687717985077221713e-09 2.777947329909535190e-09 1.971090435457285748e-09 2.190636893495679121e-09 1.054992067880743844e-09 7.857725983542912581e-10 9.186699193968072293e-10 1.583413980720363639e-09 -6.309956803672977438e-10
1.235426520837567513e-11 6.225376949928192164e-10 9.179583597773085413e-10 3.214137685511002977e-09 1.321718113446985813e-09 1.758278342836009513e-09 2.583335528313532210e-09 2.831284329823404615e-09 3.073764565257573610e-09 1.701093584996853520e-09 4.911148780790842451e-09 2.504445745750638012e-10 -3.061108972033033500e-10
2.838113611105403109e-10 -3.425434835435246266e-10 -5.487268745203326715e-11 2.558668958912143587e-10 1.659339845558848611e-09 3.790381958298852136e-09 3.592497474197017081e-09 4.401080565047816622e-09 2.051966291562843321e-09 3.678693483652737803e-09 2.762370122297092516e-09 -6.239212091746506260e-11 -5.551194329953109398e-10
1.539203440399289274e-10 1.467587235749513816e-09 1.391982314037401503e-09 1.012554191160885574e-09 2.462100585772292244e-09 4.385015309503201233e-10 9.344599455179134568e-10 4.478647222199571332e-09 5.024484471401341629e-10 3.456040579680588434e-09 4.897476027416938103e-10 1.664823429624304102e-09 1.649029350520677565e-09
-4.854899402054861782e-11 1.580584612452839494e-10 5.957101085768791597e-10 -3.757210794793552283e-10 1.229924038564131951e-09 3.775166270310287476e-09 2.178997936252587634e-09 -1.399381908054804149e-09 3.622685917351861868e-10 2.200402750940097817e-09 -1.496008157546443915e-09 -9.930309899590623121e-10 -8.095208526483631511e-10
3.714619238575679141e-11 7.349311423607148169e-10 1.402646754157070727e-09 1.745882384325200479e-09 1.099723724890951696e-09 7.869909663605347251e-10 3.179430792533268392e-09 1.763444644682865544e-09 3.901665712141193358e-09 2.313924778807288690e-09 3.906862259593820096e-11 2.369011220314323594e-09 6.636384718312931976e-10
-6.374221056060724960e-11 7.978201073907437664e-10 1.280965162098897724e-09 3.080971689240952023e-09 2.193246912399383920e-09 2.833239204062811919e-09 1.211272488144853940e-09 3.883492214490657168e-09 2.568923900260938114e-09 -3.644150479339796178e-10 2.799459551443606803e-09 -3.166668611561418898e-10 -5.577118474942753311e-10
-6.645429116851561509e-11 1.333299090621120840e-09 2.795133894310254334e-09 3.248868179794577480e-09 1.128495549092090085e-09 2.758825732710917655e-09 2.732792268168365295e-09 4.087047658054959012e-09 1.628559651687872071e-09 2.167315483457728330e-09 3.560303492904455954e-09 2.686785607297945532e-09 8.784720592850693912e-10
2.364966188970682334e-10 -6.931499731721308403e-10 3.222167634479555495e-10 1.825831432284364988e-09 4.323477329571595242e-09 2.066085114320085765e-09 2.212100022718081504e-09 5.787872902432171030e-09 2.545582303989519517e-09 2.517047539783251393e-10 3.969644590399485563e-09 -2.445186158413960757e-09 6.189988740194613280e-10
1.253433940057849696e-13 1.873020294831765920e-09 1.989922115122358316e-09 2.700195178763400011e-09 3.054921391856160437e-09 3.816440391135268153e-09 3.057969500230011408e-09 1.180277493674868539e-09 5.066567386630711763e-09 4.332082871133588950e-09 4.478364865686166058e-09 1.060471731146477512e-09 -2.495327961927461125e-10
3.201115924649758467e-11 3.976582653362888563e-10 1.054399370698589270e-09 5.157832067494645164e-10 -8.961842187828102240e-10 1.974944095564008498e-09 2.492810132201996313e-09 3.519342992315696106e-09 1.685723592680110590e-09 4.124381495198753635e-09 3.949037663091870189e-09 1.088945079669948992e-09 2.262756724172797820e-09
2.184026609724803938e-10 1.341150777373244410e-10 1.260829861759810287e-09 1.360294031541048469e-09 4.153354777705883359e-09 3.278949310955231233e-09 2.289203332621129043e-09 2.501457518737156882e-09 1.702440365811326289e-09 2.660867840647694030e-09 2.716945467713287832e-09 -8.034669572589108275e-10 7.199522636826056234e-10
-5.235622176136880814e-11 1.712372267266293995e-10 -5.911325919775836658e-10 3.953899761144697025e-10 2.443795721223921807e-09 1.407330852555447531e-09 3.263112317571564306e-09 3.759264180510138116e-09 2.060801452734355741e-09 2.940861145802035717e-09 -2.028527382839053162e-09 4.716342944850557139e-11 -4.634287665521243386e-10
1.511830729346048505e-11 -2.459877174173425936e-10 1.315846146054799678e-09 2.554134496486727712e-09 -3.450774173441975826e-11 1.510569247546349302e-09 4.426785787852484690e-09 3.415478963856098670e-09 1.288112988803786088e-09 5.614869277611150747e-10 -3.561013356721005636e-11 1.958116452842711188e-09 6.330229817988540554e-10
1.648644708420206546e-11 -1.125351721146837304e-10 4.183993472184943194e-10 4.011435380807304342e-10 2.564561149315631332e-10 2.802935449583373153e-09 3.685201455522984137e-09 2.178541916759146973e-09 4.545180231255564429e-09 2.417247180282844022e-09 1.540400483431459554e-09 2.184058056931445766e-09 4.840020017903702941e-10
2.765798643273590170e-10 2.155873470789034218e-09 1.806628649773648001e-09 1.141273044130457347e-09 -4.164375743428935903e-11 1.807496909714894522e-09 2.584313135383215147e-09 3.870103273738130510e-09 4.755709951724903906e-09 1.041095158767659500e-09 1.445597642792894776e-09 -4.644615356836393715e-10 -5.748937027738264253e-10
-1.650614269059175625e-10 1.318528362583301576e-10 4.109750270125765225e-10 1.142811136449946384e-09 1.585357335178546120e-09 1.662415784723920689e-09 1.950517078245407875e-09 1.771817316959703699e-09 -2.661463317379524734e-10 1.910089263350902023e-10 2.035542701690540674e-09 -8.130939885695804739e-10 -3.071910415379845454e-10
1.929784016483187702e-10 -2.452374351452868012e-10 1.618473201178164392e-09 -6.503972215742568175e-10 3.150133164771620907e-09 3.274275937996240680e-09 2.535523790694729637e-09 2.930197906822207491e-09 2.456826898043401794e-09 2.200720446320837911e-09 2.326521018676200766e-09 5.417901293662916673e-10 -5.221948501186530910e-10
1.781694479253336065e-13 -1.697561600509554602e-10 1.132127571497916586e-09 8.107460948008910023e-10 1.555444943808575535e-09 2.138528336361843053e-09 -4.645907763372784783e-11 1.601121803609681263e-09 4.442452249442130775e-09 1.828692103850118227e-09 7.599289334901330549e-10 3.150396423705691777e-10 1.392602865911773036e-09
-6.782820377765472740e-11 -3.348273459086477515e-10 6.752116645609918410e-10 1.558987811883817172e-09 1.755156103289453706e-10 -4.098413307858520152e-10 3.301878252278327174e-09 2.767891253937349139e-09 2.883946236851219078e-09 5.507395958817219634e-10 1.567492454776953652e-09 2.436325272038001621e-09 1.208998070387673029e-09
-3.455006821607559624e-11 -2.238883947551202618e-10 -4.796751147088620953e-10 -9.760861756415193377e-11 2.552492649734719206e-09 1.697794499518283692e-09 2.295743913273981713e-09 4.944026566198789267e-09 4.658713180984806945e-09 2.137098484440555589e-09 2.541874738492105219e-09 5.955854852705909987e-10 1.524713186715311225e-09
1.677571127987099131e-11 -6.875807319179738250e-10 -5.946683060991762585e-11 2.225149264900663308e-09 2.937900087350002568e-09 2.486037163416760090e-09 5.443361196778720134e-09 4.438386862718428669e-09 1.760126597556311345e-09 8.828866090689267776e-10 5.608869036662646092e-09 4.209972007411801650e-09 -1.216392553419429781e-09
1.343240904947535299e-10 4.296073763065305046e-10 3.863842172583935027e-10 3.261940146673959339e-10 2.242734644645149941e-09 2.819691877753239637e-09 2.504140825248843487e-09 3.324497132229772546e-09 1.764248843586481826e-09 2.918389365805895037e-09 2.320958986154997401e-09 3.895265638084616812e-10 -2.161537120494868613e-09
1.280111263497080488e-10 -1.949950193347484900e-10 -1.725242590878797808e-09 -1.794422805413238215e-09 1.666860080686848301e-09 4.306854946718678939e-09 5.868321982008248517e-09 3.060671813428393500e-09 1.713385621061306790e-09 2.828897697740096361e-09 -9.061938832344216152e-11 -1.365489861241090834e-09 6.723576850817387764e-11
9.039163608732429249e-11 5.129951457142868681e-10 1.244504295039284459e-09 5.012069476175277529e-11 1.036706859528747427e-10 3.180419506666878362e-09 3.751430645292599445e-09 2.210347544570401729e-09 2.011004070848187194e-09 3.383750502533294577e-09 -5.994827460878877100e-11 -1.827970267920598851e-09 9.187287650665003271e-11
4.432392592647726441e-12 1.268206781816352590e-09 1.230735668526705071e-09 2.593541080319147759e-09 3.599359584534306392e-09 3.178536960800505867e-09 3.990309007693844834e-09 3.851937732108570088e-09 3.985941535310939574e-09 5.682422248078402363e-10 -1.283380339253191185e-10 2.278187618734007998e-10 6.637168575587629836e-10
-1.748283466200314072e-11 2.605860795002241825e-10 5.344354599622976323e-10 3.431739389974873823e-10 1.433479459878443917e-09 1.629544673704642379e-09 5.985621541341637416e-09 3.364604485769871643e-09 5.606245374258042902e-09 1.902890931257503582e-09 4.491185935083680346e-09 9.403458739998032845e-10 -9.100101832789438647e-10
-2.019965524357088577e-11 -7.587580474216173404e-12 4.059617207861096191e-10 5.274488509653319333e-09 2.671440022163540643e-09 9.544435966030152839e-10 3.062398440875730088e-09 1.049482376143572349e-09 1.771379258812848117e-09 1.701472003195878818e-09 4.510134829356467365e-09 2.770893222841515130e-09 4.433961680749843359e-10
1.503541043069477975e-10 4.695366993012438268e-10 1.098779666410012962e-09 3.926071205593326066e-09 4.800601851836828084e-09 2.910849750207243130e-09 4.021882563837761529e-09 3.513316588052242703e-09 4.238150381375288610e-09 1.606392192817455446e-09 -1.479482418918776473e-09 5.615462370054351530e-10 -1.337323780546233655e-10
-6.587871759482444001e-11 6.602847512223147443e-10 1.390967753009743303e-09 1.137159720003491347e-09 1.793719991385970318e-09 -9.670979325212977994e-11 2.111521274229768454e-09 5.446674917896910009e-09 2.858426501713127593e-09 3.767570158608122557e-09 2.134135288020979217e-09 1.640267074006308614e-09 1.338810377946521326e-09
-1.698361025254315459e-12 1.410384696665552949e-10 1.286681696245644201e-09 1.687841495611882845e-09 1.869540738211570299e-09 2.600228759404845703e-09 5.031990553796061162e-09 4.323401300186667142e-09 3.455140621750157005e-09 2.808481523802288665e-09 -1.838134189419234622e-09 -1.038727392901149206e-09 3.085393064940125811e-10
-6.473063491287132495e-11 -5.978548924907615161e-10 -5.607884275210886174e-10 8.918995362845311389e-10 3.231994924674028843e-09 3.978736345831931118e-09 2.330379846830561452e-09 1.716097364472875273e-09 -1.427460939177331038e-09 4.784791436944734975e-09 2.669741925084359724e-09 3.074803533416355997e-09 1.802240363930573388e-09
1.359931987506910773e-10 1.075692890435675316e-10 1.300408973525684090e-09 2.124004082703900597e-11 2.396723342296107343e-09 5.748566231442198590e-09 1.405613125496770588e-09 1.528658201353998728e-09 2.725878975500139645e-09 2.500461734300044152e-09 -5.809222529193241675e-10 1.849734314119489680e-09 5.033891737639795809e-12
-3.059991456005915644e-11 2.682826629490500904e-10 5.813893580299371650e-10 1.480896138108117268e-09 2.003743665105702557e-09 1.712565052146055461e-09 4.026200728010201070e-09 3.614850640256984068e-09 2.342212590004202159e-09 2.839393417847280228e-09 3.307765896839206374e-09 -2.216192018895042499e-09 2.076943629054349241e-09
1.029507776159791886e-12 8.067308489494389805e-10 8.206609288779131043e-10 8.864525338876850563e-10 2.704928017907913359e-09 1.269556069346691487e-09 3.003241263632921716e-09 3.000135319011537965e-09 -1.676642790443888415e-09 3.073723041725620258e-09 9.682259448328252526e-10 1.809056611316595672e-10 -4.228161779772884096e-10
1.010575095473042343e-10 1.057224552168374978e-09 1.595874565331460741e-09 6.589277629268552109e-10 2.814853335557945030e-09 3.318150977661655002e-10 3.092938711006309588e-09 8.939091902697387151e-10 4.116628850907473097e-09 3.994744893902927093e-09 5.158862479205414019e-09 4.472142966149719117e-09 1.489170826494476717e-09
1.298287640398963327e-10 1.230548779093910130e-10 2.457850068063190766e-10 -1.154085748406963653e-09 1.453325824438590965e-09 2.225276397562385260e-09 3.112542467799891196e-09 7.942512598003381948e-10 1.448231530972975191e-09 -7.556803589678047108e-10 1.609920035109057570e-09 4.785721008841042253e-09 2.180456543654635919e-10
-5.174240130620830117e-11 1.100899126051762138e-09 1.486394895446211892e-09 -4.043506221458775034e-10 8.014096748203068264e-10 1.311381622918877039e-09 1.605182150789159355e-09 6.395451170760200403e-09 5.129456973913588898e-09 2.100653341671731366e-09 1.823154694578870546e-09 -2.174598349920273291e-10 1.251146979946844914e-10
-4.720929876125628193e-11 1.458834392855055947e-10 6.933520007872710153e-10 1.615952073749750861e-09 5.138394013482907613e-09 4.307166382860801388e-09 2.329439168444402895e-09 6.296402358126089799e-09 2.626848418533630329e-09 1.534646751854872564e-09 7.318354245622791989e-10 4.975555007451093020e-09 2.066617089551361128e-10
2.216893682747070330e-11 2.674428092149333911e-10 -5.728177934764627583e-10 -1.789476363941293754e-10 2.213228567703303516e-09 4.756465563918280205e-10 1.272875758050951324e-09 3.262176463620708453e-09 2.811096016333037201e-09 2.618535705762757856e-09 1.696333317396365453e-09 2.089456476538379391e-09 8.066493106520279388e-10
5.069117712140652875e-11 1.723353327810133261e-10 1.188212256649022177e-09 1.718935432511800283e-09 1.078834911614303701e-10 2.482192558597180177e-09 2.857961971576303303e-09 2.748156692218942691e-09 1.545024509491035290e-09 4.017353289219810652e-09 4.648868018398183525e-09 3.538329884665763949e-10 -6.645778345963906277e-10
-1.612643223270290423e-11 -2.685780215973083930e-10 -9.385911632417330641e-12 6.982324133562835364e-10 3.107496720481093766e-09 2.199585684189196282e-09 3.142966673298006126e-09 5.128310244199073481e-09 1.922360978915230992e-09 3.212627644159012971e-09 1.502641577187087025e-09 2.359309833899166103e-09 7.770456547642788581e-10
-1.831262626922726237e-11 6.730890978942809751e-10 1.880433671149008362e-09 8.722864680680980543e-10 5.395393616013747469e-10 2.286221904543379446e-09 3.346870863413558234e-09 2.870069178475145338e-09 1.745513442634355519e-09 1.686547488371822679e-09 -6.490278860249285494e-10 1.719861060920151640e-09 1.217027319557864040e-09
-1.230727353554514678e-11 5.513483758451392854e-10 6.865978489587468276e-10 1.404772316309781122e-09 4.130134276380526912e-10 1.849802612011558500e-09 2.407397851130836048e-09 5.975727876239475292e-09 5.482622165172737090e-09 3.723179224336396546e-09 6.096283391780292979e-11 2.057294103365866672e-09 9.677217405999879511e-10
5.027246143750132080e-12 7.960404331364552903e-10 7.994460241298422256e-10 4.529873029351658986e-10 2.675621006420789553e-09 2.420683803788319217e-09 3.527311245302631013e-09 4.718342426457126637e-09 2.273181554609198728e-09 2.813518631653674580e-09 -1.694022667757306783e-09 1.996612956133462666e-09 -5.975795906531686452e-10
4.728972514630561460e-11 3.668641841689900406e-09 3.140701567732543139e-09 5.361718945156917117e-09 3.983775052083020015e-09 2.269322626972346602e-09 2.264259206852176372e-09 2.382374200003401790e-09 3.328181716662354548e-09 -1.197325195863668003e-09 2.351790318045382946e-09 -1.153121321117183447e-10 1.263554687787974545e-09
1.539933417212269049e-10 3.263348810200377968e-10 7.212525465681608687e-10 7.526308948053304578e-10 2.221025201814885809e-09 2.006556491410947639e-09 5.049166618321063328e-09 3.903183886548226917e-09 1.158769562554549652e-09 1.585294703194357349e-09 1.679663361360178001e-09 4.914214471939219469e-09 1.805479638020266767e-09
3.546871438495899601e-11 4.586444320127131504e-10 4.487767120496736842e-10 7.115203906928323362e-10 7.275629115346138605e-10 2.815253542637134743e-09 4.227852281960750018e-09 5.295509740418662709e-09 1.468386693629789785e-09 5.931595109295781029e-09 3.595226052526432706e-09 1.821360570318149236e-09 1.167409634798090570e-10
7.790274348509463926e-12 -4.208981557515679971e-10 1.497584342897990529e-10 6.483957152146806591e-10 1.755731650643292163e-09 1.835536461149244005e-09 4.379253530967338052e-09 3.462282009939220237e-09 3.032649782716709822e-09 2.226366685860350197e-09 2.241519142861838357e-09 1.362482352685326837e-09 1.483650059536302399e-09
3.330644077437216067e-11 8.962502377248800342e-12 -1.473905856217840242e-11 8.836769146467198475e-10 -5.268598486082230543e-10 9.379729793435232620e-10 -9.098320047500381045e-10 1.615603974001411134e-09 4.260345927681748104e-09 1.601372892375507079e-09 1.384845524536456102e-09 1.629680347469287454e-09 1.177848027993319943e-09
8.195381901972023105e-11 -5.614983573528871154e-10 8.244586571333655634e-10 3.818995593613979027e-10 1.581132788323733914e-09 4.421768321003076522e-09 2.685370914824992410e-09 2.587421317031567072e-09 -1.272712893085443959e-09 3.884629336842788099e-09 1.400592253581003335e-10 -1.186226694388731320e-09 -3.719938963677052533e-10
5.688165782306281868e-11 2.627017544870818910e-10 8.208189004291078274e-10 1.583691667833076446e-09 1.015453950173201344e-09 1.741519078917475387e-09 1.582444140860918625e-09 2.387412007947081018e-09 1.740029903968407888e-09 -7.996165204161017120e-10 1.088898133113481125e-09 2.651704133581454907e-09 3.845532761850651026e-10
1.007754781082148409e-11 5.929778108965626802e-10 7.790875820870880642e-10 4.159766315234842699e-10 1.453364944346294505e-09 1.709796263322669663e-09 3.649848966344405489e-09 2.994250215267223076e-09 5.850423018438956285e-09 1.697682369595256478e-09 4.130718516766464963e-09 6.123640447000868401e-09 1.508468581351269371e-09
1.821503537612349591e-10 -5.754280416728700147e-10 1.048809318508946449e-09 1.488460603978044361e-09 -3.008714271908626145e-10 1.006795561178493885e-10 2.691225360250505890e-09 4.017090416367150177e-09 2.489734597537133897e-09 3.080348139265652217e-09 -2.429837308853693694e-09 1.896891451577968716e-09 -1.376699193590444163e-09
-2.313179164800161613e-11 7.230834980634516181e-10 8.940598415268250942e-10 1.960696784362402681e-09 1.983314844981863882e-09 2.513518243064640724e-09 4.997292209514661225e-09 2.900264253132955030e-09 3.244516013348953300e-09 1.924949804564145214e-09 3.698354119827624560e-09 1.620092661516448086e-09 -9.578533437395242610e-11
-8.074252517793320680e-12 7.158498284410305168e-10 4.615420083013851294e-10 4.619259197421282519e-10 8.391347545607566128e-10 2.555518292495457408e-09 1.745392870100503347e-09 4.361671255162011389e-09 1.189353751132731400e-09 5.348594983715539687e-09 5.431910833647074360e-09 3.233931620622693705e-09 4.533232266693386601e-10
-9.267676725580880794e-12 1.456482843493361731e-09 1.092701113541163038e-09 1.751345496095779027e-09 2.301684825203646640e-09 1.122151562817537865e-09 2.500790208017135068e-09 1.664639350999751739e-09 3.946815372294335228e-09 1.396821109176582773e-09 -6.475840584659139823e-10 -1.217715025544201376e-09 -1.316524656349716266e-09
3.420643771510904770e-11 1.316687731634050374e-09 1.107727484943388508e-09 7.204982558195807105e-10 2.690781389568847694e-09 4.976777446098805989e-09 4.884570302817729452e-09 1.265202112527052514e-09 1.741956080964698936e-09 3.707626089453786690e-09 2.680083505516641619e-09 9.227925632894681716e-10 1.756343255685586399e-09
1.889288606511814728e-10 1.597480726645173495e-09 2.498003570255680533e-09 2.339212211604983456e-09 2.291236057600530056e-09 1.266135505597287131e-09 1.411041155613223105e-09 3.332024435967900418e-09 5.375974788206922275e-09 3.366793199513287237e-09 3.869141426020622361e-09 6.719827990624749547e-09 -8.632947193325798712e-10
-2.964585715691562759e-11 6.148004832625084429e-10 1.007970297761238233e-09 1.482993266158676790e-09 -3.241071666699534933e-10 2.983421503686880976e-09 3.504156760975044178e-09 8.338250080715277729e-10 1.946253952598909660e-09 3.359280325008529581e-09 4.054556920086263913e-10 2.064695160978268163e-10 -1.200244281714495832e-09
3.699228839275655626e-11 -1.084717311868348056e-09 -5.760436003171866638e-10 1.367213302602055740e-09 2.722469502187753603e-09 7.416470095584038772e-10 4.561765915668933678e-09 5.197162099511645510e-09 9.453313765028687887e-10 -7.109338876679531743e-11 3.315597290822077457e-09 2.957177009889836950e-09 2.250829218647598536e-10
2.100079914596243976e-10 -8.358291701903564084e-10 -6.387630044525164714e-10 1.917306513266775743e-10 2.574440353274666351e-09 7.315403322219851352e-09 3.781259669525737451e-09 2.577676394648162349e-09 -1.357999302857373002e-10 8.656102928280777004e-10 -1.542165727083413959e-09 -1.821800498428944765e-09 2.417437219117645925e-10
2.762506198048453639e-11 8.823939132027318025e-11 3.976276880557426264e-11 2.059282648204218149e-09 1.986183082745130312e-09 2.061710864010997976e-09 1.842198461174602749e-09 3.221206382290872456e-09 -2.127754582313554639e-09 1.502838012843414309e-09 5.567616587444006283e-10 -1.404031466016293717e-09 -7.286735711734232258e-10
3.139628834130454892e-12 2.075256747971473939e-10 3.092868444693147624e-10 1.149928369507082614e-09 1.953969184548623891e-10 4.010879340693195619e-10 -3.712879888613834128e-10 1.183621003648841749e-09 3.653443727418660083e-09 4.545816088023818449e-09 2.063634249531320238e-09 2.095448511544925248e-09 7.612462890432823336e-11
2.105018813927927791e-10 4.638057000691926225e-10 9.227978797226040763e-10 2.199525502953925677e-10 -1.074285284259785001e-10 2.885121978581180306e-09 1.508143184669302649e-09 3.608853799454410252e-09 2.619205686406100134e-09 2.612814531523566924e-09 2.467038529165247024e-09 -7.191174406478130780e-10 -5.670823448174186703e-10
1.587098427270020995e-10 1.805921983288632389e-10 4.647415050720155165e-09 2.883907945609551118e-09 1.586262233696678913e-09 4.964567686800393011e-10 1.172035041127417860e-09 5.036180339758799240e-09 1.306497071475920545e-09 3.208505941836882169e-09 5.011829966141479260e-09 1.287118259612500315e-09 -3.858823589171218674e-10
1.139517244082468792e-10 1.292160104297948048e-10 3.932539065541280130e-10 1.386589659375376275e-09 2.102980747909990810e-09 2.333217381233910951e-09 3.220069654951266903e-09 2.011230654843044975e-09 1.251424253459549857e-09 1.362253579106218061e-09 5.183665002443716530e-10 2.765145272249469525e-10 3.789481691039850205e-10
4.515121128082924129e-11 1.262177226085397059e-09 2.837239484217250668e-10 2.630803676713582897e-10 -5.850696054846554867e-10 5.123104958636621878e-09 2.245870723142359185e-09 4.171365344994181285e-09 2.334883441869611949e-09 3.288975031891459248e-09 1.972112371319459512e-09 -1.174399499260179631e-09 -2.502438243946430635e-09
5.775778347826529898e-11 3.144904930387295896e-10 2.044766011763061827e-09 1.259051503725822869e-09 2.596244500264888780e-09 1.769191546743385840e-09 1.660809574890503047e-09 4.020687420253010751e-09 2.261501163485425905e-09 6.129990781268729628e-09 1.900030163268047077e-09 -2.654347786971120835e-10 -3.513808137145324199e-10
8.824520855622907769e-11 6.116496518355936480e-10 5.869482705982242272e-10 -2.109529965758950364e-10 1.721225389942392246e-09 1.728854397574834696e-09 4.585562861387023849e-09 5.347468309151876064e-09 5.103718102473530640e-09 3.481687331043509535e-09 1.990114290593595301e-09 7.988759896347255818e-10 -1.461477506225443369e-10
-2.315705763938409664e-11 -7.865179517152978447e-11 -3.924006985857480847e-10 1.637668616265528770e-09 6.701678352163844981e-10 1.602791085726237672e-09 8.801130868170391808e-10 9.933469814696878557e-10 6.114866302345687408e-09 2.413025538376916826e-09 1.419019126004275905e-09 1.577647212256333857e-09 -2.629355606744798093e-10
1.182721696722001700e-11 1.007349915118058189e-10 1.590734717314356394e-10 1.569179818227865397e-09 3.488108423289625080e-10 8.692018685571228154e-10 2.516906046266764044e-09 2.181789995076940462e-09 1.942306785096970109e-09 2.499317810773587553e-09 2.187061121843559888e-09 5.667997787018083736e-10 -1.838900749773841127e-09
3.786027919843171590e-11 1.064337550934605531e-11 5.778344106971653552e-10 4.637109087542045430e-10 2.874624352619920351e-09 1.517798884701661975e-09 2.653238420009575260e-09 4.713164047516096495e-09 1.205216964352402444e-10 1.653686850868819574e-09 -1.458715771602159387e-09 6.369718435617315131e-10 1.956569652517176250e-09
-4.699538392577430838e-11 -2.095051456471125868e-10 6.489543819000918607e-10 -3.025194905144609582e-10 2.071765905414163159e-09 3.405356295531216685e-09 3.339952858039029135e-09 4.976282032028434064e-09 3.264107963967332570e-09 9.756375990620791495e-10 1.590757340017952647e-09 -9.615754339306202167e-10 -1.854470408552779973e-09
-1.157429901835280486e-10 -3.077988024088448545e-11 7.436312055335079587e-10 1.821332288183776302e-09 1.497767291561645563e-10 1.794550442432806287e-09 1.991427368051038490e-09 1.353493160829261242e-09 4.603619408366746283e-09 2.793908429132831986e-10 -1.330895160405650378e-09 2.053946998297723304e-10 3.510605511575209237e-10
1.941863049069384361e-11 -1.164704321341610731e-10 -1.720243578585045648e-10 3.158072775564839546e-09 5.243086934752077252e-10 9.282434093166022823e-10 2.154196072562473534e-09 1.390888039808346489e-09 4.172151563719474940e-09 5.206222989734784100e-09 3.986956725864884583e-09 -1.868992439008120166e-09 -1.051508566005112476e-09
-5.216252903081458788e-11 6.099478593033016781e-11 -5.171881660114998017e-11 7.601880875471769522e-10 1.472897187837105965e-09 1.144821005989787583e-09 3.252612419247016688e-09 4.705872222285234062e-09 1.861619688562385421e-11 -7.333560617095141791e-10 4.009647799360387788e-09 -2.128436407134260558e-10 2.605512492744747461e-10
-5.587493173414147615e-11 3.956265942414799670e-10 3.571617692344417177e-10 -1.935311782406722036e-10 4.204796739060696970e-10 1.905450565582372587e-09 3.659684355361261190e-09 3.365732998775340329e-09 3.359411679913327727e-09 1.027216326987190747e-09 6.173112346049427912e-09 3.946850241233285873e-09 -4.191858943341119983e-10
-6.309303571559339161e-11 1.568538423340837361e-10 -7.725592072162666362e-11 2.948529600387351960e-09 5.012349011826483345e-09 1.994131421126814523e-09 4.531188288237901785e-09 3.932748524697108831e-09 3.311926802063117458e-09 2.838546585387966600e-09 1.242140732968271152e-10 8.000000701290197336e-10 -3.613552034786342933e-10
1.591964060550051293e-11 1.432185787798898090e-09 1.072516893404476191e-09 4.951185579099027120e-10 1.545306178774424445e-09 2.431668476847624189e-09 1.602898049280516975e-09 2.689709024326557428e-09 -7.753809607432692403e-10 5.411718148318932661e-09 2.892673624638355827e-09 2.143981394493620692e-09 1.035843698683817044e-10
-2.352578455797193028e-11 2.124057164198236570e-11 8.828058719539727445e-10 8.952427990424878437e-10 1.143714903210244617e-09 3.674088347821935806e-09 4.584578274885515071e-09 2.462532021526442787e-09 4.521912312527898593e-09 7.984707553779002412e-10 1.179810335015423016e-09 1.797882244980096558e-09 3.359862442920766708e-10
5.265984101532275272e-11 6.420577518764953674e-10 1.217738382278138948e-09 3.426200606555954984e-09 2.447323174539086651e-09 3.971748734943784299e-09 9.076515277250922793e-10 5.003653369407875686e-09 3.956489536423337073e-09 3.250719315499663896e-09 1.221292178302380352e-09 1.606668839083876376e-10 -6.717079270608088371e-10
1.526365535369070605e-10 8.719151027880640706e-10 2.059172308686548222e-09 3.284096717349501694e-09 8.782870803554379515e-11 1.452751984412883564e-09 1.578551990403952067e-09 3.528826446603139604e-09 4.341316170045084814e-09 4.746763219776461602e-09 7.596610579498658436e-10 3.750158280645946160e-09 1.349771926005446696e-09
5.912535418803578270e-11 1.171952796514919887e-10 1.448772227675320310e-09 1.773808637010983104e-09 2.637420940077175773e-09 9.253850502954811368e-10 9.537067410467070708e-10 3.896121231418810671e-09 -6.647960622370895405e-10 2.517638368009271550e-09 3.615683551777376592e-09 1.391851403620275828e-09 8.251050825651922974e-10
9.053043642222147334e-11 4.772001940081071580e-10 1.555973361424536361e-09 8.070504349745745295e-10 -1.971903635861381424e-10 2.720376775635468968e-09 2.801050973447544387e-09 3.735846035873776829e-09 2.901725188120174926e-09 7.401270575326924319e-10 -1.910899659337512105e-09 -4.146496630477864083e-11 6.648535624389531742e-10
5.279357470741013421e-12 8.264962786876675800e-10 7.467084876670315811e-10 1.503724850086024250e-09 6.047949416673965784e-10 -1.399250667211490184e-10 2.684507497802380873e-10 5.138011033657633809e-09 6.539207145094434044e-09 1.782705007767467073e-09 2.074179007416629232e-09 -2.033095206454379126e-09 -9.358984606347941284e-10
-7.904788302934257821e-11 -4.329058392677159613e-10 6.631716732961890003e-10 1.235362177838100142e-09 2.523075053553366505e-09 3.285261563655696807e-09 3.406678864607612687e-09 3.291487728550263607e-09 2.403542385112410464e-09 -1.327765962904336856e-09 5.165428271899779679e-10 1.545645706121318520e-09 1.126821641766621327e-09
6.503656638415310542e-13 2.535104838934418506e-10 9.682220267421896254e-10 1.838789700595309607e-09 9.958863300578910101e-10 1.141419172687831995e-09 3.926505608399196658e-09 4.063912168865328881e-09 3.110101499287989301e-09 6.493366346913761796e-10 -2.619974283259243856e-09 -5.152010181856406761e-10 1.254042948733329698e-09
3.831960074886304716e-11 1.682175939495316412e-09 3.423275510927022808e-09 4.121450509191480238e-09 -5.507873903531152070e-10 1.455345541688579753e-09 1.838504177340813907e-09 2.737265956794684839e-09 4.770154243153386390e-10 1.339206487696951794e-09 2.342344816029125637e-09 2.237951762289662037e-10 -6.890337319131324972e-10
-3.559438744355716241e-11 1.860825722645429721e-09 8.957316612993553852e-10 1.037905370159875571e-10 3.111000360061224663e-09 2.475732200095442135e-09 3.417264176146875510e-09 1.311686581835951267e-09 4.740114804308976505e-09 4.040783481700840061e-09 1.101547876925540530e-09 1.116285253744906467e-11 4.818777491048447876e-10
1.336997349657006941e-10 1.704998552740278049e-10 2.249126003820281996e-09 6.138210949611681856e-10 -2.716492946928155715e-10 6.540588041632704818e-10 1.369201044684798267e-09 2.547252611782834898e-09 -3.928548234450940402e-10 -6.819587683406390794e-10 2.002855438053523047e-09 1.313192345851909068e-09 1.159323754660931390e-09
-2.615013030837853094e-11 1.090477137832586716e-10 2.653673901776073512e-10 1.919630858543684811e-10 1.651111570592355682e-09 3.176543386925632581e-09 1.850792694917304983e-09 3.172032958252617153e-09 2.573370382445470780e-09 9.928485021769041186e-10 1.798978175793812522e-09 -7.900092980471485092e-10 1.530105017588552152e-09
-9.113107403007614413e-11 6.474309495920271803e-10 1.151385301174050161e-09 9.944361203838705492e-10 2.346120975066523169e-09 3.890536980723665450e-09 5.605757640255680409e-09 6.904496958754771812e-09 9.263313255282106080e-10 4.240706591300859633e-09 1.420330637570534510e-09 3.201052317819955796e-09 1.025366368983581254e-09
4.107963610375437429e-11 5.878064687100376340e-10 3.223798226230947556e-09 4.465999089606243793e-09 2.714473431445696450e-09 3.529134701294489312e-09 4.103279418963738549e-09 4.114987106132502801e-09 3.685988811720050822e-09 3.696324660801660837e-09 2.264691729622733693e-09 -1.244915782504353718e-09 1.247009915322253180e-09
8.931593625633339222e-12 5.652302806413278399e-10 -3.047644233285880021e-10 -4.230017549995993327e-10 2.571947996873350941e-09 4.203407215530003741e-09 4.165612042873469566e-09 5.218246521282403389e-09 2.217017288278498165e-09 8.399955650429210447e-10 4.134934243679820981e-10 -5.922223630884312154e-11 1.997496603846740088e-09
1.309935432195278980e-12 5.495177925812500045e-11 1.633212037117051996e-09 1.222785484927086429e-09 -8.219897107750389955e-10 3.517842409128788673e-09 1.896037825243747926e-09 2.972865336451677464e-09 5.972002323441582598e-09 2.647427294045890459e-09 4.450636409099768773e-09 -1.738455938397221055e-09 4.590827413678046494e-10
1.380194403606904536e-11 -4.446550235344328330e-10 -3.999548480569865981e-10 1.700740163338398577e-11 1.318423646102442784e-10 1.706518016512862639e-09 9.612090203832019763e-10 3.880088842757345558e-09 5.219483230700126465e-09 2.318785606567527711e-09 -7.590517214193241512e-10 7.121658076560014245e-10 -5.226043232971516761e-11
4.705170498775840911e-11 7.711524295902330659e-10 1.334190378206601665e-09 1.197856349708355257e-09 1.423026498681048020e-09 1.607163070336160707e-09 2.801657948212932730e-09 3.883016885285754275e-09 4.079404556500338044e-09 5.094931337666340764e-09 3.067952159357707122e-11 2.742738295389813761e-09 2.708895499068096084e-09
-2.776779843619559190e-11 4.536145134174256444e-10 1.442827032978224788e-09 8.662453038863259556e-10 2.589831573549374627e-09 3.828992103016912028e-09 4.230830281374624423e-09 2.135727809901800831e-09 4.820865019485123356e-09 2.877543594540453979e-09 4.322626642147434817e-09 1.840403110000793858e-09 1.842030487468481572e-09
-1.861364936524244663e-11 5.908018240595564718e-10 1.363637717724256392e-09 2.688202261033149432e-09 -4.413985929080217594e-10 4.131800941927342501e-10 2.782799739155386583e-09 4.587382507811425835e-09 2.133572115627408758e-09 -2.778156127467951524e-10 2.264194491391354351e-09 1.742535725717832034e-09 5.282564444500254755e-10
-2.166837120710224178e-11 -3.028269945836962117e-10 9.664992344173578885e-10 1.023224878836866323e-09 3.614666604391891103e-09 4.178645521280204829e-09 4.703329192553431320e-09 6.353273824574909300e-09 7.358966162809617106e-09 1.492769628509180252e-09 1.367896649362369447e-10 1.389595789825684819e-09 2.862283754467027619e-10
1.045256524038083759e-10 5.712987545420884447e-10 -4.834132407671923862e-10 -8.127804862200947629e-10 -1.387075479975769251e-09 1.980962823148013563e-09 3.026763462803127022e-09 3.397189778030866549e-09 1.076339058346030008e-09 -1.773780687363560551e-09 5.821223059550681972e-11 4.317614397518383406e-10 2.226701426366133669e-09
-1.025070108893812433e-10 3.000222639637895772e-10 1.669684363753099128e-09 1.935136392235601857e-09 1.318547030706354305e-09 3.411982153097416579e-09 3.647421101208955633e-09 1.974606467463529916e-09 4.001216716219449418e-09 2.224110472934040559e-09 1.852047480089463071e-09 2.456765687498962774e-09 1.130261837944981138e-09
4.412909495586750042e-12 1.124545137314138421e-09 1.478963296433538045e-09 4.343967751942116215e-09 2.935760135514996120e-09 2.375877852939780465e-09 4.049408406002438478e-09 2.369463569628120054e-09 5.302873361980493298e-09 2.640544678785068369e-09 3.795437463420311320e-09 4.474688708438247667e-10 3.555996634312574474e-10
4.415016533396979697e-10 9.350208633747346151e-10 2.624932734140368508e-09 2.767289474929522250e-09 3.212267420058210145e-09 3.498180575658608429e-09 1.342727839584569495e-09 3.085988058562381656e-09 5.241832570436824109e-09 5.336067662988854683e-09 1.884004677735019238e-10 -2.160963435394560241e-09 -4.692998641302333802e-10
4.643828307110378551e-12 2.557071040641693861e-10 1.078878125765023493e-09 1.799204920656780525e-09 1.074466952842284166e-09 2.459799921920569226e-09 1.590297015338118987e-09 4.122230669167208651e-09 1.949691077280378592e-09 4.532013140132194913e-09 3.451879166679920877e-09 -6.712229064855781229e-10 9.624369149627107462e-10
9.348964895801977230e-11 2.069730061498162906e-10 9.517405036797313779e-10 1.931466461219974873e-09 2.332168927515251816e-09 1.989198380415416242e-09 2.164076565105605464e-09 2.927851924190540667e-09 1.691780773217355018e-09 1.786448246090460112e-09 3.819964939998934791e-10 -9.113838666948845828e-11 -1.490546863794453720e-10
5.533733878698762973e-11 1.249540533064896998e-09 7.702995616850052907e-10 9.930704466823614766e-10 1.008048697489449608e-09 2.010723384266428465e-09 2.477159705517861369e-09 2.638912672152088252e-09 1.643649538829498926e-09 2.522805530452675458e-09 1.917858560029491500e-09 2.360282787065960445e-09 -1.635881991980947965e-09
3.177500052642599438e-10 6.911620916879286528e-10 7.454744689499717289e-10 -2.608640660521835413e-10 2.382454488062126469e-09 2.605843416312167134e-09 -8.330189859644736838e-10 3.266170728844401230e-09 -2.039573000576428352e-10 2.366255671257106082e-09 1.020302132061648269e-09 9.343066644635626033e-10 -1.130704226875688842e-09
3.173710489292220742e-11 1.668905363334382150e-10 5.968124333823898103e-10 -4.099158680754908654e-10 1.250529839803776766e-09 1.341517254011827509e-09 5.493075273144841055e-09 4.345752290330243047e-09 2.004511585492174602e-09 1.245739294741556872e-09 -1.263357928963764171e-10 -1.022624974419433841e-09 -1.060152047624227200e-09
-1.227375000027194358e-11 -1.966354224656708249e-10 9.557083690994732604e-11 -4.855439495847783676e-10 2.349605208741570925e-09 2.201195768694595860e-09 3.548551695712210279e-09 1.590273124961221663e-10 2.093247120887463443e-09 -1.883265313842197124e-10 2.412581066430034439e-09 3.482413224839390106e-11 -3.213670440941941297e-10
9.839233328721568628e-11 1.537271271917411565e-09 1.012973326851598609e-09 1.056329564239414082e-09 3.443323781663251288e-09 6.797214982935265704e-10 -4.069382316985751323e-10 5.030355560332428233e-09 5.772173804198851823e-09 3.234667351828124927e-09 1.030589341368233880e-09 1.456215082691514570e-09 3.076246667065483258e-10
2.206950072886696366e-10 1.875914227822303120e-09 3.033240565068022056e-09 2.835098473421897994e-09 3.996382007320260587e-09 3.005494708580577323e-09 4.931168099985723955e-09 6.757085392834409455e-09 5.092528301919864558e-09 -1.799788627416426410e-09 -6.764953170324000389e-10 -4.627552053267022768e-10 -5.509874603891528409e-10
-1.245668999417484419e-12 1.627896780757334992e-10 1.395290882631106679e-10 7.129130898604196664e-10 1.799346977971242131e-09 -4.684041073290997312e-10 8.686662340074949748e-10 1.911128865337773833e-09 4.483992373130677978e-09 2.041350605730754404e-09 3.760109261481909956e-09 1.280742862779005691e-09 1.126091974438483532e-09
3.392083341875653675e-10 1.549595139787667303e-11 8.895126382553667309e-10 1.274925476118504800e-09 1.116867646565636018e-09 3.932336226681809689e-09 4.573343589514925898e-09 1.013218108105895777e-09 -7.047680315395304097e-10 1.859238845177684399e-09 5.667568547356598413e-09 2.295669338816454832e-09 1.914337926328081475e-09
1.583753928477744655e-10 4.523606891203461513e-10 2.588441772625117679e-09 2.606793207369181717e-09 4.727003608040983260e-09 1.398794234676214037e-09 2.148175138925844537e-09 2.250195867606363010e-09 3.223367443252908828e-09 2.747623385706168797e-09 -8.722582299923799286e-10 -2.733280763624505235e-09 -4.177501011403455554e-11
7.124559447479541831e-11 7.156236190303488511e-10 4.674967075552736081e-10 1.225134644990485768e-09 6.400040965819691748e-10 1.749175333068532188e-09 2.240014141440974102e-09 4.114901274854385110e-09 4.291182955394430108e-10 -1.313034962408401218e-09 -1.658499863401223791e-10 3.496542790406181585e-10 1.066872595274088507e-09
-7.213914248649251718e-11 -4.767199913510214188e-10 -1.715501523545376207e-09 -5.652367991582731245e-10 3.085648663394614627e-09 -5.732494628269071493e-10 1.704326395806085662e-09 6.206712882736837249e-10 3.844790952714281727e-09 -5.234366987061035991e-10 1.523315289050130694e-09 5.719580662335261828e-10 6.959307468456471599e-10
-3.631174413360857171e-11 2.725978815266272566e-10 1.290172631314768049e-09 8.382459541408284341e-10 1.121805392550218730e-09 1.664144644510226479e-09 5.284553003443367230e-09 6.519293401135307440e-09 2.336587707290470257e-09 3.749703705559070851e-10 4.320171333099565193e-09 3.853280957851126931e-09 2.496466119117798380e-10
-3.181946847325993254e-11 1.354998044174762333e-10 6.796720711588097374e-10 3.708626958290109671e-09 3.667923241127339481e-09 1.266473632514752633e-09 5.421502574905196765e-10 1.172045364278631330e-09 -1.006138845812011698e-09 2.476498774580102753e-09 2.779138232999326559e-10 1.293348999532520714e-09 -5.729113200450371167e-10
7.421894156820172940e-11 3.656324219612327047e-10 1.153529040338832939e-09 1.420458143973961221e-09 2.097744842848885187e-09 3.308651567801512656e-09 2.789319930976030460e-09 2.328638790126067414e-09 -4.744513314914489139e-10 2.823737337976491799e-09 2.251658500688810662e-09 -4.318263406095753446e-09 -1.671000435493297733e-09
6.203743501581212508e-11 6.150155279162282815e-10 8.292387948858477634e-10 3.077372818990723271e-09 3.380232604026573383e-09 3.739288158976246834e-09 4.852410807272899968e-09 2.317407752930982017e-09 1.221195429345607690e-09 1.766646682342484909e-09 3.265474267473592394e-09 1.248993454718478416e-09 2.536202137436292047e-10
2.126833496763939592e-10 -1.808454791280001595e-10 1.536119560952575786e-09 1.130231452223256533e-09 1.764320706983842463e-09 2.260720401019347231e-09 5.886893931393875493e-10 2.600297291019413179e-09 3.780023839041766770e-09 1.809884577509581782e-09 4.684060124958380917e-09 -1.882857053701604848e-09 9.934206659929191039e-10
-2.257903413858965186e-11 6.719842814112491510e-10 7.800580320920670572e-10 3.541231892172960585e-09 1.173166482376264108e-09 8.986788301472854037e-11 1.629625659279391464e-09 3.913455857337339121e-09 4.324434516178906989e-10 1.259117590241858003e-09 1.406825476729130283e-09 -5.231379326177674176e-10 -5.153660817670988715e-10
8.517841662002665708e-11 5.085422254029284337e-10 3.462758996088856628e-09 2.532948100020099082e-09 3.108699927630420084e-09 1.180498278682823697e-10 2.469479592273957213e-09 2.782967446710930917e-09 1.931235099313070891e-09 4.881495838609347495e-09 1.870370145903706968e-09 7.713599870472501446e-10 9.364659280272725067e-10
1.093080925183746048e-10 1.040015389911534927e-09 2.606799839918534129e-09 1.532494590963737300e-09 1.930455083907812945e-09 3.725396886750244339e-09 1.845243522703421968e-09 -2.431728236236764814e-10 1.561387775318278044e-09 5.996619982829507804e-10 1.105030855136661241e-09 -2.336417690956349757e-09 -1.890698528002685518e-09
2.380387649840049804e-10 -1.905710665671248013e-10 8.402921330359737852e-10 3.508572890037125793e-09 4.035157792973492029e-09 2.354623127288240115e-09 2.890760647415024452e-09 2.572933693355433157e-09 1.385960138793395407e-09 2.708709600641567201e-09 -2.640436412178583595e-10 1.359795263756060720e-10 -4.333599635318290036e-10
5.530013961757693739e-11 6.259746626369228944e-10 3.602587761314297674e-10 1.295224947192075778e-09 7.425480796874759994e-09 4.883430275545969029e-09 2.670649901812498766e-09 2.130521351284626605e-09 2.371552793942701759e-09 4.128098952306391223e-09 4.517899842313538965e-09 -1.241848284275213303e-09 2.375246341510554815e-10
4.039390994840693159e-12 6.378129376770211473e-11 -3.381952885742486721e-11 2.080558357523111709e-09 2.567041703742552608e-09 2.925587734033891062e-09 2.000181045891958384e-09 2.710380953180479051e-09 8.274343726310566091e-12 -1.764098316239869890e-09 1.889113772744884656e-09 -1.768590563163042713e-09 -5.387772860354474002e-10
2.400683312044901665e-11 8.752415205481876027e-10 9.240101495965595548e-11 6.735378331037609327e-10 2.297877955385933129e-09 2.397326532136180369e-09 5.586646051725154981e-09 3.467392060081368135e-09 4.063779156947341010e-09 2.202868816608694712e-09 8.114303454643318867e-10 -2.197608602785755491e-09 4.071217784184244702e-10
-1.803395196655625243e-11 6.881961360276858947e-10 3.150187958833580900e-10 3.586282693390999144e-09 1.778144104059700794e-09 4.015078676873784682e-09 4.197634964889552157e-09 3.700329230931983014e-09 7.291080891918780931e-10 1.207617271083725149e-09 -6.737824979117508982e-10 -2.359827613185812521e-09 6.227221538480343445e-10
2.103625494558245222e-11 2.192548193648882945e-09 1.525850964345712457e-09 1.749959351785572153e-09 2.589772874754141995e-09 3.449173972576595742e-09 4.051138244840915457e-09 5.273027825023718233e-09 3.320027178952478750e-09 2.172783178031324740e-09 2.270314685446758465e-09 8.186034930087073322e-10 1.121272519471138020e-10
7.179372803824726616e-11 -1.727831624287922572e-10 5.263178499734306851e-10 1.576555263121095927e-09 2.066809825226069874e-09 3.248992465169016249e-09 4.605204130173131976e-09 4.279415247755213621e-09 1.501567746325082544e-09 2.348268860016276109e-09 -1.216117465836372774e-09 1.863960497648988501e-09 3.099024250617142215e-10
1.399236281767135868e-11 -7.321487404734603686e-10 -2.612340465037475729e-10 3.651843344998745050e-10 1.348152208786957482e-09 2.087605453102368792e-09 7.712552374824531354e-10 8.375396533358152797e-10 1.597108287309200608e-09 1.235818642183313572e-09 1.352013671847754376e-09 8.807183551863658056e-10 7.869975115935874838e-10
-7.563896984979433725e-11 3.165888669803978237e-10 2.718117595932565239e-10 1.827691602153208059e-11 1.850402891430088357e-09 1.601974221164433710e-09 2.164700730024498945e-09 4.722579596815372135e-10 4.959915187466219895e-09 9.368410527739154084e-10 -5.595136145523585338e-11 6.585386765405635834e-10 -1.081495944808924425e-10
9.583634207983895604e-12 -9.274934074977306041e-11 -7.246762297747832053e-10 -4.625721309412982951e-11 1.429861317513263002e-09 1.426511368130731018e-09 1.300855789847050226e-09 1.540810285645857561e-09 3.914664620899602869e-09 4.973499126080459149e-09 3.160457095954347686e-09 1.033310400822315493e-09 1.479145652333775341e-10
1.162721075953476047e-10 8.449643419797438540e-11 2.479016904136368074e-10 3.449871627437494780e-09 3.896760025426238830e-09 1.729943677849991510e-09 1.054192693759195960e-09 2.126638230824300146e-09 2.661969479424669642e-09 1.574641131070336890e-09 2.048555351790396839e-09 1.110526315882027768e-09 8.481444831840465112e-10
2.217367753707918079e-10 8.474626199202738256e-10 1.326220699407630954e-09 1.069479337389527246e-09 1.012300488818160758e-09 2.105792283509157253e-09 3.472735069367760943e-09 2.749262241803446186e-09 4.132167793396792462e-09 2.036611469101073664e-09 -4.442068887274696993e-10 2.334062348402384220e-09 1.600967864752213711e-09
6.986118187992567604e-11 3.613965341830044983e-10 -1.691777569647135302e-10 2.006162020370536724e-09 1.242188958349811020e-09 3.469721579781878258e-10 2.818863621631828329e-09 7.844931516916135295e-10 3.051688791355292443e-09 5.691281874151368727e-10 1.308308955822711150e-09 1.719653909533408507e-09 1.034992795872318103e-09
2.965812651241558534e-11 -1.584114557444567016e-10 1.069082659796564910e-09 2.895957623326237733e-09 1.141907013598182061e-09 3.832767985006447262e-09 2.200663500439165084e-09 2.450338441286354896e-09 2.421589834368704751e-09 1.585991663035810515e-09 5.043409601326673352e-10 1.746069251363538706e-09 -7.321863877129147573e-10
-1.572787010975737776e-10 6.730893778293452356e-10 -1.386823157563197506e-10 1.093317645449949504e-09 1.968438474561905096e-09 1.658532532504787639e-09 3.735240702776664818e-09 5.075546125937623203e-09 4.629722023263978924e-09 2.692674408319836497e-10 3.245355221924431823e-09 1.359298478507863267e-09 1.938077401323778483e-09
5.221434022410353046e-11 6.200360278445071764e-10 7.053494982573048243e-11 3.686075688217667921e-10 -1.052740920683328517e-09 -3.968428998047604470e-10 5.111383803719660148e-09 5.161272422219532719e-09 5.106488353933412251e-09 5.513164999510680437e-09 2.717739141376840538e-09 -2.009065546122660981e-09 -7.282781922514110857e-10
2.856362100658184624e-11 1.747173118767767826e-10 9.516818899842113020e-10 2.871790419193117857e-09 2.491009035186068081e-09 2.718073682359148222e-09 3.550097867123541662e-09 -5.149290069432125011e-10 3.027005606183626013e-09 2.336904581062464897e-09 -6.134215840725147074e-10 -1.665362110521704277e-09 -5.808212088121217798e-10
-6.764475295198919227e-11 5.945818866110140394e-11 3.038394273680277595e-09 1.777731418593714934e-09 2.205674289685821270e-09 9.354264438055335444e-10 2.776584507305047603e-09 4.061304603075331212e-09 4.798666545465538230e-09 3.236917895116699733e-09 3.134172269996940800e-09 2.818973898035714195e-10 -4.331626601204957399e-11
2.702234232589345090e-10 1.474225078835740795e-09 1.310637428213461168e-09 1.371009710050225533e-09 1.344607613203000161e-09 8.388325945263272930e-10 3.955865951784835174e-09 5.141868798473263829e-09 2.445274276569683048e-09 1.907622844307926346e-09 1.673924496176435097e-09 3.289737124143860796e-09 9.150487441837907513e-10
1.985500443712726007e-10 1.192487946824740301e-09 2.046806412725346934e-09 2.607784801642299427e-09 3.300876822516950730e-09 1.456410098807061803e-09 5.408136758542794111e-10 -3.481842216827044780e-10 5.782835756835312847e-09 2.138526494756124673e-09 2.867937468037008200e-09 -3.505050685462297244e-09 -1.969097983247383959e-09
-4.895333559010961082e-11 -1.120055530716331766e-11 9.320256267299043087e-10 2.144459896537121509e-10 1.290456286530508509e-09 2.011526778857917217e-09 2.604722845738832588e-09 3.603998986744250829e-09 -1.506553537358972761e-10 3.106970120958674817e-09 2.021407496102037075e-09 -6.391019557488129198e-10 1.813609486107943484e-09
1.616856815025189372e-10 3.265359477903136999e-10 4.888230378317572351e-10 3.200112527518720715e-09 4.725481863151840735e-09 3.688100237216188941e-09 2.565723496035593798e-09 1.728271726550576736e-09 1.209095142696162692e-09 6.683075120198638139e-11 1.493560537058451946e-09 1.743373267990903028e-09 5.172445520163560035e-10
-2.976881801419153511e-12 1.479222063882791080e-10 4.825671043277776615e-10 6.142110697583760986e-10 9.085564752624406547e-10 1.515996665073635482e-09 4.296798691597822650e-09 4.398470611880132769e-09 2.245525812806660160e-09 2.605863634929612405e-09 1.382895256333887580e-09 -1.201160059748546942e-10 -3.792551455817290601e-10
-3.445871904796296300e-11 1.043633253499938531e-09 1.057196569241553671e-11 1.716447319741252172e-09 7.242122982442832316e-10 2.852730639066738115e-10 3.949361029039362828e-09 3.682440503066330104e-09 1.711238257022339096e-09 1.312580844949751643e-09 1.539020181475847482e-09 1.716121053782411552e-09 1.693230264814888555e-09
8.346080441024133697e-11 -5.684344348333651665e-10 5.008915306761639085e-10 5.526347052113126490e-10 3.310680806636918628e-09 2.282691510813446115e-09 7.677707019729013887e-09 4.796384225532221280e-09 4.284791214451948364e-09 6.032039876119806247e-09 1.059438717520687517e-09 -1.429775220425476897e-09 -6.788934417144856133e-10
-8.292810080888059538e-12 1.351841432939880049e-09 1.772124477201912457e-09 2.123509966596825840e-09 1.815741093442426760e-09 2.132435684743021701e-09 1.135512165932060464e-09 2.920977374615044173e-09 1.473467815157067501e-09 1.522729279740980873e-09 -2.581295274098653870e-09 2.635079381169059832e-09 1.265308153313775362e-09
-5.728396341175200875e-11 6.880074315843101041e-10 1.163036982607479814e-09 7.567960104945113408e-10 5.407647225467937085e-10 2.204297690639148166e-09 2.566417396483873502e-09 2.742421414272863908e-09 1.370480747283515954e-09 2.133910310442114453e-09 4.418441142891220828e-09 5.882440337999501605e-10 2.229764623382021525e-10
-6.362069880212844258e-12 7.896898785144026167e-10 -1.240526301582717370e-10 2.198596601186009069e-09 1.077412991786714245e-09 8.898300660340982889e-10 1.320825608949305843e-09 3.626945685838002494e-09 5.629402232915612957e-09 4.513656311136947557e-09 2.688732354248968730e-09 9.265827492245624994e-10 4.619794894673832569e-10
-9.616221265260670781e-11 5.452969993002637702e-10 8.987110993484513699e-10 2.191399269052831418e-09 1.880326114780821148e-09 3.584572475857767397e-09 1.676634642289027565e-09 7.095143423204193187e-10 1.910032547763085564e-10 1.478028404798905973e-10 -1.379015989747276454e-09 -5.054824527133539839e-10 -1.697700607693267759e-09
-5.565945954381028962e-11 5.424448772378503381e-10 3.189234788330894999e-10 1.371883697469746285e-09 1.678624062996146232e-09 2.986298637479053819e-09 2.900818131065301159e-09 3.168888152883475963e-09 7.758055716110686042e-09 3.102044927083379784e-09 1.682674930014957732e-10 -7.201261160740681100e-10 9.518080186744481491e-10
2.417733626447573002e-10 5.264431337397126855e-10 2.259603208766601290e-09 1.348688920529147613e-09 2.183791429312523084e-09 8.674508452061344203e-10 5.835358031525715730e-10 3.631017188075892109e-09 -3.428152655173379470e-10 -2.834651650886032173e-10 3.584573416827834723e-10 5.680842604796583799e-10 7.496738754456823828e-10
5.567778083976178397e-11 7.799683305163008589e-10 9.789423116722848690e-10 1.056659186351701151e-09 1.710069554486924322e-09 2.884283700993543831e-09 1.735082193738602015e-09 3.172579496190015264e-09 1.632316026623653571e-09 1.666992489261417645e-09 1.249557157974971635e-09 2.474070217802698996e-09 1.401959031224803445e-09
-3.462419165387428806e-11 -1.562415155848114170e-10 8.474114823235143057e-10 2.047002238500911861e-09 1.331132852838812737e-09 2.366035445484715954e-09 1.790761930993318848e-09 2.628701520319766910e-09 5.967298417898573559e-09 3.312085433003272770e-09 -8.296446456531127086e-10 1.704269879468412568e-10 -6.121270686223427990e-10
4.051091092493177620e-11 8.466766577237546985e-10 1.113576889131435744e-09 2.092575334476295232e-09 1.809044019975824312e-09 9.752423837860247805e-10 4.002232810785184290e-09 4.937533431438853985e-09 6.080727196602635105e-09 3.075071825088790780e-09 -1.045991785341111308e-09 3.941650213378741465e-09 3.379817121299401595e-10
-2.170899281286050339e-10 5.889784880829039420e-10 1.257459890803008580e-09 1.258334221729842818e-09 2.327295045032412007e-09 1.541038213928509624e-09 2.014098515301500722e-09 3.112646649300542864e-09 3.565909686650828633e-09 2.912049218092679426e-09 2.947766187307152219e-09 -1.705036192234495583e-09 -6.922085620936426520e-10
6.118953973506722350e-11 6.561250794946573632e-10 1.457788473853236005e-09 7.555404836699449100e-10 1.784286181089476473e-09 1.878069927843877020e-09 3.244169193609548069e-09 3.725700381920623741e-09 5.487118557596010653e-09 5.933650740202976956e-09 -2.863429512810219670e-10 -3.888005875917025586e-10 1.617013516665181809e-09
-4.399260481129860793e-11 7.997549494112680337e-10 2.040571315796440804e-09 2.053996287447985224e-09 1.363920103989407941e-09 4.011492816589013954e-09 4.812435215550521645e-09 8.131703564091908727e-09 1.985815825270169996e-09 3.550893714064880210e-09 2.940008505386332971e-09 1.760923015976921081e-10 -1.518863618917342444e-10
-2.868381175332873284e-11 1.817537077135931726e-09 3.256981376987561653e-09 1.380277509860346670e-09 1.188340570243091124e-09 2.648795721090088963e-09 3.439684166946775879e-09 1.795584048085249521e-09 9.419825388807493899e-10 5.767414151782279662e-10 2.596730417372668609e-09 -2.337398557653101256e-10 1.063112528515220274e-09
1.180337726566194613e-11 2.253599468565866431e-10 1.084539645822951063e-09 3.693785550760274573e-10 -1.500709292898680565e-09 1.422008496153422042e-09 2.342407104196109286e-09 3.791573082173346788e-09 1.426107046959004730e-09 6.848583625381717444e-10 1.100617931636401223e-09 3.334989627191534552e-09 1.791707314004827009e-09
6.567294539925148127e-13 3.812782156101348411e-10 1.167799678127031132e-09 2.094457689869947842e-09 1.757927343304124864e-09 4.243557668099686481e-09 1.553144053111305378e-09 2.417061038166130662e-09 2.526395561046961213e-09 4.551670296357483240e-10 2.436638024681234541e-09 9.839757692430909899e-10 6.169812833307339466e-11
-2.759804874239091176e-12 2.904025621546469142e-10 6.754286872291720807e-10 1.448667373205709918e-09 4.507468428231356932e-10 1.113049676925185635e-09 2.962462086270446237e-09 2.567622050021688368e-09 3.524615378648049152e-10 2.851101073653403460e-09 1.634878159715374096e-09 -1.700190907546109745e-10 -6.984070316461022143e-10
-6.605785094423047120e-11 4.727720529852126752e-10 1.320281328070082625e-09 5.466492897966513057e-10 -4.762297057625003077e-10 1.058733359419329962e-09 3.199406267261484938e-09 2.954386717249760161e-09 1.701638754598150349e-09 2.020313116007251986e-09 3.326609539573035394e-09 -2.891200449575180968e-10 7.595366203076844940e-10
2.006975280182256423e-11 3.435092961259167340e-10 1.451017595449273614e-11 6.891318754216406922e-10 -4.017060409237977798e-10 5.224364483867586394e-09 1.748370956533644189e-09 1.969759009520322941e-10 3.232304055531131911e-09 6.895356619753153482e-09 4.378296720135548780e-09 1.615109579059848653e-09 -4.618732989719763632e-10
-2.467329057325488246e-11 1.762384639852626047e-09 1.966665493392405172e-09 -6.353109240599920154e-11 1.246447904510782686e-09 2.886562823559769033e-09 1.142833536154624816e-09 3.993679737776500345e-09 4.967495941700962273e-09 5.808632770593495641e-09 6.368835425845100334e-10 1.102550675124842328e-09 6.213387863393590732e-10
-8.200024494844316733e-12 3.893432599802968433e-12 7.184341489445242065e-10 1.573707884702590028e-09 3.118197855750532718e-09 3.041905937035212220e-09 6.280808002974434911e-09 1.757501331329439211e-09 1.824930996820195440e-09 2.080606867360985545e-09 5.068505756788283955e-10 9.562495459891967786e-10 -1.172976922940731041e-09
2.729267527771400310e-11 7.519791538622874951e-11 -1.658117973346567165e-10 8.613650987652749273e-10 2.007116850920220876e-09 8.619969906729073474e-10 2.774222867920934186e-09 2.308921624237487981e-09 -7.612309586302091743e-10 5.179962908957360867e-10 4.078810911914762253e-09 6.102213417120159838e-10 1.203295197521770960e-10
-3.487813120926108872e-11 8.098355933048475668e-11 5.786851665491448476e-10 3.095481981094257459e-10 1.987294455897005992e-09 2.976104774856806312e-09 4.153929525530383865e-09 1.806898122374187169e-09 1.065772417809970422e-09 3.113383184447188453e-09 1.692268171128899192e-09 1.883019591245748489e-09 -3.819633530493237543e-10
1.389060843959351988e-10 6.592221672099560847e-11 -2.285880985774507885e-10 2.563943570603495279e-10 2.018807070152288456e-09 3.365477245335324829e-09 4.487844033268344090e-09 4.159971197102347879e-09 2.696047038732824295e-09 3.765390084891132927e-09 4.601420315459467269e-09 2.308803233418067709e-09 -7.813006119543354915e-10
4.663966303994007269e-11 1.178057219274573756e-09 1.909811569271125056e-09 1.381935116224822402e-09 2.775906212759330236e-09 1.547907399712412133e-09 2.639019827691541694e-09 5.006844955657150223e-09 5.718914197480644167e-09 4.956551639189054954e-09 1.014082972965364196e-09 -3.048340097641617779e-09 1.692648132471702406e-09
2.431787958275846738e-11 1.365099076938134877e-10 -4.072754942595940509e-10 1.196740800651328623e-09 1.499278588409567575e-09 1.011992289511671034e-09 2.818208712485073664e-09 3.676555644083617788e-09 6.050620753114769038e-09 5.030221568917894927e-09 -1.231972294972750628e-09 5.884196683294654284e-10 3.203055085806672660e-10
2.016177253875940579e-10 1.594231444351926283e-10 1.450014189415046917e-09 1.500486764012928910e-09 4.423935354137696901e-09 2.672362203358896684e-09 3.902213155819420007e-09 4.486048893532037693e-09 5.353770998794432357e-09 4.338840270491922702e-09 3.584300792685891145e-09 1.969788058658500941e-09 -1.099237021399261420e-10
2.911201651223897309e-10 3.644906578569798564e-10 3.933721561205805332e-10 1.032109303630838394e-10 3.794535634187374254e-10 3.217467971276441748e-09 2.066641002445593931e-09 5.010804333745594747e-09 3.283047078496575218e-09 1.803286518222268810e-09 5.821261847506754577e-10 1.775355720448164718e-09 -1.401580126943081092e-10
-2.546378743236242425e-11 1.833476784840147150e-10 -2.465258076150850318e-10 2.085214279513645219e-09 2.429809462992683602e-09 6.360031944169655099e-10 2.294761778164337445e-09 6.661838707216299905e-09 5.145934483378443368e-09 4.099724366154116191e-09 4.424028569681199746e-09 4.137638199300881384e-11 6.227128550801874195e-10
3.271089544891240057e-11 2.001137478727809785e-10 4.085193391219178546e-10 1.460959507570186706e-09 1.978293884787040322e-09 2.437246502047413625e-09 1.825570510916304910e-09 2.941310112093469561e-09 3.019915931241833345e-09 1.394074883786478966e-09 1.955871366446770293e-09 7.747189141934701728e-10 7.383233474111477350e-10
3.011422244745993721e-10 8.637456570186599635e-10 1.484081004180147729e-09 2.221548575046432963e-09 -1.046036251101509151e-09 1.881911162618139100e-09 1.777917555641228926e-09 2.557483401350168440e-09 1.581911269545472775e-09 2.061277677811995760e-09 9.883849237610120394e-10 -4.137593981287744464e-10 4.686777382369245383e-10
2.640431092732189502e-10 6.937055476041233691e-10 2.582945864262754748e-09 3.311835644816660741e-09 2.935309397839583826e-09 4.724521903715276679e-09 5.749058366236048600e-09 1.780946613044929313e-09 6.251329566338569917e-10 3.456385510102245675e-09 4.909264941269547442e-09 2.785948321778824034e-09 5.204893020941604522e-10
7.839215260484829503e-11 3.197337851310794323e-10 9.341974294664044684e-10 5.512773029406847222e-10 1.082029670936890005e-09 3.066008195464540255e-09 8.435804574446938954e-10 2.038903483685322742e-09 4.683504617102370301e-09 3.082239515346138596e-09 1.835941043273644462e-09 3.604502914462566250e-09 -1.035399731423856903e-10
5.517242563545849251e-11 -2.586984045945219308e-10 1.080716222062434114e-10 -4.859651922414598045e-10 1.078029570173705650e-09 3.773351984154737276e-09 4.359933459785966980e-09 4.838650758631056318e-09 4.148916815584237002e-09 -7.385418743406374732e-10 -5.054757643182483376e-10 3.358926835675264928e-09 -9.156413640424053009e-10
2.668826204501484780e-11 1.279779103049885872e-09 3.540695167939229405e-09 1.063965150581108962e-09 2.804670260001060770e-09 4.379422886045614289e-09 4.667090971141276228e-09 3.319198562081069862e-09 3.223548768821222752e-09 -3.085670047627572044e-10 -1.675492492957105652e-09 2.071936173287366592e-09 3.965625160837691527e-10
7.981921999064410022e-11 1.966521146197179722e-09 2.379484500322940332e-09 1.233389625427030236e-09 3.005347793230240843e-09 1.909562313134677779e-09 2.388083637716387563e-09 1.317210361168116745e-09 2.432991443616358050e-09 1.807877065621327640e-09 1.942151276264909240e-09 1.681304560324729416e-09 3.490162531169130638e-10
-2.382589151260355069e-11 4.529418388816793327e-10 5.026453833378898849e-10 8.451058763810447435e-10 -8.867673742670122999e-11 7.376917193220042787e-10 4.363924273751757654e-09 4.494515710627467803e-09 4.564818080789113025e-09 3.783970945513786782e-09 1.603081120181169548e-09 -7.996244847133712659e-10 7.395632688942081718e-10
-9.086550003932811371e-11 -4.258758822474588558e-12 1.203289139399711497e-09 2.216691798785033682e-09 5.525207993890297351e-10 3.884449376206013585e-09 1.605058415253102698e-09 5.645037455770500868e-10 3.876826418708911186e-09 1.343008916297179594e-09 1.401264762720796060e-09 -8.325248678756188452e-10 6.118501082123136853e-10
1.798896325342840997e-11 6.546945075564427571e-11 2.149951183199417448e-10 1.751380317757167167e-09 2.261567329377088305e-09 2.305749733523052041e-09 3.722929784683901469e-09 4.878826177462564469e-09 1.473632532985078220e-09 2.044134749835957177e-09 2.375211773803860705e-09 1.312660484856821326e-09 2.514061678298837144e-10
3.339089270923984862e-11 1.228438699608657697e-09 1.521275240677521343e-09 1.331602562827836723e-09 3.829600639721200064e-09 1.523228552873357364e-10 4.113473846761629933e-09 4.357308161492119874e-09 3.403046057440352434e-09 9.101514871496133896e-10 2.009868651083684556e-09 9.213907757811079953e-10 -2.793232050974591241e-10
3.178517475259758853e-11 4.976903656409987355e-10 1.435975511775351996e-09 3.167248358382776218e-09 4.959863711086919106e-09 1.776997717240504737e-09 1.886282537079151604e-09 8.717200929729580030e-10 -6.834213058132219923e-11 1.077870626095248460e-09 -1.915256211817687929e-11 2.624676670095082686e-09 3.143144236474454312e-10
-2.239487546705876300e-11 -2.809021824439130545e-10 1.265270088492400574e-09 6.329437629167392258e-10 3.192893367098032493e-09 2.908483991707568440e-09 3.183763501383572127e-09 2.505617869409137548e-09 3.338609646425323478e-09 -2.287308866212872437e-09 2.247929157525106309e-09 3.710455923055910876e-09 2.045652995710702484e-09
2.150873469472933994e-10 1.235799843934293219e-09 2.272799501871115731e-09 1.290468084214734946e-09 3.599655867473549661e-09 2.800123997660562909e-09 3.297017438044722902e-09 5.851392800366828192e-09 2.760326975452028963e-09 7.032045773388838104e-10 -3.071439403371200342e-09 2.402731995850490593e-10 3.570703773252834434e-10
-9.017846709254011314e-11 8.461541614360301507e-10 3.312304497208621549e-10 1.960463683062784619e-09 2.711839660025780894e-09 -1.014129696575058053e-09 1.296925502893412642e-09 2.332167993303000183e-09 1.853465254445659865e-10 1.917474714081255416e-10 -1.015924491043186926e-09 1.492611959746126609e-09 4.902222071063588596e-10
2.020673914464344684e-11 1.080246550733957361e-09 1.368044255629897411e-09 1.649021412231782544e-09 3.986469516637031582e-09 1.917162514111290551e-09 1.633000411786975454e-09 1.481976871125816181e-09 5.011239159615187449e-09 5.468048181067848514e-09 8.305729184074658080e-10 1.639009175031207513e-09 1.978510389822256521e-10
6.190920950091530950e-11 3.066609086795007860e-10 8.492160057514694723e-10 1.585363526969975379e-09 7.636337096613207855e-10 1.235533597065061115e-09 2.369653766150650523e-09 1.770058578261160958e-09 5.961279745417915340e-10 1.838797765650982839e-09 -7.890019041537150021e-10 -7.214321394718340940e-11 2.536367535179460019e-09
-2.303245842698660681e-11 4.355840559509411315e-10 1.502657270777201427e-09 1.213954341078999443e-09 5.064279476715922952e-10 5.083574658823676511e-09 4.606414771131976371e-09 2.696378361209608423e-09 3.681017661912138095e-09 7.902138559924840888e-10 1.626955965380092232e-09 2.156295929751377584e-09 -1.096224176254654786e-09
-5.607799508697918151e-12 2.943422245664381157e-10 8.678495485818290503e-10 1.264159855071281443e-09 2.486802702430453268e-09 2.410232851972814116e-09 -1.255984466973475641e-10 7.969924711498140319e-10 4.750220503076469486e-09 2.048215743533164501e-09 2.388456954853802054e-09 2.939462506150133320e-10 -1.383308544878400815e-09
-1.247413549698498489e-10 8.811255454045303446e-10 -1.295684959182591323e-10 4.543947836842350744e-11 2.524173458311199614e-09 5.644354671989555669e-09 2.998867145055372716e-09 3.365440573211939597e-09 4.244080961757795845e-09 8.375831813889670641e-10 1.575497873781416891e-09 2.001049136068736589e-09 -3.746722665630268039e-10
1.043466694770759691e-10 -2.860239186911353139e-10 1.253116586982744378e-09 1.864926697778856142e-09 1.061804350567539511e-09 1.907141866791833295e-09 4.965842739453098053e-09 3.502323193252918677e-09 -1.285963181748871442e-09 2.232653784516945905e-09 1.839535966256876647e-10 -1.805466103280695884e-09 -2.137182444714086976e-09
-1.656319315717229773e-10 -3.714962238272878946e-10 -2.896763306416459296e-10 7.713687553213625951e-10 1.186932264757431781e-09 1.471482000297363971e-09 5.019416001702510157e-09 3.737171964117948977e-09 3.171974952543340174e-09 1.196438039525974029e-09 -3.746029000798591420e-10 -3.741501262231922156e-11 8.598501799743164130e-10
-1.103904301257887408e-11 2.076136798936006720e-09 2.509356123379104137e-09 1.416812208394270494e-09 1.967584387969257799e-09 3.474611893112824369e-09 2.261268634788904964e-09 3.585386115218514984e-09 3.337173806894209439e-10 1.596979399412375458e-09 2.024529433652604573e-09 1.719191648788998737e-09 2.070857854855715848e-10
-1.289893806841963329e-10 -6.777906906663683946e-10 3.314421198386422694e-10 4.041634562459393122e-10 2.073841072756325401e-09 3.936704838744898606e-11 3.801023444638622692e-09 3.224734298070812168e-09 3.190722425271625710e-09 8.505011389316248129e-10 1.844821793487872769e-09 2.191131863268311859e-09 1.623257652794493331e-09
1.853966083439712002e-10 8.534078738270565448e-10 1.895678046235754575e-09 1.745090704924374760e-09 2.923258433039600407e-09 3.149162815060359512e-09 5.686106242539889218e-10 2.554448302207400410e-09 4.747836872087914223e-09 1.405128075110095147e-09 3.420695734564312505e-09 1.905118289889759744e-09 9.553149243348303627e-10
3.197573957141173188e-11 1.242365852518791996e-10 3.316105820239359630e-10 -2.996173565256705849e-10 -5.423112280984329263e-11 -3.461679198771891599e-10 3.151103714714913971e-09 3.869453862695626460e-09 5.049134732350850294e-09 2.240504656489295289e-09 8.459016553336411030e-10 8.649089893896308841e-10 1.105534751409596488e-09
7.012230706451392896e-11 6.189925668256964901e-10 1.055168822055756721e-09 6.366923165685387285e-10 1.838015099717446184e-09 2.189675380391582263e-09 5.876410833773190726e-09 4.325424263655463425e-09 1.629457122841671118e-09 3.182918787355535627e-09 2.725469154816445063e-09 2.191700908725178099e-09 -8.846922019089803947e-10
-1.536022749350568542e-10 2.340244926996954717e-09 1.757205723057502874e-09 1.090730383832561201e-10 1.341686944928734962e-09 3.012384584820618385e-09 2.811617277275698992e-09 3.215227342971652979e-09 2.249421479074079510e-09 6.425046593929934848e-09 3.261002648393945116e-09 -3.059722101643259432e-10 2.777322430871614325e-10
1.159727282183868446e-11 9.784261739215714676e-10 1.188137110698924959e-09 1.616874232177607190e-09 -2.230681356895151415e-10 1.240541170832781638e-09 1.782773279903001460e-09 6.190882447111757426e-10 2.860379161331831078e-09 2.642815764605757690e-09 6.651543974052894942e-10 2.498864350526911086e-09 1.953528701018559987e-09
-1.708303972711194086e-11 -1.751581556905471456e-10 -1.634160030840438663e-10 -1.437705725334874272e-10 1.504894554544030010e-09 8.648850265622062373e-10 3.054941701353732278e-09 6.340221236425542876e-09 6.233497616076595271e-09 4.250621104933464291e-09 2.100724198746478356e-09 4.650398612898975018e-09 6.872311117420498105e-10
-1.742360493217524475e-11 -1.799535788651120333e-10 1.080184123888232714e-10 1.110139670021958370e-09 1.308727757655715175e-09 8.666037934129535293e-10 2.239335203257292458e-09 5.784219159985652644e-09 6.524675456488662444e-09 4.828265232052996897e-09 2.785663193791443878e-10 1.379200205493682418e-09 1.653046110588987581e-09
1.269456725683351656e-10 1.093390266342105225e-09 2.242257061695347821e-09 1.673729064430538096e-09 5.272753021296066936e-09 2.883092708328156823e-09 1.270436275857342782e-09 3.997092310020240748e-09 1.790357339173443649e-09 2.330967866243638100e-09 -7.241414984886306760e-11 -3.857798574180622509e-10 1.271656656416941591e-10
5.643764564015125063e-12 -6.592285465984968987e-10 8.246669178739380351e-10 2.512222779864176750e-09 1.566688205799771839e-09 2.565140157852295834e-09 4.781455317119690091e-09 4.969909442641095302e-09 4.143164689262863784e-09 5.133525608713450260e-09 3.674229019976412341e-09 -1.504890408780935053e-10 1.094967710593609962e-09
-6.429600622690447778e-11 3.602659451688212740e-10 -7.955547508068159402e-11 5.159809210315539612e-10 2.437204158073444802e-09 1.194187201017547882e-09 2.502519121577952863e-09 6.344940063457951282e-09 5.347455566799344533e-09 2.364475987281916572e-09 7.745340235306285715e-10 -3.247345850361216001e-09 -1.954189642687370792e-10
2.933454911028616170e-11 5.063771474748273672e-10 1.093893993612889401e-09 6.133193784450269414e-10 4.272342248087415370e-09 5.383861521743137356e-09 2.240427241979693837e-09 -5.738851603761317612e-10 2.282344267568371891e-09 4.930219834467213122e-09 4.662002908813430677e-09 -1.784459774475447539e-09 1.240583112167068107e-09
-4.028943449395577560e-11 -8.056792469166457222e-11 8.056219086134121156e-10 1.594532611978969302e-10 2.977562075831140785e-09 2.516517015239601499e-09 2.697901463278790764e-09 4.237944027973053787e-09 1.745188224634259922e-09 2.679326488063136711e-09 1.690228106171077643e-10 5.400790671875390302e-11 1.162034197492927091e-09
-4.932060211766343960e-11 4.768766586828749563e-10 8.411310621313954942e-13 -8.052432784845511793e-10 5.590549207402019841e-11 1.812703688124408755e-09 6.295887792424591010e-09 5.777686217644847478e-09 2.778222655164753167e-09 9.026431154119646045e-10 -1.907799218642047117e-10 3.144458440277417968e-09 -2.745745100261467598e-10
2.527047637191093106e-11 6.189218813272905243e-12 3.618597162033737231e-10 2.586776538191253711e-09 4.321373190890638892e-09 1.865683668156554101e-09 4.530601709060353860e-09 3.597123844425025255e-09 3.077702172008537816e-09 2.079656496950776881e-09 2.033645615586571879e-09 1.651351345297926039e-09 3.704305555304202858e-10
-4.537855048430408412e-12 -1.443187889453443167e-10 2.558038295373801516e-10 4.207084052398777001e-09 9.380437886355104972e-10 1.341937933632396468e-09 5.345646007905208786e-09 9.497133277387212301e-10 1.040945239397404198e-09 2.832485602861147274e-09 2.091432720839433900e-10 -1.293484822374288493e-09 -1.131611228331768283e-09
9.477886912363246397e-11 3.369545773383904986e-10 2.995369556775798422e-10 1.852271973055621873e-09 1.577971819398453705e-09 9.118820258217899622e-10 -1.744254080526314993e-09 2.994008264500225031e-09 4.481252884894695295e-09 -9.188895418222213345e-10 -1.151385495147623597e-09 1.695927664122093152e-10 9.728125663900218308e-10
-1.149769663295092386e-10 1.273678846116109852e-09 3.421038465547176349e-09 1.314840261237162448e-09 1.689131374816591064e-09 1.899644131983821743e-09 1.693462216420770699e-09 5.156693040240608024e-09 2.710748375432114469e-09 3.499724228407941617e-09 4.338065521098165386e-09 -2.170359826081103849e-09 -2.189842998509425999e-09
1.128455118892938536e-10 7.534851488896440881e-10 3.893872862619024878e-09 2.025673949446947160e-09 4.994735257096580374e-09 9.778547566050600975e-10 3.425707827745981844e-09 3.640994048576593708e-09 9.064086890025188556e-10 4.424018394202068262e-09 6.901443436334617250e-10 1.644554471124467392e-09 1.355282750838031718e-09
1.862102841122069257e-10 1.405484816093232746e-09 2.207781876501562125e-09 1.234055098567294296e-09 1.524355467231319763e-09 1.683571087450404674e-09 3.265964403765131675e-09 1.791618203411361820e-09 1.384707440824652169e-09 1.141714175732653377e-09 -3.002716659976484866e-10 -1.591578439698553131e-09 1.281469430813197192e-09
1.605362494600249641e-10 9.200995622941142515e-10 2.639488364089421392e-09 8.598763356666432008e-10 1.682480919660339301e-09 9.055833514391071394e-10 -9.220524076057206697e-10 3.023509415612473906e-09 5.701623330616178161e-09 9.398522228561702626e-10 3.388351442801446901e-09 -9.928613178666247988e-10 6.053345260727076835e-10
4.368160042720851431e-11 6.542184180265111855e-10 3.928136623664696195e-10 1.504998257041627807e-09 4.604238198579251186e-09 2.550554623103202345e-09 5.103935474591021496e-09 1.104156557355946557e-09 1.317107538053765424e-09 -3.612653016145989482e-09 3.244259861440161482e-09 2.928730199467196465e-10 2.859459260185009470e-10
2.103901799796550183e-11 6.444305634699796867e-10 2.850800070531185115e-10 2.215708238811266197e-09 2.032253229525787698e-09 2.832463968758855260e-09 2.497506321146800035e-09 2.592152682411838982e-09 3.327077907296878033e-09 2.350410652144803387e-09 4.651987695503537461e-09 3.122046040685107511e-09 1.058075089526018660e-09
1.387023070756280769e-11 2.192753803814253751e-10 1.935260260955362707e-09 7.685310335266553523e-10 1.479890027854405650e-09 4.307957600682821197e-09 3.253789611571312198e-09 2.048478434551145433e-09 2.619679384969627009e-09 -1.629869222007727527e-11 2.593670465756779790e-09 2.740001891676829510e-09 1.700857083413030833e-09
-8.167742897491718730e-11 7.656661801878339465e-10 8.718256807089315927e-10 1.303410717093680499e-09 2.991536830236865581e-09 1.790845233699728165e-09 3.612870869506880934e-09 2.902072305778754481e-09 2.455273110016148158e-09 2.087818309598653675e-09 2.076127995388911587e-09 1.850751137736657402e-09 2.156801833575573316e-10
5.119693637037805853e-11 1.010283595304488635e-09 1.691677933040746306e-09 4.005888563042916960e-10 2.446628588608099857e-09 1.516676452647856513e-09 4.158846744004722475e-09 3.069403028936087971e-09 3.901250530832852207e-09 3.269561006657680554e-09 4.523694610171226987e-09 8.138357482207365121e-10 3.543316798242016242e-10
1.454808874080123717e-11 4.237002110090646008e-10 7.723356408432951852e-10 2.525539050132905130e-10 1.603468685077852254e-09 1.648757335959821733e-09 7.636891730092006612e-11 3.470386262170947443e-09 3.563778631913615934e-09 4.417974890284801453e-09 3.737626367058121199e-09 -1.372151872120822144e-09 -1.039932939026887990e-09
1.301063658083014743e-10 6.350754601941070125e-10 3.305224913059258572e-10 -7.747114185024381479e-11 2.339178311085236459e-09 1.769843904460098475e-10 1.996078042804020633e-09 2.858014762801158063e-09 3.963270000613140706e-09 6.313637634402893923e-09 3.970635596748131425e-09 3.011658383205669126e-09 4.526452882192736018e-11
5.727074976733638687e-12 -6.726999999339199409e-11 2.681660677521980868e-10 8.157802436083733663e-10 7.645292275078641793e-10 2.360455283748179934e-09 3.994677658003112404e-09 4.342914803569909411e-09 1.296143745955363279e-09 1.747230645132462069e-09 3.297286288775020074e-10 1.239058732046785001e-09 8.147121996812677165e-10
-5.786705491552608225e-11 7.051831414421861585e-10 1.715845021091512142e-09 1.180834088577741484e-09 3.019556296370170092e-09 1.252751277579772052e-09 4.212793469512776802e-09 3.368165648355530429e-09 5.990825898100555517e-09 2.997646004150220577e-09 1.707176866810121905e-09 1.037568981020626695e-09 -5.031802614470166520e-10
5.317318161260074311e-11 4.600343714214813474e-11 6.658182711552751116e-10 -6.381228628994697618e-10 7.481173161919547823e-10 -2.270207522491184206e-10 1.186111484637582653e-09 5.809442474429288507e-09 3.785256660385206665e-09 -1.286380370687367290e-09 -2.313126330296032062e-09 -1.972724727555446335e-09 2.456828947662919528e-10
2.990904975979973062e-11 -7.533806144049277278e-11 1.411478980465919381e-09 1.679048842615427337e-09 1.474381917438124555e-09 4.083726958386364209e-09 4.067360062801328790e-09 3.254286832903188140e-09 3.636379420356346213e-09 -3.166908220593931094e-10 -1.196045784569761610e-09 7.996983759392604456e-11 -1.454396843115069800e-10
1.939535193165424092e-10 2.766608078453196606e-10 1.781687890495861676e-09 2.486157550390271329e-09 1.271531354827026804e-09 1.161530099115867227e-09 2.675674502041907245e-09 1.684077592430767482e-09 2.664223608565743141e-09 1.359438750236893181e-09 2.998161899964571545e-09 -8.078328622246239987e-10 -1.181386730670833657e-09
-6.595411824507654333e-11 -7.807851809540293627e-10 5.350150417752531650e-10 1.088475184624168322e-09 2.913968965638782639e-09 2.736137971483595038e-09 2.860689416125747683e-09 2.985210164307759102e-09 3.657335505964059815e-09 1.976562550150019991e-09 1.687606536400577972e-09 6.379647223731989334e-10 4.046739250797888798e-10
-1.228427300850912440e-11 -1.959304529949522712e-10 5.859662418778807241e-10 -1.839428501413602980e-10 8.863647001167479374e-10 1.033235265175909202e-09 1.467942126313469811e-09 3.296150513883475285e-09 2.991164659832231967e-09 1.391980553050541963e-09 6.486834632029550883e-10 2.182798279989262099e-09 -1.909336178787794613e-10
-3.562765672501529739e-11 5.171394652007524229e-10 1.100546333429606499e-09 1.020214203788860916e-09 5.521596526523602962e-10 1.965230283618575469e-09 3.251387175611232507e-09 1.176122706873122396e-09 -1.688743125798417594e-10 5.864970840394702549e-10 3.245990967219861114e-09 2.460260857464794041e-09 -3.689646372712965191e-10
8.956132625068911928e-11 1.041739862303083162e-09 1.003004364084288786e-09 -6.077137007309893602e-11 3.108631244386410978e-09 3.527529510056952013e-09 3.813184155318940847e-09 1.138945999228486211e-09 -2.284413159633707455e-09 2.363856667231771421e-09 -4.082640693790197763e-10 -1.368430237937875163e-09 4.635453764605152132e-10
-3.304517714862836766e-11 3.191349931726890432e-10 2.036125170529406004e-10 1.448037086055929591e-09 2.120555644800976936e-09 4.102769620747296732e-09 3.405613707741999972e-09 3.714172490000114083e-09 3.133026478657687202e-10 1.821841132526929089e-09 2.051455843850721322e-09 4.788205454698052266e-09 1.589373600256155680e-09
5.032550806004264369e-11 1.793538768726415749e-09 1.340215335031515738e-09 1.945883626611785642e-09 1.905707557783688990e-09 2.974886320297724220e-09 2.225970387279401928e-09 4.813086501814849250e-09 4.449686734726303099e-09 4.051435856801950164e-09 7.075666733758783090e-09 1.356553303638554776e-09 1.148223266923643006e-09
4.321861912692940905e-11 -1.263084846565594943e-10 1.311904983147495482e-09 1.367583334873330539e-09 5.423039060361261900e-09 2.690762683066793491e-09 1.103199508753989889e-09 1.349729382164315364e-09 6.460526107263764561e-10 -1.211209255712031579e-09 3.621603178133429296e-10 -1.240100003161926934e-09 -7.748838597269823657e-10
-6.432396102523131843e-11 3.719968150373124483e-10 1.338467386716848583e-09 2.604668343008153461e-09 2.639220615262635491e-09 5.014859125972890049e-09 4.290735705187239164e-09 9.044306344613607517e-10 2.077409551560408010e-09 5.663902925986832629e-09 2.383049078549125611e-09 2.563902374857971992e-09 1.720765384658537632e-09
1.557564072921896290e-11 1.000574119352883103e-09 4.097182708877313752e-10 1.260890048070085879e-09 1.623436250627597000e-09 1.494764604600229871e-09 7.799867741883417343e-11 4.106072876977999108e-09 2.255962027264859351e-09 2.719435402481835954e-09 2.587771445070532216e-09 -1.833551747276338720e-11 4.490447770761040213e-10
2.675199501767027370e-11 -1.105030527124007437e-10 -8.109219099116242886e-10 1.053186367536350410e-09 1.356902458242272979e-09 1.970231311063759203e-09 3.200303425294324570e-09 5.009593866131639345e-09 3.631293277668557437e-09 3.801482434310446296e-09 2.902029231407193288e-09 -2.086030453568867673e-10 -5.633300277997668688e-10
2.503867556272766704e-10 4.637236919496638507e-10 2.550539250301828210e-09 -3.548158373354753144e-10 5.996178121726622657e-10 3.477670770128450358e-09 1.507486409658723338e-09 9.505964542663108892e-10 4.794532768530873176e-09 3.771728563287458902e-09 2.637812751596146385e-09 1.163750323929416466e-10 -2.554199244587882465e-10
-6.391848525857589223e-12 -1.203634839525483801e-11 2.042402652748941119e-09 2.317252571405583873e-09 2.805365947351728074e-09 3.211794366056958189e-09 3.185498507351679931e-09 2.222370387834884865e-09 4.004808891213960926e-09 5.249797133017811344e-09 6.312200970650461496e-09 1.894107601960176357e-09 -1.698084855130949163e-10
3.627818305615497920e-11 -1.111255408759139639e-10 4.992454798378355155e-10 1.408800772771615935e-09 2.718582981566278456e-09 3.654513931921035114e-09 4.507643451810368544e-09 2.281046035347737128e-09 4.749532933834357534e-10 1.351571969335256364e-09 1.875702673804762138e-09 3.847976990185760999e-09 6.149456506180714114e-10
5.303180847134997620e-11 3.774196535418865678e-09 3.721696587187102419e-09 -7.326695537117958533e-10 1.301698037340903759e-09 3.835243751151665410e-09 9.509543709600253395e-10 2.960503345614067634e-09 4.228141442784636163e-09 2.679445711909799979e-09 4.201918538844273187e-09 3.430736689711574139e-09 1.009087091348033641e-09
-2.227419933738862878e-10 1.007310558137763243e-09 3.615784134223684391e-10 1.125762250190142086e-09 1.988435913666389547e-09 1.397395827394262564e-09 3.698523148340820794e-09 6.647589683846262894e-09 4.247780585952342146e-09 1.017434422336432969e-09 1.544884447635786822e-09 -1.330592962345639998e-09 1.358961588908665131e-09
2.520252287602231524e-11 -1.490865728520807887e-11 8.098001962213360783e-11 1.308485154747178163e-09 1.153789094505148302e-09 4.345462358038826911e-09 1.499897398939542625e-09 1.543982818078180912e-09 3.679110111576741905e-09 3.099915989291293061e-09 1.033641371921332178e-10 -2.319848004998513672e-09 4.832670184680141373e-10
4.442649224383339251e-11 1.544359171257166936e-09 8.747204436243703847e-10 7.719141097140207929e-10 9.230643326930532336e-10 1.201264032117009348e-09 2.690164475154683522e-09 1.941340128626647537e-09 1.295372491417059829e-09 5.218599827715033105e-09 1.460670580192243579e-09 1.251070972684242118e-09 -1.943567196454022584e-10
4.279597526431388073e-11 4.390750145032230044e-10 5.853838476723256324e-10 1.938507485509245083e-09 2.564903725291386832e-09 2.793794345391338265e-09 2.761969507710432116e-09 4.319595886782520065e-09 3.554074875818096323e-09 2.429788370714304083e-09 -5.506523334842992841e-10 2.842259964396078138e-09 1.173542684020442100e-09
-8.710430172072233495e-11 7.377065563824820922e-11 -6.992892724359483935e-10 1.080988810129486729e-09 4.394174588462948687e-11 4.967316832500315435e-10 5.852923669061631114e-09 3.671938526856124622e-09 4.570897307429805302e-09 -1.630077059614941173e-10 2.102379469442306403e-09 4.343100920809918169e-09 1.018763530458310109e-10
-2.792610352202070176e-11 5.149165613226593523e-11 1.153058075985706007e-09 6.005667851786890801e-10 2.138858500842618421e-09 3.547606111614240645e-09 5.315939544814538753e-09 4.764984380900609736e-09 1.952297808867554932e-09 2.318236683058664248e-09 2.243983283036057737e-09 7.037691419167907217e-10 1.488669288769628324e-11
9.327563849200336968e-12 -4.092708032602486021e-10 -6.120478484493587534e-10 1.138149165587273984e-09 1.668800888897809235e-09 -6.589424586080928432e-10 7.428656276415966242e-10 5.133767952462383832e-09 6.250771782008600065e-09 5.934757400002213004e-09 2.760544680326145141e-09 1.108517532668408940e-09 1.812691138436659439e-09
7.755915537179986059e-11 8.018859680883021072e-10 1.361961550435347015e-09 7.095614124220104275e-10 1.038153676950467080e-10 2.957319231979234303e-09 2.052838378010706248e-09 3.072823786181063730e-09 1.131422078710334816e-09 3.198039568934598194e-09 -4.196891205449476981e-09 -3.177906757653171019e-09 -8.344093133182616455e-12
-8.407090331674721969e-12 -2.458440926084901995e-10 -7.773904470054900458e-10 -3.093661625938043543e-10 2.319219815550535726e-09 2.296970588884078885e-09 1.292819726791802457e-09 4.376439568972188160e-09 3.732298091137217828e-09 4.880081345297377283e-09 2.154365600587458831e-09 -3.885885812901996458e-10 9.793654522786872669e-10
6.309249414872749154e-11 1.461317670624661556e-10 -5.154073537363296056e-11 -4.551660433423641752e-10 2.583771915834919313e-09 1.972208671870952499e-09 2.463898382976514683e-09 5.365790419061290363e-09 3.969678341682005120e-09 2.710190858144348334e-09 7.750273041531859968e-10 1.410505583527675586e-09 7.304734311323096929e-10
1.964528733757923416e-10 5.590098617280524844e-10 4.239619836631870263e-09 3.862187443547834360e-09 3.946820326001489824e-09 2.871264127930783980e-09 4.815326561745309874e-09 5.071328565456779701e-09 3.667737445780387920e-09 1.962480622508719581e-09 3.122983795838130368e-09 2.425343796643576312e-09 5.943766765543839564e-11
-1.203360035190081272e-11 3.688886065067539415e-10 1.482620935594420594e-09 2.698389196203729416e-09 9.468041184345909119e-10 3.615103500774991239e-09 3.430685908856951008e-09 7.275920225114305510e-09 5.556635544081016671e-09 2.379144873550407355e-09 2.280278693587125869e-09 3.008050205215472435e-09 1.843742880835173547e-09
1.932786794562729846e-11 2.502520258070582432e-11 7.306798213936731129e-10 -2.463185281557200710e-10 2.662600628416655541e-09 3.636579314407591668e-09 1.535960569653995513e-09 5.410634409389282171e-09 2.992152253911195464e-09 6.013426716920820846e-09 3.553992810160956478e-09 8.231352733670691181e-10 8.840649478270146993e-10
-8.772663718295431607e-11 6.616538671793917456e-11 2.963087593624007477e-10 4.670723307397223379e-11 3.209429124934476005e-09 1.154153134457175128e-09 2.841623155910933423e-10 2.976116503824059671e-09 4.017453115621069474e-09 2.030629705238975246e-09 3.946981265926929084e-10 1.797289889538877446e-09 1.597196149529689959e-09
3.507368281964770570e-11 3.614236072903824768e-10 6.816894296495785764e-10 1.260576333775917775e-09 1.320945627066387048e-09 3.376086745696784634e-09 1.620444961840268423e-09 2.065454385987909797e-09 1.706310822438719532e-09 5.801952573205849803e-10 1.334602113934801614e-09 4.047980512448469825e-09 -5.865933859162862881e-10
2.716695466958990815e-11 7.156093652678027345e-11 -5.788267069486184987e-11 5.233349816531799559e-10 2.150577683473945818e-09 1.363739450450484338e-09 2.975078111044351594e-09 5.256646174124081554e-09 1.404990550687547659e-09 3.529095983957540614e-09 2.373233625091195422e-09 2.767179533682867540e-09 -6.397314667445286000e-10
8.602858729987315170e-11 -3.860381159215846773e-11 -1.399533186879270357e-11 1.953651909936242365e-09 4.788879099469746862e-09 2.504118750909558545e-09 5.780895595968501613e-09 3.809332974000507982e-09 1.547741400686698569e-09 -7.818825514703659395e-10 -1.325322193597346202e-09 1.331396819776225438e-10 6.933609972815802915e-10
-7.284085916421552917e-11 1.218790896604095054e-10 8.493495435278006012e-10 9.120508271035034680e-10 8.986390697448932640e-10 1.644928324569586400e-09 5.162551733618231284e-09 2.734080295770458670e-09 7.760122633649036559e-10 1.473283959927862783e-09 5.874692745208713626e-10 -1.918621304369108582e-09 -9.452571815677861775e-10
-1.083491836866298111e-10 1.483249111255081957e-09 2.163817586884159418e-09 1.645899451568852157e-09 4.244011834742858204e-09 1.224147229278471261e-09 1.112935055161973835e-09 2.826302920110565749e-09 1.528073359143353305e-09 2.683268186568333676e-09 2.383866782293338072e-09 3.157574366703250279e-09 -6.146078132460703174e-10
-9.266284113422154280e-11 -4.887049672807895036e-11 1.988202771896206248e-10 2.731175512381823383e-10 3.196442739547894904e-09 2.032950003365738041e-09 2.263149129942114354e-09 2.492799348204752664e-09 1.208548557229443246e-09 2.487643223354000018e-09 2.584358857227576631e-09 1.034461862823966670e-09 1.010073276328090190e-09
-3.958744907305725564e-12 -1.598751858733185182e-11 -1.171794335262896889e-10 1.435936930054587179e-10 9.748313995527164197e-10 2.483454133270388144e-09 1.838001101833662756e-09 3.514339635753356203e-09 5.180074808634648860e-10 8.846519130530747022e-10 -7.596010968715288723e-10 3.598644934087360934e-09 1.022177785130417263e-09
-2.549302772178836340e-12 -4.084029364848019184e-10 -6.476281283466747251e-10 1.019413984827553074e-09 1.853164613954783906e-09 3.429380492735186341e-09 2.074223854709121325e-09 2.682485411221926848e-09 3.235609991883978616e-09 1.606493464631210757e-09 1.750996170184399808e-09 -1.756839376906052601e-10 1.021358232019123733e-09
4.284781506205142361e-11 -3.362672785083940561e-10 2.083968663333695930e-10 1.733515602726619395e-09 1.180786528435520286e-09 7.172513077920081593e-10 1.065832885630104789e-09 4.796809741214455597e-09 1.776816554550116245e-09 1.457207883682943760e-09 5.226281716195769355e-10 2.325532241866651321e-09 1.539179849800077898e-09
-1.427924361474532575e-11 3.440168513016772571e-10 1.113164790719381346e-09 1.993055767558628656e-09 3.492191319650618969e-09 2.241747138779826826e-09 1.194473951700368938e-09 1.333225431413299771e-09 1.036607457407598856e-09 -1.254398080507759658e-10 2.564130163001255492e-09 2.013447178497044426e-09 7.142720700620770860e-10
1.078398556604142540e-11 -1.070481890540441583e-10 -1.105252267103907772e-10 2.016030565476514401e-09 1.222830995424676379e-09 1.502895867596470246e-09 1.156649559722000350e-09 5.344375670201057053e-09 2.412736436592871539e-09 1.825454382920860158e-09 2.374615233076181574e-09 1.432710143004970057e-09 1.322746727830471226e-10
-7.120954414035570968e-11 -2.166717950396392144e-10 1.295564088176176653e-10 2.441934335039394104e-09 1.105554698491765629e-09 2.629768955429668739e-09 5.885617284342474330e-10 4.850204030711500463e-10 4.640037657569353711e-09 5.181655479798102789e-09 3.334381686338745683e-09 -5.924594044297798145e-10 -1.430450431090774340e-09
-1.088619848157710851e-10 3.196116655533755258e-10 1.158022564299253375e-09 1.696711375881492930e-09 7.969049541455727365e-10 3.584273890508915665e-09 4.225686248712567986e-09 3.363864917375501914e-09 2.876237609231398136e-09 3.257666917549057963e-09 3.660258742658125568e-09 -6.866900634007587963e-10 -1.015863207415385357e-10
-8.298593314658063143e-11 6.809900311731931289e-10 -3.577739886608362303e-11 4.862727854257209261e-10 1.354304771690023791e-09 4.149684086060392176e-09 4.520426058780503440e-09 3.447593155766239090e-09 5.022559374901636935e-09 9.787114679965358389e-10 1.414464228575505565e-09 2.968665205474332131e-09 2.538525334361791510e-10
-4.568584962402622448e-12 1.428831148699324735e-09 2.004422563866587759e-09 3.811738327498054943e-10 -6.888854145394618511e-10 3.483193942852237885e-09 3.816910350746972955e-09 3.024177267966677384e-09 3.000961717867378822e-09 5.112229937915769453e-11 9.824611457736901199e-10 -7.749461380244304467e-10 -5.854930305030596769e-10
-1.012741073621117989e-11 3.767187887555443584e-10 5.636221515697416064e-10 1.769165120268952790e-09 2.343123441241115947e-09 1.612781951024222778e-09 3.400546425202776199e-09 2.336164184046975702e-09 3.295297586326337252e-09 2.063695499614765477e-09 3.454133333682171015e-09 3.236051944279910002e-09 6.605660395335567445e-10
1.817690952041998584e-10 1.596120526605861534e-10 2.562998752891657939e-10 9.910325239014791426e-10 2.852148472210477158e-09 4.615314871313346340e-09 4.274662000961986256e-09 1.762346745439462754e-09 3.690365001904989511e-09 4.678820344397918358e-09 1.903680404008977481e-09 3.052974780190656289e-09 4.983966187981764599e-10
8.426667220248180851e-11 2.797076566911110046e-10 1.392674882715555094e-10 -7.025678155841320677e-10 2.399350947191267165e-09 2.995474445473374007e-09 2.904481901860111307e-09 1.836411577052345896e-09 2.457238191528702654e-09 2.330070198465932819e-09 2.046145220171440024e-09 1.116012071482642536e-09 -1.449986681595443188e-10
2.184188492253579471e-10 1.048884731573920655e-10 -3.258329094619237554e-10 1.006289375115771634e-09 1.624518654437638154e-09 1.217936479028003295e-09 1.669412203514062599e-09 4.398292569258814108e-09 3.028107163269394525e-09 3.452275365189181092e-09 2.746952474249800821e-09 8.269825065217540031e-10 7.969135057232110324e-10
-6.699660577810275852e-11 9.184372430204306649e-10 2.142316424728988695e-10 -7.907280594448008810e-10 1.081394174955469029e-10 2.667151467708472996e-10 2.654962713301061493e-09 5.368024595561748419e-09 8.239245021471957149e-10 2.473954466037665052e-09 1.280078511237531441e-09 1.345484392711293221e-09 -1.758018878345340441e-09
-2.369052368881521558e-11 7.812245421132562669e-11 6.936176468977295315e-11 9.217510198804568309e-10 9.535294951188702368e-10 1.727056688827841614e-09 3.094402204678748884e-09 2.667081705360379744e-09 3.871390355688123938e-09 2.450610938722183517e-09 -3.425244163938935720e-10 -3.929856804471726942e-09 5.256191296798210727e-10
-7.393046524671742321e-11 4.169180736669844843e-10 1.514588838742848259e-09 2.869742643859064149e-09 3.119070658141126338e-09 2.139994801998805901e-09 3.249200088108288497e-09 3.682751408632960995e-09 2.851969015950944081e-09 1.126682742728832947e-09 1.926033158321079607e-09 -3.756478420322500899e-10 -9.531529901295981539e-10
1.263038498675532932e-10 -1.386731382826115423e-10 -4.755854302397501525e-10 5.995954961660042021e-10 2.963989426135304606e-09 1.293608826729683134e-09 3.283181591356879448e-09 -9.943345562389988317e-10 2.089881326284530668e-09 5.282325070275039681e-09 3.839461328125362879e-09 1.784709996618378880e-09 1.506294262228978967e-10
3.909898210462937110e-11 8.905630075973883999e-10 8.213972153903690491e-10 2.190542613864050166e-09 2.398224906413050977e-09 3.920436457660168788e-09 1.969465132929542280e-09 2.362252454466401981e-09 6.312319378246551743e-09 2.752648861359907148e-09 -2.199715650263739702e-09 1.278997783570506569e-09 -6.469834928835770607e-10
1.878541753941357686e-12 2.381933284509551294e-10 -2.421453817766136413e-10 -9.855418643975852467e-11 2.715926316539427759e-09 2.370209857006027139e-10 2.108861741434565679e-09 3.026137977995597191e-09 4.547132467112744098e-09 4.942516672270957021e-10 1.441093432826882931e-09 9.135387182351724399e-10 3.877939446149371452e-10
9.933460081344113009e-11 -1.920641331383998873e-10 1.827676681818854089e-09 8.423752188053831196e-10 1.773278179044037975e-09 2.664607464578838657e-09 4.298264962343739929e-09 4.328804872429388683e-09 2.520625085225617788e-09 2.985215065818127942e-09 -6.145411493749069359e-10 1.571494141582570173e-09 1.651905076873349659e-11
9.035047868208097885e-11 6.306388393093084363e-10 6.202299562601675222e-10 6.671149406621281654e-10 3.007481364587620501e-09 2.740407706779110053e-09 4.676073446678901509e-09 3.174440435462384888e-09 -3.580573761989467468e-10 2.848754709325932797e-09 5.445947057413931412e-09 1.706774181499158257e-09 4.204914610370414550e-10
8.212037833775161695e-11 1.831911621663281452e-09 8.264967490046412519e-10 -1.404373270158994163e-10 8.870248149870899316e-10 3.270674489722725111e-09 5.079575965205988720e-09 4.776081415267672450e-09 4.530434824077696849e-09 2.231600883563012472e-09 -2.698842139162849150e-09 3.012202158541322934e-09 -4.287884011712536169e-12
4.638866833140807645e-12 6.026569868769600524e-10 1.310030013286523525e-09 2.368022535327735244e-09 4.234093221967474397e-09 4.368456262118692771e-09 4.399803890835632956e-09 5.666864178704374207e-09 1.159659219931912845e-09 1.867703873980274971e-09 -1.170704841356982301e-09 2.876826097688506105e-09 1.332194963104876089e-09
-1.009213677373977758e-10 2.757032073741726023e-10 1.239292643683852675e-10 8.793172366023161654e-10 2.577560704455001380e-09 4.090265240715305337e-09 4.991533499829258659e-09 4.016716050654263617e-09 5.526767634366064747e-09 3.886517448463064042e-09 7.348556500148952146e-11 -8.546617000127300488e-10 1.206556339757815630e-09
9.497106317546216783e-11 4.347344244612833453e-10 5.581574704554071440e-10 2.663330245829035048e-09 4.079220742816648307e-09 1.357034838879144492e-09 9.247442535865596627e-10 2.454045661246156610e-09 2.567351389747480804e-09 -2.609132588917307767e-10 1.772720743368252409e-09 8.166949348461152075e-10 5.004577473718132599e-10
1.857715208686741833e-10 4.867018743874786114e-10 3.129611229411180384e-09 1.505262962753515497e-09 3.708749753049619251e-09 4.222457851723082618e-09 3.306622716669418083e-09 2.729626142895060058e-10 2.080706703473667772e-09 4.724208558406360409e-09 2.007249269118442991e-10 3.425264832948290107e-09 1.010025498134573393e-09
-1.007352079681909688e-10 -2.852261249208724317e-10 3.666097935546322695e-10 1.852880582338896831e-09 -3.667950098237824096e-11 2.876772497365613129e-09 4.459791449214276449e-09 2.615786800606326630e-09 8.368116117233537126e-11 4.241196084323894443e-09 -6.494140241911999352e-10 8.883983764768592795e-10 1.175680029035495357e-09
6.450000207425697108e-11 2.168199194336965781e-10 1.096078945617634834e-09 1.551588260622343105e-09 2.557508014730029072e-09 2.867141081508703342e-09 3.956849687646589788e-09 3.689049661230623408e-09 4.764931876969194628e-09 4.455854195460408984e-09 -2.242364439930375771e-10 7.168861690132021621e-10 6.621769412574136884e-10
9.118341138098557372e-11 -4.205548569481604523e-10 1.770869171704740951e-10 1.658221792692107073e-09 -9.474917618616628043e-10 3.679458586162244009e-09 2.323118006091278126e-09 4.601808377168008284e-09 3.990966574615399547e-09 1.054070098976045829e-09 1.886015942695968741e-09 1.293403520740048628e-10 -1.367020926066269089e-09
4.349047067017044557e-12 6.998971683460086694e-10 9.202983482340671109e-10 2.929170827142630620e-09 3.752211757455339106e-09 2.831745663013514066e-09 2.453482812756069844e-09 4.690422916520411608e-09 2.585709365183228903e-09 6.441034789110861155e-09 3.286983795461009889e-09 2.470550821747695577e-09 -1.103751855697358680e-09
-3.010805942299164437e-11 2.174428294512695712e-10 4.040752906390174674e-10 -2.679108124195922632e-10 -4.280874137973892289e-10 3.850606324060134920e-09 2.712372582548807884e-09 2.154000931009781987e-09 1.660076703176360630e-09 2.543853200758507091e-09 1.100356272309841935e-09 -6.361420861120578107e-10 1.519196719386625470e-09
-5.846318723471401958e-11 9.147876650046726574e-11 3.660564993553491936e-10 -4.282015623063877914e-10 1.708887541412030063e-09 1.752567106140371360e-09 3.214718050532598061e-09 1.651877765396763135e-09 1.556344966926025448e-09 -5.483696547949875795e-10 3.343432032440785872e-09 2.067095039583926350e-09 -3.446226553655001798e-10
1.323231594792224669e-12 3.485144247949700847e-10 1.262260591323229746e-09 -6.615106826123591625e-10 4.052156361967039335e-09 2.663443884196698742e-09 2.961351739404743162e-10 2.352421877221793278e-09 3.486895722829572688e-09 7.980713637456467719e-10 1.754094042853816017e-09 -2.711028971135140427e-09 -1.605203262347610175e-09
3.434579342418935044e-11 3.091095292059688632e-10 1.194678751422003987e-09 1.565005545260782401e-09 8.004054256665184796e-10 3.625943120941119607e-09 2.458913809053683826e-09 9.849727986213513334e-10 2.952484544780745857e-09 4.494354049492076304e-09 1.007692923720071967e-09 -1.208527661213840897e-09 -2.689966975131733408e-10
-1.446562373590929336e-12 6.446630634229776082e-10 -4.218938923345371989e-10 1.056679161658328276e-09 2.414402373939141887e-09 1.350990252488883047e-09 1.279061894286491365e-09 8.200939239609410214e-10 2.893115447903276471e-09 2.345142428967866261e-09 3.075863321240668420e-09 -1.231334545794057414e-09 1.970862804610849097e-09
9.933787533277369812e-11 1.325515893424673560e-10 -5.763556236760512257e-10 1.441459082336494415e-09 3.070522752328678353e-09 1.586693840399299491e-09 1.986061114879144124e-09 6.868141697898715104e-10 4.977491810665029164e-09 3.851965566657309172e-09 3.449986093042352663e-09 2.332205494326416948e-09 7.155100999857349335e-10
1.239560545380099198e-11 3.176367634801842033e-09 3.312803135258208132e-09 1.919344587041352883e-09 2.831856921906029387e-09 1.706573365891388470e-09 2.500174682401712523e-09 2.020386104371019109e-09 2.781229835352319084e-09 2.267100620151345959e-09 1.150290890563277944e-09 7.831779021989401629e-10 2.551604733115955077e-10
1.447033095058193119e-11 2.480690654415166209e-10 6.706695118498478991e-10 -2.309663525194101964e-10 1.480520420830298443e-09 1.742196136772986876e-09 3.737489861981531301e-09 3.733889395780259733e-09 3.802629298185544082e-09 -4.546857841828744388e-11 3.676107008362681750e-09 -8.287783979634597350e-10 1.320392584711592999e-09
-2.873291603168906998e-11 9.817403327284877018e-10 4.889766771913824668e-10 1.160932599966613588e-09 3.192911522753317444e-09 1.870565743066556362e-09 3.420811952710046862e-09 3.183693461056265699e-09 1.349297182668765002e-09 2.262867713144155278e-09 3.016797595609885956e-09 1.331822916397172075e-09 1.282176415189046408e-09
1.075664271808132764e-10 -4.261080709246472265e-10 9.067185851408818363e-10 7.363184389741744200e-10 1.963841788339506084e-09 1.781021930552013639e-09 2.256446982221507467e-09 5.808758819911777077e-10 4.596015071636555104e-09 2.332308686953130196e-09 2.416288313826649034e-09 1.059213929236235848e-09 8.365420362011924519e-10
-3.352450947345646413e-10 5.463006300124210265e-10 1.202828144921302843e-09 4.310494953763149833e-09 2.373646072832262319e-09 1.466700768538109878e-09 4.554642526963700179e-09 3.776565751413756934e-09 6.035161540095206324e-09 2.871686750796094994e-09 -7.202913502184064090e-10 1.575229027151610715e-10 1.634164004585852200e-09
-5.302566229219563834e-11 -1.814553313087954785e-10 4.296767373220203588e-10 -6.701060901300062497e-10 2.667277073292528004e-10 3.413083828899667667e-09 3.723259946401999470e-09 4.197433411267372367e-09 3.367251368796898092e-09 4.035841390803374956e-09 3.499984710613479573e-09 -2.013537977977864095e-09 4.975906071565428249e-10
4.885129108714016246e-11 3.387966519117831670e-10 6.552788798324947992e-10 6.948942306410990859e-10 1.330296615161002810e-09 9.886647763809925582e-10 5.768329869002379974e-10 4.180954935320010002e-09 4.199449123654324113e-09 2.205172015683607833e-09 -3.821295161290742115e-09 -8.004641907682677716e-10 -2.177886132989334512e-09
2.089392388029332191e-11 1.014322473372498189e-09 1.371391679777530389e-09 2.824614096531308981e-09 7.042880481395274454e-10 3.361054844393028581e-09 3.658292110790569888e-09 3.378670182354217082e-09 1.206514321327742565e-09 2.298406627556955777e-09 -4.554659009611692574e-10 1.844470398484569615e-09 7.379839879744117580e-10
1.740031723364976572e-10 -2.536037493763691379e-10 1.738337209282758718e-09 2.935454431152914739e-09 1.579941305440141096e-09 8.043138096606453294e-10 1.730197915911013505e-09 2.725970598373757158e-09 4.709289683805322193e-09 1.993463210984717874e-09 2.020457669784727519e-09 5.656935833253095530e-10 -1.224814098458940905e-09
-2.870968599458854559e-11 -5.030113062276907381e-10 1.738394855125385534e-10 1.023230885482735062e-09 7.759684719152793100e-09 3.829766718528298420e-09 4.150003865940402708e-09 3.799836231450437567e-09 2.330762999410949847e-09 1.943903438296786210e-09 5.305845365467140910e-09 2.490018599768068915e-09 5.555306984626838591e-10
-3.384816103794410878e-11 2.106823007419979351e-09 6.346847229943029925e-10 -5.139665452909700467e-11 1.578773945458819937e-09 3.591747569546488986e-09 2.287614072738228242e-09 3.632023572426398686e-09 3.493045066836212631e-09 4.249015192628769804e-09 3.089692087882631368e-10 2.149605333413358382e-09 -4.242913010795424994e-10
1.213727972509799061e-11 1.108967502721146258e-09 9.512497448653920712e-10 2.508344398828534617e-09 4.735934966384252523e-10 5.872213804810070878e-10 4.888050547538710914e-09 5.082925049035685267e-09 3.247824674540072587e-09 4.552585460455709033e-09 4.323378765612233382e-09 2.064750288660296397e-09 1.675498493778614700e-10
1.684697975979109040e-10 3.685470018890585857e-10 2.270835410344093913e-09 1.122061446433624642e-09 1.161415565835214294e-09 2.488408470935356502e-09 5.962862849357658998e-09 3.487685919119225116e-09 9.913226154148745160e-10 3.789351075974660175e-09 1.708474793075191612e-09 -1.404620481431608231e-09 1.066855512732629727e-10
-8.529461366726830273e-11 -2.948401784489898875e-10 3.341778873224542394e-10 5.608692209469940923e-10 1.808308559821640762e-09 3.331204084549755805e-09 4.215147435692918566e-09 2.323020526992020766e-09 2.714158370920761665e-09 4.108996597095340730e-09 6.203549113151002178e-10 -2.749860951706525041e-11 2.679113210246292919e-10
-2.318052639948336868e-11 -7.963566935015299460e-10 4.439427462086072370e-10 4.994236106865752847e-10 8.856327673506714047e-10 2.319958974644993524e-09 1.631542331499134343e-09 4.583005729510080031e-09 3.686823489472687589e-09 3.131824714608188594e-09 1.802806422891251507e-09 3.302353842160617701e-09 2.440806099494061150e-09
3.649778050052079248e-11 -9.313847085777215223e-11 -3.387004611213810569e-10 1.264850927153050338e-11 7.875740851896805796e-10 3.224532003369235723e-09 2.421228885934550537e-09 3.564749715646149439e-09 3.748639367889857996e-09 3.751068072071139318e-09 -1.734214349894161095e-12 -1.062598055453317053e-10 7.264281821651884754e-10
7.223553073875759533e-11 1.167254693272338169e-09 1.088729665755003396e-09 1.693444884766387902e-09 2.245593896437820621e-09 3.793198081143900852e-09 2.416513907209197467e-09 3.116083994228711122e-09 4.430644234880516511e-09 1.038853221435046960e-09 1.679890366019597866e-09 5.564287260439748465e-10 3.319935490920866658e-10
-2.163319224399763166e-11 8.561065314788370963e-11 2.260461307181421935e-10 1.719949555296103387e-09 3.149944850897171546e-09 3.332501648272525861e-09 2.679622138578388701e-09 3.979059150389047286e-09 2.551867346661332558e-09 1.671413130438429099e-09 2.889379795274280291e-10 1.142962742895478893e-09 2.533075637604843136e-10
-6.540688964265414139e-12 3.391534243518249615e-11 8.368981136112143686e-10 8.516157140401350064e-10 2.061151251256212361e-09 1.689904183247171253e-09 1.194801035363066951e-09 3.468601432605133536e-09 6.358016279290274387e-10 3.961582431020999527e-09 4.031898077814201114e-09 1.300216832082289080e-09 1.477016583816195221e-10
2.063445301185595381e-10 2.849922398846449753e-10 6.369488282506342040e-10 1.030695590928203114e-09 1.129476578680550947e-09 6.167254403183467178e-10 2.883990001068575992e-09 3.450831865475969339e-09 1.509601595135311456e-09 7.231598851754306536e-10 4.487238182365918598e-09 3.791821864654452617e-10 1.530214987032125315e-09
5.061755705908917019e-13 -4.943969198027252814e-10 -6.979288278255815840e-10 -1.505742897363064330e-09 2.132166756221364651e-09 1.463365516376584319e-09 5.045204231243777652e-09 3.268350939968839940e-09 1.886916635006930054e-09 2.908657454899144866e-09 3.902976486000867505e-09 2.134775638888303130e-09 4.748846231592886767e-10
1.461656437734765992e-11 1.328399864113260938e-09 5.268481110481220563e-10 2.763858738506762163e-09 2.925170988349668599e-09 2.163575787496722906e-09 3.802720534322865691e-09 3.272193529633761914e-09 -2.352300965449549390e-10 3.590726560950074470e-09 -1.702878357536618707e-10 -7.410643165766238389e-11 -6.467436651109422619e-10
1.483646331201279291e-11 4.452366160692321384e-10 2.133571779824275999e-09 3.396164495483596516e-09 4.535595007936152767e-09 5.467058323715439197e-09 3.266661840682306024e-09 1.912384875568273360e-09 1.598252399390226107e-09 8.490189654266094791e-10 -1.914068349414314798e-10 5.873838135821095014e-11 2.176843708509781482e-09
3.058969568941906421e-11 -2.589476891470593991e-10 4.331171575285616192e-10 -9.488474878752822398e-11 1.785841108915506546e-09 5.309386296364967686e-09 8.826280641565850835e-10 -1.666576183861583699e-09 1.980577550491134605e-09 2.866720093105818344e-09 1.068117000628524610e-09 1.323255563544670457e-09 1.258997021072233755e-09
-1.627540367095700733e-11 2.131845812601134598e-11 2.133680569490689567e-11 1.022600109016736650e-10 2.195344490388824037e-09 1.694784244802649391e-09 2.064305924858284339e-09 3.912526348859569819e-09 4.453980302193697927e-09 2.412458531902196973e-09 2.155691622959253745e-09 -7.472756188236642360e-10 -8.696748146994394793e-10
-9.709521531082699940e-11 3.643218815854673566e-10 3.785866129321081797e-10 1.294529319532483045e-09 1.183521239821173070e-09 9.982056953302346563e-10 3.367398498237449870e-09 6.217328198160656291e-09 3.207719123193176456e-09 3.980881528232543333e-10 4.734472548723314217e-09 -1.164073157581914193e-10 -2.609533771791333056e-09
1.715552919483979883e-10 2.331141025218549485e-10 2.974554234709103922e-09 6.530862604908271098e-10 1.878665381539551640e-09 3.041060980846734401e-09 1.563154496806623866e-09 5.499834585228344939e-09 4.158789890929785330e-09 2.213280136347304248e-09 5.141263202063262528e-10 -2.167104469289570089e-09 7.682489559808009843e-10
2.350477360479035451e-10 2.454966379334957805e-09 1.121407946144830587e-09 3.682215896912923970e-09 2.177522186687181536e-09 3.106124142423512076e-09 5.708805812887325219e-09 6.822836377362704591e-09 3.593503366983656498e-09 4.001472288899413761e-09 9.399395415691053541e-10 -1.722835943150217198e-09 1.599315563109088702e-09
-3.829002854332039674e-11 1.209131081105309747e-09 -4.408418594793103941e-11 1.600232890403235055e-09 3.125792601839849259e-09 2.732572861287037743e-09 3.786618565962448649e-09 7.564709374410775092e-10 3.679425228815684189e-09 4.418503053178056176e-09 2.146672105682001896e-09 -1.889705420571999891e-09 -3.196872050765422973e-10
3.139031521674748967e-10 -1.344709676618299564e-09 1.135289200005349448e-09 7.315633946098870766e-10 1.910779528425990756e-09 2.895554064007660999e-09 2.849197180609026507e-09 3.650030790094280043e-09 4.486477078430906021e-09 4.987612462813577206e-09 -4.441298567233400966e-10 1.038268212318964101e-09 3.656815189142120409e-10
-4.004596768703932253e-11 1.250003950640473120e-10 -2.154637783017846664e-10 1.408692530346678966e-09 2.636483501815075654e-09 1.991398199122944754e-09 1.551227986436251324e-09 1.719380966935070104e-09 2.317386681214152757e-09 -5.072780231469247844e-10 -1.446664611540612215e-09 1.151711936353284215e-09 -8.704720848681198824e-10
-2.746155861953681979e-11 1.563975392428327189e-09 1.121762045077684225e-09 1.310996535938347786e-09 3.021092376702303258e-09 1.384362177914608561e-09 4.014385658965445965e-09 5.785343309316343765e-09 1.514190360994543105e-09 3.385910198298507271e-09 4.329830354988867036e-10 1.230518082615591558e-09 -1.685851504100709203e-09
-1.136279469534895311e-10 6.911674541207974177e-10 1.414287469850203778e-09 1.309379315501775649e-09 1.214786236275344979e-09 1.594112200505633244e-09 6.094070539470949502e-09 5.190513092609160514e-09 1.959813781810139976e-09 -2.852280647937392778e-10 1.497435065574047411e-09 1.594020546427807095e-09 1.538546576676666534e-09
-1.974351927086889306e-11 -4.110393238352943367e-10 -6.618642043332905072e-10 1.342408361102898785e-09 1.124168618381649784e-09 9.511210296415418575e-10 3.041438033275584258e-09 5.767277824378065327e-09 4.106428562251200627e-09 2.507350962207978493e-09 4.249063291018234810e-10 -2.138545029895808134e-09 -4.653480975281850982e-10
1.385868103034332166e-11 -2.849156354504594819e-10 -6.129832314378743096e-10 3.008225916655766360e-09 2.643978042783479056e-09 1.312908037258769693e-09 1.751807600029104797e-09 1.695283807573694364e-09 1.306542960830138891e-09 2.093723352270578021e-09 1.939539506901590488e-09 2.310315207782238929e-09 1.590071127322066448e-10
6.833238056668634372e-11 2.237682669897526357e-10 1.460497841283731750e-09 2.212502152544064929e-09 -4.123580050079736367e-11 2.496524724722034883e-09 4.145243855800084612e-09 4.204515887080480056e-09 -1.355701426637612701e-09 2.138181010700688882e-09 4.132456901154574833e-09 1.186747034337387371e-09 -4.668299159754773084e-10
5.903013163752654809e-11 7.305305477510494121e-11 6.257677970889148744e-10 1.463514164863178629e-09 2.709212982149723333e-09 1.725992377502864574e-09 5.565051054019277682e-10 4.676456488102711626e-09 2.371997040057826258e-09 2.539778211559849822e-09 -2.832493943631004199e-10 -1.057683830580408764e-09 -1.274309603511635432e-09
7.683069597823662836e-11 1.300582562586942328e-09 1.253620483135904906e-09 2.175603548884482588e-10 1.616338761097587487e-09 1.470736697665471331e-09 2.700303965004746832e-09 3.844685995093957721e-09 1.020515020095820243e-09 -1.564415428097060426e-09 -1.019543403256964958e-09 -1.643882604827209039e-09 5.150670563690060128e-11
2.512090162175258101e-10 5.607409942968199196e-10 5.094230345327544789e-10 9.797228264122370587e-10 9.638198621792396706e-10 1.269761425319788238e-09 3.618858434207718768e-09 2.401268225478958848e-09 3.462440975940258879e-09 2.816728844373533704e-09 -2.865082108618707210e-10 2.478844298399943822e-09 -6.457006857631685219e-10
2.104658976544868861e-11 8.832272631689723066e-10 1.664754747140908870e-09 1.105219100916396314e-10 3.425552657759077852e-09 7.067026125737182899e-10 2.693537784461469587e-09 2.417838444812090205e-09 2.794705477168510187e-09 -5.433771045081018149e-10 -1.285287925194560299e-10 1.547656411151964542e-09 6.343535131871566875e-10
2.776856202522180490e-11 2.245410832566000473e-09 3.020977807503208270e-09 3.138485206568478399e-09 4.123443672894697452e-09 1.279357682196470811e-09 2.702570481575312302e-09 5.356244919029913287e-09 -3.907490069512644538e-10 1.173946484810508039e-09 -3.323530971276530638e-10 3.675286008448831461e-09 -4.087976644735916827e-10
-5.557721028750902244e-11 -1.336641657900130619e-10 8.888449462201277043e-10 6.871363066350974790e-10 1.058556089654932992e-09 6.144341611782199753e-10 4.056197295398750024e-09 6.134154806984693486e-09 3.233472544057098646e-10 -1.498244022602329343e-09 2.257553665121022743e-09 1.013087109286006453e-09 5.913981088413821028e-11
-1.633037188850808143e-11 1.268659596933503865e-09 2.098818036930261560e-09 3.144082013546159499e-09 9.522834313217452017e-10 3.584538927688685005e-09 3.137333733699137049e-09 4.900220259112518521e-09 4.593042025312276311e-09 2.928603260057441949e-09 4.095259940636535253e-09 -7.909325048024454570e-10 -1.214373182330561850e-12
1.926569008823784240e-11 1.026961208132798742e-09 1.058866276457697107e-09 7.124890520853559228e-10 1.342824182125422727e-09 4.232585726163884939e-09 4.638378867419162982e-09 2.104318155718610034e-09 -8.502099054320803719e-10 4.083902737003433319e-09 1.270824396467361328e-09 -1.774539704086540298e-09 -5.314269791199034888e-10
8.483654650781796309e-11 6.065200586078803086e-10 6.282460283908178009e-10 2.971615168202990457e-10 1.948668910781336978e-09 1.832530143982073610e-09 -1.960050976736050035e-10 4.718714729404806649e-09 1.121516533508655024e-09 6.473122966500667295e-09 1.723450799815713802e-09 4.792967080952501022e-09 -5.447241327773003045e-11
8.010967559804980729e-11 9.860634092097193935e-10 7.556338142575283086e-10 2.951759063994521456e-09 2.659899130692514304e-09 1.741938466007276620e-09 5.739589379673812655e-09 1.250029600233444380e-09 3.820878730355514443e-09 1.294644492655748280e-09 2.139371930736785427e-09 1.496550461374299323e-09 -2.523602771772165895e-10
1.012675725564313542e-10 9.454163697989874488e-10 1.068204443745236435e-09 3.473237702090796588e-09 2.413713512417310905e-09 1.272729236590348419e-09 4.579687614222153842e-09 1.248589401713510576e-09 1.458157821055759015e-09 1.498581946852077956e-10 -3.267562110833750418e-09 -1.201337877223640421e-09 9.287509952728409858e-10
3.051455997765433814e-11 -1.697608291093163099e-10 6.778503718308115524e-10 1.595468543063462760e-09 1.070269923738721871e-09 6.729545867493574291e-10 2.966180641881707003e-09 2.356524599411472020e-09 3.664194796430239428e-09 1.679584683243822963e-09 8.105994728003976190e-10 1.308011010675899066e-09 -1.244741645003716700e-09
-3.958770495157971854e-11 2.485158860316250191e-09 2.675579889278955453e-09 1.836884907351723080e-09 3.251628982809725616e-09 4.395045448121526010e-09 1.890240589767576538e-09 2.431708473535779889e-09 4.202903575051902208e-09 2.529589467605622387e-09 3.911652230726361398e-09 -2.589934975952585643e-09 1.512817525805048765e-09
1.879226910486645264e-10 1.114234505438161089e-11 9.215746793804073063e-10 3.207939752967781257e-09 2.181216708693542324e-09 3.217482488967205516e-09 6.425398923877226219e-09 5.678419118533289381e-09 2.969904529824056996e-09 2.709275527013660562e-09 2.150049210654790828e-09 1.579460667748247002e-09 2.900376673573122173e-09
-6.752285918125673281e-11 2.018463913906731353e-10 1.096971078594707242e-09 1.468085338909513289e-09 1.267984688387200884e-09 2.610003573163463190e-09 1.597305259606073345e-09 5.068051013514487392e-10 4.054525465928834926e-09 2.817035453391453975e-09 1.128198681300600484e-09 -6.577577575177724923e-10 1.008788652508153449e-09
7.115678154568559530e-11 3.717369644454550928e-10 1.588174955712812092e-09 2.619216927758580166e-09 3.270473591076391359e-09 2.771902365435571392e-09 1.881074719065198572e-09 2.223925803393973025e-09 2.745286372880875168e-09 3.493887521576894038e-09 5.532233688478353008e-09 3.004790925734074617e-09 -6.161442057411514720e-10
-3.602856538811981434e-12 2.262225120743449389e-09 1.508099692320790926e-09 -2.413259930679390214e-11 1.725375561939585883e-09 4.021364250912903374e-09 2.244770220394966378e-09 2.300864086327373579e-09 3.386524261073552180e-09 1.135474752968880748e-09 5.095515647339927003e-09 5.032487571642375575e-10 1.025550157441498239e-09
-6.700647664006443956e-11 2.237086126993218018e-09 2.553567846665779749e-09 -8.664883685378962811e-10 4.654777374532353357e-09 3.135213119750068840e-09 4.185360274232637155e-09 2.559634121536982570e-09 2.869032669674125653e-09 8.898935273549688335e-10 2.109006562845409406e-09 7.671272253739214760e-10 -4.709634723692930614e-10
2.441856716997955229e-10 5.608474496041555052e-10 1.897439854025054211e-09 1.630691499642901935e-09 -3.468503379956945485e-10 3.492976982989545151e-09 1.748204892042502585e-09 5.674929461114034482e-10 4.473503058382382441e-09 3.862185114575211046e-10 5.752952505633782439e-10 2.222690184002202427e-09 5.236149860268834065e-10
2.035685064423964881e-10 3.506006948844988100e-10 1.121839984023345329e-09 -1.004738345376715997e-09 -1.211091584846592615e-10 1.949210202642773602e-09 4.242290269826562148e-09 5.343135854255244274e-09 1.413361335853066009e-09 1.024806478084266798e-09 -2.019904729160399066e-09 3.230594852574191446e-09 -7.913817910680723809e-10
2.853380193223136857e-11 1.603739487715139315e-10 2.501539364064470713e-09 1.621715969892011879e-09 1.025452373206722417e-09 2.914001948392989767e-09 3.033527151228515296e-09 2.629632679441533655e-09 4.820884423773767367e-09 2.404158500618993352e-09 2.294295857125884025e-09 1.659156836046620825e-09 -1.078433606994892845e-10
5.483154506292766301e-12 1.188299996632406611e-09 1.480667161200356922e-09 2.190000417855532086e-09 6.338074022162136314e-10 2.798955487577360029e-09 4.089964832420809842e-09 3.745050741911064729e-09 5.357910466563986017e-09 3.609195375594708615e-09 6.608877523862593021e-10 4.616904083430719626e-09 4.889713463866733910e-10
-8.979396373782268298e-11 -2.780644850406957270e-10 -9.835582458050722741e-11 2.230671332700661611e-09 1.617768478630737471e-09 2.463464393530315869e-09 5.080301838320405062e-09 3.096994120129062741e-09 3.285200136339783683e-09 3.052861713847742815e-09 -4.943632318088066534e-10 1.198486696350253159e-09 9.497855981859165352e-11
2.052208551327372068e-10 8.126047683728189131e-10 1.561176354908483814e-09 1.505270022600349582e-09 4.530553794336079491e-09 2.393896948775133319e-09 4.323757128105559738e-09 3.885262072706639396e-09 5.374548461537086846e-09 4.058964061922114734e-09 2.298032886134037430e-09 4.855960622081046546e-10 8.630697688012094357e-10
1.993097710940528701e-11 -3.909748731580869429e-11 -2.465340565206336195e-10 1.173805176297921670e-09 2.437407227252823614e-09 2.178317697964724245e-09 4.544360737273240676e-09 6.145069344139448891e-09 2.070346213345301061e-09 1.628787118312743156e-09 1.927400548696936955e-09 3.568217998783942438e-09 -7.291906757015038307e-11
9.218375828970567267e-11 1.588401958510593126e-09 9.808424715640400689e-10 1.093542961983101497e-09 1.809901203661278713e-09 1.598304815663883575e-09 6.737591672960588486e-10 5.678314673489608165e-09 6.259293935584739409e-09 4.518082919299066955e-09 -1.461601807901306091e-09 9.869400126915935481e-10 4.260621868671827392e-10
-4.274975358895804449e-11 4.811769173276401629e-11 -1.475846335922674658e-11 2.214418299167813876e-09 7.811455385469999937e-10 1.429973010957304336e-09 3.231734798527987686e-09 2.824979595182426262e-09 5.081019038507371362e-09 4.058482482355133042e-09 2.636332577696268958e-09 2.794473191837594771e-10 5.887195487724311640e-10
-4.696267631395924381e-11 3.135947495375077728e-10 2.824862148579854620e-10 1.254745411893262214e-10 1.755608050864875955e-09 1.426116872500454855e-09 5.376283228054851996e-10 1.708263246352919997e-09 3.789099563821546492e-09 5.022975869967002075e-09 3.894639202049433706e-09 -1.413957771382661436e-10 8.859019389914083077e-10
-2.185375270379895843e-11 1.185041677941984471e-09 1.214571366272938996e-09 2.477507635313271464e-09 4.355833529336360904e-09 3.411722648383557870e-09 1.796882605955450089e-09 2.305352305810140212e-09 4.361414288849242896e-09 2.052312536888790973e-09 4.927339663963775464e-10 -7.553542187732828419e-10 1.482581203727810439e-09
-9.219670166878366872e-12 1.276246472175253819e-09 7.170315652345618452e-10 -2.674544136767611520e-10 5.192019148482235828e-09 1.349950635591827785e-09 2.508795273245768715e-09 3.049737554091791900e-09 1.811229766233867112e-09 3.983729979761725732e-10 2.711820064132401719e-09 1.103850228984063657e-09 -1.782514860810479028e-10
1.736713223352078931e-10 -1.077112514728265716e-10 -3.594435617158189756e-10 2.907694016033479989e-09 -1.706449573068578253e-10 2.288174808706088199e-09 1.784083525538242281e-09 4.273925382523411694e-09 5.387687809283134260e-09 1.628712109727631493e-09 1.824481532850933694e-10 -4.546026430144455912e-10 8.515497117097260227e-11
-1.954994915835796966e-11 5.079852623395223702e-10 1.185904669824812379e-09 2.530172322871640376e-09 3.201632685763022524e-09 3.290283452736853407e-09 4.563921828629249826e-09 3.095305736028177913e-09 2.433033364998488142e-09 1.444830490778050194e-09 3.128573009139459762e-10 1.464591175419188838e-09 -1.046021901287721957e-09
-2.291121580755801027e-10 8.899404321538090350e-10 2.164569093809167942e-09 1.797415074412993827e-09 5.231422014141817791e-10 3.334463755456103625e-09 2.169552331654261609e-09 1.851923111001369908e-09 3.546229839016337677e-09 1.724869352387307210e-09 2.470457537183839998e-09 2.764897505160737516e-09 -3.790518051849289702e-11
5.859043851026882777e-12 1.250318882093696551e-09 2.416788138995148304e-09 1.273223036490423178e-09 1.174288769819520756e-09 6.533852215780390910e-10 2.692359482753736119e-09 3.807272359497467505e-09 -2.911431686824545163e-10 2.189770283013245247e-09 4.364045400247089418e-09 6.839143980529641025e-10 -4.986070563159164619e-10
-1.208172553353950598e-11 3.038264630921844256e-10 -7.867016185601853983e-10 1.615214413574149249e-09 9.660297054965129414e-10 1.353563590359431580e-09 4.033527636940770174e-09 5.072820959472163643e-09 3.505187939309748276e-09 4.521968506746658046e-10 3.331864626052729952e-09 3.157454929308403316e-09 -1.070496253545332314e-09
-9.442058401051484835e-12 2.761342125326332011e-09 2.649441166734307014e-09 1.974407403099940830e-10 1.316709975140221887e-09 3.692167030011003451e-09 4.436572988009818331e-09 3.988170002617469420e-09 4.700355467394784293e-09 1.030110667603248269e-09 3.519266005397741397e-09 9.448690291609252399e-10 1.039673855375030142e-09
-1.966253748819474741e-11 7.944078304586835413e-10 -4.910676591754215524e-10 5.213760035876848513e-10 2.850988989407404236e-09 1.677650516844107370e-09 2.209445410729637077e-09 1.846205338815914011e-09 6.096316731587701022e-10 -1.271088197069044573e-09 7.443494419242271488e-10 1.894465600952850252e-09 1.211931058680859445e-09
1.188778907959648721e-11 7.778514761140132571e-10 2.722817943856857237e-09 1.728082722366210538e-09 2.493463207023784118e-09 2.181423044217207884e-09 2.950318097814894896e-09 5.829266931947256622e-09 2.447006962231494561e-09 2.005270689656263459e-09 1.319892840805592971e-09 2.583571302515387590e-10 -5.956008071786655815e-10
1.282089973945772482e-10 7.572983521310383758e-10 9.483838118805992598e-10 1.049562057670469472e-09 2.837387297348298558e-10 1.074193113405097251e-10 3.060374993297599713e-09 3.113656180561216115e-09 1.167606673340827312e-09 1.244913494212674968e-09 2.495527778010074348e-09 3.647942172272634135e-10 1.011236056099277558e-09
6.860877485799577807e-11 2.741893581213566348e-09 4.038054126973713947e-09 1.314151516242225395e-09 2.645400457338216300e-09 4.840109603367139005e-10 2.804585767289663010e-09 2.120377045828814751e-09 -8.925431673800693553e-11 1.270254684924336463e-09 -1.987776903541013563e-09 -7.325160576467975038e-10 1.239838188879094927e-09
4.009661501631346862e-11 5.638053977002704156e-10 1.394409468743072034e-09 9.872389630477805859e-10 3.570109035696106950e-09 1.783417527537008089e-09 2.737004496256136031e-09 2.248313896407117090e-09 1.458913838315523842e-09 1.284515357738177842e-09 8.285257369231117481e-10 1.222556704536745221e-09 1.503709732306089393e-09
1.864053010184454047e-10 1.159229509170466991e-11 8.255504845966896849e-10 1.029473576681259345e-09 1.310548288543233426e-09 2.407493387206779746e-09 1.115163995075699036e-09 2.507368077774325728e-09 3.464586284802541876e-09 3.781952838935138540e-09 1.597020657431354364e-09 5.679474328576496082e-10 3.434049059091559228e-10
9.398060392115224687e-11 -3.096835217005698217e-11 1.914134341876950807e-10 2.225211701241211946e-09 4.284144505005869015e-10 6.702988876025867414e-10 8.411664740710971773e-10 1.758385096113573425e-09 -1.201915842094227130e-09 2.416496508940782036e-09 3.573459994068922878e-09 3.775511110077518100e-09 2.895230148651676355e-09
3.708250484480729731e-12 -3.488255206481014619e-10 2.277775858915829654e-10 1.523807166085713659e-09 2.612273220280757497e-09 3.077865261985808175e-09 2.967167257285506314e-09 6.156845854418489067e-10 -5.054111611770485565e-10 5.449761772637741695e-10 9.364190279766591251e-10 3.235004749158770097e-09 4.179838851215876151e-10
-9.573875520565911975e-11 1.402934577791192603e-09 1.162237441079805998e-09 1.019840565215452012e-09 1.658506419882329701e-09 1.369582399940369253e-09 2.826466530633996418e-09 5.030269264955786136e-09 2.452578217273956554e-09 3.263590510061268332e-09 2.328051222580047154e-09 2.811386606530529621e-09 1.309707799908381828e-09
-6.219402349977074817e-11 8.659945601842637569e-10 5.111556393437803906e-10 1.366365007030838510e-09 1.109497061005695782e-09 4.486743345136393055e-09 5.035064074530788661e-09 2.559616152110058654e-09 1.184893260365211278e-09 1.148432761777112165e-09 3.463616705543341632e-09 -2.102460458924497470e-09 -7.764116559718538195e-10
7.083235607808825929e-11 1.270792168589985045e-10 -5.632980989145277154e-10 4.326649342669435915e-10 2.546800010428557082e-09 2.115102791889282676e-09 4.790765913343181316e-09 1.990209372700058742e-09 1.978880247331309140e-09 3.114907987420346570e-09 7.070165895826926681e-10 4.701595233401029217e-09 1.003572097895478324e-09
1.435013107279219527e-10 2.508319461210989059e-10 5.722428957600962167e-10 9.770887769107721511e-11 3.375774274236250838e-09 4.427025474640368307e-09 1.469333897388028048e-09 1.694852958669316355e-10 5.893046451193712964e-10 1.146031692177074545e-09 -9.183958090308285631e-10 3.220195182312690844e-09 -8.642253936018281735e-10
9.257483989847819660e-11 6.024541381849580716e-10 1.452032980737536194e-09 4.425403381621837106e-09 9.572298327271959504e-10 2.414812359106917935e-09 4.694587497043373851e-10 5.156653903408838576e-09 4.678453237821607107e-09 3.339463009540665709e-09 2.127596356970859522e-09 1.968419903927198447e-09 3.131644604302088659e-11
2.076758491195556210e-10 2.628396795690178755e-10 9.229738181716135462e-10 2.197142631998409273e-09 2.049984167776370341e-09 2.963435535748816332e-09 2.405923403459673140e-09 4.423611655230088372e-09 -1.043553954448456357e-10 -4.953941818105201073e-11 1.587591750312793628e-09 2.969413801813209947e-10 1.631159148177075205e-09
1.842609963712959915e-10 1.290055743511391871e-09 1.099221441789746350e-09 1.166854019643496868e-10 3.859433414626183709e-11 9.765751862282169103e-10 1.511830087505169224e-09 1.916802693827581858e-09 3.927363331898895375e-09 1.382920598468717669e-09 1.311556560330686540e-10 -4.452817141236675664e-10 -1.182350177160985631e-10
2.064831069992443553e-10 2.164563965295930483e-09 2.632402377882751381e-09 2.513154861194384998e-09 2.208772101237142762e-09 2.470610295031754825e-09 8.983139739246051280e-10 3.892098689705952582e-09 7.873477121025014278e-10 3.684503572870163103e-09 2.622741759670776290e-09 9.653411855792368204e-11 8.526906435512631139e-10
7.977324337004828024e-10 2.065723515187538203e-10 2.967204392675198637e-09 6.035179628186013021e-10 8.220378380216358313e-10 2.090116772626951607e-09 -6.253281079065478426e-10 1.990144897291451085e-09 4.731980869396450953e-10 4.625152691892734502e-10 9.697264222884963874e-11 1.143430374351851015e-09 2.438671215744536637e-10
1.556174545478380412e-10 8.337477190631854042e-10 1.626357703993925831e-09 2.419171883096781956e-09 2.485492825812421577e-10 3.372795091777776182e-09 2.512429931990119705e-09 1.505082500831209714e-09 4.405682723834393402e-09 1.880790556339254801e-09 7.160792432918376499e-11 -7.714440136677240595e-11 4.159198280508231927e-10
1.322252432770256490e-10 2.791162635738299874e-12 1.099243802359395584e-10 1.086390800165494496e-09 2.458851516504914370e-09 3.480445252056897552e-09 2.704795847676966572e-09 5.390308316597568877e-09 3.513508824948336198e-09 2.623217999714445826e-09 1.045220500043789509e-10 1.302754054891370759e-09 1.282303245147768876e-09
7.412956549341297153e-11 -1.039546566218193509e-10 1.372902865972434074e-09 5.491702479957212691e-09 3.576775336520440405e-09 2.195342603239479980e-09 5.458987918972823891e-09 2.056758518650785974e-09 2.622750563529554215e-10 1.750113588366730366e-09 1.930292231983715767e-09 -1.921587727380017285e-09 3.057442898912182567e-10
-1.252792446348263615e-10 5.739882683288519035e-11 7.478125460947927624e-10 2.065863520510402392e-09 2.192372853507056401e-09 2.756733921147264707e-09 4.970440798755021936e-09 5.358221544907835006e-09 1.775073362946246972e-09 7.891011997904982752e-10 2.380478480111999309e-09 8.774456165031101258e-10 -1.785991340895250882e-09
-2.843426478719220883e-11 -4.054056906340224937e-10 1.704541660968273111e-10 1.592878398028870674e-09 2.348292901278254255e-09 3.588402022250560377e-09 1.062682717705199369e-09 2.728113608988509645e-09 1.339609729838501801e-09 2.400801815887916495e-09 1.512709192471681381e-09 2.337954418933482969e-10 1.221930780830282228e-09
6.720584586155766243e-11 -4.994929699889897033e-10 5.121137343544532513e-10 2.622390637096939781e-09 1.563223104505343287e-09 3.070894268238124866e-09 -1.118234763738777458e-09 3.976186331581558253e-09 5.291762315870360690e-09 3.572425589290033195e-09 -1.807811278161331250e-09 -9.275047845637818243e-11 -1.605043301812819305e-11
2.240073937270241345e-10 -1.268753256772630849e-11 1.735209343274871949e-09 8.873633817147783797e-10 1.339188277226959295e-09 7.462709034161426331e-10 3.443431612679268925e-09 3.552732240513277610e-09 2.146960102184541221e-09 8.152016121686435799e-10 -4.768123096043315778e-10 -1.773662133828158613e-09 2.230431109505118831e-09
-2.649161879552135121e-11 2.017165688999348297e-10 1.973194557597884428e-11 1.547342360449024782e-09 1.765362980018665776e-09 -2.103823168004086477e-10 6.182418387137391669e-12 4.057209793394940714e-09 1.390109504981956955e-09 -1.777717929751513311e-10 1.320198927689691416e-09 -1.277213632058693123e-09 1.796575883155275756e-09
-2.671187179982564138e-11 9.517153001484330616e-10 7.903796800880605475e-10 1.987579596955071395e-09 1.985313207936381315e-09 2.029989218524100280e-09 3.677792355176346862e-09 3.893139576400798034e-09 2.832914035525253253e-09 2.957854334657346276e-09 3.177105948435128916e-09 1.362243657758352959e-09 1.445543130922949091e-10
1.609563639384221166e-11 9.042908987117872377e-10 1.822814853245484421e-09 2.759021867596642972e-09 3.042882318011571273e-09 2.343789965908981308e-09 -7.652791128812429892e-10 2.467164251835651193e-09 1.583987833842354942e-09 3.689255144397701589e-09 2.009903833319080569e-09 2.507374060790458021e-09 9.001974244951885877e-10
-6.315570270599823147e-11 2.368248942643058260e-10 3.773801803449015582e-10 1.035616628241288357e-09 2.612089967637837999e-09 9.452163165984940598e-10 3.151481664954252603e-09 2.823326471599968104e-09 2.495057804124600867e-09 5.595938250178082342e-09 1.854873180937269798e-09 1.237090508320534373e-09 -5.894998736751595543e-10
5.476657130521227396e-13 2.361788653911311794e-10 1.389557234742114134e-09 7.846136109028935868e-10 1.904693371188269646e-09 1.767963805587924676e-09 2.359843531878062915e-09 2.045414982955175248e-09 1.177542470291373017e-09 4.436836396025455312e-09 3.617751486630452955e-09 -5.249227436834326700e-10 -2.779840169336096073e-09
2.038684655821951529e-10 1.309939459961912676e-09 1.360996017314488459e-09 2.979790561745474464e-09 1.065593690057271231e-09 2.237935704586668626e-09 4.204465800080164931e-09 2.968363882228684916e-09 -2.182123938309610544e-10 3.297403976082749884e-09 1.305403496335918421e-09 -1.730840220691430078e-09 7.273613054744308684e-10
-2.535380583550176288e-11 5.183077161558547259e-10 1.374684342618476781e-09 4.569708081512452972e-10 2.992081395437241035e-09 5.585081867902064172e-09 3.554457965532304455e-09 3.983834805586323491e-09 3.875940825027587313e-09 3.458485970738830851e-09 2.524072476023450217e-09 1.343658096229601482e-09 7.561143342467758113e-10
-9.073890760940877008e-11 -7.205068511763470482e-10 -2.375928310810146278e-10 -8.353752517255333956e-10 1.826831639517999224e-09 3.827540421074654863e-09 3.516149028783457742e-09 7.722453110933689983e-09 4.328833280781518136e-09 3.536173119153867070e-09 2.394275458652388125e-09 3.278952939123365464e-10 -1.109182540666950799e-09
-2.448043457293242524e-11 -2.505014251980536146e-10 2.023143744493773726e-11 7.430142368197607936e-10 2.050162720033273340e-09 8.218541005745642797e-10 2.559025379635363998e-09 4.695093565742947803e-09 5.064327151684101622e-09 1.303263787218624044e-09 -3.107813662262003049e-10 2.603972904653509417e-09 1.949971551668998358e-10
-7.326625106561891656e-11 7.875958099898708610e-10 4.025749002824909134e-10 2.472850938724665594e-09 2.363885334478883859e-09 4.649460783732667352e-09 2.155111965234233128e-09 3.748384020210081081e-09 2.178891729726909798e-09 1.690432975819483118e-09 1.455578274113914947e-09 -6.064868482128595055e-10 -8.434567074633558637e-10
2.647906176316469079e-11 7.588910370550590029e-10 6.229070052028931036e-10 1.199755888294829923e-09 2.553717940035228870e-09 4.212716846178819448e-09 2.171711910281524479e-09 3.875255072430646940e-09 2.647258757526002540e-09 1.800661586391822156e-09 2.335120339794089064e-09 -2.147237564785977697e-09 -8.326435857482088279e-10
-3.810093170508474493e-11 1.123744802146027630e-09 7.965434361739213051e-10 1.160588180890110011e-09 2.774187968751647315e-09 1.986128377527939168e-09 2.638660413589770745e-09 3.926835829929364040e-09 3.563114631877651973e-10 -5.697229993529270038e-10 3.733098585602933258e-09 2.377765254647949250e-09 8.922881019134434379e-10
-6.614158932839691685e-11 -1.036095012218992717e-09 1.591911563451625198e-09 8.244540662087675023e-10 3.448259020651982125e-09 2.364397054117616285e-09 2.875516342357308247e-09 2.498083279977056339e-09 5.690403778383481048e-10 -1.488581153664863819e-09 2.694137841970927235e-09 3.724135540082957850e-09 2.380831528435209954e-09
-1.410089731597304451e-11 3.917731301150298738e-10 1.086075395348668309e-09 1.648482970129639958e-09 8.021857010739731249e-10 1.877273043972436425e-09 4.337870488570040410e-09 3.921062697081835979e-09 3.919789756444060078e-09 3.135190245716969096e-09 2.182722517511765592e-09 1.522707898322992183e-09 2.584528210196943657e-11
5.695746119645033314e-11 1.435389383348453199e-10 3.401119985342544769e-09 3.057505086447844880e-09 1.431684562705059696e-09 3.925357309658983200e-09 2.867703905373165014e-09 3.391292989847182996e-09 3.874893150719348331e-09 1.776359828829791437e-09 -7.914530828664131168e-10 -3.493405758700011189e-09 -2.008166938710324634e-10
2.287514844370282772e-11 -5.706562465388112223e-10 1.832200998795867443e-09 3.033409463351949095e-09 1.369487074984404845e-09 2.551870777293606441e-09 3.820073341459093674e-10 -1.299230723563227077e-09 7.136615344697430108e-10 8.034406973180051937e-10 1.228696684782886931e-09 -1.939348023233736664e-09 -5.280290402475276457e-10
6.110320767207538377e-12 4.825850013782907749e-10 8.052770347041606742e-10 1.395803606707956025e-09 2.425512371564901063e-12 2.984905521635182715e-09 2.105236719183532131e-09 3.678889532108585616e-09 1.350283288377362794e-09 6.869732781459084555e-10 -1.691956406472836056e-09 -1.618289320792271184e-09 -5.562265631724615367e-10
7.934665869352805441e-12 1.966643710030304101e-09 3.684080058046774510e-09 3.588328346978244750e-09 3.337686666076273865e-09 5.214382893304992062e-09 3.220827287881889536e-09 1.558371238535926928e-09 2.680121011482759501e-09 -8.413546217398269730e-10 4.231514334138150156e-09 2.420803985070097791e-09 2.836178448636478729e-10
1.064610839908108559e-11 2.582271420667402545e-10 2.074315878084688291e-09 2.540002223358120727e-09 1.709223185317206228e-09 3.622739693390322895e-09 2.071523659958847006e-09 1.065933496366710011e-09 2.657502227145723736e-09 2.474736025584709213e-09 1.767327603007268467e-09 -1.610681507477232070e-09 -1.831622792078907486e-09
-4.247994504084233890e-11 1.131462632959523077e-11 3.844997442676514232e-10 8.122571364204944171e-10 7.746800639672879975e-10 5.175515817476522920e-09 4.919433439412657366e-09 3.988687479236375136e-09 3.228256989235023171e-09 1.953200441498690107e-09 1.236999011378899021e-09 2.364713748898737798e-09 -9.116098014087150083e-10
-1.431654934028690998e-10 1.228647024857673209e-09 1.192670339435500561e-09 7.133390364868094663e-10 1.358892141170323119e-09 1.730874712546482477e-09 7.636054505565962994e-10 1.793789045836579713e-09 3.126557401162480346e-09 3.072472468773892803e-09 1.798806679185367730e-10 1.333284984638834279e-09 6.868353462361379040e-10
-5.346568842720990878e-11 4.614746091474709763e-10 7.252801268917322206e-10 1.279520325339170772e-09 1.688767576603315499e-09 1.600816364682473176e-09 4.038870800381277301e-09 2.722441865896344383e-09 1.678265125825070199e-09 2.214244888344323263e-10 2.146176821110020161e-09 2.032590626758636131e-09 -1.816769387874789057e-10
7.189005428378721382e-11 8.729505818482432290e-10 2.118714634893369890e-09 1.371342712039356329e-09 2.511473168779603440e-09 4.091397800908830243e-09 3.382638510392297432e-09 3.885167489703610766e-09 3.182905263588580504e-09 1.625765593438570431e-09 6.443565730112362058e-10 -7.773132594691267760e-10 1.149250481462990746e-10
6.901805506064400303e-11 -2.597199580448829210e-10 6.072020872982339764e-10 1.215869809660310260e-09 1.651836765223934044e-09 3.291519595164480500e-09 2.139425270970392197e-09 2.241765602736830090e-09 2.228766338827951432e-09 2.674421634326453605e-09 7.490388723367921188e-10 5.239088277433429103e-09 2.744379516988551290e-09
2.514909015986538403e-11 2.110955791038666337e-11 2.826353081626539248e-10 8.103237430648789763e-10 9.949416275798094263e-10 2.372974188147640458e-09 4.901541164301868384e-09 2.202394252180589534e-09 9.237757142276241642e-10 3.851052900885017440e-09 4.992006983120874076e-09 3.417803855578197836e-09 3.537253523260167803e-10
-4.282969220043085679e-11 -2.838072474524698572e-10 7.032740395153177571e-10 -7.579479442798644364e-12 4.081176628522424482e-09 3.213565956510743616e-09 1.974158437310894780e-09 1.790519791963369878e-09 4.261506605248318145e-09 4.391107868788489325e-09 9.320330407206703899e-10 -1.717440920861489769e-10 3.537753555690883505e-10
-6.128099994792779409e-11 -5.891830361665050945e-10 -1.669067008760090874e-10 2.082521432039178386e-10 2.175368760308554461e-09 3.159013363004321545e-09 3.052162338852840714e-09 2.112687393281218102e-09 4.643018157017549463e-09 6.719985208083720344e-09 1.761336977305642870e-10 -2.608762353963278244e-09 9.870010755320803464e-10
-5.093321950615588241e-12 1.235512169780111618e-10 1.242028512991686126e-09 1.043314784291125554e-09 -3.382341289608741795e-11 1.465767075219635988e-09 6.047619019040424608e-09 2.440368531383624377e-09 1.330751469620064482e-09 4.246728154483645766e-09 3.696970861609782403e-09 2.341713680554618425e-09 8.471654027856678836e-10
-1.017350125024902294e-10 -7.490962389468449444e-10 -3.995563784581159693e-10 1.427255454538832343e-09 2.123257626588236856e-09 2.224480671323712362e-09 2.677594750085567201e-09 3.113192304532194943e-09 6.274623444692357398e-09 2.874573110009031085e-09 1.128103714028246588e-09 -1.955369198336074700e-09 5.458233226719299529e-10
-3.184215002100080994e-12 1.712414267208479704e-10 6.560659097838974819e-10 5.628494903185473345e-10 3.292345932031519989e-09 2.506988022435066813e-09 2.610629955023161074e-10 6.013200450061708517e-09 -5.669511282497192832e-10 1.094650081380616021e-09 1.979942357648490393e-09 6.198659669646710699e-10 -5.764618081102313314e-11
1.407411270939756222e-11 -5.984778311222052654e-10 3.663899097591370779e-10 1.342615068227133801e-09 3.550249951034597188e-09 2.685031821351761210e-09 5.087805833799431079e-09 2.863477638942184841e-09 2.284998640623763261e-09 5.389329367640990831e-09 2.148628210589312773e-09 3.403429744015007082e-09 -2.726743795513600046e-10
6.025853803418543913e-11 1.273223308773186238e-09 2.507139090109971975e-09 1.527235703056777366e-09 1.132960479889755903e-09 1.247890130738825811e-09 3.151850865550201310e-09 2.587845571841911842e-09 5.271783867968348711e-09 5.531526790770839061e-09 2.020536734319546925e-09 2.378798466952019875e-09 -5.579721935517518599e-10
-4.039054499108919698e-11 1.014268736845361472e-09 3.691075605479853576e-10 5.706035639348540354e-10 1.532483724579558792e-09 1.543922576686450429e-09 3.525227243912007548e-09 3.053699688532746591e-09 6.153179007648964493e-09 3.089977742170409407e-09 3.776411463024649273e-09 8.267056803880460851e-11 7.257395767171269271e-11
3.826335243142025069e-11 -2.488002077271412144e-10 -2.443850074774833803e-10 2.602921021449838272e-09 3.493581194966391543e-09 1.063586689374567896e-09 6.569326335716349380e-10 1.185119048529720422e-09 2.671618972961209902e-09 2.931564128173084505e-09 -2.387544954569952063e-10 -2.621036578255736592e-09 8.201189432007331839e-10
3.602017553016322175e-11 -6.119822177465729182e-10 -2.692546961395298571e-10 5.946365620467037487e-10 1.964130133620098337e-09 2.758868100024122883e-09 4.315150459397894421e-10 2.744895424853328979e-09 1.924108861518091672e-09 4.082088699986604547e-09 3.638522519118230038e-09 -2.785687616593944727e-09 1.081154009730466724e-09
9.370083645408843710e-11 1.391201189346350548e-10 4.180761928691638975e-10 -1.920460086084073877e-11 6.394516120110321537e-09 3.805260669059532077e-09 3.063461658230817874e-09 3.146286634913606674e-09 6.161338409091332889e-09 3.396037656944827545e-09 1.111243782667003244e-09 1.116899287459585941e-09 -5.369516007498467578e-10
1.742143615335381277e-10 -2.988361529450105527e-10 5.614655305486828256e-10 1.164804256272902938e-09 1.594727779053180294e-09 9.844016855663999219e-10 4.051565878145988549e-09 6.178870351555013828e-09 9.334034433871839674e-10 4.664810872557471736e-09 3.733494145767250401e-09 4.293275428825925064e-09 -7.246444112312464422e-11
9.872325301852929156e-11 9.576961907197469084e-10 1.481273882330133158e-09 1.329115041576857801e-09 2.735168323855304517e-09 6.298112076762293528e-10 3.860520258157845349e-09 3.282942891944197132e-09 4.974493062240081444e-09 5.179297246475648154e-10 2.044399404407824118e-09 3.226946902725478385e-09 1.613134290235726492e-09
-7.595799716470757263e-11 1.356055400328256753e-10 1.310693231339523530e-09 1.411099007235147512e-09 1.243964746459756084e-09 3.273464317599584518e-09 4.265777954534414172e-09 3.547853064505697764e-09 2.671153076680364446e-09 1.865858509109823987e-09 1.327601913260590129e-09 -1.466822805205363812e-09 -1.791685339195294264e-09
2.925476833974208517e-11 -3.281022048446428499e-10 1.165928236819844725e-09 8.451377394389706460e-10 2.419642172643381875e-09 1.635294337382166243e-09 2.157477290270827621e-09 1.924506834142065712e-09 1.161191484455847399e-09 4.360900941171672961e-10 2.443631257991078555e-09 4.131002879289768986e-09 -5.657752076621110368e-11
5.313738311792273729e-11 -3.340048036830638784e-10 5.226475079131477244e-10 7.386518488180571307e-10 4.157531169147055870e-09 2.686823623356243592e-09 5.058394047038973399e-09 2.495959945408608813e-09 1.333609595720094911e-10 3.735870708580458293e-09 5.014133020900076260e-10 -1.416944305863185010e-09 -7.940182433805331337e-10
1.090666174620705670e-11 1.673550245258183729e-10 7.125025640900949375e-10 7.623816799091884374e-10 2.812486891027147054e-09 1.641619913520115875e-09 -1.823377094644838112e-10 1.188713626006189363e-09 3.791807131176266749e-09 1.644478528872641497e-09 2.301365863103511812e-09 7.445855775088975753e-10 -9.093194246439216404e-10
7.708683297363094532e-11 -6.256863260104134270e-10 -4.548286721907393485e-10 7.284401069894196984e-10 1.161677120079779354e-09 3.549517251357616708e-09 3.024778296867330792e-09 3.735205981453428972e-09 3.378965781416862560e-09 2.729701831608574584e-09 -8.569029387599235764e-10 -2.846508635224768801e-10 2.236335738541035999e-09
-1.641945908000553996e-11 -9.532773678650657705e-10 -7.222867543872412640e-10 1.430466285326425341e-09 2.619037799025155041e-09 1.997164857833786336e-09 3.039576856171640243e-09 4.173312121255279117e-09 1.963390048335283916e-09 2.458836811411669966e-09 5.434654692745301043e-10 2.827799170143013241e-09 7.117971273826439958e-10
1.738266337912467725e-10 7.240530798064850935e-10 3.172408129767770234e-09 1.624998938013949799e-09 2.172816291855930009e-09 -1.901097867085937212e-10 2.117442355480374570e-10 -1.415012411264026471e-10 1.739090024847602774e-09 2.529012253522262465e-09 1.548866673881667345e-09 1.306928231607586362e-09 1.612688176818526569e-09
-4.344173461792124314e-11 1.304279860620210474e-09 -2.396155192452551745e-10 4.768867419968066050e-10 -1.177038624092175561e-09 3.342850860826537475e-09 4.878371772039582343e-09 3.390990050553558476e-09 6.228832899230125406e-10 2.627337610080139791e-09 2.430326771769315866e-09 -5.706552844190187971e-10 1.470176956291949581e-09
8.601600231755662409e-11 1.773638153304132547e-09 1.427606568077501167e-09 6.550994041813461293e-09 2.509810815639900875e-10 1.024449428429718022e-09 6.137451055218252827e-09 3.016876058666370875e-09 5.887607012661077893e-09 7.288959253431077759e-10 2.603129921557116570e-09 -2.558716245593781007e-09 -3.603692445839140016e-10
4.095065017235476830e-10 4.796226453327304438e-10 4.305273732414496608e-09 4.513887418254255269e-09 1.680720933369503857e-09 1.286786613822376851e-09 2.654285889741109875e-09 2.257987074238268682e-09 4.328438958635613469e-09 1.791592547431600475e-09 1.261534391928326752e-09 2.305700205060197234e-09 1.106851577983993307e-09
1.057936853776950929e-10 2.944040061831870936e-10 1.226741411040728578e-09 5.928739925327261517e-09 1.906318613904162108e-09 1.052291399827539588e-09 2.907460510903491545e-09 2.539383015366127368e-09 2.580808456619553204e-09 -8.554929190265747755e-10 2.495019084092768871e-09 2.433548763685632254e-09 1.294540569841865829e-09
9.420735129920660090e-11 -6.926822851810158626e-11 -4.060771065140325005e-10 -3.080799095965427052e-10 1.950532125242825631e-09 -5.336846393641539685e-10 1.242475839187866125e-09 1.142178623918275911e-09 2.022899275349901008e-09 3.308553881421419339e-09 1.923066958240345002e-10 2.312401399464037037e-09 9.542146001688719974e-10
-8.873687829468025251e-11 1.837199492422281406e-09 2.022734148794922527e-09 -7.761632486865400035e-10 2.434729315056186115e-09 3.229913635533336928e-09 2.747804802091350240e-09 2.685658877185059277e-09 1.526008458329983505e-09 2.014877292536282685e-09 1.957997517159289905e-09 2.123699773122028640e-09 5.312996454164685703e-10
3.230866277296875841e-11 7.415320597068614572e-10 -1.035886104736755944e-10 7.941029482158363393e-10 1.564006984602090732e-09 2.610619033713926642e-09 4.723122280111615559e-09 4.379885723032007188e-09 4.013004216010354338e-09 4.561484630609773970e-10 1.884660547046252342e-09 3.047112022883263073e-09 -2.576456649927125988e-10
2.850706477575800294e-10 9.633398488581843447e-10 1.460680333822110430e-09 3.385160129360725646e-10 2.416017132595004478e-09 2.403455541427363298e-09 2.327693249976605321e-09 5.273971729676091158e-09 2.076751667109042310e-09 -2.990720125375987323e-09 2.588385804302659983e-10 -8.370254090994889767e-11 1.582674302563162852e-09
-6.631775792560338378e-11 -6.051876237278090894e-11 -5.398001705355777017e-10 5.704136509124574777e-10 1.504110576763437052e-09 2.353692077778121869e-09 1.952212297906973039e-09 2.066439775141157215e-09 2.446039205051497822e-09 2.819644600859246076e-09 1.519048785164816882e-09 -8.326591968608379436e-10 5.626458136587478184e-10
6.985210233178782566e-11 9.056615159099810614e-10 1.654764287167495421e-09 -5.734907380615150970e-10 1.564996770636605600e-09 1.722297514337458658e-09 1.893980122768032354e-09 1.943517012306452149e-09 2.291477630790034434e-09 1.054059649240018372e-09 5.612943322409892445e-09 7.007455321590432108e-09 1.700979450608270245e-09
2.894769753986553376e-10 6.054384588847265406e-10 2.028497982985475024e-09 1.273785819969287191e-09 3.968074813702203222e-09 2.194667742517512298e-09 2.643092051817431251e-09 2.220165892896853392e-09 1.913707733696064684e-09 8.988610403258061946e-10 2.191928117184636810e-09 -8.205220666397573227e-10 -2.037662165318834493e-09
8.481474587046731793e-11 2.428603712212235770e-10 1.019690041652256251e-09 7.870355933906062004e-10 1.268704176637406566e-09 2.792999121643877105e-09 1.248527354951694858e-09 2.065398899037100124e-09 1.966071081956028481e-09 7.583865210853990370e-11 3.255924445664462515e-09 -2.065917850246853001e-09 7.218448366809829907e-10
7.339910521585653566e-11 -1.169103002287812830e-10 -2.108202083833564341e-10 9.441682385113740008e-10 5.958070362213903449e-10 4.157329807870955737e-09 1.993546616244974985e-09 2.685407226038877823e-10 2.908667967859831259e-10 2.867617269074771299e-09 6.526927133922064007e-10 1.297862568011289865e-09 -7.995917811646349357e-11
-2.141543944535686191e-11 3.935643828716790444e-10 -8.350653949944709721e-10 1.884722986421588922e-09 5.658899928639637241e-10 -1.141163214853298658e-09 2.209830510100794859e-10 3.991958261257481662e-09 3.307375088266473097e-09 2.085857595034971759e-09 5.486441335559311386e-10 2.093511977309792207e-09 2.021343767081893756e-09
-9.956429104520041075e-11 -4.848595396743613648e-10 1.131968403841728559e-09 2.688713308562278901e-10 2.523075081893754264e-09 3.436219418661290743e-09 3.235409800336411911e-09 9.842548044128281058e-10 5.355447600264804719e-09 2.229304719474982344e-09 1.379507603630729993e-09 5.442116478492168087e-10 4.284657506826182607e-11
8.792922660654137962e-12 -6.176223117999384321e-10 5.561673971129612517e-10 6.505640162696922272e-10 5.983074965027034320e-10 1.870012147066337887e-09 3.307432646576130328e-09 4.641542950653739232e-09 -8.969320122814529111e-12 8.068699612766925334e-10 1.456600719952104813e-09 1.020245240756771164e-09 1.287445879039274164e-09
-8.735430467209076555e-11 -3.627072898082433586e-10 1.722246858755448240e-09 5.179565214252752556e-10 2.505840327586765626e-09 5.160541043654617254e-09 3.691468019810144825e-09 3.633008368722976678e-09 2.685068427677315665e-09 2.819364025826549177e-09 4.430416476393061593e-10 4.906007542045870462e-10 -1.104233729200628880e-09
-4.729321280072890019e-11 -7.298553871167123216e-11 1.559337951322265251e-09 1.812032465366501310e-09 7.200062688936410797e-10 2.497784636485780266e-09 8.522076408406530368e-10 1.300773028882479304e-09 4.632502193052357169e-09 3.408995930579983456e-09 -8.296807655038167572e-10 -1.036120537416334095e-09 -1.525867724749249631e-09
6.333694424356725685e-12 7.868700755180716096e-10 3.073131388047115810e-10 4.267459110754855798e-10 5.067532449991012817e-10 1.382160086786637102e-09 5.052943247259103052e-09 2.000876703835854467e-09 9.689212554618851501e-10 1.676698308201682392e-09 -1.391639234161600097e-09 -1.375473244687885407e-09 2.875820773093689425e-10
8.340609538341055755e-12 -6.247527391725409825e-11 -5.807856120255523251e-10 -6.650816228591482593e-10 1.892752744110374520e-09 1.987341184044457180e-09 6.621167022520870304e-09 2.666099546924152040e-09 3.868123885857152174e-09 2.862806995542935624e-09 8.409599415194377284e-10 3.819421409097604997e-09 5.830278074152200937e-10
5.135924114912611663e-11 5.704302789228435144e-10 1.178970263222410531e-09 1.137279486094899176e-09 6.670457595523037136e-10 1.405874653232829518e-09 2.211260854620752430e-09 3.187585963876719197e-09 4.334642401307984074e-09 3.751403402572431140e-09 4.898258680510996936e-09 4.165425632065642798e-09 4.698144967636576538e-10
3.067251059755558847e-11 -5.786545141282291974e-10 6.646750637774189510e-10 1.978886006365741228e-09 4.513168588013086281e-09 2.258662926354698335e-09 5.149699425054545462e-09 3.576795534972126865e-09 3.511354915968186217e-10 6.226064292497844365e-11 3.525760184934670030e-09 1.314677447536795585e-09 4.945986499717769201e-10
-1.824116272250831364e-11 8.801137288769103542e-10 1.144260433493599580e-09 1.688298149787329053e-10 9.681939085627079134e-10 7.908364293265092869e-10 3.303161124717897438e-09 6.576672598926917408e-09 2.583261681101859654e-09 -3.154847725010090484e-10 -9.064394453801044155e-10 -3.131121207749452124e-09 -6.307203460067497940e-10
2.286292670289541842e-11 3.180475362980280329e-10 1.291407767717209328e-10 -1.875589409743228033e-09 8.122168503795408042e-10 2.581268823614270805e-09 2.080341802050264372e-09 1.320942093799972189e-09 9.886593271765807855e-10 3.512699512445847513e-09 1.410462106465331509e-09 3.677071276897298891e-10 -7.414818480772959847e-10
1.038348780642789420e-10 -5.180620933120730716e-11 5.056533326187653657e-10 2.051913806886198954e-09 2.409449897443717180e-09 1.117540151152554274e-09 4.652282300140075484e-09 3.181936417652467265e-09 2.892604994698205779e-09 -9.095859857536157818e-10 2.593805314039316961e-10 1.007372260458225741e-09 5.703831982036494339e-10
2.163375376040238198e-10 -4.928871535107119422e-11 2.188190521630726100e-09 2.853129452244884100e-09 3.225365034912963548e-09 5.172491699599509253e-09 1.568260843372876448e-09 5.902117984789240484e-09 4.418359135634707270e-09 4.549025580813074819e-09 3.124022117907950284e-09 1.928062016323368253e-09 -1.101187842082862386e-09
1.084680248749953076e-10 4.746863184152583144e-10 1.866480075548307395e-09 1.905228669646051604e-09 2.330873048805265794e-09 8.273495495570856272e-10 5.261151086079838328e-09 5.712610261137108752e-09 2.577640827232107238e-09 1.706863796131415044e-09 5.412412254582209004e-10 1.315578961932490201e-09 2.117420849290987490e-10
-3.050495734615654263e-11 9.145030257242568330e-10 7.094137370590767367e-10 1.119843774258130552e-09 2.934747063022387426e-09 3.475380416983339573e-09 2.070458976156135853e-09 1.715024988740982756e-09 2.803226473493971449e-09 4.051872395233243020e-09 3.849770812079979692e-09 1.975740391288867670e-09 9.724962555972116766e-11
-2.397611559502955663e-11 2.955845405637336031e-10 2.530431462294551775e-10 -1.651597818386855295e-11 1.354252220052159648e-09 3.460089399021435416e-09 1.260723766318620698e-09 2.339180481439410743e-09 3.337421136333080584e-09 2.121381330068421381e-09 -3.475104815231025412e-10 2.614617105708142748e-09 -3.744648585710760000e-10
-4.146363410741642286e-11 4.162903652032784353e-10 2.838741936021901822e-10 -5.273734382305478943e-10 7.254162189062098508e-10 2.171903014482661192e-09 2.545432511664802914e-09 5.572517682573782309e-10 -7.634306989158068594e-10 4.342941613992857410e-10 3.411693480339426973e-09 2.360256696000674442e-09 1.401845268285266062e-10
5.314221423389756787e-12 6.342772876217582662e-10 2.557007593812642803e-10 3.681716281905417420e-10 -7.411912656448394532e-10 1.910525900628520320e-09 3.361741379271943294e-09 1.458405223488913137e-09 2.972543785305695309e-09 -7.166730045033956196e-10 -8.483329929930774501e-10 5.878557380714769174e-10 -4.021202239012788664e-10
2.471884958848299494e-10 1.060236363360276863e-09 1.026848516455501141e-09 2.093692309138793299e-10 6.578505049835851732e-09 1.687278288956440542e-09 2.188793208547628295e-09 2.070546178548013467e-09 2.395304152957601206e-10 1.582696279600848646e-09 3.789718287096721835e-09 2.725813545402919358e-09 3.658118777575206498e-10
7.095780966749113506e-11 3.586542286484652894e-11 5.192618749733207388e-10 9.942506579873990504e-10 -5.222539960598413338e-10 3.669881913213379727e-09 2.714722300396936905e-09 2.031670334408278230e-09 2.198397708953257644e-09 2.707697179613956791e-09 9.422968290300257684e-10 1.664778915822746035e-09 2.426975139602382645e-09
7.526110167760452097e-12 7.254002475117283754e-11 -7.693004545591664806e-10 7.108631750865552929e-10 3.540566940751457938e-09 3.361640242523709664e-09 5.622761968268679562e-09 4.316895466219234666e-09 5.836362891113240500e-09 3.926514339336897504e-09 2.775463021272339915e-09 1.749122339633867667e-09 8.655483996685071431e-11
3.562793601977754742e-11 9.716897239834619223e-10 2.364959124267564138e-10 1.677952651906680468e-09 1.482233143422774616e-09 3.913741753466806499e-09 5.039606523427158107e-09 4.191836887262400137e-09 3.976738558598691374e-09 2.832436372945417956e-10 1.521159955668525152e-09 2.259481782624181490e-09 3.022053200877862184e-10
-1.519562443639024791e-11 -5.131469478649243035e-10 -4.872515391741680873e-10 3.123733759353256043e-10 1.823674517699316079e-09 3.897554596978452186e-09 2.642754155960671226e-09 4.971159770980092843e-09 4.339779854403418685e-09 4.907235190743380165e-09 9.663387723563028625e-10 4.289081099083372810e-09 -6.351420230077578958e-10
-7.983582985745674426e-14 1.420333362954143593e-10 2.132415713855333823e-09 1.303303842055814498e-09 2.167387034637821889e-09 2.889376725959517511e-09 3.816359298510273800e-09 2.139593717065535499e-09 3.500076505927151818e-09 4.720934652435638676e-09 2.265295153051207611e-09 -1.361540967742260370e-10 9.112886383361714904e-10
3.217136312281482605e-12 2.598770018732477541e-10 1.623532563334369708e-09 6.038573558022533447e-10 1.444565076598232459e-09 2.533145868502584397e-09 3.437609787774124157e-09 3.339042967430263210e-09 3.190994160296442798e-09 5.197645369976225783e-10 -2.534381966744276642e-09 -4.086435417849849460e-11 3.828276650551287967e-10
6.755478752334722745e-11 1.289430827823485913e-10 1.161558584652390270e-10 1.748802181965505824e-09 3.224561428993837189e-09 8.319546592289768686e-10 2.174425841681502659e-09 1.825703392402854646e-09 4.216607056918325511e-09 3.730549911647043901e-09 -1.746628382337552664e-09 -2.855794537973448113e-09 7.641466899248600841e-10
2.126769597415541632e-12 3.772359262925639807e-10 8.100226409645817588e-10 1.669279372407378411e-09 1.703718587773281812e-09 5.152666669330532958e-09 5.502769315936573968e-09 2.720490507929905118e-10 3.607413534473480370e-11 -6.971535275669595098e-10 -2.003381401738698642e-10 1.951926633152207865e-09 2.709243715249777266e-09
2.628924695862095682e-10 5.776387535695786100e-10 1.042763722825539632e-09 2.722761330284887356e-09 1.859285853536624996e-09 -1.536062752285931669e-11 4.888595016845931784e-10 3.556918249981530729e-09 9.260898992831222918e-10 1.254863333300795675e-09 -1.662358697547779684e-09 2.656288968341793624e-10 -2.772101709362316890e-09
1.978182669619371125e-10 4.780396003859639986e-11 6.956165509651894517e-10 1.951991326344542232e-10 2.752716549432963574e-10 1.924741997733472937e-09 3.776494798112527630e-09 9.978537532178527086e-10 4.633889294095448918e-09 7.668230761581140204e-09 1.540135742933665800e-09 3.549633562324025568e-09 -7.837342951047767407e-10
1.547519724148843687e-11 -5.046215092231791810e-11 8.262953827590883604e-10 -6.414195426958576776e-10 1.889414537351396994e-09 3.340572222920343925e-09 2.265896122076347711e-09 4.593865351319901234e-09 2.654263564569777938e-09 7.252246419122152590e-11 1.917561415897775866e-09 2.135571706087105932e-09 1.315166331750387286e-09
3.753011323667864173e-11 3.538931000876721088e-10 1.794957830607742649e-09 2.188622842232733429e-09 5.768725365964134553e-09 7.482238194122696716e-09 5.726278773539978472e-09 2.441922439493016342e-09 5.716855959129922876e-09 4.961131994550370784e-09 5.818248181076339203e-10 1.539773065184715690e-09 -1.977044676847579315e-09
-8.217993962339828823e-11 -2.697730682105778272e-10 -4.184651273749080725e-10 9.088429767811970200e-10 7.755594348498982795e-10 1.815569052339746821e-09 2.321170816529547705e-09 7.691420248784906396e-09 1.058259664373061492e-09 3.235084539740233771e-09 1.374558777994128788e-09 -1.570784291227886248e-09 1.287493419441008921e-09
9.151186982879516787e-11 3.309971592798263242e-10 -1.320772176835557827e-10 3.986086722554298993e-10 5.868064166735121292e-10 1.355252428090651581e-09 2.289989176657056195e-09 2.577684344547160340e-09 2.333481307226159350e-09 4.037051390646369705e-09 2.019437627649681885e-09 1.655594280910247235e-09 1.294164712644431793e-09
7.311580809967314304e-11 4.630762521721478142e-10 1.554288544893509024e-09 1.475952614838589788e-09 2.069826009535274098e-09 3.803406338457581988e-09 2.599746411805169667e-09 1.912101410221206623e-09 3.327346692307168062e-09 -1.174205523393594407e-09 -9.290004369003415487e-10 1.576104179980883003e-09 -1.648056143284600999e-09
3.514483610808446677e-11 -7.955051838352666578e-10 -6.273592640558964009e-10 -3.011602747085528962e-10 -6.616293255909765119e-10 1.914435407612954328e-10 3.555808659962301837e-09 3.904287482480059438e-09 9.785711879085846527e-10 2.914435954910123922e-09 -1.075112407078099263e-09 -1.529464465417714367e-09 -8.712965887772779437e-11
-2.812493093034532950e-11 -2.075327794632954483e-10 3.166310364174700159e-10 2.336485023660554323e-10 1.782825220359725485e-09 1.706803403307113571e-09 1.940774063445931035e-09 1.446077450211445819e-09 2.756220421059550981e-09 2.905999333459781148e-09 3.463134343650384967e-09 7.610787261816204007e-10 1.515206306710904979e-09
-1.397264357820212416e-11 -1.058208963087408626e-10 6.531953197962392717e-10 7.156090645801719710e-10 2.715784741160890837e-09 3.892968308175847721e-09 4.506615784039762873e-09 1.892045104113804090e-09 2.643088406642599180e-09 2.557685839661990181e-09 2.691928914941853808e-11 6.090541123934784195e-10 7.273747166342439397e-10
-9.369617339195308819e-11 4.297385031254275053e-11 6.533028579811338106e-10 2.098337372449247345e-10 1.695759821081498759e-10 2.996486388456999729e-09 5.637393633563690481e-09 3.882303053055276238e-09 3.075692963099845395e-09 3.767489579695197980e-09 2.767180892177929316e-09 2.032693872901623456e-10 -9.352966085208710539e-10
5.410956789240519640e-11 3.059127893388657330e-09 2.289561526313406653e-09 1.183821223803907515e-09 2.935416822227418803e-09 4.236676306468541175e-09 5.201034050788742178e-09 2.436298113427478714e-09 4.353178597971246101e-09 3.645908240809725751e-09 2.824840062292541197e-09 -1.557615341733863174e-09 9.019710005182865015e-10
1.016523993753459899e-11 1.009953961102463294e-09 1.503762797908666605e-09 2.331975497138992219e-09 2.385303724226401224e-09 2.986883049545772449e-09 5.369432533430520697e-09 5.677361578529070143e-09 4.964842468373580142e-09 1.811655888924271073e-09 1.344051351103418759e-09 -9.085070601766054724e-10 -1.406470272368672389e-09
3.628321850394718522e-12 1.954810846291413072e-10 3.868743550193927755e-10 1.464176510477757982e-09 4.879376875108180329e-10 1.337147649857251534e-09 4.683251014307544783e-09 2.541209150887751217e-09 5.186037491359510833e-09 1.896025513715777381e-09 5.026025731274849175e-09 1.551027911566948670e-09 8.961238373053440183e-10
1.113468166957051842e-10 2.208149498494320216e-10 6.217041536848441766e-10 -9.222599639048961320e-10 -1.445144789088924478e-10 1.348886415523628423e-09 2.793087323616858780e-09 2.317899430236012178e-09 4.792104807000674685e-09 2.958635095245621976e-09 1.253590289183819711e-09 -2.051782271675616563e-09 8.769534972882934356e-10
6.361030516804025726e-11 4.055009374387816396e-10 9.726755906818253291e-10 1.752164404789342486e-09 1.864631298582975507e-09 2.711931876277043140e-09 2.998393608297554534e-09 6.020903409628419977e-09 -1.132915877596251503e-09 8.749937997310847888e-10 2.383653745579924921e-09 1.847600670279895788e-09 1.673095737767747020e-09
1.408871722464703414e-10 -5.111892965126192078e-10 2.951961941122459656e-10 1.694383217625688447e-09 1.492159863985880150e-09 1.602330006071340454e-09 2.818190790224962282e-09 -3.776596372492124402e-10 2.118345848394614227e-09 4.153682229921343684e-09 2.553689963746625172e-09 3.817206827659657001e-10 8.357744688685476763e-10
1.149832201030190615e-10 4.269356104208869830e-10 6.127041299094933684e-10 6.043576621313856222e-10 2.319366536184301776e-09 2.501128667181887569e-09 3.788993529768458054e-09 3.259284699026630711e-09 3.997552420944527494e-09 2.448712580461914436e-09 8.646024005154060368e-10 3.664872049250672193e-09 -7.919002667802762781e-10
2.614904402283485737e-10 6.569558954532465736e-11 1.123226061258246022e-09 9.337711222327283886e-10 5.168317201967066239e-10 9.199075451431130033e-10 3.987177140704177983e-09 6.114138675228190318e-09 4.256414168483923059e-09 6.837926709838178871e-09 1.870818989470277885e-09 -3.918474204975438971e-10 2.279586292511055021e-09
-1.576080309126957778e-11 7.348135062785575316e-10 -8.797315811753440633e-10 4.315237839221189678e-10 4.763192037906954867e-10 1.848432967320689815e-09 4.200016879346921361e-09 3.059210355209040799e-09 3.153064664845126421e-09 1.867980652906024661e-09 1.269599960356378843e-09 1.244853552204780845e-09 2.548514685365103777e-10
1.110311834995853384e-11 2.246419454799252453e-10 -6.802322580462093699e-11 7.922595431212308287e-10 1.524589222107534445e-09 2.561116174009583941e-09 -7.101688421918681932e-10 2.262680710143108394e-09 3.150985539362022558e-09 -8.834377244520347204e-10 -2.801778146788026297e-09 8.519836201070207151e-10 6.123618033451461054e-10
4.434706315624540110e-11 -7.274350141616427770e-10 6.159373612353303152e-10 9.858606496193452814e-10 4.938879195376505774e-10 1.036951430151958024e-09 7.579396585933658293e-10 4.835584250404517039e-09 2.236855375141398090e-09 4.456865960795811370e-09 -1.531481783206227781e-09 7.386120148144789783e-10 6.894153794677485454e-10
1.484192341667791538e-10 1.408167770958943143e-09 1.081378649632124064e-09 2.075938489501894609e-11 5.411319954703259698e-10 2.243384812794057171e-09 2.751810429286319616e-09 5.998091831230135029e-09 4.045559978095388671e-09 3.870269792949599723e-09 2.516028096647086108e-09 1.164895596391140051e-09 -1.018674274888784896e-10
8.814236070027492573e-12 8.867900860625439593e-10 1.212897324353923753e-09 6.908477782422371486e-10 1.243103056983224910e-09 3.110609134216098974e-09 1.654944899106620315e-09 2.389756129837237484e-09 2.473156043523490288e-09 1.525950577624186049e-10 1.201828346824087670e-09 1.336316267192541684e-09 4.476559346869959622e-10
-5.136600405385154979e-12 -5.986119778529079058e-11 -1.770382787833823109e-09 7.362841796060685443e-11 -4.558679920223544293e-10 3.404758000545736049e-09 3.855580790055454644e-09 2.941426169363663132e-09 4.018226157287511760e-09 1.677089915823830510e-09 -8.254968471244012319e-10 -2.721595457410414137e-09 1.186744056630936658e-09
4.804691056694260412e-11 1.398489636337854961e-09 7.802376649592824751e-10 1.951157773293027013e-09 1.454918005019071354e-09 -9.025627457029508644e-11 2.706370475764116134e-09 4.453206611307506781e-09 5.643085753274333750e-09 3.024438165958399112e-09 -4.012418502064376403e-11 -1.868317675517372573e-10 -3.794816978634018774e-10
-1.256765624444163213e-10 5.276880505978395284e-11 1.717295582991418254e-09 2.502681126749205995e-09 1.713740951894422906e-09 2.735043511538550376e-09 1.214060127716943876e-09 2.047228417705227857e-09 3.023249543867560602e-09 6.297035511373643895e-09 4.625341642842698757e-09 -3.430329252906064940e-10 1.024342334067448738e-09
9.727330148430070972e-12 9.657302528606457546e-10 6.745846885228224823e-10 6.714557165658061788e-10 -7.508327760205387718e-10 8.086750195329645078e-10 4.881112094309752766e-09 3.762825070838091623e-09 4.610920825255006435e-09 -1.601305866141810195e-10 1.472415679799240119e-09 3.095728360163515052e-10 3.171401062382407338e-10
7.887526183984751469e-11 4.244767091548005420e-10 9.300020115948338482e-10 1.065261336570377321e-09 1.322819303125718844e-09 1.242636618371453841e-09 4.392955120860774353e-09 2.352114291148300336e-09 9.259730888901273847e-10 1.012859698544874389e-09 3.781110443258436363e-09 4.362190827880436932e-09 4.672487369049575195e-10
3.628592392755128672e-11 1.174641029919834646e-09 1.740524988369735995e-09 3.455712172043248404e-09 3.396316950098486577e-09 4.746430373134479864e-10 3.234898119045515016e-09 4.705707188464325928e-10 5.769143626061330744e-09 4.496802335189837725e-09 9.050761564021341858e-10 2.849508068566913209e-09 2.030544213618950168e-09
3.454734110632623936e-10 7.955236265555412420e-10 -3.362230832391447968e-10 3.619217380266270422e-09 4.393223179353685276e-09 4.834356454953086317e-09 3.381894209259845954e-09 1.148510614583692350e-09 1.595868610393715640e-09 -4.873559697688210078e-10 1.570351253652519026e-09 1.475605758221940705e-09 1.150351594219458529e-10
6.224939594208598844e-12 6.873775073878211463e-10 1.935073893942854594e-09 1.570717037251497797e-09 5.130152070999644906e-09 5.879398696563269472e-09 2.294613686198782379e-09 3.531647862167075356e-09 2.720342483410876796e-09 6.513344983181281705e-11 6.411292408599287586e-10 5.887852693923828099e-10 2.065701454140182542e-09
2.094009629421653044e-10 -2.147998736295980496e-10 1.324369557403267422e-09 1.527332300629617671e-09 2.526860696943669292e-09 2.134953462518501158e-09 -1.170469995609164258e-10 2.688029411674562971e-09 7.685270839435775237e-10 3.228264903164386968e-09 1.454287782540848398e-09 2.290757337077935421e-10 1.496706718803017917e-09
6.832042223940110166e-11 -9.345250295881906815e-10 -2.154928941422285370e-10 3.301386136118531574e-09 1.654485912611298476e-09 3.942498659422219936e-09 4.294807207433242180e-09 -1.311658118049770433e-09 2.310794535157268621e-09 1.541226452117437991e-09 1.760778484492175589e-09 4.971085973802344427e-10 3.305698697565101501e-10
4.713853568092736980e-11 3.909131930900086490e-10 1.231645316657395011e-09 1.971507716591176004e-09 2.762018142315535300e-09 -2.267322283382678814e-10 3.115342534656456939e-09 1.158582607278099938e-09 3.579716730221475368e-09 3.150901977121337102e-09 1.527169960050043433e-09 1.580098382273484793e-09 7.674973160959567388e-10
6.289000836792333697e-12 8.332453243187973342e-12 -1.660190930014256964e-10 1.202591746836003986e-09 5.424595634765519275e-10 1.647629627964595164e-09 5.141371443050296962e-09 5.309284391831206242e-09 2.276385171667542012e-10 1.589210218335579931e-09 1.901167458940848805e-09 3.865321684318834556e-09 3.484624838475635027e-10
1.469854066972557055e-12 -2.082102430963573282e-10 -5.757636523542380283e-10 4.675151298375431475e-10 2.552707731626158076e-09 4.575409305321107510e-09 2.792711646664753770e-10 5.151381380441721473e-09 3.041782995015156450e-09 2.754669953710027827e-09 -1.026488954952886932e-09 -2.563597639936485299e-09 -1.158649591122839530e-09
3.732103777820922551e-12 -2.965112536734079032e-10 -1.436320165894169028e-10 2.772314019574569465e-09 2.796764674395710244e-09 3.542962204827581786e-09 2.387424635598783308e-09 2.043010333697598235e-09 1.865749308212233692e-09 2.119741083689324189e-09 1.007540172037585472e-09 1.116372249101032555e-09 -5.759766400829513618e-10
-2.477837823609075755e-11 1.603093118771796369e-09 1.761661348388684334e-09 1.640351793762295088e-09 1.460872786620404883e-09 3.831270908270353517e-10 1.805688885540449302e-09 2.337256735950370435e-09 1.879410376848736201e-09 3.795528056141906854e-09 3.916448616745898467e-09 2.008026063961885735e-09 -2.305055538946037777e-09
7.103386608865145993e-12 5.932468616357388724e-10 1.321579632801237121e-09 1.126329389676535105e-09 2.316440223450504168e-09 6.127197857784343042e-09 2.048038136131667820e-09 1.527481960806731495e-09 2.685251843403835331e-09 2.255324858652075445e-09 1.783314452496543884e-09 1.160870368167930950e-09 -1.860239041479159453e-10
-1.425644826977163542e-11 5.644118787482704865e-09 4.745192849670053275e-09 1.315356951795203774e-09 1.325572924652035211e-09 5.063822570012298590e-09 6.424131451778945245e-09 3.675249674297489982e-09 1.935230116915665865e-09 -5.461019579258145775e-10 -1.216203450070052336e-09 1.810665088439001782e-09 9.653045114404382531e-10
9.951298887291893778e-11 3.166680787805366142e-10 2.731029635824854431e-10 5.915596779033947189e-10 -6.919447759655676842e-10 2.205827567640907107e-09 2.865413057761992870e-09 1.638524250762886504e-09 2.644346500752855534e-09 -1.110641899167443322e-09 -1.210934142849655316e-09 -8.944009901672805265e-10 -5.841141033578887488e-10
2.004820737097331826e-11 8.726055154830252955e-11 5.199355977732325921e-10 1.664559010972721618e-09 4.245106799358445592e-09 2.633176613634658696e-09 3.110317257809604917e-09 2.590671494823375277e-09 3.066505998126773049e-10 2.053317363810561269e-09 1.281050020200379254e-09 5.356982237609292203e-10 -5.238142383386410759e-10
-1.237783937395543501e-11 1.047211020926668872e-09 3.607193625912726853e-10 1.171111280690393649e-10 1.430019775424909777e-09 3.443942187057014667e-10 2.087535897082954493e-10 1.737806969432617188e-10 3.567524466319219940e-09 4.169255888171468273e-09 -3.219340743583234804e-10 -1.447725906627470598e-09 -6.171150495660049150e-11
2.123469537223858126e-10 2.344901889811656228e-10 3.094571341918513670e-09 1.386452012717661127e-09 -6.101669958015000943e-10 8.680788919725264070e-10 1.897204063051541571e-09 3.294729283719310870e-09 6.526368355051349602e-09 1.578742917112605355e-09 8.915335290301447213e-10 2.704252820463567931e-09 1.110023435104183561e-09
6.198094720756884958e-13 2.720047798925845076e-11 2.504428269248005712e-09 3.858783528660792101e-09 3.278179245235735507e-09 1.412201024980986074e-09 1.896415294569510168e-09 2.318255143211889459e-09 5.973453776421826950e-09 1.132269265525508043e-09 -1.373729654921789644e-09 1.759694729746733146e-09 4.240104445668420478e-10
-6.509529007319406705e-11 -2.842342648507497118e-11 -7.355327669316371863e-10 2.058414536851393751e-09 -2.321222703761071603e-10 4.893961403890275869e-09 4.162866885379773299e-09 4.451197492837011002e-09 2.321142611319882012e-09 -4.290165613833280141e-10 -6.411334955535378873e-10 6.688772102567292032e-10 1.213778525972701809e-09
6.008175396043378522e-11 -4.900992620848591083e-10 1.062411943248041114e-09 1.088306451541620275e-09 2.559756264148026786e-09 4.955592262191208456e-09 4.891835203822019096e-09 2.893452670222434114e-09 5.785037442504513349e-09 2.144767411957996139e-09 5.711582357540528175e-09 -1.981566296967899022e-09 -1.427627534255499027e-09
4.297464853449113700e-11 8.853716023411832540e-10 9.818733166043792748e-10 1.724410145013864549e-09 2.092894222362011322e-09 4.940612915187744999e-09 5.190435255975131144e-09 1.393775815043136010e-09 1.545794046772975018e-09 1.167085110743129841e-09 3.122326977059393705e-10 -3.876833302848948540e-09 -8.639707559847416844e-10
-5.381565742024166074e-11 -1.128845212649264059e-11 7.686729418526169381e-10 9.345454906208821952e-10 2.058362234992432582e-09 3.693352792122106622e-10 2.399499276835899259e-09 6.125356041351852765e-09 3.663623572101751983e-09 2.656897171845753659e-09 1.624442358284377152e-09 1.415049338716746063e-10 1.544399350687977036e-09
2.222585615307335371e-10 4.229715634488485100e-10 8.219901637426840034e-10 3.236320107740055838e-09 2.522765496541095236e-09 2.662293308670524275e-09 4.027097840531089838e-09 4.403596841951324813e-09 -3.427979645776533952e-10 4.482028550340886955e-10 -2.335722025273434994e-09 1.869150782491810523e-09 7.967967453805418097e-10
6.249039953584228856e-11 -2.987593239191922170e-10 1.026624107502057678e-09 1.721789842105645136e-09 2.421129953253339686e-09 1.860999669990454814e-09 2.457905315783179732e-09 2.809842361834418236e-09 4.358834500015487839e-09 4.975850870078301212e-09 1.434515699508838763e-09 1.530795575917729968e-10 -5.915164870488342467e-10
-3.463692051603338932e-11 1.209153723287094090e-09 5.499368725789330287e-10 2.591636960791217756e-09 1.401117802544128243e-11 3.011451515153689129e-09 2.604951187091118369e-09 5.634090454665505522e-09 1.009383762920226821e-09 4.283810888213434582e-09 2.596190926991672442e-09 2.023353489383539599e-09 -7.024897456115683575e-10
-4.155483845577815484e-11 1.116297225790579221e-09 6.570918685258442165e-10 6.297232895084806434e-10 4.011028503162238163e-09 2.797751587464861441e-09 3.343921266928485073e-09 3.208429259603982593e-09 3.229150076726026689e-09 1.578263842382724185e-11 2.083069583252311332e-09 -9.537639474092376897e-10 1.626703341135703230e-09
-2.815628355096525968e-11 1.746839715189140596e-10 1.282163951314913458e-09 1.755139436466875017e-09 3.170260934172787022e-09 4.476528973634960220e-09 3.409684775220877519e-09 2.722166102603393315e-09 5.812359429630338072e-09 7.203088710106154603e-10 -1.766233106611608692e-09 3.078443666376880656e-09 9.143257816271543287e-10
-7.338502310080385560e-11 2.547994496544382817e-11 -6.695083665046375565e-10 2.404930581877156518e-09 2.872741508092193999e-09 1.852391838400948184e-09 3.833680048136587441e-09 6.126319767588291650e-09 3.196997248547485708e-09 3.640541101606355243e-09 3.865359055325256937e-09 1.032800980598341937e-09 4.405779998910233755e-10
4.661649350481936570e-12 2.932635946417555905e-09 2.641475129080182894e-09 4.849108701160970548e-10 2.287457869012456469e-09 2.210467855791703847e-09 1.155630730205505180e-09 3.737383450938781790e-09 3.944540530884191753e-09 7.283009299799922219e-11 9.291727613387771376e-10 9.161725403121163323e-10 -1.330602058266245991e-09
-1.381753221639831205e-11 2.609923447462270868e-10 3.498554149299228777e-10 -4.962631543299301369e-10 1.498642042938559225e-09 2.104386066553193475e-09 4.675330750948505732e-09 -9.025763829973326904e-10 5.272980539989298816e-09 4.420330281615645639e-09 3.125093108308878050e-09 9.478004741179826078e-10 -1.117865803147129091e-09
1.544876483331189326e-10 7.827791075793793168e-10 6.849661545620180999e-10 -4.401550044741799355e-10 1.456121929503675966e-09 1.091625718238639492e-09 2.318840387131838191e-09 4.532640743595563625e-09 3.026779016799610027e-09 2.996839404331776514e-09 -9.167313997022443743e-10 -8.009982707057945424e-11 -3.507618053179910401e-10
4.412235640191123490e-11 -5.979779696376595205e-11 7.082567408349015655e-10 1.186247365249387159e-09 2.638261486596642469e-09 1.716354914608474786e-09 1.126680064351051230e-09 3.853497901131618370e-09 9.644315593178595821e-10 8.782138248922746033e-10 5.619599906765615986e-09 -4.655894070982239932e-10 2.019379775115222165e-09
3.285134074028764761e-11 1.095617613081301771e-10 7.679488406623092710e-10 1.180079745473172461e-09 1.780369061310074670e-09 2.811664023741513590e-09 3.871325542781265867e-09 4.702615252054910797e-09 7.394902843845596591e-10 2.549636273352154423e-09 7.084776957395465003e-10 1.530877269411855383e-09 6.190246825720230525e-10
6.631466223591448718e-11 1.072276653102321562e-09 1.395763367850462265e-09 1.173951425843224094e-09 2.503506686680655012e-09 5.024230436888692501e-09 3.523009551834634154e-09 4.894341648825260826e-09 -1.000942423658793439e-09 1.486294298514413159e-09 2.144447821492428400e-10 -1.571589643492927091e-09 3.990548818649823541e-10
-1.761557446646116801e-11 -6.543097212078614673e-11 2.202863465541653022e-10 3.381420198657523972e-10 5.663280793683352874e-09 3.330749922736810970e-09 4.122284100200464761e-09 2.915694814951712850e-09 3.106946460897726563e-09 3.950746192330440358e-09 8.422584665950692619e-10 1.014762503096394172e-09 -1.092636622648409500e-09
1.143073167642532051e-11 -7.014887558744450514e-10 -2.806955456883909545e-10 3.668192237222486711e-10 -8.521961537849473139e-10 9.894216452298340654e-10 4.205812501231088302e-09 3.756197221243391777e-09 5.419357395480754338e-09 2.043675452899448699e-09 6.991795973878336884e-11 -1.545136652572229442e-09 7.943358414042830674e-10
-1.738508785130142903e-10 -2.417553035831314517e-10 -5.199132402808663599e-10 3.988044766883711052e-10 -4.271659052781544264e-11 2.749753480597435886e-09 3.929586821980525750e-09 2.197138792039049335e-09 5.200054908925945888e-10 4.667527728461115185e-09 5.523549392991144641e-09 3.652624429734725073e-09 -3.699696271121847559e-10
2.309400512006421538e-11 2.886871093918008361e-10 8.347270023935996617e-10 3.364942016149173120e-10 -2.896217164680124955e-10 1.998157952760282496e-09 1.726540147243427394e-09 1.061137402107390796e-09 5.809775840321149200e-10 3.801340386826006150e-09 3.059333522902040743e-09 4.936062272143577338e-09 2.820626968840372971e-10
2.470728538076833631e-11 2.075636040653149896e-09 8.774160033478319864e-10 1.341568812061839518e-09 2.122091241569272208e-10 1.614752525317165046e-09 3.058564432945998291e-09 4.006431689103421487e-09 1.962662837224070537e-09 4.141843749815321790e-09 3.736500618070367069e-09 8.565622824335373519e-10 1.718722320786670508e-09
-5.805474239295688671e-11 4.344279169225584969e-10 -4.645614883948712889e-10 2.806094318125420535e-09 4.531396864757851850e-09 2.642897222584586277e-09 3.143431948146116165e-09 1.351771208467154698e-09 2.362720694189329271e-09 2.238208064861629466e-09 3.448809707072681385e-09 1.965743628025875272e-09 2.588187330313792444e-09
-3.354263498217256967e-10 -5.085588119662111312e-10 -7.804642367562761395e-10 6.950746963407939987e-10 1.947816262840384252e-09 1.364309659923083113e-09 3.077351766070211893e-09 1.491603534018016287e-09 9.193631585880727274e-10 2.216590710176419171e-09 2.223712113580472847e-09 5.429236597613518701e-10 5.226311884096188279e-10
1.331111822495727471e-13 2.784121668174410209e-10 -6.142401813695503423e-10 -1.913271823093557927e-10 3.034263364557357272e-09 3.691598973359385312e-09 3.080359492573508919e-09 3.898439482383940514e-09 3.764796874106571633e-09 4.086502185680370959e-09 9.473669131574535476e-10 -4.490011885946002118e-10 3.307680733863988677e-10
2.291594609069293461e-11 -4.937359771003873404e-11 4.400550273375073018e-10 -7.897140720164834131e-10 2.361074863882322402e-10 2.022300819205358056e-09 5.460007950027749238e-09 8.801716222751651871e-10 9.925559616210985634e-10 2.344790037890584281e-09 4.815998738699872759e-09 3.610107235940577400e-09 1.877883794753881283e-09
2.310944136569845389e-11 1.680381744968086710e-10 -8.182968212840018144e-10 1.046894172328364383e-09 8.139994200215735762e-10 1.985297559247592014e-09 4.525169247362079840e-09 2.264926308535163490e-09 2.351035866034231639e-09 3.576085325092241456e-10 4.136640365438732636e-09 2.220395478634821976e-09 3.082825109752403156e-10
7.913240459800332270e-12 1.688016730121196891e-09 9.288553458199513442e-10 1.988744910148679567e-09 3.842341168354252858e-09 1.996161874745237925e-09 3.399379900792844625e-09 2.238003498009057127e-09 3.080856605276448436e-09 1.703179191086736670e-09 2.197603808936039511e-09 1.016562676632459217e-09 8.995629973550050695e-10
3.011549854328765737e-12 9.264884103282110215e-10 1.600156029171455863e-09 1.343974030065212619e-10 2.133047967492084796e-10 2.684410403613136042e-09 1.045609062306816085e-09 2.697319875308369116e-09 3.221240936180725115e-09 -5.582003348519123768e-10 -3.706518367514473752e-10 -1.219045891965954513e-09 2.998900280039904496e-10
1.622139941362586122e-10 5.342472531762628578e-10 1.365726741396121800e-09 2.556993668701361685e-10 8.561269495153725388e-10 4.817269943599772767e-10 5.251583148379843878e-10 3.190537282526832362e-09 1.043939754190871839e-09 3.629235521196779975e-10 9.770080769823725900e-11 -2.951493850344692465e-10 7.345180168692885055e-10
-2.558343241478739910e-11 1.680444832398763236e-09 2.044974621134169388e-09 2.035621198592565854e-09 2.581349127261667009e-09 8.301195943845634368e-10 4.932900371120647326e-09 3.047101854423209901e-09 6.867365184928807451e-09 2.853427225394610320e-09 1.039657627629143092e-09 4.871784076459392232e-09 8.883036041409538360e-11
-5.031475151522879403e-11 1.169104353390936310e-09 1.431397189312997274e-09 2.270715871067458175e-09 2.194239182294262079e-09 2.942127914817576038e-09 2.521258102636743515e-09 1.779059455938326812e-09 2.273038986613524319e-09 -1.550157881044778969e-09 1.038113237213253957e-09 4.240286742459229985e-10 -1.573922394582339859e-09
3.343209435321994600e-11 -1.933470415199966241e-10 1.001390062853806047e-09 1.905449528913428003e-09 2.754357411575846307e-09 3.653338636655810383e-09 1.706300848864839214e-09 8.343990394865398329e-10 3.205451846145379808e-09 2.731056945531721019e-09 1.267009483848411179e-09 8.453133799584031673e-12 4.376093671390202175e-10
7.004306586740807614e-11 2.046136631084871165e-09 3.491010908336340794e-10 1.795912998136732016e-09 2.164613610396627506e-09 8.532293555136532909e-10 3.569601489207634569e-09 2.940535924790704078e-09 1.487238658243099142e-09 1.002449435011338219e-09 1.545434905963880212e-09 1.359460645009684069e-09 7.750290198225447762e-10
6.470539722824305544e-11 -2.039627368269382893e-10 3.126264983095989869e-10 1.154800997890062737e-09 1.060388086312823257e-09 1.764862667412910068e-09 1.810095186476030949e-09 2.571115978523688978e-10 1.179267423659528597e-09 -4.101031675408591105e-10 1.767529903787307196e-09 1.407390969836932112e-09 6.067890045610540682e-10
-1.055909589410173711e-11 -8.303511326305643189e-10 5.042349889117712399e-10 1.035293391503852874e-09 1.062647199171255998e-09 8.961882882736567081e-10 2.981302717793542609e-09 2.327999753938238069e-09 2.845675122146690250e-09 1.836790986475137414e-09 1.807964508024362508e-09 4.205502562817628457e-09 -4.781091685113223695e-10
-3.315324691733171519e-11 -4.273610958373802958e-10 9.417208331593449089e-11 3.081961848207520029e-09 2.224335447591990373e-09 7.454139218776760044e-10 1.065163113346299062e-09 4.540871974025991587e-09 2.553388601354355615e-09 1.027485438184382902e-09 2.511650832002945354e-09 -1.240887597713401371e-09 1.252052279357220959e-09
3.196040573047098497e-11 4.775924269357000852e-10 1.969236645023830206e-09 1.949181684524719850e-09 2.476008395036276832e-09 3.588351835655266763e-09 2.566683608852905036e-09 1.083049864309416495e-09 2.462318076816260777e-09 4.390679336579626300e-09 3.424076027644681710e-09 3.444679294907745789e-09 -8.816887216564190103e-10
8.752160227232540225e-11 2.180124541624143154e-10 6.580057291044448334e-10 6.164484215654983173e-10 3.291834780900101121e-09 2.708330892698070764e-09 1.493247487859443491e-09 1.855399441909283205e-09 5.846883828794965639e-09 2.559856748077230750e-09 1.430079356033331815e-09 -9.617733635625295395e-10 -6.522526661144743755e-10
-1.217812444978670691e-11 -3.203837062994403026e-10 6.462322011460162464e-11 4.177472806151152449e-10 3.228922612780117950e-09 9.231034553908770974e-10 1.984281095402295687e-09 8.069112864582251154e-10 2.392472496964297281e-09 3.749081894724998746e-09 -1.006084735264376233e-09 -2.812369523198516154e-09 -5.810254152979578547e-10
-1.618056154767486190e-11 1.367141295801919887e-10 4.463034229553305065e-10 1.962181160122851353e-09 -2.602528821785140572e-10 2.277616085182150209e-09 4.842672270134910850e-09 3.814276033702984111e-09 4.399102815201861089e-10 -1.695973146636811023e-10 -2.244132494419669762e-09 1.593792400866263319e-10 -3.114721308773271317e-10
-6.971392774426099981e-11 2.914713706508218078e-10 5.090518812118461856e-10 3.729098872309903936e-10 4.353728167397476623e-10 -4.763579758946411959e-10 3.184729068308278559e-09 3.320093976684346816e-09 6.557238074541751659e-10 4.012173013194684208e-09 4.305754026198703393e-09 1.669030337726424644e-09 4.419807197465701719e-10
-1.463863649423629725e-10 1.056108006277307994e-09 1.838516266295753598e-09 4.241977019460836054e-09 3.028633710114947394e-09 2.475500642844283221e-09 5.136710963545445281e-09 2.483811580485269161e-09 3.143477645156719851e-09 -2.915409258320385859e-10 2.065781650901140055e-09 2.617518093559642566e-09 -1.120899841345493264e-09
8.358707578940774961e-11 9.612277544489149326e-10 1.829054229167895626e-09 1.496433932234160761e-09 2.044432500519695361e-09 5.042212625782833922e-09 3.782422470307237932e-09 3.311484326955380478e-09 1.342593923120510221e-09 1.792611182592601754e-09 1.434575053206520043e-10 -2.306331139946955749e-09 -6.682301699343069801e-10
6.570405686589330373e-11 -6.947134295505611080e-11 8.558026368153901647e-10 6.611624181449994440e-10 1.537201680854569456e-09 1.411701947532550783e-10 6.492644837025068171e-09 2.491545942019246984e-09 5.478171164553371308e-09 2.507382055680322381e-09 1.886733220006652632e-09 1.845553272881513638e-09 -3.396546560058103338e-10
-1.171845122430675883e-10 3.526318000057828261e-10 -2.079615588264233347e-10 -4.816403489531687219e-10 4.255036499210148670e-11 1.639899929620018240e-09 3.611411380623115969e-09 1.609265237855320083e-09 3.526179293527174913e-09 8.552424920561424563e-10 7.364492600414250885e-10 1.056617608767890821e-09 -5.638976898030667366e-10
1.002348731682011299e-10 -3.429895702673587005e-10 2.415820786432646339e-10 8.184616746159803676e-10 1.765689889136133778e-09 -4.626038151101915947e-10 6.713638096047754405e-10 3.911456644820560020e-09 2.753578864418310182e-09 3.597847234976897804e-09 2.133711723859026146e-09 3.194609295178502946e-09 4.158150155306297356e-10
3.566043060889569346e-11 6.679176983219335324e-10 1.205829791751529157e-09 8.783643374997651755e-10 2.193685422904370478e-09 2.002512223560033889e-09 3.100080805143936125e-09 4.308604829732631237e-09 4.266050233037622854e-09 -3.419515880117188275e-10 5.338535632139967349e-10 -5.721957615410435628e-10 1.274068077962088622e-09
2.126896875218508935e-12 6.448362674695392680e-10 2.086679471232180226e-09 7.543698340786170253e-11 5.690847923636511263e-10 1.488696023792463505e-10 2.400804514965237087e-09 1.312713474510953224e-09 1.818524189439780654e-09 1.420955776502242421e-09 5.063613457524264720e-09 8.004554834697918564e-10 -4.952785917584601425e-10
-7.511695161552818932e-11 1.213624297016250879e-09 1.803762189059960125e-09 1.454200382044103749e-09 6.314536307941283005e-10 1.757524548677768695e-09 1.146136747145810331e-09 3.564591656564279625e-09 3.461741909786573039e-09 3.377884121346330821e-09 1.956048009872912083e-09 2.945355156271476874e-10 4.224627871341291399e-10
8.107731428906545470e-13 2.905410352142593939e-10 3.581269267640661933e-10 1.633765343992279236e-09 4.230618755229067770e-09 2.380448648728686645e-09 5.260313466514410571e-09 4.362305110203780841e-09 2.543905732016498375e-09 7.201343047014826363e-10 -1.477762651680344508e-09 -1.451677869328312715e-09 2.808108030599640439e-09
2.617362119928820881e-10 -4.196047569883037728e-10 1.530565465426560272e-09 1.579268008091080241e-09 2.414076007482228180e-10 -2.553824187217521923e-10 2.815817037248944055e-09 3.199547656840985348e-09 4.304161026082163657e-09 9.823368410726449363e-10 2.796591505038650574e-09 2.616129530551503562e-09 -5.828851514104410119e-10
7.353416150063161563e-12 5.894744226592073861e-10 5.485907375694103715e-10 1.352507193213179791e-09 4.888929487679924018e-10 1.577032039350546867e-09 1.018337327772062160e-11 2.251329213672384048e-09 5.325193039228135632e-09 2.355860608154153285e-09 4.424865965221887952e-10 3.265906773839070778e-09 4.040147067064770719e-10
-1.510190767488295436e-10 -3.364202992860254700e-11 -1.321126131157927481e-10 9.652957432021278338e-10 6.966161401839814751e-11 3.141487344850072828e-09 3.620489539070613565e-09 4.373803636074192970e-09 5.753049268307213709e-09 1.779774071688538965e-09 1.419780441990782123e-09 -4.315534000951855569e-10 6.712779211523865885e-10
3.073542075256202064e-11 3.044254221095401773e-10 7.105000222566831933e-10 1.566575560684291007e-09 1.712681998699353499e-10 6.032531370804671533e-09 3.145501888807201304e-09 3.732617786897689882e-09 2.840091471793361064e-10 2.127259392882088669e-09 -1.521894395895891858e-09 -4.166912543989534053e-09 6.777293295570366229e-10
-3.284352940529387349e-11 1.355448317201051249e-09 1.229023838509776746e-09 6.178289809455001460e-10 2.942029317621489602e-09 5.410391173574327258e-09 1.311610921137692785e-09 1.617800911010189213e-09 1.631737570571599922e-09 1.375880768650319924e-09 -3.562199573755361011e-10 -2.891111797960109446e-09 -5.381219232343706702e-10
1.328642296423492234e-10 2.117258948196629077e-10 7.407894259440533807e-10 2.784067354653295815e-10 3.075185427623477135e-09 2.156578488076901138e-09 1.459183976083275054e-09 2.554067881172467428e-09 4.177846586017188538e-09 1.574766611431270745e-09 1.092987823530592530e-09 3.052749509946100310e-10 1.560697469865611376e-09
7.796749386578404317e-11 3.121058147061355472e-10 -1.502560377667762523e-10 1.621146510040805331e-09 1.190042145438744764e-09 3.289480707699995931e-09 3.365902493178969924e-09 3.428370234375194639e-09 6.431862999995052924e-09 1.156896785412822326e-09 -5.342225211078031850e-10 3.569469555873120117e-10 -6.730013182597415890e-10
5.932831481462307983e-11 2.631226027852816475e-10 8.845803913632388755e-10 3.038612683955760146e-09 1.960499667146082937e-09 2.303682116195994456e-09 2.732331825446143148e-09 3.250499329254076552e-10 3.766734364558089702e-09 5.009180473238019693e-09 2.012922378533817367e-09 7.372186381626385108e-10 2.589055275666166075e-09
-2.559545118068324075e-11 1.844471004571715627e-09 1.117304577871715973e-09 1.175087592902843886e-09 1.431041482147299896e-09 2.036158024824843181e-09 2.051931568909880312e-09 4.957250531883185958e-09 1.311897896774733602e-09 1.020463527091277297e-09 2.976062088142906488e-09 1.338157093009104523e-09 1.134151180366728396e-09
6.154820719903366799e-11 1.537826698069445066e-09 1.551087090888699409e-09 1.695784019333422531e-09 2.200124032541012826e-09 4.194784095713978988e-10 2.929355037784525496e-09 1.751573461738664294e-11 3.052069104364352057e-09 1.664084086541163839e-09 3.942719400749759013e-09 3.421708745264535626e-10 -9.275849804756513633e-10
-2.343926698923095187e-10 -4.546877854608783768e-10 1.827698237656145295e-09 9.205448953301640716e-10 -1.948639074926755968e-10 1.353875468079409625e-10 1.021616427002906113e-09 3.197447486757972856e-09 3.814177245325989177e-09 3.449860860954940748e-09 1.492168769718333554e-09 -3.478030220943402364e-10 6.861337305225183684e-10
9.105010798426080728e-12 -6.857791571765088984e-10 5.692439164106149398e-10 2.862850833225449009e-09 3.983427444884067181e-09 2.993236038658918992e-09 3.350630645550546515e-09 3.540564640326580846e-09 4.739437822943597205e-09 1.725415290520363536e-09 1.238979003285516609e-09 1.602643133430227470e-09 -2.998370504790252156e-10
-2.948782917508446724e-11 -4.625580966658484331e-10 -2.894342603785561113e-10 -3.476957109407101344e-10 2.844134992915125801e-09 1.218839594920754915e-09 1.483593463572475346e-09 4.627130644185667368e-09 -5.023180107041649018e-10 1.982414143973160053e-09 -3.351581694958415070e-10 -3.427760485383990630e-10 6.499571662110113212e-10
-2.466290170838675760e-12 4.837678100710843451e-09 3.201562030398855326e-09 6.405693703861144449e-10 1.532854390363151572e-09 5.523610412850950858e-09 4.866732432330869312e-09 2.948177372929942920e-09 3.250937140819164843e-09 2.543222716139238665e-09 -1.740549347455851500e-09 -1.073986564826199046e-09 5.792280851585262942e-10
2.933079526829844671e-12 -1.640916532307261765e-11 3.330844734506915204e-10 5.905772582039546648e-10 3.685458544212887542e-10 3.281589898574919599e-09 4.183195155384316607e-09 3.688037805888109556e-09 2.460462475017104817e-09 1.438489562965548962e-09 2.519968585835835547e-09 1.743186895038292856e-09 1.914142797885998737e-09
-5.184699530817405141e-11 -1.983723845813325197e-13 9.367064868225621171e-10 1.203038423459053021e-09 2.560570214522730234e-09 9.292034887237654626e-10 2.325663588747772710e-09 4.872897259299229326e-09 4.585212491088253969e-09 3.527548620261201653e-09 4.298609637881858412e-09 3.198851434916906661e-09 1.037746667974596688e-09
-5.218806051946556754e-11 2.792599706627910763e-10 2.487942980412135328e-09 3.243513462713275460e-09 2.087832552325931589e-09 1.316485152503452379e-09 2.410341732597116159e-09 1.653577007829340874e-09 3.305886495654694270e-09 3.049798744712342614e-09 4.057965265347205752e-10 1.539727413288025624e-09 1.366196553114376814e-09
9.719016916117935079e-11 1.656542096371110466e-09 1.870352154595729996e-09 2.478640734880262402e-09 2.049738879373993405e-09 3.932919918170859809e-09 6.554892347122582156e-09 3.762820664064498436e-09 4.926595261699052041e-09 3.441752425448360821e-09 1.251813273440758395e-09 -9.751644242687377369e-10 7.326135065777913046e-10
1.325381580355739379e-11 8.064164935619470140e-10 9.108124422089555235e-10 1.236227243005586698e-09 2.406146831802551202e-09 4.239411818819890563e-09 3.307544720425780333e-09 3.001041143216238199e-09 2.310198686185437891e-09 1.586749592452294757e-09 -3.514131763447000191e-10 3.926933544493399621e-09 6.452683253352315588e-10
-1.870048203348849863e-11 -8.953953744253978539e-10 -5.414871922104618802e-10 1.081635848073928809e-10 -4.974687710257323322e-10 1.463569867810050064e-09 3.347225028115062404e-09 5.312122514479664300e-09 2.284955922318782429e-09 3.311955795117612459e-09 2.414250211522944060e-09 3.801728429845320222e-09 4.861775044875790031e-10
-3.745028880874483961e-11 3.622586086631279713e-10 -1.175650714199696966e-10 8.692728947454179098e-10 1.681137225918837799e-09 2.117826923536651082e-09 1.072724117464531305e-09 2.590779691240731716e-09 5.336516006814921021e-11 5.336813386893789876e-11 1.453664648140477879e-09 -2.265398173269987619e-09 1.088302369879154151e-09
1.198512678864100559e-11 -1.661104927060031846e-10 7.170796414985499882e-10 -7.626847217769180955e-10 7.276021951174425933e-10 3.384992485355395377e-09 3.067672697459586114e-09 3.088844966436589744e-09 6.059543812558358957e-09 2.659709499113316105e-09 3.100942502599169212e-09 -4.299250766121560040e-10 -2.785992820058096887e-10
8.123196201433277363e-11 6.175773978157566454e-10 7.166148255449762184e-10 1.875198278712857840e-09 1.369281185429849633e-09 1.912902526380330205e-09 4.977765089880959314e-09 2.153264938009667530e-09 1.582158257365753743e-09 1.221779749611558897e-09 5.267010561043047254e-10 1.064894385153408733e-09 -3.670993303582399989e-10
2.136951292660292937e-10 3.080880500308864762e-10 1.462031057532971804e-09 -5.793780355699716058e-12 1.621062690675944258e-09 3.393819618272759339e-09 2.749528687139493505e-09 2.779600274689268240e-09 1.231348496795835072e-09 6.546858472873540126e-09 5.193513802438969912e-09 2.869747882175030896e-09 -2.992229861079773460e-10
4.563586626947442318e-11 -7.357257261100822590e-10 2.976795065085088799e-10 6.159965728430357560e-10 9.891682340911250690e-10 1.313827205921736931e-09 1.388609690032264273e-09 2.416671706348881083e-09 -1.302143667072324270e-10 -3.598914760575165916e-10 3.626061956024049506e-09 1.519761156455289259e-09 1.352041616641358695e-10
-9.318787200356053713e-12 8.585811488464264300e-10 5.013657002079099557e-10 -2.105096537382004373e-10 8.245795067772652999e-10 3.509627166050694010e-09 3.112941372972736479e-09 4.648197921100655182e-09 4.728561374001843719e-09 3.589371406020653129e-09 1.763609240314220271e-09 1.950622386190366882e-09 1.068749034983245662e-09
-4.415740873506009652e-12 6.544000481520442351e-10 2.728503305530135481e-09 2.709489257094641763e-09 2.837927875153941709e-09 3.806702390632787578e-09 3.760395834183990583e-09 3.201601243066554500e-10 3.853573562674317622e-09 1.941802554430231751e-09 3.032660081754301698e-09 2.769910689996847175e-09 -1.676464575071332933e-10
2.685704813174324174e-10 9.351543607425068957e-10 2.739663502141843480e-09 3.788843107663601494e-10 1.823723391161988780e-09 1.770266158309201453e-09 1.543412285859231889e-09 3.300958006587205170e-09 2.350740484265603907e-09 6.092912260018585653e-10 2.049332086246366462e-09 -1.121818806075635384e-09 -1.931779631463405731e-10
-2.055088323338941564e-11 -1.145216555780406376e-10 2.698703046576972705e-09 2.529109126910169618e-09 3.323693955117154486e-09 3.516286875817104519e-10 2.276718360781646912e-09 2.989320363046574980e-09 2.327023568441586013e-09 3.172465948065758034e-10 -7.233179215212890394e-10 3.637083804610129418e-09 -1.635939481791054474e-09
6.738978593694385901e-11 -1.257005901539354759e-10 3.489707874949746486e-10 3.646330356265818558e-10 1.388425537213619066e-09 1.308885915274300863e-09 3.905838356198626108e-09 3.658997326172998207e-09 2.799781901886385603e-09 6.433693157919119795e-10 1.747684904560710991e-10 -7.225922274096066389e-11 -1.038721790899642067e-09
-1.767983089977045730e-11 -3.450297737886516653e-10 -8.919228863171573123e-10 -8.294765730639605716e-10 2.542638187720190683e-10 2.660895705085408445e-09 3.021523777327300869e-09 6.034685022310000416e-09 3.543820528482585095e-09 1.062389490690003349e-09 -5.092857442666484223e-10 1.291204027990175443e-10 -2.926650461620725272e-10
-2.377099094398674027e-11 1.860259931337663592e-09 1.806346128155251162e-09 -2.491335579455309796e-10 3.210106830652308670e-10 3.449890111278381414e-09 3.519095713752122789e-09 2.296942856175743078e-09 3.333375539957488610e-09 3.667121551396446855e-09 4.128063133998229186e-09 -4.852195613989994132e-10 1.473270681287093189e-09
-3.792285557037429101e-11 1.964583874369310866e-10 1.835703995434235122e-10 1.781037831097767195e-10 3.474919279597255199e-09 2.637575703322562195e-09 3.440321014299695285e-09 4.587565869552993682e-10 1.364184636429976911e-09 3.454750347464306778e-09 4.645653076418676507e-09 2.453648003393639865e-09 1.143232519179099185e-09
1.668030289935108899e-10 1.946189832160394491e-09 1.106337426888950405e-09 1.181880673696937278e-09 1.505303819606148726e-09 4.302003589898065602e-09 5.175998486320756892e-09 1.256340658202905937e-09 1.465627003618914466e-09 -3.411206652014485903e-10 1.839847618186547083e-09 -2.059124322323437049e-09 -4.641803400633758991e-10
-1.142221208972722949e-10 8.544705154556443403e-10 9.246393219646823687e-10 8.246765271047823876e-10 1.931913558393121774e-09 1.643416581811807572e-09 1.739701477916953535e-09 3.366254360910697334e-09 5.396995551671729230e-09 2.563058478819341009e-09 2.991527060958651501e-09 -2.812169234260078901e-10 1.471072735138513721e-09
2.170109902102502591e-11 -1.626145280932759081e-10 1.369193639496221144e-09 2.475997030265650641e-09 2.984431767440041469e-09 2.764138408455748178e-09 2.793546851438086545e-09 3.144811980815620919e-09 6.692805260249943943e-09 1.936761753745765322e-10 -1.737335797645255929e-10 2.026774809313560183e-09 1.026367188339437750e-09
-4.287660141761997545e-11 7.736368053373044668e-10 4.160559555285236727e-10 2.639459912177555563e-09 3.918515736346977553e-09 2.509573657140148575e-09 5.950537291426043384e-10 4.815006714101144031e-09 3.492026020526884312e-09 2.617483049629229611e-09 -1.112982638367035653e-09 -7.025910442434492925e-10 -5.227432267372890701e-10
-4.699979911497162296e-11 4.783182898094844761e-10 1.058116297566675266e-09 2.265489399078918274e-09 1.624378569947526731e-09 1.968750042237987215e-09 2.544335749768580729e-09 3.619383625755362190e-09 3.920745241352295569e-09 4.367069938282912467e-09 2.958393996031983779e-09 4.976666568153425743e-09 7.634691004123637771e-10
1.716951572296782210e-11 6.253528578069125217e-10 4.551743499606857929e-11 1.527209985449334826e-09 3.050081021804255732e-09 1.010367153878617858e-09 2.311987208352409016e-09 4.201399595167802628e-09 1.977465196613903817e-09 1.951652855245492707e-09 1.825748646522308964e-09 9.918050840538299064e-10 -1.904844494077884774e-09
2.239463525195161156e-11 -2.074302732183289433e-10 4.921035852686584730e-10 1.350123274217184285e-09 1.798411939136826231e-09 2.276178330637038774e-09 2.147232647680520892e-09 4.452981099032961345e-09 2.450868293210949566e-09 9.042693333088761346e-10 5.534656975338662488e-09 1.426240850593757989e-09 -5.325416628450037117e-10
1.626655657830415162e-10 1.813024987085279557e-10 3.999618646879496472e-10 1.902420991757637824e-09 1.436084509451469340e-09 7.875568271277290193e-10 6.656394023080488973e-09 2.916553803478824488e-09 2.641568649420588511e-09 4.461037749957047654e-09 2.321283381794291888e-09 1.070740583944744792e-09 2.229629197596600659e-10
4.936872454704464714e-10 -1.200469140185174499e-11 1.725643233262529133e-09 8.527707791665466736e-10 7.543534151023872773e-10 4.675600525989993152e-10 1.222974285325638805e-09 2.993265695890314239e-09 -1.627947314444493242e-10 1.313296030654099170e-09 3.924039925028084440e-09 6.734429028847115262e-11 1.771833956633370947e-11
5.156108070955972094e-11 -4.093568674343149060e-10 5.056791224552447980e-10 5.828942556512695629e-10 7.521825827417887788e-10 8.872454929593183417e-10 1.998151161868579052e-09 9.858540218638577246e-10 1.077729508736165682e-09 3.984959607467172943e-09 2.742910557561524499e-09 1.268734471418409279e-09 7.182704939746551141e-10
-5.051023466639529651e-12 2.096017569891159106e-10 -4.167200046372785027e-11 1.920130705969575261e-10 2.938421146926060594e-09 2.740887308805681728e-09 6.513793966283536865e-09 3.555519560723669139e-09 3.434131440605800418e-09 2.020685128223845112e-09 3.350425326305524828e-09 2.413174718438040833e-09 -1.152831600249563836e-09
-2.918078677377858610e-11 5.526963141917726679e-10 -1.108415939336338434e-10 1.388242453881167118e-09 3.845791398727318774e-09 4.645004055802263510e-10 1.408245906952348522e-09 1.113115390076611935e-09 2.310148195265227867e-09 3.765214316005995098e-09 -5.431499906415384197e-13 -2.123952846929667611e-10 -1.505536095681870446e-09
1.378140449425958004e-10 7.930207169140991406e-11 2.108200460669529450e-10 9.366890105796002165e-10 9.304074507629268867e-10 1.874889292836492759e-09 6.821926533345428316e-11 2.104145568247034640e-09 1.354403324198673560e-09 4.953024592108449156e-10 5.281065989623745077e-10 8.103605013938158093e-10 1.064796018404149976e-10
-2.979218891806267277e-11 3.622538105740599638e-10 1.107102497381797072e-10 7.534729842104717647e-10 9.154876042655953354e-10 1.473073525457963012e-09 3.637073346694584997e-09 3.470076782017377090e-09 5.622973577816265822e-09 2.428909769218319336e-09 1.540823643376089634e-09 -4.988832712563552352e-10 -3.605039687355244112e-10
7.782435033058985299e-11 4.176529624069384727e-10 1.382350068411756965e-09 1.846218474520026785e-10 1.614533106276549049e-09 1.917590445995682277e-09 5.012960577217036985e-09 2.329359612596229218e-09 2.385790266838048396e-09 2.494838409468457243e-09 2.732524449088400810e-09 2.081985036567629759e-09 1.946716566085325458e-09
4.683472820484471008e-11 6.823807734526230210e-10 1.506876405903984418e-09 2.031284931381367511e-09 3.265211246830813120e-09 2.052292320498510475e-09 1.708605277764547726e-09 2.762834672015605869e-09 2.415766715899079741e-09 3.162144524861093831e-09 4.265751904518837501e-09 -1.254414585437574271e-09 -8.504318501014934059e-10
2.346949697471032400e-11 5.870431406105894691e-10 1.903522449412425088e-09 -2.363086748576249753e-10 1.882465230507264440e-09 -6.096465710283104382e-11 3.763580882862314307e-09 3.012416671680723139e-09 -2.437827645143385040e-10 6.853018721624332981e-10 8.518417539858396438e-10 2.691069611412745091e-09 2.277940017813600941e-09
8.598289795132136682e-11 -5.187784635366897116e-10 4.094050361623969982e-10 2.732998191706777566e-09 2.365789386063442013e-09 4.034604386533192601e-09 -1.198422836659127592e-10 2.276759814192747830e-09 4.022674336203616140e-09 4.557008677345647390e-09 2.109071258990729499e-09 2.856521196139495499e-09 1.268819790744624951e-09
8.119000612562561581e-12 -3.742236437475490634e-10 1.216785208883672466e-09 6.432947773222511818e-10 3.003529399188698446e-09 2.886302652997030319e-09 3.699272893682800032e-09 2.631937875714639440e-09 2.818082784664578831e-09 -9.265105178969318382e-10 2.422974057198302301e-09 2.063467235880935665e-09 -7.749095003742181747e-10
-3.785620551100640963e-11 4.460305683850899807e-10 3.971916897122516597e-10 2.271872615479015846e-09 2.311930026181056653e-09 1.774540594397011823e-09 -5.894560397206519963e-10 3.763749477300145878e-09 2.054182737037164610e-09 1.553924995805868890e-09 1.878084096047194871e-10 1.655094551196039806e-09 4.665883087559078039e-10
-3.461976404144440975e-11 4.511722774085252149e-10 4.782970291611524153e-10 5.070383251644039792e-11 1.608861546933940539e-09 4.195486107292947837e-09 2.693961811237966434e-09 2.992592298895982107e-09 2.515349855188561486e-09 1.171308433551531597e-09 1.583685371164690765e-09 -3.154879794522692162e-09 -1.952309369992130399e-10
-1.256087506521188949e-11 8.262868815356354805e-10 6.362067831881607162e-10 1.057721292873684076e-09 1.146684257808344815e-09 4.019804331072034935e-09 4.921039979244793728e-09 2.517570260212688343e-09 6.180006724775691193e-10 2.934827621664903677e-09 3.258361661444781635e-09 2.207631236683184310e-09 1.286061995422920798e-09
-5.955512791421059548e-11 3.400009894936276669e-10 1.035090425147986252e-09 -2.365060607811346405e-10 2.321806968615805697e-09 9.734420893265623869e-10 3.374908426124576234e-09 5.142898488910552043e-09 6.075129255611366275e-09 5.286085443836861810e-09 1.274020131923449149e-09 1.103886333084542637e-09 1.984720586754137579e-09
8.322680482163257954e-11 1.679845793198438188e-09 8.681992259716138143e-10 1.924902800290715423e-09 1.015387230775536637e-09 2.047680322876192897e-09 4.263123264476102703e-09 5.319658376762579311e-09 -1.186738580409674910e-09 1.546737040940497143e-09 1.892123616067477771e-09 2.094223838803453854e-09 -2.547468389624865482e-10
-2.721116366647354447e-11 1.222625598879825851e-10 1.437706299487287091e-10 5.149462000046554693e-10 -3.183994195711433598e-10 4.073609286001281842e-09 2.995245979496484255e-09 2.679203391992197108e-09 3.333721139921975003e-09 4.039162455869517593e-09 2.968847205019746040e-09 2.424818527089942389e-09 1.548010593261029134e-09
3.636162854103923886e-12 -1.540738187526003702e-09 -5.771297367985015929e-10 3.920985613753844994e-10 2.138833842217975511e-09 5.043003608686973418e-09 2.017391104182467684e-09 4.540766163234195630e-09 4.680135216159721504e-09 2.587568746925752652e-09 -2.379997458017543797e-10 -2.987367952549959871e-10 1.207425245061707726e-09
-3.811512501484550428e-11 4.067231817359933720e-10 4.730775458248160208e-10 5.557462014627817465e-10 6.358381204965987584e-10 1.780563055509259496e-09 3.578461673328971275e-09 4.673779754520572123e-09 3.256095445260198172e-09 4.574925847736173403e-10 2.974029932826665800e-09 -2.018018452049481362e-09 9.353076119683745495e-10
1.607689579567943117e-11 3.236289280423774447e-10 -5.002164917818399119e-11 7.661012027516826283e-10 5.994558267036502593e-10 3.115672697006958507e-09 3.230763956399538371e-09 5.134472700616505140e-09 1.773613399200380102e-09 -8.890058880162699377e-10 1.833398536824957182e-09 1.732041781054059728e-09 2.254654446981486875e-09
8.284237183262456947e-15 3.486576701283863154e-10 1.455413772771584949e-09 2.344697511044854071e-10 -9.968238187600936499e-11 1.319405063173801241e-09 3.195545823968656432e-09 2.201121342108072963e-10 1.153710720700495877e-09 -1.083810188054916038e-09 -3.691723868176212069e-11 -1.076830042700409966e-09 -1.208838427427912667e-10
-2.364946067600382252e-11 1.887266739129030093e-10 4.246094875402774267e-10 3.112507953286838463e-10 2.456554726494716212e-09 1.295999434244484183e-09 3.385162440213604953e-09 1.512046414186080354e-09 2.907454704672207447e-09 2.338437778427751834e-09 1.342102830654919154e-09 -8.903402754984196512e-11 -3.417723445191122979e-10
-3.854846461190396845e-12 2.193545671913069235e-10 7.152865334509541592e-10 5.573747630610485658e-10 5.225847651077236254e-10 2.996932304256231185e-09 -4.983244231800573332e-10 7.860664342315915229e-11 1.849683984574830235e-09 3.400000551424502637e-09 2.075776043492885301e-09 2.889988828177027338e-09 1.712949608252058006e-10
-2.259189264973698735e-11 8.664252910750753545e-10 1.118496239671450287e-09 -8.165517464489743014e-10 -8.050614641783207806e-10 1.529667740717614559e-09 -5.201246986363648510e-10 2.125371782504248919e-09 4.644750309776078122e-09 4.418493010445068745e-09 1.784664752546530091e-09 -1.785209591939551505e-09 1.180349316188260782e-09
-2.529315160029375659e-11 8.549507948151706847e-10 -1.598498475396102820e-12 -1.692714848239120127e-10 1.670386327694352585e-09 2.137385195467067944e-09 5.539041552125857494e-09 4.791639763268971433e-09 4.038273275191112805e-09 4.734477277576942162e-09 2.150633300167312854e-09 3.399330159788153229e-09 9.907135816259934878e-10
-4.676738676847468079e-11 -7.498268481382993768e-11 5.997125083896226605e-10 3.494967439558461070e-09 6.021847182896058890e-10 2.277944814598554503e-09 2.449199657389263630e-09 2.276522207204678813e-09 -5.204356149674730063e-10 3.474780228114402771e-09 2.603567669077651531e-09 1.268323032437939777e-09 -1.169469439176742997e-09
2.216412341550136449e-11 4.796587499770974272e-10 6.113755989015509398e-10 -3.405418377765334180e-10 1.240904561244896039e-09 2.334260094699924383e-09 2.219696110549476164e-09 2.710509478701872522e-09 -3.884031592285821524e-10 2.051502966609397830e-09 1.123333208442550963e-09 -1.986910143593636044e-09 -1.842380763412824449e-11
-1.458595183827444897e-11 3.812525528106202256e-10 3.271535178779210963e-10 -8.895412747062486267e-10 2.017837783519784789e-09 2.594460431835828734e-09 3.557045389538389971e-09 3.378931514965762851e-09 2.306852686964722305e-09 6.560802458505304203e-09 3.580211095039787391e-09 1.268914576466175904e-09 3.463494559283438195e-10
9.418801913952531041e-11 -4.111558567381118114e-11 1.087399575002627805e-10 2.013653050042519265e-09 2.163245805851035857e-09 3.299087022962470348e-11 4.015478781045311260e-09 1.340589166186432930e-09 2.408998815452597713e-09 1.450996700207009017e-09 3.973376255684850280e-09 -1.333309873810228262e-09 7.048986012728472089e-11
3.011807646601030816e-11 -4.043632017292289020e-10 7.824313657253014673e-11 1.253503006845901007e-09 7.629284707008046609e-10 3.318286454790993536e-09 1.479156855289977302e-09 1.050241492828453842e-09 4.934929632152506185e-09 3.714233226610472365e-09 -5.925431003230977386e-10 -1.629176179455589265e-10 8.590297058086925149e-10
1.360709784511227581e-11 7.846270744481280565e-10 6.185718813970975750e-10 1.224340673096406714e-09 2.392700692040876867e-09 3.213560486171593189e-09 5.709487181591354205e-09 3.979554166788047486e-09 2.528349445721371566e-09 4.950244615941205436e-09 4.010483361244632266e-09 1.328807675423889086e-09 -5.080093715014609960e-10
-2.466890193236499881e-11 2.523330503421578698e-10 1.420891488035331544e-09 1.752580517004195841e-09 2.023676859756433626e-09 1.009011612213905637e-09 2.487783285053510229e-09 3.297254367602567324e-09 2.522524453748018907e-09 4.048572937809465344e-09 1.977760423060284763e-09 2.716329539661371577e-09 -3.471121591303064498e-10
8.702485360546275001e-11 2.371910058767513388e-10 9.911013794590865284e-11 1.973302133671736428e-09 8.548075372956673728e-10 2.104620789904344132e-09 2.587093262320697862e-09 2.227261969317392264e-09 1.561772379865263578e-09 2.088546793908221351e-09 -2.330330227055266123e-09 -1.564202714993050063e-09 2.644987577433463139e-10
6.828847740254563294e-11 3.676871214980041761e-10 1.536378246801817504e-09 9.721945536968076069e-10 2.543851128621602696e-09 3.262365304206756383e-09 3.717927596838219839e-09 3.504066703607820683e-09 9.092966598721475146e-10 1.331265036119049848e-09 4.969624783968697438e-09 7.031929031162444726e-10 -1.007644738221765447e-09
8.758697968295541628e-11 -7.439321043766257338e-10 2.812419845425936830e-10 5.232972452083154831e-10 2.473771630236616929e-09 1.313569452756797224e-09 5.439194673548079187e-09 3.715663344945765779e-09 4.074192018873798014e-09 -1.149327271040440636e-09 1.758698770231673062e-09 1.767989924840247838e-09 6.282949473996643348e-11
2.098987522270951900e-11 4.607772690641415277e-10 3.115108910563630440e-09 1.585371591214953709e-09 1.518869133688402074e-09 2.730179248146592592e-09 2.257486676043723678e-09 3.395535749893430115e-09 3.871998358291393100e-09 1.563084236342038598e-09 3.089988566485521373e-09 4.805815599292394238e-09 -7.874678691374413838e-10
-6.714284598045669654e-11 1.093417759235392585e-09 4.530035717490239995e-10 -1.525264981675273870e-10 4.151747542213881867e-10 3.590768698642594131e-09 5.995418011052981883e-09 3.968574664972469439e-09 8.820037683435220162e-10 8.003740265203027917e-10 3.968262433785248767e-09 1.277677335790648900e-09 1.215673307409008789e-09
6.266758908420131179e-11 8.226159551171586273e-10 1.142007089194002792e-09 2.251767242891280873e-09 3.323599706885578688e-09 2.006033479515272722e-09 4.724276684876128632e-09 5.231599277710757085e-09 4.217207135619514351e-09 -5.852955143935182189e-10 1.159989728860625609e-10 4.936388234959441935e-09 2.035099462223040252e-09
8.185674113243919136e-11 1.440310958621149164e-09 2.630560360291621298e-09 9.429130073936876572e-10 2.458941286435365598e-09 3.635670189927558352e-09 4.275334682350308520e-09 2.119243454487008640e-09 1.320619317254817509e-09 5.155066120008184692e-09 1.468362755052258483e-10 1.612378234662418147e-09 -6.086421757049095143e-10
-6.123358566452578120e-11 5.862372121638152648e-11 -3.091785432794720216e-10 5.427372040702337793e-10 7.991163593502391287e-10 1.945137876686273347e-09 2.471995443818571039e-09 1.361927619326297391e-09 3.739771231928559294e-09 8.934069436933005451e-11 1.661983219356981800e-09 -1.042724235513491224e-09 -2.426456133504834608e-10
6.328577186095733432e-11 -7.230762103727099244e-10 -1.213035209916184574e-10 1.558818627144894606e-09 5.378655447135298912e-09 3.768765327515211979e-09 2.360208995261129577e-09 1.975588935100328024e-09 -2.256488470543027052e-10 4.674819416710257720e-09 3.777512320628748785e-09 8.111690513495375273e-10 -3.624253504343237176e-10
-1.286038895736326068e-10 4.135778051490475301e-10 1.046711645233906395e-09 4.462133819661836710e-10 1.512094527966655652e-09 2.322772068959309753e-09 1.847801040873763960e-09 1.085458851699825076e-09 1.513472196929801516e-09 4.074498080478708518e-09 7.867754495202979487e-10 2.725767181249486133e-09 -6.451100851272084096e-10
8.180554650982463550e-13 1.681505317575332986e-09 1.386673916001003206e-09 3.962199679606924650e-10 6.947606866747513708e-10 1.913185928372091962e-09 3.854237567938582627e-09 -4.122656846414353754e-10 3.542286297179490545e-09 -1.492827337918370255e-09 1.484796097617859711e-09 3.346055709981069496e-10 -7.779603462934064438e-10
-1.427840394661443821e-10 1.230053788208991883e-09 9.566055852605738323e-10 -4.199774880906622304e-10 1.626574825672601428e-09 2.298595990114694824e-09 2.534046048768335444e-09 3.543711492740490498e-09 3.184130676132086058e-09 3.534309418675701903e-09 2.762078654707203855e-10 1.351063156657631461e-09 1.735944330643279916e-09
-1.754052753733986580e-11 -1.672579975863816670e-09 -2.179172183614586363e-10 1.790403976318146806e-09 2.892785503799133546e-09 3.061590608323608474e-09 4.853561524616840436e-09 3.071705676996109035e-09 3.282767095615363038e-09 1.815906452981494240e-09 4.470169079323589720e-09 2.017304652190338576e-09 -1.190660462497962907e-09
4.309377210285120075e-11 6.693710958254101907e-10 7.677634120015150317e-11 6.341529280729540852e-10 4.708884402461349257e-09 3.000856012442257092e-09 2.397956023840230571e-09 2.645649245600659380e-09 3.422802948315229049e-09 -1.275785236081518765e-09 2.263387468159989334e-09 4.400128139839382381e-09 1.310938837492027701e-09
7.342048659874130895e-11 4.289654087798209601e-10 4.960842523673217582e-10 1.462174358456227769e-09 1.122927519772703883e-09 3.906503018845185466e-09 -9.583435996925794950e-10 3.454033975144307385e-09 2.757356170813801564e-09 2.734925015511535530e-09 2.471298110410945390e-09 -8.841471119634532268e-10 3.366909560557641342e-10
1.605484677858187921e-12 2.813733103980430762e-10 1.557641798967666565e-09 1.178695674198945618e-09 3.414741703816207126e-09 3.624378020013747451e-09 2.161053400946102245e-09 4.642299934511601346e-09 2.048300346090079948e-09 4.132007967344894098e-09 -8.112264535081632493e-10 2.095262571683929760e-09 -1.143393880072723894e-09
3.574695611795444306e-11 3.634788607447252934e-10 2.200760279099658327e-09 9.533708902857812043e-10 2.387738989202110800e-09 1.766138294731338373e-09 2.333209654624722491e-09 3.462648248432243438e-09 8.118559912737976044e-10 8.236511908940752992e-10 1.772511495070125688e-10 3.438457044253036989e-09 2.896331985821682465e-09
-1.394477559340665361e-10 7.564853375386513615e-10 3.528505595825514020e-10 2.038412836370591652e-09 1.270150114344671328e-09 3.528452578262117590e-09 1.520055410399441430e-09 1.837964529006397520e-09 2.541950123320350141e-09 2.251084467376955171e-09 -1.392906696484040355e-09 -1.353746219267276091e-09 1.336881207000813552e-09
3.287453230790526271e-11 4.434809519103753264e-10 4.992479527204648674e-10 1.291878302848444380e-09 3.332207391641945419e-09 1.364473211920740859e-09 3.588246727318508345e-09 -9.907166522664730528e-11 1.536838403505337074e-10 3.363056528424941218e-09 -2.844736654958121531e-10 2.286809622909005047e-09 2.417990987136843150e-10
1.170396075933996385e-11 -7.188967259069431155e-10 9.919788421746137038e-10 1.663594456965972295e-09 2.307849528742788269e-09 9.738689051623472760e-10 1.049503827423393651e-09 2.360324886149071040e-09 6.412223016921051182e-09 3.777333685824519159e-09 1.817169836110690958e-10 9.887898832701426820e-10 1.506223309142833321e-09
6.199819144396788275e-10 2.441226610576585575e-10 2.169593832541913255e-09 3.455770532764093948e-09 2.558729160515606382e-09 3.737995585378767445e-09 4.931174140803724126e-09 2.068295886378503681e-09 1.488635377930805874e-09 4.690397871819385493e-09 4.707373210749907963e-09 -1.562365530666754511e-09 -4.889430815894301719e-10
-2.092441994401288711e-11 1.314970205953633618e-09 1.119820960361406068e-09 8.954744657819880619e-10 1.496195907500031672e-10 3.057301337449632964e-09 2.802188400646378912e-09 7.129624839696233313e-09 3.369158588777957796e-09 1.800886730962981629e-09 -6.974679238162489485e-10 1.896118455534738462e-09 6.158104199420853380e-10
9.132945011459108224e-10 -5.500117040927371287e-10 2.233457195782628534e-09 3.080163919225956570e-09 2.342387199782882616e-09 5.696352710113557791e-09 1.735416785335478027e-09 8.674948253063143459e-10 1.168263518047494160e-09 1.714573352612238688e-09 1.679532074999317089e-09 -1.880329561884208572e-10 1.312505520828173176e-09
2.357519373845542638e-10 1.001208063367882967e-09 1.383176784397335462e-09 -5.826162937704504458e-10 -2.882559657251630370e-11 9.745162322633279735e-12 3.778054067347117141e-09 6.493020551822354732e-09 1.227950831183214513e-09 4.782577939648728826e-09 2.674576102602492269e-09 2.981635001351492055e-09 -4.568296823537939091e-10
1.041741279949783729e-10 5.097827875659606547e-10 1.566449212571427315e-09 -2.150736166175082218e-10 3.172777949928704420e-10 3.926851536155276274e-09 8.869344672759948932e-10 6.096382594312878512e-09 3.551711503355122313e-09 2.777212192323142750e-09 3.606160421617227944e-09 2.579210476737522630e-09 1.423562542219106936e-09
3.261372493037719916e-11 3.973676664445251844e-10 1.045259672946043400e-09 1.841818008164573469e-09 2.613544869332921885e-09 2.496004613412874959e-09 3.101860546846704837e-09 5.806214683968689447e-09 2.669169921167340702e-09 2.010128233688178466e-09 3.081990544250817010e-09 -9.578425225731054892e-10 -8.777066981894457177e-10
-2.076898061590931336e-10 5.906715073484425548e-10 6.050380998370637471e-10 2.477767378051093953e-09 1.161687529400125007e-09 1.824533885861651858e-09 3.069322764535894309e-09 3.313343584526597299e-09 5.646828817848659922e-10 6.365739901384277399e-10 1.541238834737947140e-09 -7.630080415034411819e-10 1.301860779923531961e-09
-7.612420820036462892e-11 5.053257463723563493e-10 4.608186658409930971e-10 1.487827146817140464e-09 2.292212920614860738e-10 2.371127431342125553e-09 5.772432894338556048e-09 1.316053266921989294e-09 2.900139967890985927e-09 7.529452976076619620e-10 7.291358398259401105e-10 -6.534804764694527002e-10 -1.641927049738801205e-09
4.715194115948879336e-11 3.912788315799142219e-10 9.497629318712703769e-10 3.304230506013021988e-09 3.260277373189504946e-09 3.710469960185990875e-09 3.618829365443111935e-09 4.279909935497597714e-09 4.844391022468002186e-09 2.357474536229545009e-09 -1.616163786176601904e-09 1.084043974944450414e-09 1.196840706783666628e-09
6.512228220020823901e-11 -2.253293646838992110e-10 4.417599739087596319e-10 2.175588743328261803e-09 4.863842281488542377e-09 1.302566910436229690e-09 3.680350521818785244e-10 4.078490495967282962e-09 4.068912815898440559e-09 4.268788306486129540e-09 2.327850344597350984e-09 -2.896234998720098452e-09 1.343031906881981861e-09
2.507110952177485995e-10 6.441998188300627367e-11 2.804315723080962043e-09 1.974328742403676345e-09 2.029632788916045124e-09 2.351463635132392972e-09 3.850497599690977266e-09 4.677246536157038451e-09 1.549439450258343402e-09 4.700133159420332502e-09 3.064561710230622897e-09 2.877175041418048148e-09 2.076943723991729713e-09
5.855330982553711904e-11 7.038873022135322212e-10 6.711740536362620032e-10 1.853137406352117901e-09 5.140226677614164653e-10 -1.998838571535694241e-10 9.405312217996510681e-10 4.366235985963521703e-09 4.578341685917137012e-09 1.574949367962902213e-09 2.801423877658621380e-09 3.266602546848369339e-09 -1.822732887937023570e-10
-2.669336838362753302e-11 3.866154191872536610e-10 1.807341542772144987e-09 1.197669824715170910e-09 1.453164223690517542e-09 3.679983575316014681e-09 5.283726460294909597e-09 2.731992788654428620e-09 1.897321689786251670e-09 7.961708233966327084e-10 3.090387039431118283e-09 1.546785226910150823e-09 -8.734534413943530401e-11
-1.103061943128745091e-11 5.704412839057453942e-10 8.721926902748817887e-10 7.108535624564232767e-10 1.131747596737989272e-09 3.995683558490921197e-09 3.328593513358932833e-09 4.345597320544032574e-09 2.017426516266615781e-09 2.871096695072316681e-09 2.643735311143009965e-09 -1.607069222862824489e-09 -5.049493416251781433e-10
-1.268052203655492973e-12 1.385559020772768567e-09 1.391088956736702918e-09 7.130141962664192823e-10 3.695803538306312694e-10 2.941934446743476954e-09 2.921483857463910520e-09 1.972856127456073933e-09 1.805298643321554401e-09 3.636339429791410715e-09 -2.599684024795417622e-11 -7.741920643405915590e-10 -9.399188937027954774e-12
1.564823192852351783e-10 1.188010825449545852e-10 3.433727573870374283e-10 1.678691907760375352e-09 4.266522621873701352e-09 4.870364393262860699e-10 3.288960246828469550e-11 -4.859053243989229925e-10 1.094618116306522543e-09 1.555650155478177258e-09 1.132757498323975488e-09 1.258119411282894525e-09 -5.422556176150666299e-10
-4.934860106596427702e-11 -5.665285277427980993e-10 7.720462114956176225e-10 1.042211867082966511e-09 1.026716419864626437e-10 3.423236829634463513e-09 1.934498550328976597e-09 2.343823392561839034e-09 3.841772891843188683e-09 7.040838972027847768e-09 1.451517528885115141e-09 3.940663693235467350e-09 -3.284314062558765554e-10
-2.514341261398215911e-11 1.652774900944895995e-10 5.021063869183429532e-10 4.831394519821973439e-09 3.021276627042799340e-09 3.640754860286489046e-09 1.510082409268657157e-09 3.487873124995990279e-09 5.266095338233423004e-10 5.289324221967223961e-09 3.477695621895614680e-09 2.291125243129653171e-09 1.308539763265671709e-09
5.110662195611765505e-11 1.620269636288214439e-09 9.569583337741651699e-10 3.601998397831724361e-09 2.509696663440470958e-09 3.590386193744770949e-09 3.080239725354755038e-09 4.787232042334751824e-09 2.729758954797841079e-09 -2.632516978782065173e-09 2.709896949481519552e-10 6.469724120161047535e-10 6.515018380510585637e-10
-2.919424838313432511e-11 1.725892691427042751e-10 -4.220057266717899264e-10 -5.518366219891178761e-10 2.953522713503068357e-09 2.400482410070249709e-09 1.780161856544924066e-09 -1.515584922693486861e-09 2.859646654950385534e-09 1.405986086702745402e-10 1.274470469767915939e-09 6.339942584533711687e-11 1.718425521303488959e-11
3.433232888351849370e-11 2.191900645894527102e-10 1.247764386610663789e-09 1.473015632719431040e-09 3.940551124726205648e-09 2.837851821179220222e-10 1.949212068952982958e-09 2.036499237088228368e-09 5.591664600868554038e-10 1.316850520601527910e-09 8.450525836241706804e-10 3.396238342060659311e-10 1.772946015156155216e-11
-9.642176195237534527e-12 -4.269426329751061958e-10 1.754563778602196569e-10 1.046250658824000864e-09 2.302465798188432806e-09 4.305172860715243900e-09 4.069476661742157662e-09 7.852885041118376096e-10 2.162498361492902251e-09 1.608122038603112197e-09 2.506636374906505867e-09 3.889334401503120459e-10 -6.043595830425308281e-10
2.334871779659064125e-11 5.367714050146960542e-11 -5.963997122519125485e-10 -7.688981688755889066e-10 1.178052830098728011e-09 1.808788821416141514e-09 5.337120525801272523e-09 1.798690725264117677e-09 3.057677346415100674e-09 9.497263496042015855e-10 1.721686423272399105e-11 6.251017488055459034e-10 2.572382245304987835e-10
-1.182506349259444748e-10 -3.376045733632824474e-10 -2.556129023248130354e-10 7.165483677149497980e-10 1.130698231554785645e-09 3.781654893925341480e-09 5.516265375678663841e-09 2.113439474679307383e-09 5.911523797630757489e-10 -2.487003420242448011e-09 8.752234025231139202e-10 -9.611178413734210969e-10 -3.018754208428219918e-10
-7.099853409754433738e-11 5.725963362004112028e-10 4.184663027271495591e-10 2.994088192855482016e-09 2.390481449269127455e-09 3.134100951523692802e-09 5.145827790130458048e-09 3.945709498454666542e-11 1.228322546433444463e-09 2.521403391557059147e-09 4.202904583413898636e-09 -2.281748295940656657e-11 1.425521695100426093e-10
3.230065855213244717e-10 5.318017012867831511e-11 1.357080072445426856e-09 7.538851498078117956e-10 1.445136962014392971e-09 2.402601004812001478e-09 3.811009575838114621e-09 1.960173188259583255e-09 2.732578919281305195e-09 -4.515886264305278728e-10 4.596100738956997490e-09 4.002348362185466674e-09 1.421481432860706642e-09
1.347911091922475223e-10 5.265229850815532026e-10 1.029298625307817407e-09 1.041462570501466575e-09 1.321455971562133009e-09 2.126506406298415422e-09 1.053802491848927493e-09 2.264644144424833513e-09 5.406204656471359467e-09 2.527451256863708541e-09 5.225994674730042400e-11 4.024442267401223396e-10 5.016099543323003202e-10
1.665116088214062970e-10 1.562562660403241129e-10 1.498131461879001317e-09 3.515520978913437982e-09 2.363207834305129122e-09 5.646189019643784076e-10 -1.039238112027121978e-09 1.817100555224378896e-09 -3.651494072374034731e-10 1.689573469611904784e-09 -6.654329742979453069e-10 1.518448404427977870e-10 -1.169202254388354190e-09
-1.682951558662157321e-12 -8.496884009117897079e-10 -4.221408860639651109e-10 2.811896995548728181e-09 2.031447363693389845e-09 2.275377290017502914e-09 1.871392631066901295e-09 5.039915523029090738e-09 1.483163890026798619e-09 1.214062597391864213e-09 3.722503947596146485e-09 2.511410816307418336e-10 -1.574387103146153475e-10
7.803448173614503970e-11 -3.572935509950087431e-10 6.508131376764694884e-11 7.848495185170448313e-10 1.670825817616158429e-09 2.753212322319275309e-09 5.057222754367823087e-09 4.081403522254027004e-09 1.415460815303744238e-09 2.897771783520549428e-09 3.375194734425115579e-09 9.570654944670342714e-10 2.707011480729419981e-11
4.481853775432335409e-11 7.894221152763566925e-12 4.313913646743546339e-10 4.575688647895596303e-10 2.936396819569569757e-09 4.653341508326639146e-09 1.891210338487388572e-09 8.259997798285913166e-10 2.020205500711691112e-09 -8.415817719899748994e-10 1.214361657240567750e-09 3.281773173599504754e-09 6.063927544025577196e-10
9.574362959556037808e-11 -1.420157095457937909e-10 -4.913642776435009736e-10 6.973043257713815877e-10 2.005575886044537401e-09 3.047972121071314394e-09 4.374996519762136456e-09 4.612166136196342692e-09 5.589526429920985899e-09 -7.963306779726021449e-10 7.608592887782576867e-10 -1.731716253552481758e-09 6.295658236910493822e-10
-2.107844116030728421e-11 -1.963991165440544686e-10 9.882015124941380305e-11 2.500340193191803666e-09 1.677443541722725843e-09 3.065408159351278371e-09 2.989128175232563311e-09 2.392163936238114006e-09 1.346082074307806586e-09 1.722736463018693010e-09 -4.079577658490722954e-09 2.154675272168381256e-09 -1.693670862520469898e-11
-5.791405254567563410e-11 -1.790641799281378402e-10 -4.988775361695650589e-10 1.124991233583525456e-09 3.570699723001684255e-09 2.885606593158405777e-09 2.692681371321687333e-09 4.735156251284534830e-10 2.352838996479754962e-10 -1.099362146927448243e-09 2.596390358354592505e-09 -7.480584872891766152e-10 -1.931338557008816334e-09
3.237792755555559354e-11 -1.930499613400338051e-10 1.339406939351947982e-10 1.604373090326678259e-09 8.591879817068588680e-10 1.658456948511031614e-09 3.470356975720937395e-09 1.875757626450804702e-09 2.773933666961140433e-09 3.030540106047988322e-09 1.044858242366656652e-09 -1.078925836818883387e-09 -8.403552395310623916e-10
-4.614056094454036924e-13 6.810801433471435344e-10 7.072509344458146748e-10 1.789869542579266983e-09 1.571541228084490651e-09 2.756498479868087849e-09 1.344496613001610818e-09 2.916111799710994601e-09 9.568103466282553159e-10 1.314496190836151950e-09 3.043370729653348201e-09 3.674796744442381361e-10 3.905906835202091750e-11
7.095765537385037661e-12 1.975674358369696544e-09 1.300635369910656657e-09 2.169012125788764478e-10 3.375735021942747315e-09 1.821240797797532415e-09 2.333189653713571708e-09 3.873605676021836986e-09 -6.246706163552472607e-10 -1.295276028539681899e-09 2.063398769822476111e-09 3.453531773647728353e-09 3.794552681828356949e-10
-1.518911823433230215e-11 2.030429626924337542e-09 2.108249881376258881e-09 1.437876473195891286e-09 2.655992302531151536e-09 3.004249553794349541e-09 1.946238715754669811e-09 4.110217292116148888e-09 3.132906644595758836e-09 -1.095462246000374481e-09 2.514063645666492306e-10 2.228454297430052167e-10 9.815220423856372011e-10
1.194699404838098265e-11 1.388360814840520159e-09 8.378338457007409442e-10 -6.834515548647867325e-10 2.082100596297279286e-09 1.130469421236686535e-09 3.029217720440152509e-09 4.945863092814844787e-09 3.161838046860863752e-09 3.742359212918021768e-09 1.046540444151005993e-10 1.096494657183150246e-09 3.986043707537913144e-10
6.552876801909983798e-11 -3.417841836179910938e-11 3.334747998910258609e-11 1.653278754215484369e-10 1.547687035670217078e-09 1.106641486407639629e-09 2.526371272465106488e-10 2.232846286093565953e-09 1.208609544289739264e-09 3.718417273274219202e-09 3.964261376396238008e-09 7.170023072785525798e-10 -6.159294572136020250e-11
-4.465861586915381766e-11 9.105579684348685685e-10 2.118399611450299661e-09 3.052779920424641371e-09 1.811881836307532623e-09 1.785019261921117167e-09 1.354715804496036984e-09 4.405431931026362675e-09 2.689677520766434409e-09 4.749540513838548297e-09 5.511747170509752663e-09 1.161941292100186325e-09 2.736771734277112207e-09
1.006338031151782284e-11 7.058021018479446807e-10 5.428439081878122017e-10 2.744730306887858912e-09 1.196017958553508418e-09 5.550544890975930033e-10 2.855679867626854233e-09 5.900366697483110406e-09 3.129415762088291765e-09 2.653175112716528614e-09 3.909156737773710515e-09 4.265765631679779676e-09 8.251883458494984530e-10
-1.980181379341084236e-10 -1.047465823434361356e-09 -6.755573105536794460e-10 9.662302368946410573e-11 2.296035104589779498e-09 3.825438082048509172e-09 1.317082193339268163e-09 1.992902765327340418e-09 4.644965482435841416e-09 3.597614737658046100e-09 8.235548230984075459e-11 2.407256596907729592e-09 -1.811026060168189523e-11
-9.955945991301684197e-11 1.280327945800400753e-09 1.203849380163476597e-09 -1.843576709980041199e-10 1.824885475086819323e-09 3.711813763702194923e-09 5.799220555114434905e-09 2.541337376406728398e-09 1.339193132460929830e-09 1.250827577633667139e-09 1.653246279225077791e-09 -2.902287764606588025e-10 -2.429078860602470009e-10
1.855545239257704879e-10 9.660135878926001461e-10 2.769678375513733127e-09 1.273258945434374212e-09 -2.917659712461330180e-10 2.191138698411581968e-09 1.598166261730432229e-09 5.349904495264591264e-09 3.903814215490925743e-09 8.850265449101614730e-10 2.101266586731429757e-09 5.345775879186472593e-10 4.885624107182207626e-10
-2.787139406196013820e-11 6.129639970400313242e-10 8.541024371007875703e-10 1.426530730528540266e-09 2.873469295459363035e-09 2.431269760592206091e-09 1.596964187221575892e-09 6.472232486313415471e-09 3.071866847978095019e-09 1.659620974316946566e-10 -4.997205922884414340e-10 -2.029297694191687565e-09 -1.052050436785243610e-09
7.791790981717037224e-11 -1.118682058998481433e-11 2.598621297954999596e-10 5.185569782323644603e-10 1.576959520010614209e-09 3.813279953568078183e-09 3.816653188108610989e-09 2.647514734327166937e-09 4.226481243095939141e-09 6.618135259887805552e-11 1.228923385550361948e-09 -2.049887447758446269e-09 -6.569405416013297811e-10
2.189347818191761417e-10 3.176147445154843278e-10 3.319250033326790162e-10 1.311035594621586661e-10 3.684320163221681378e-09 4.408292510368174883e-09 2.203069730310398450e-09 1.645838508800723931e-09 4.647260997538800855e-09 2.591364559140141699e-09 1.979455696341573446e-11 -8.345115202508297972e-10 2.109522066304363238e-10
3.962873096790916047e-11 5.464235701844248204e-10 7.276501782649328722e-11 7.132151430071414003e-10 1.830506036626234538e-09 2.008941635773566732e-09 1.131485939272273687e-09 3.198330354872549238e-10 3.868925435175074669e-09 4.486309292594112776e-09 -6.639684750514067556e-10 -2.243234684225452013e-10 -2.203133628672542890e-09
5.647428637635350336e-11 4.604166818505038375e-10 -4.324199223063343310e-10 1.288409922834696473e-10 1.791969298776569631e-09 1.903379435920197241e-09 -1.096396734174117975e-10 3.756583752002375779e-09 3.020657060466226624e-09 2.867740065968068645e-10 4.866810209824304743e-09 2.533465885842708148e-09 1.164589884352596973e-09
-1.019652998893450401e-11 3.922247317393011393e-10 7.940016769923861419e-11 6.311994847720578020e-10 4.239382715618860337e-10 3.553089634345738091e-09 2.229341928803785363e-09 7.672040381311661741e-11 1.326663899842570830e-09 5.515919573487146199e-09 3.193963020796202504e-09 2.674580050461055271e-09 2.418439075789010353e-10
3.150756920349619715e-11 8.774037586093921260e-10 2.545057800095501745e-09 2.637923235367798790e-09 1.727933482477484352e-09 1.963135778392414313e-09 -1.479766756759555302e-09 3.626688751526474997e-09 4.105983509663679161e-09 2.173757497376398347e-09 6.199686516045184897e-10 2.230373051291667510e-09 3.851834883769056784e-10
-2.583136194068115530e-13 1.341217943457372774e-09 1.365053816174290095e-09 3.116870917678563287e-09 1.453587110089931998e-09 1.923730261345791273e-09 9.745628853442689754e-10 2.382077018508468110e-09 4.008983315003618840e-09 2.060786149028928722e-09 1.972678812281006093e-09 -2.538366868714796360e-10 1.554669313836276075e-11
1.160357002418250953e-10 9.650944501915084374e-10 8.450899084402730314e-10 4.310405868235618081e-10 2.361215464657924630e-09 3.370823739121537355e-09 2.406523535876223540e-09 4.193814729633777566e-09 5.514763361221779437e-09 2.421294698024655339e-09 8.064945926299300248e-10 1.351679890153333597e-09 9.659599857187011250e-10
2.131632086097814831e-11 7.550420600851709469e-10 8.219038092715491214e-10 2.354811572572810281e-09 1.749969708906409387e-09 2.630218279578017359e-09 4.290585779051610634e-10 3.318051346950487571e-09 6.174459074157453589e-09 1.733147897055836425e-09 3.350778873697187161e-09 2.604569553440979214e-09 -8.117283745991812042e-10
2.054845684726348700e-10 -3.410941713475578922e-10 -2.068255564777657877e-10 7.849375175115021895e-10 4.197685310183466077e-10 1.980589029585878751e-09 1.956886321340057405e-09 4.422081918224872026e-09 3.901682272384540118e-09 4.187156030190756266e-09 4.451126497060121763e-09 8.004128934026463074e-10 -9.468379564683662515e-10
2.390496274580912166e-11 1.888806348679125779e-10 4.552271444890566241e-11 1.816862032296250915e-09 8.366994267048930046e-10 1.578214222974392645e-09 5.233076794859716143e-09 4.180319147664903079e-09 3.227406152898779325e-09 3.429866294687624758e-09 2.358723700439139268e-09 2.471023898993006055e-09 1.961139902127311751e-09
-5.186933963774443004e-11 3.256902308438007573e-11 -4.695953640147161618e-10 -5.532616856366144015e-10 1.891126982777967854e-09 3.024312063975509379e-09 1.055054783880146867e-09 2.151014933768569771e-09 6.198958688708238174e-10 2.381971029852190717e-09 4.423609536521730657e-10 1.643790706014980291e-09 -7.645464186608519614e-10
3.529693402476518434e-11 2.260137878091424387e-10 4.533121017031342409e-09 3.880553122872865731e-09 3.585999907310266352e-09 2.685286635942737270e-09 2.513651539445244431e-09 3.812725631582933867e-09 2.754749336000233269e-09 3.714366884436590271e-09 -3.545309716798611292e-10 1.241929842744602211e-09 1.651634886135414536e-09
-4.325836501002406458e-12 -7.431531427322285291e-11 3.606601060175664419e-10 -8.613814974681651051e-10 1.813086658861499006e-09 1.450896124531134621e-09 -7.148715490636199778e-10 2.540579910943122116e-09 1.680718396584771087e-09 2.854649196825158401e-09 -1.897860077012304944e-09 6.440256570948560756e-10 -4.744094515642991949e-10
-2.557488932373426776e-11 1.864785863078284245e-10 6.745383387963215943e-10 8.963426170923148900e-10 2.080378380137457593e-09 3.472676689347170848e-09 4.239740108574256562e-09 4.196061721970143519e-09 4.193421536790524764e-09 -2.582332027569525254e-09 1.887954770895103546e-10 2.711102707364231527e-10 1.710194050627559301e-09
-8.223201807832181448e-11 -2.845390522072528709e-10 -1.093143233792897366e-11 2.507381920469725214e-09 1.231656896994356432e-09 1.990998903242549150e-09 4.234986454916411021e-09 1.763573083283821636e-09 2.131660598761449900e-09 -2.322180225643364959e-09 1.203522760565219634e-09 -1.395315592113532798e-09 -8.643419296209512572e-10
-2.546156366937161482e-11 -5.727731845012302532e-10 1.524277348289594824e-09 2.984128562013951846e-09 5.671416842550708024e-09 2.650044545681659652e-09 1.381152058953646932e-09 2.602551520549131730e-09 1.463336572611979181e-09 3.957424703995875466e-09 1.116714545588495418e-09 1.255991101522154045e-09 1.424615750105534471e-09
6.486885927302778766e-11 1.436861280249522396e-09 1.970690777337297859e-09 8.665638757153432590e-10 3.446454988588573369e-09 3.821442085495934970e-09 5.121398793384095047e-09 5.754036987440647088e-09 8.951035996884063887e-10 4.569750371267313549e-09 3.733676516719774420e-09 -4.947596887041487993e-10 1.041046445272349860e-09
-9.069797362560497961e-13 -2.025665473962833696e-10 4.641376582190059849e-10 1.466110570741154731e-09 1.067230563297581421e-09 9.509311851123143235e-10 1.435854954169801220e-09 5.056101240361964399e-09 3.654922676324689689e-09 5.281334155974082101e-09 6.253181672553647487e-09 2.597014273181058813e-09 7.545085394355573062e-10
3.331313999575551248e-11 5.835504976545493239e-11 1.972142332805730064e-09 2.753881563740789415e-09 3.521237807397483098e-09 2.934754056431388894e-09 1.276375971659528135e-09 3.853833968347048934e-09 3.163740162931499931e-09 1.326755907988242214e-09 1.849693247922410007e-09 1.446321892509871293e-09 -5.770284752311794442e-11
-2.309115050180658477e-11 2.291523541922814229e-10 7.302586466842901514e-10 8.296254896424549313e-10 2.884308101369924991e-09 4.049467711458821116e-09 2.826795237652248931e-09 7.422780020393693686e-10 2.583125293640089204e-09 4.156670198743400505e-09 2.960159281348246434e-09 8.209079533763086425e-11 4.635966519654855141e-10
-9.444711254782287000e-11 -1.157844364967254516e-09 -8.407648025421976270e-10 2.560111939204721387e-09 6.620320843218465428e-10 2.013790894541048647e-09 5.331143888110471757e-09 1.993700132487975454e-09 3.071765766308382270e-09 1.699711652691934839e-09 1.289532209331735376e-09 2.193439439635828166e-09 -1.161971239217604406e-09
-1.556247902770035428e-10 -1.244860889900371125e-10 9.986007374777623838e-11 1.754754047925098511e-09 4.231598208226100667e-10 4.404818276504951689e-09 8.359052213344174500e-10 4.644588031286692779e-09 2.422456227672120077e-09 5.872394962671159338e-09 -5.015593183657767384e-10 1.412921581364486661e-09 -1.386825568942152890e-11
-1.227793937844281122e-10 1.555875963634409309e-09 1.234486102000041597e-09 8.356851275828187641e-10 3.642056076257600037e-09 2.304603314913301199e-09 3.587899510436466478e-09 3.112516709879827973e-09 2.004023491507137871e-09 2.626542410497342853e-09 4.149645043378636032e-09 2.637520816322609499e-09 7.359978033930362087e-10
7.740571925281656922e-12 -8.224390283553720295e-10 1.295891497994537075e-10 -5.144356699736063122e-11 2.230712404465097768e-09 3.605601438350304324e-09 3.191370229997972067e-09 4.066262931876728468e-09 1.966982613389876323e-09 4.337680719267436606e-09 3.449658134046383509e-09 -1.234985696433985054e-09 -1.051766391918581351e-09
6.038774781936000369e-11 7.576519393845840067e-11 3.997388552349250056e-10 9.871509762457839939e-10 2.005784379644321586e-09 4.298139003948136682e-09 4.187171611013046921e-09 3.437819425626228092e-09 3.160024897653326159e-09 4.703960998822922470e-10 3.056245565392310320e-09 2.046878178720093540e-09 -8.905205402547053181e-10
1.156940245345291134e-10 4.737804196402272547e-11 1.715116117968762313e-09 1.935167195369466903e-09 1.853397205309276925e-09 9.241984846914427835e-11 -2.046028040316639953e-10 3.802857854914511190e-09 5.439379297181981843e-09 1.406665020784218721e-09 1.901484387994811518e-10 -1.191457216383548124e-09 -9.851087315994908727e-10
2.058802233830341158e-11 -7.280732476936052316e-10 -1.299866898355213622e-10 2.746840673152437721e-09 1.762127180486890962e-09 2.176382842584362994e-10 4.130262218885204685e-09 1.954035952741147879e-09 2.459636960613734204e-09 3.560283530033658643e-09 1.453130367260727626e-09 -9.843361047072413980e-10 -6.143818578452062043e-10
-3.963615657213025383e-12 5.504157197551699534e-10 1.335486924855928463e-09 1.191811321014979283e-09 1.835433072477798189e-09 2.108504703337910042e-10 1.540870946152590205e-09 2.828525737115931396e-09 6.035724999103330901e-10 3.258259855547451861e-09 1.738718643715456784e-09 2.862759960866308297e-09 -3.722589224809324245e-10
3.057672418858976904e-10 4.623155916752362263e-10 1.618307370907195279e-09 1.680049522865138095e-09 2.090004461116541662e-09 3.350624617912920806e-09 4.428606086769455038e-09 2.936687596587974457e-09 1.593334802472816320e-09 5.638180796607148639e-09 9.802458366379468155e-10 -1.245714558142606806e-10 8.112336728092670855e-10
-3.715170909471069386e-11 1.116144281793053951e-10 -3.395143412000479354e-10 1.643800853663268307e-09 2.816251520486642160e-09 3.398550992089955549e-10 1.257545270569137574e-09 4.241591709532264517e-09 6.374940572920955654e-09 4.185937444154716761e-09 1.670637466677365646e-09 -1.181184830047599548e-09 -9.016584771940220215e-10
-2.872215506768384562e-11 1.275668523066630491e-09 8.212377289996591242e-10 1.533719323467800267e-09 2.955916454878646288e-09 1.639915685416951109e-09 4.390073318706314981e-09 1.478011696493359979e-09 2.428002038691627208e-09 3.843138706503597165e-09 3.850828714465223693e-10 2.273150059529702804e-10 3.663604804030616102e-11
6.914391179508293733e-11 4.295275093121121946e-10 4.187680553279642014e-10 1.780336532839671107e-10 2.808559831294791537e-09 2.020063831845985526e-09 3.533431797517442408e-09 6.273633399147641896e-09 1.395695399214928082e-09 -3.462220377420543966e-10 -2.058167153828920682e-09 -1.136635519248837301e-09 -1.029309882193710611e-09
-5.565729815596299406e-11 1.232626195193065216e-09 3.593129452526009629e-10 1.440137426743488859e-09 1.908651474600274818e-10 4.524430471685558325e-10 1.933651772175479699e-09 3.039467004484258520e-09 8.477195018327941445e-09 3.184316316426434756e-09 4.369509994288389566e-09 1.680950875104271638e-09 1.470656368813429602e-09
4.600107281826907385e-11 1.479347676319348266e-09 2.674065081208935274e-09 2.153961570973087868e-09 4.005290030195506888e-09 4.724434730150393604e-09 4.193004794306399807e-09 5.596566265596215292e-09 5.487203666309189430e-09 -1.602951497504405598e-09 -4.138732830809811401e-10 1.009484343590395451e-09 7.864001624417309613e-10
-1.755072474695795613e-11 2.064317332006378697e-10 -1.460460225651690275e-10 6.160009575204195923e-10 8.647639542064514750e-10 1.539944068226492397e-09 3.115292417550459225e-09 1.647096074430248974e-09 3.579535418704259306e-09 1.798389380896773344e-09 -2.903565381534190214e-10 -2.717287921180566719e-09 -3.192035379173364362e-10
-8.148914219481221756e-11 -5.552677123714196529e-11 6.705914560026895470e-10 4.280206965452393010e-09 3.235289216441375680e-09 1.028086143862292689e-09 1.505086722850190686e-09 1.219997770469419123e-09 2.102067569237767222e-09 3.370441690259721557e-09 -3.791340638147922257e-10 1.190675278655632498e-09 1.047022314673994103e-09
2.311948649644817780e-11 9.528612438957364431e-10 3.019003565566088886e-10 1.359994851212455772e-09 2.166750910000028857e-09 1.302494652713244589e-09 5.429829422809807177e-09 3.813713384035825188e-09 3.680164891284453401e-09 4.454086199692434292e-10 -2.100590311903654041e-09 -3.165115499846508095e-09 9.935904020134153088e-10
1.050124785777163719e-10 1.431423545049826598e-10 2.085780385376933143e-09 3.333492485410357726e-09 4.382439662348391558e-09 1.613485065489680600e-09 1.915611773271033611e-09 3.861125624659491654e-09 1.990153944119528995e-09 3.109588459196894455e-09 4.586823256173207438e-09 1.013107396104825343e-09 1.562733154514244888e-10
2.937861406460528824e-11 5.171081403549237337e-10 3.611350360536426208e-10 -6.499566480213730813e-10 1.638133127561730351e-09 1.724769152753572557e-09 5.184747752945155494e-09 5.184345617818643785e-09 4.424376760229791207e-09 2.919635786495263996e-09 -7.262475149423930156e-10 -2.559669941164707064e-10 2.572539537912685898e-11
7.469187998437757191e-11 7.302937106594606979e-10 1.608840091746581251e-10 1.023467310864675669e-09 1.056045211430276603e-09 2.157271937032488202e-09 2.618646538589523613e-09 3.475423440434994018e-09 1.258408090021954378e-09 2.595340318171076816e-09 7.542733213077917033e-10 6.605319826448192498e-10 -6.507964191970896346e-10
2.923567426844089857e-10 9.816904402035114984e-10 1.528631680697353335e-09 3.172824508438157107e-09 3.938301853552310294e-09 2.443429294942292956e-09 1.713604810701266228e-09 -5.885770072548225350e-10 3.485233944707122710e-09 2.720751081254525683e-09 3.237632088948961691e-09 9.912762262042371941e-10 -8.436484711465898773e-10
1.115825437094365885e-10 8.862827178498119119e-10 4.591706901475254911e-10 6.940942879598052497e-10 2.325196889530284864e-09 1.690795946758344263e-09 4.498983293279769560e-09 4.710942215071027013e-09 2.128371980526870513e-09 -5.520855501567351453e-10 -3.692479405823725984e-10 3.841298658518170647e-09 -6.792535532940973809e-10
-1.044541260517374120e-12 8.103602038250205091e-10 6.796396126440714149e-10 -3.810627452446050119e-10 2.338332835324558420e-09 -3.742830793455606972e-10 2.995684532519532026e-09 4.130469852108925571e-09 6.999526715723256401e-10 3.119424908914244094e-09 1.767548218345761087e-09 -1.013098559389619024e-09 1.845609572790364494e-09
2.404272252396084366e-11 3.601653801442265331e-09 2.091389978388574894e-09 3.918198235989434230e-09 3.362240032275635172e-09 2.171575705063338313e-09 2.506604203728236717e-09 2.287197589855094436e-09 3.615243699083445375e-09 1.355395140668932643e-09 -3.975461832955532485e-10 1.349661450650845887e-09 -2.432205701184995882e-10
-1.554139261285795208e-11 4.036301781583754307e-10 7.980141806543264651e-10 2.593921485275736077e-09 1.507353370304495409e-09 2.404940387831066311e-09 7.720999197528331925e-11 -1.786904901196295137e-10 3.911783276872075699e-09 1.306547518819616489e-09 3.698912285363010015e-09 2.961024343648208204e-09 2.822155110324814010e-09
6.268305790291881795e-11 -1.230894020237150538e-11 8.055663523139730526e-10 2.102443251305884335e-09 3.317935926313640324e-09 1.988772837541277992e-10 -5.445280220082260409e-10 9.584205073355305637e-11 5.321094151727868998e-09 6.853825182173124788e-10 2.134863460694865127e-09 -1.656071928916818739e-10 6.214442659737915017e-10
3.594214593002283248e-11 1.828742528893167339e-09 2.054214657270568427e-09 2.107522636549536379e-09 1.063798159754134273e-09 -1.045932587538323612e-09 2.633976202305014532e-09 3.489319444374997230e-09 5.339497017890245220e-09 2.119492796648078199e-09 5.816754290374649415e-10 9.735810228902121325e-10 -3.439146962315826812e-10
-2.936027250818997491e-11 2.128385827359229010e-10 5.113991801028185287e-10 -1.755903704143977841e-09 1.059800233273987680e-09 2.270014153800672590e-09 3.290286002767241941e-09 1.607355474060422628e-09 8.559712212771993826e-10 1.746932126699473319e-09 -1.287475439259514883e-10 6.619828444277470226e-10 1.666661805003734708e-09
-1.261067806117719990e-11 4.411345373346555442e-10 5.436723645214046035e-10 8.920647031886680077e-10 1.651590559995562480e-09 3.550427941421420585e-09 2.701848118956967467e-09 3.813995713700832923e-09 2.709311474406282098e-09 -5.300504432251433357e-10 2.576000991766202519e-09 1.912493844818864760e-09 4.142958960144487929e-10
4.294150076253413652e-11 -1.632023241862395210e-10 -8.390243752656277669e-11 1.600740172470744782e-09 1.837198791907085386e-09 8.749223754748273620e-10 2.066254148213119120e-09 2.131011565051192873e-09 3.527770714112692135e-09 3.677753429271072128e-09 1.698192428358499960e-09 8.970531326790625425e-10 5.563163646616482197e-10
-3.885795209395517011e-10 -1.180358750808409982e-10 1.053609010999183468e-10 1.278951924681494526e-09 3.838521084544579450e-09 3.318294725550075502e-09 2.314096341564770051e-09 1.735596192387981371e-10 3.285286160753470332e-09 8.337148135486102371e-10 2.566143336800737100e-09 -1.084156316162952384e-09 -9.467465253270008244e-10
6.855044818617343570e-11 1.308979643046864997e-09 8.266470049216820545e-10 5.222787183805774003e-10 4.521373885594285335e-09 2.588976829317942880e-09 5.176789339501339776e-09 3.265800796962636093e-09 4.458508434564169599e-09 -1.271593702311495104e-10 -1.077474018624382844e-09 1.343434894346055794e-09 2.501419661248714300e-12
1.761842688588490875e-11 5.115251885409961581e-10 1.310181050428485805e-09 1.689510083694507116e-09 5.284424609399422723e-10 1.639756024197915537e-09 3.107706882499630181e-09 5.782794144224254514e-09 -1.200495695287729703e-09 4.249588527115678973e-09 3.258327578381752065e-09 3.179249183942140786e-09 6.364807346401705656e-10
3.524272678212618095e-11 -7.257086051959902710e-10 3.390632172827354054e-10 2.753476495547769018e-09 2.335848574124115732e-09 3.033731613869998786e-09 2.180010379429308491e-09 8.187032762539605054e-10 -2.979703699130845657e-10 -2.253942682773031725e-09 -3.952012769915498556e-10 2.754841558948271173e-09 1.705795322481649040e-09
1.205269641137215676e-10 -5.308384740755940558e-10 4.086282284196265534e-10 1.861365643823320991e-09 3.585633505365967403e-09 2.440758204793928137e-09 2.529296109323693185e-09 4.721099629527008787e-10 4.266599205306730778e-09 1.479064342311444300e-09 2.770903852562392542e-09 3.209581048891918693e-09 -2.086068415491911836e-10
8.580953637614423013e-11 1.908996670360965621e-10 3.834670608123273996e-10 2.689075387309941979e-09 2.583220430092486807e-09 2.265888779777784405e-09 1.840083997280299579e-09 1.971526469959922175e-09 1.680027098154770720e-09 -1.633757473272192760e-10 2.444354481514793049e-10 -2.626065195548583814e-10 5.809511167576713775e-10
1.573897720778983251e-13 1.611816951069783569e-09 1.095607177674712740e-09 8.737881428752831441e-10 6.060022934985718181e-10 1.736404767899866667e-09 2.534424348907212275e-09 3.677384813974473075e-09 3.996413141511335270e-09 3.283627271068248651e-10 1.527318279349157797e-09 6.528266329386049982e-11 -1.685051086435916383e-10
2.120869164241328634e-11 -2.521905793445962459e-10 2.051720273900366110e-10 5.546158215166212654e-10 2.281802057789914225e-09 2.369270274808530966e-09 4.790941884613341477e-09 2.912284153911510756e-09 7.457209336098956772e-09 6.611393357803335787e-09 2.100282883325447336e-09 -1.612984529817839385e-09 -8.436167766850081988e-10
9.580573948033157665e-12 -4.038479575414535945e-10 -9.251586842482531905e-11 8.727340423300895651e-10 3.320945609408611130e-10 2.902860282397317118e-09 2.926572975981733803e-09 3.931531531862266414e-09 4.074458475611943192e-09 9.910534560205855627e-10 1.210546152359836619e-09 3.756200090073640688e-09 -1.536052544925126661e-09
-3.370660674237272917e-11 -6.111082800286715915e-10 4.091017624521510210e-10 -3.146135846388604357e-11 2.741207122695310413e-09 3.073742046211564088e-09 2.262011947247201630e-10 6.203329660148780899e-09 5.267281603784572703e-09 -6.516361432313598723e-10 1.294790976639636256e-10 3.145204989143764621e-09 -3.976627643914841428e-11
-2.701503820188573848e-12 1.028553299809983531e-09 1.214010961675852581e-09 6.160535746344913863e-10 -3.670338399985657899e-10 2.114110840919958298e-09 2.323107652135373710e-09 3.790631419767612175e-09 4.950749361550389723e-09 4.276321900351664836e-09 2.292800534914824165e-09 -5.761975580017004091e-10 -4.420128044663056967e-10
-3.050283755789277273e-11 1.499476819535918874e-10 3.727849102621289688e-10 3.405683946212504675e-10 4.967493634983524772e-10 2.731090993007221312e-09 4.176606456002715929e-09 2.162972231927674350e-09 3.849674601944393311e-09 1.010189042964851752e-09 -2.547125861538953643e-09 -7.321652572949754100e-10 -7.431737108667721782e-10
-4.551036173676437042e-11 8.710195119963906331e-10 5.494900927820789083e-10 3.226365626097531409e-10 1.564447616207665843e-09 6.078888940282668831e-10 2.744953047884159114e-09 3.079997282366624939e-09 1.889851919400815919e-09 3.600253202696958320e-09 6.440181093689361274e-10 5.654289573914136634e-10 7.814315530873887056e-10
2.844416979874066017e-11 8.828086726618018842e-11 1.533941935201570283e-09 4.695517599488204531e-10 2.022956353089032675e-10 4.623637040474402162e-09 4.620008277522480579e-09 2.941925792017386038e-09 8.719561023568030566e-10 5.231373961934797539e-09 2.956090735775946639e-09 1.609191713725391181e-09 9.724899345830491061e-10
2.207187853806745905e-11 3.374382907149297817e-10 3.934143477859022809e-10 1.422111777190395883e-10 1.046138258922972143e-09 1.539703120507005684e-09 2.113999575126460415e-09 2.559042343495259502e-09 5.074990872635223740e-09 3.306235162320772149e-09 5.989648986661294672e-10 -7.836889682187110864e-10 -8.419322411791200701e-10
-1.153591011431707671e-10 5.977220977537865252e-10 1.003786374265084754e-09 2.216407434376079636e-09 8.675589070233227933e-10 7.445551286886022084e-10 1.514314660189638178e-09 1.591704548247781858e-09 4.375672377522485913e-10 5.380564334962710548e-09 3.800457591154323661e-09 -3.098792937096747397e-10 -1.512936812304214379e-09
-5.005190942004660723e-11 1.001135228453683832e-10 -4.584387176288650154e-10 5.750612075138600623e-10 1.873516793758212736e-09 3.941253963462928844e-09 2.753491680459079666e-09 1.690705128511764420e-09 2.801074569289726907e-09 2.329594760412960537e-09 2.372282788477516409e-09 -3.057033052683492069e-10 3.618790363473046865e-10
-5.289104645742886310e-11 1.120493169498419785e-09 8.517213017742281044e-10 1.397077125423525998e-09 1.776417719144963181e-09 1.873598294248337852e-09 2.948953778005456324e-09 1.373761863282182602e-09 1.668105918446708421e-09 1.349043106217454976e-09 -3.275364235335921867e-10 -6.800139502619172591e-11 1.265114159768673886e-09
-1.252889352503710022e-10 1.464065261349924091e-09 1.749477070468595561e-09 1.362675673387532329e-09 1.529660012227852277e-09 3.463396341544120471e-09 1.936014406812240117e-09 2.267081126818099910e-09 1.389983318492609223e-09 1.537856279307198006e-10 9.352302901163913018e-11 -3.995909255204737229e-10 2.218215860991474328e-10
-4.596717286075454223e-11 -1.584035937020109864e-10 -1.669590376184296958e-09 -8.314259036573181030e-10 4.460024264004061355e-10 3.946241223922578837e-09 2.335384255727282306e-09 3.792301048085460847e-09 5.017436380537344797e-09 4.124051797849046060e-09 4.454487934840836381e-09 1.871362816387712799e-09 -2.010339822392332407e-09
-6.492797671636509703e-11 3.772054281326553743e-10 1.563607641167409897e-09 1.513080850987088038e-09 1.160617244174788595e-09 2.208194860044329581e-09 1.684348210429086054e-09 2.390760623923713859e-09 6.591025253242839864e-09 4.383120872607467994e-10 -9.216746196609143552e-10 6.972405440474112704e-10 -8.696676782828659627e-10
1.418869927799312378e-10 6.711148879852386007e-10 8.114980162422910574e-10 1.176224523236092654e-09 2.684093040567940430e-09 3.495207607400936345e-09 2.195235355282786270e-10 1.664830019890548511e-09 3.088618291812084368e-09 2.702473672155264671e-09 1.072839551662442211e-09 -7.840099297300279588e-10 -4.705148598067751583e-10
1.960803365781409221e-11 -7.320774668214496383e-11 -1.134484674111991536e-10 5.000942481258081725e-10 6.748024583159443193e-10 4.651109487807780383e-09 2.629746056805073374e-09 4.571654780503099335e-09 4.249155803415942162e-09 1.464399676688740639e-09 2.141072723037245960e-09 1.480700282618635724e-09 1.243341158253484203e-09
6.054712189822372948e-11 5.542310000321153558e-10 1.424286577782098528e-09 1.078118996394177525e-09 2.928968151809675861e-09 2.491987193815467653e-09 2.629217116969401043e-09 2.528644221883835859e-09 2.123842592503063151e-09 2.058645393080134043e-09 2.733666091581918283e-09 3.480218529141132238e-09 5.367775980888639644e-10
9.397034553463477156e-11 1.415317075376667163e-09 1.106689139556057258e-09 1.638513293954513247e-09 1.948887801872482135e-09 3.365487663109438971e-09 1.660173811113002204e-09 4.069393976406687811e-09 7.157063127760590244e-09 5.071232914183386548e-09 2.189456584301606852e-09 1.272387728184161340e-09 3.687937023757404908e-10
-9.052552875461798980e-11 6.662852813751434590e-10 -6.837620537296851396e-11 -4.606444646653211837e-10 1.216069713764766840e-09 3.784004461264655529e-09 2.283354399559150097e-09 2.251527547175339947e-09 3.756238248764793223e-09 4.016191872385033663e-09 3.674088729233509531e-10 2.418865236578461524e-09 1.305734598815142889e-10
6.263795766755856777e-12 -5.098004711400579179e-10 1.919302738430926043e-09 2.607270353599751826e-09 2.855375424690845700e-09 2.945151683848489178e-09 3.015470897357703063e-09 5.099886913296133115e-09 4.609164335628514795e-09 1.931004386919157086e-09 1.715460360466870602e-09 -2.963812342061423015e-09 -1.813465832553938989e-10
1.871833337117917589e-10 -6.551175873902747909e-11 1.537093323774693780e-09 2.668508626623601167e-09 1.285698014733154806e-09 2.075928478519217805e-09 2.779437697524764339e-09 4.305575628489878919e-09 3.380823488820873425e-09 1.714613876612573230e-09 4.414291674684191314e-09 3.973358677959720897e-09 7.977528806181979478e-10
3.433499427744720833e-11 1.982438548553452585e-09 2.022378884960917056e-09 -8.657284225652076003e-10 2.335549642944019256e-09 2.427374201535780086e-09 1.972574513480307392e-09 3.390693323794516842e-09 4.679254669738426948e-10 4.221788856122433762e-09 7.742150101963777872e-10 -1.222449287665772198e-09 -1.545028205730231277e-09
2.184891461187756182e-11 2.109144733180029893e-09 2.193805631787288807e-09 7.642085089487933087e-10 1.221598829077033278e-09 5.632321066133190221e-09 4.252991560273196802e-09 2.033318141189436247e-09 4.795440354279052297e-09 5.859957062381740254e-09 2.476399222805369905e-09 9.008615622823732577e-12 -1.293207633266203002e-09
-5.303705708474484043e-11 -2.341164182262307974e-10 -6.574701333970205326e-10 3.779018830633244917e-10 1.033468759972705736e-09 3.278250106388432873e-09 5.157842338974264739e-09 3.871587037984480877e-09 3.510807323749838279e-09 -9.504900945338369911e-10 -9.448222742075398303e-10 -5.991851092873815327e-10 8.729297176369768045e-10
9.759190173316968889e-11 1.205391625170060282e-10 5.217893981420447377e-10 2.148472645438629292e-09 1.895002275275582327e-09 2.285095316467647343e-09 4.312143019256452901e-09 3.928634284970518734e-09 3.493310933056411697e-09 3.440346705708509683e-09 2.694935956086309906e-09 2.643579208392938287e-09 2.519238365729664429e-09
9.302694757107253086e-12 1.152294207345755358e-09 3.867473802531375805e-10 4.699832081977988458e-10 6.294378074988981477e-10 1.992281770267065493e-09 3.100435761697298754e-09 2.581792082057403837e-10 1.326337499681465176e-09 4.246021518607775965e-09 4.251105760717923235e-09 1.704033771906491046e-09 7.180311378168498810e-10
-7.798636345667240040e-11 4.152068869258467990e-10 2.086115923826835972e-09 1.420830074622122355e-09 2.326667274673870550e-09 2.480053947352691116e-09 4.989669810690631269e-09 2.714519114347608583e-09 2.527703440891895800e-09 3.498260077767685840e-09 -2.996855441029500598e-09 -4.458008842526073826e-10 1.164599259042931664e-09
-1.247019887009071270e-10 1.921722070958197518e-09 2.234593334010409818e-09 1.302106945448498468e-09 2.416303511330856411e-09 4.721767674580360527e-09 -6.402623009827782786e-10 7.540600639944911998e-12 7.146529151984425179e-09 4.981784393089320702e-09 1.895023407892223887e-09 3.464305449847305148e-09 -2.166676421751822110e-09
1.802993646444008729e-10 1.317098735759274648e-09 2.094766352339391128e-09 -4.418612710272616273e-11 9.629415681133051959e-10 3.444003276873047418e-09 3.503950603303443660e-09 3.523698520964881127e-09 4.405130275904221890e-09 3.369887742315926729e-09 5.276857615667959862e-10 2.756820496960474126e-09 1.433332477188013969e-10
2.271747778960453830e-11 3.821348818146765591e-10 1.126017684516553005e-10 1.569225592665259653e-09 1.688126284295721610e-09 1.558606727505529091e-09 3.002061599306713009e-09 4.859614083602928168e-09 1.115740426392792702e-09 4.011483918260882101e-09 1.178798921494944961e-09 -3.053649733580605999e-10 5.850645654502340056e-10
2.411417400623795026e-11 -2.027767795591988110e-10 1.626481615794349824e-09 2.248035996051713485e-09 1.746279436437274867e-09 4.888521716756017874e-09 1.844706722758598540e-09 5.220647332491476955e-10 1.643919541631551372e-09 2.186219900456244592e-09 -1.226516399004621216e-09 1.673578273298053548e-09 -5.841281203064901954e-10
-2.400909395309689403e-12 -2.018394612004784822e-10 -4.207275702385305419e-10 1.070320708500437293e-09 6.022042939764889510e-10 1.388952419047948691e-09 2.117841707999546578e-09 3.351094705717047744e-09 4.601725627595079761e-10 2.310509041254954151e-09 8.469135548483600512e-10 2.218027286617593713e-09 3.518715079125451668e-11
6.578985925347334523e-11 4.123493743121969789e-10 1.205153538766381941e-10 2.150244635542622499e-09 2.046520528883745576e-09 -1.510494158778934689e-10 3.492324626111878414e-09 1.261011406008425733e-09 2.213263310685971294e-09 3.914461445584845097e-09 3.609632279189496482e-09 1.040711294209656115e-10 -2.612087341677693160e-10
3.278142007513569187e-11 2.877235789966559616e-10 5.598018011911804333e-10 -4.774233990131385185e-10 1.903187335651694803e-09 2.724935241672817066e-09 5.589728122428625223e-09 3.722719375879040236e-09 3.486865845874942822e-09 9.905930160890828257e-10 2.748425315186212527e-09 1.986940819514746176e-09 -7.472117649823539128e-10
2.773600410549990420e-11 6.963905816542203821e-11 -1.948856928954445777e-10 2.208588850918989561e-09 2.847462894260297646e-09 6.267484041577914390e-10 3.094982263686919905e-09 5.492080220413588724e-09 1.102089267878008264e-09 2.089557297478924241e-09 2.124020677294865041e-09 5.374383360952957851e-10 2.392787041788461175e-10
2.284564791000382105e-10 -1.690248180003780256e-10 2.715413234464381395e-09 3.513294003807192248e-09 6.138564594203679680e-09 6.030378444083624517e-09 5.105276908550402022e-09 1.845157283397541948e-09 7.248801604780862946e-09 4.127852683107371299e-09 1.600787519057707823e-09 3.346966221624689933e-10 1.812414569243789870e-09
2.375457666457537075e-11 2.089610390335910255e-09 1.482665512982016574e-09 1.182588735655379126e-09 1.794386317285169644e-09 2.153526296440348760e-09 5.761323302495746113e-09 4.952707719764814074e-09 4.071587103401149032e-09 1.310440734510125177e-09 3.549731101808378370e-09 -1.261526124687068570e-10 -9.395788563570712133e-10
4.990585510580098957e-10 8.014035215813985016e-11 4.786660594097872848e-10 1.470355826057015217e-09 7.278333828379975592e-10 2.988890064314044125e-09 4.533261747012441029e-09 3.827738930645474931e-09 1.085774104991260682e-09 8.740689845876074398e-11 3.066155269697190591e-09 -5.935464973184822899e-10 -8.043838245738080591e-10
-2.638926176887494405e-11 6.543802642865289183e-10 6.736061236265975135e-10 8.050171767477181799e-10 -1.434664896641475846e-10 -2.535840493245286190e-10 2.740156405428861496e-09 3.803275662572688274e-09 1.711593010424625773e-09 8.801576084951647935e-10 1.961245704769832260e-09 -2.392503694444768847e-09 8.528532245928183799e-10
-1.297339009789594694e-11 1.735264837517471041e-10 1.252007998526856351e-09 3.455557824220537924e-09 2.159460127372420941e-09 2.991954566819823983e-09 5.227479735715570356e-09 3.548149284575308945e-09 2.295388013819601912e-09 1.934907763162251346e-09 3.694121010159713904e-09 3.590018351285400485e-09 -2.645559213359053608e-10
3.090127836575942648e-11 1.980311120973390302e-10 9.143794146016685702e-10 -3.550617385071404734e-10 1.145683226942940255e-09 5.476614463349061141e-10 1.960000531445955487e-09 5.637468214979389537e-09 4.191865056225678509e-09 2.569735112427559402e-09 -2.497368068512548432e-09 -1.579081403541178526e-09 -9.960395462618035836e-10
8.949590213266989650e-12 6.952841096225511886e-10 1.985709736119296881e-09 1.356871684918292184e-09 2.563699977212604472e-09 1.622351228246152301e-10 5.699792497826665650e-10 2.371995592448408372e-09 2.812011952347987213e-09 -1.070278753664995307e-09 -2.850946736344914713e-10 -9.599108755659984550e-10 -1.066269980270311037e-09
5.855163183770989672e-11 2.583842155474276130e-10 1.267115290036062151e-10 9.511040248187217087e-10 -3.147387529855989803e-11 3.177545491203491669e-10 3.821234857736992854e-09 2.744398363293080350e-09 4.589498049832754545e-10 3.331259561472391868e-09 1.080533079225893632e-10 -8.197335505706576520e-10 8.371418242682015103e-10
2.881903019327978311e-12 1.728856639400305572e-10 -1.238183532289991796e-10 8.710789275113248100e-10 2.621518470160668945e-09 2.947956499800787553e-09 3.319558323139804335e-09 2.078122730287998458e-09 -8.138309754548771360e-10 4.143058123691306162e-09 3.865166819810566646e-09 4.183003483746056896e-09 -3.957450683688007765e-10
-3.884686588972348016e-11 -3.598920845449277418e-10 1.600905343303352114e-09 1.067980714393346822e-09 1.593692082697479472e-09 3.537069465933992442e-09 5.678232659423206964e-09 2.004183782173545154e-09 2.200589341517402971e-09 4.802666821485459444e-09 1.865406010138042675e-09 -2.527199050675256720e-09 4.092049698271094867e-10
1.679628547051459205e-10 5.087719291977544859e-12 6.659891276330649094e-10 2.387427175648645490e-09 1.604479658706411284e-09 1.689148121134919308e-09 4.085268117820699823e-09 2.571025897621126577e-10 1.996392578510671528e-09 2.182095626651678672e-09 8.200356729111967549e-10 8.774810525192824465e-10 -1.162186332707312931e-11
-1.158037521774145358e-10 1.006939776841891621e-10 2.451607951116937166e-10 5.263227209589745931e-10 1.512511934768655799e-09 1.911789161250328219e-09 4.712921581701099311e-09 1.263380825743427634e-09 -1.226643783438420545e-09 1.019038884379472214e-10 4.647190410516336398e-09 2.023122174159717891e-09 3.758638336616741450e-10
-5.830760772244050738e-11 7.771563119922629904e-10 6.033450329955782136e-10 9.628786379063043631e-10 1.648544567474904069e-09 -1.211401075249961062e-09 1.035742976626839582e-09 1.721057602200624178e-09 1.778216320136160580e-09 2.267695891493990787e-09 3.213374128468941659e-09 2.270458224175437298e-09 -6.056174090879466912e-10
2.531931355560812210e-11 -4.567892381387563099e-10 -6.806427407033344525e-10 1.636475765323369482e-09 4.401107749260658132e-09 4.776812610370410666e-09 9.827920142449727557e-10 3.697915117793564952e-09 2.712676741372073577e-09 2.968338618333272593e-09 9.918220961809256882e-11 -3.537716023778685233e-09 -8.220600627794289230e-10
7.177959985028141905e-11 -1.446178486068202263e-10 -1.955191074485809723e-10 7.291560678860829324e-10 1.763959333729016115e-09 4.067569349365432163e-09 4.236968223534935287e-09 4.193234322817257863e-09 6.797236319841467047e-10 2.316789306487177606e-09 3.819036932929520369e-09 2.416978624072172226e-09 1.187098681780042508e-09
4.769371838919336346e-11 2.464668570260968678e-11 7.676958325168958270e-10 1.771730477167222705e-09 1.763145651585526683e-09 1.995819195180892067e-09 1.048480706402286639e-09 6.327895101076973571e-09 4.401600032487759453e-09 1.621627418533294207e-09 1.903134970448312696e-09 2.655234153162473010e-09 4.486496157735399019e-10
1.365967029490035804e-10 2.262793654762167786e-11 1.191373655741187163e-09 6.279533990925885921e-10 2.307759213135606263e-09 3.313890388436141743e-09 5.689930164014058847e-10 2.044275947614776570e-09 -1.113504331966619410e-09 -7.606566605494498083e-10 -8.247134843307396984e-10 -8.255852067544550231e-10 -2.226546329602274105e-09
-2.684015168510500866e-12 9.805546805969268789e-10 1.305376733275052483e-09 1.708179721205496197e-09 3.125184185617801437e-09 2.018372070876836108e-09 3.779724842848305351e-09 7.223654909817201070e-10 7.591412473025644485e-10 2.616451197932140665e-09 3.995239549897795022e-09 1.951440766465589128e-09 -7.593286441005654352e-10
1.608967743107099441e-10 -3.493827258328850333e-10 1.239089738485267678e-09 9.096542881429546469e-10 3.930593952177213082e-10 2.253461589722823814e-09 8.824322760540615962e-10 3.296433444177428336e-09 2.101570038964945988e-09 2.312080901033087394e-09 -9.260928327480982533e-10 1.013845187317091843e-10 -1.724141492645700817e-09
-2.483596835373846126e-11 2.042792399517802997e-10 2.046308398208663503e-09 3.894080899802064092e-09 2.957519035072012980e-09 4.264347439589750091e-09 4.813273068330680550e-09 4.346000726861101277e-09 5.892419932004061450e-10 1.160284632993495909e-09 2.594692019290527358e-09 2.606224183512418706e-09 4.722804369997979709e-10
8.274421608806191369e-11 1.026503733770249209e-10 -2.117580221585693695e-10 2.123196890302085812e-09 2.816466895756257131e-09 2.124024462218169482e-09 3.481176018814143762e-09 1.767378670264260860e-09 1.293879492103565467e-09 1.247641084693910106e-09 1.661218314859666760e-09 6.325795555379612377e-10 6.872015321244510243e-10
8.670170695173788061e-11 -1.068873528232881918e-09 2.683203390638920306e-10 1.260257561534258361e-09 2.532014226433115981e-09 3.311794756972405121e-09 1.834367234276707205e-09 1.141297078140603860e-09 2.319424740682282827e-09 1.681900893775733515e-09 1.978978586577245171e-09 -1.039630304052906894e-11 3.993324488895558826e-11
1.209088634300662403e-10 2.324980106204120584e-10 9.164880116552169772e-10 -3.478715019640460366e-10 4.296516127210281472e-10 4.935323234000677219e-09 -1.266623875552836506e-10 3.572648442051068509e-09 -2.736725829448738357e-10 1.823857345841170106e-09 -4.071703981114232818e-10 1.656350623095718525e-09 7.295964134200064459e-10
1.787217566946892619e-11 1.641623484920178806e-09 1.064995524806392963e-09 1.246171362659211246e-09 3.335195924461146182e-09 3.375997815860583211e-09 1.696109656826763927e-09 2.019116264924339197e-09 3.391001359604789889e-09 3.335369491999755282e-09 3.775003756303741046e-09 -2.257727788140167211e-09 4.646314923652225590e-11
1.863704488052762223e-11 1.079304763622555284e-09 -2.719826632781375357e-10 1.658947788137957735e-09 3.310766412692761649e-10 -5.987168107705707836e-10 2.119389119974416407e-09 5.260541607701031864e-09 5.150049292398709580e-09 6.701558151267564949e-10 4.842837556355673920e-09 -1.042453592144793633e-09 1.296797457887595334e-09
6.880430002967758436e-11 4.839951663175363329e-10 1.266471997310567293e-09 3.478212308693522691e-09 3.091852988548194328e-09 2.037772223533187473e-09 3.222521322224364189e-09 4.926102456948319765e-09 5.980743661749801258e-09 5.418980366798999037e-10 1.844629537328355810e-09 2.117365381221639674e-09 6.212139734023542004e-10
1.985424474189537558e-11 2.160836954352035446e-09 1.904339450728507367e-09 3.695931683947592618e-09 3.565949441315003413e-09 2.205125902830879805e-09 2.516315260562465684e-09 3.347006831681950746e-09 3.515224504755692097e-09 3.996228124858695408e-09 8.019074884711588430e-10 -1.597009648097725033e-09 -1.287490168752140763e-09
-7.177207509380856651e-11 -2.513807703639569692e-10 -3.006133405432339088e-10 1.675569255512348563e-10 2.110653438180170358e-09 3.945527731621990072e-09 4.807578436235312163e-09 2.998131411758108017e-09 3.300183763282638004e-09 3.470732359406211122e-09 2.364185078979914959e-09 2.296241731741025741e-09 3.959631819794184380e-10
5.915348623125221482e-11 3.991749173880005866e-10 2.916381214481123611e-09 2.651375531954094815e-09 2.589749963479282857e-09 6.257809654802605896e-10 6.587823343717739372e-10 3.955658748473714852e-09 1.649317765355317623e-09 1.784314104265789111e-09 4.942437131130652893e-09 1.933447000415473438e-09 4.433486719633467305e-10
7.623667631321223011e-11 7.016752216688205561e-10 1.650281548260529893e-10 1.056748380200684063e-09 7.620135230678367059e-10 2.129157633653146505e-09 3.889848097829042126e-09 5.571231763348072244e-09 2.325386140125983475e-09 1.512778430028348987e-09 3.009213034386024124e-09 2.454422523548327666e-09 3.541810855573817339e-10
1.513727285796613556e-10 -3.424089170875644334e-10 6.832627228836269867e-10 1.478316282737101864e-09 1.671449769814882213e-09 1.443806556047891486e-09 3.259466376074048735e-09 2.130749913698057465e-09 3.591428655550535206e-09 1.396070228133508420e-09 2.796567918831526972e-09 -2.504848124861009681e-10 -1.394533118799651778e-10
1.251114454155338660e-10 1.250428211030601179e-11 1.414047763024719336e-09 1.565237512742932500e-09 9.890065886488848301e-10 3.560624177590724862e-09 2.231743939336978098e-09 2.301437774335117166e-09 2.771640483818923961e-09 2.544573100099507127e-09 2.140400758319136989e-09 3.791718231023582947e-13 1.006475153522399257e-09
2.550959002162935792e-11 2.380876036723160597e-10 6.233036559000610718e-10 1.508085569615588308e-09 1.646586872383905070e-09 2.328210345192149045e-09 1.549957380199732482e-10 4.731663721929915562e-10 7.952930629169570297e-10 1.293148320996505506e-09 -2.366790137405698613e-09 2.100643270770520999e-09 8.006493688272147525e-10
1.255424328294342906e-11 1.079501692824162116e-10 5.914456269760169316e-10 1.097873417142472095e-09 -3.648566490171852380e-10 1.316781321689464251e-09 1.763030390008492396e-09 1.178902996053621446e-09 5.583697655633277130e-09 2.691715912086760032e-09 2.466237382018006229e-09 -9.453474488654685004e-10 -1.235572588053944144e-09
-1.432934830633651154e-10 5.376231065477349845e-10 2.780056120632257359e-10 1.065777804940894490e-09 2.425251348131548810e-09 2.367425830779392938e-09 3.947895438047427590e-10 4.894586832601632222e-09 3.646960974467997019e-09 7.656606329319223821e-10 -4.444899879374841717e-10 1.196208952772305774e-09 -8.002434647509886220e-11
-9.468673448306443030e-11 -2.972838370040037528e-10 4.198669315456174171e-10 1.057717695326095316e-10 7.434746273273804390e-10 2.525153282923586581e-09 2.211102946597506344e-09 -7.944361978069826139e-10 1.178033989713653341e-09 3.715012110719969905e-10 1.247261798548848563e-09 -1.294536835013843925e-09 -6.688881497418268058e-11
1.461736409677715628e-11 3.014741490490302305e-10 6.235683143463721049e-10 1.070566665154940738e-09 1.530298148342678511e-09 3.194410660868085912e-09 3.508711030735412174e-09 -6.165565446563357208e-10 -2.869801975595796238e-10 5.232809955200914057e-09 2.539062682842549166e-09 3.908452555434928660e-09 4.660720146397073246e-10
-2.623965319295927269e-11 6.676698737094774684e-10 1.550133077385800490e-09 3.296653977223112324e-10 -1.429359986509679613e-11 3.018592851933026063e-09 4.349553361150296193e-09 7.315229674338794292e-10 -1.728782996921648669e-10 3.118508817742855237e-09 2.023477551765316927e-09 1.504363402790516763e-09 -5.421102579860696933e-10
-8.385256268264325249e-12 -1.720693704785317310e-10 5.808493609107255006e-10 7.257193330243724617e-10 -5.915478320143181645e-11 1.448410901429692398e-09 1.200254133641112840e-09 2.451688337995209382e-09 3.074117467040657371e-09 1.795045286347662823e-09 3.645449996088941647e-09 5.243534192535506520e-09 2.504467553280433888e-09
4.823144537696987508e-11 6.408745928376418048e-10 1.874582373202742792e-09 2.175843227739959678e-09 1.361483215612683258e-09 1.377069062930894711e-09 1.570312787536671799e-09 2.683804988310950413e-09 2.928227242444939963e-09 3.194671641926697576e-09 3.776765434100678909e-09 3.422093631177376166e-09 1.393851100267365907e-09
2.193532754960810553e-10 1.176953490252273326e-09 2.142168397626970366e-09 1.409800138327246243e-09 1.276690462554951475e-09 2.213051641073086715e-09 5.607030711550992478e-09 4.690079379817139451e-09 4.249073596182533349e-09 1.709179332266684361e-09 3.134421374589386346e-09 -1.695443619915408463e-09 -7.239408598416113419e-10
1.287677047184878694e-10 -4.989990177682413866e-10 1.124384664340094743e-09 1.251798136975736635e-09 2.874230447576261594e-09 3.196559362624028677e-09 2.995595632849028042e-10 4.328762306012532433e-09 1.978037091286894084e-09 3.006500201633689124e-09 2.742901134562173611e-09 1.707764909396464683e-09 4.193832343243998632e-10
4.857726189125788317e-12 1.358350732347287853e-09 1.784761651120793185e-09 1.015795870762856519e-09 1.517264451019306920e-09 1.291268165661813997e-09 1.797518084969771783e-09 4.077554082356940132e-09 1.282117186409445543e-09 3.105052654990856845e-09 1.606422429479685186e-09 -1.827663694564117686e-09 7.917549554641612631e-10
1.832696624997632711e-10 3.485524580180445943e-10 6.920315987514202181e-10 1.848745548974969654e-09 1.105327838444858719e-09 2.434182563985125608e-09 5.494856006476663882e-09 4.181032504422784970e-09 2.228119499666752713e-09 1.143201421306921648e-09 1.131168292987935486e-11 -1.241990094329551583e-09 -1.170172590346594324e-09
-4.165301885524413354e-11 2.372902978824187972e-09 2.389855588891602233e-09 1.507277262831362087e-09 2.969239904233036343e-09 1.789556351019328099e-09 3.935204881912577691e-09 5.879275432460281331e-09 3.033052327957015079e-09 1.041016003877157225e-10 3.021211876545218808e-09 3.202963101073083652e-09 -6.206420382040527801e-10
-3.334084513863123903e-11 2.571886220128657203e-09 1.988812204857405313e-09 4.069173833178485160e-10 8.974228972906242730e-10 3.466739130786815869e-09 3.180308117260871692e-09 2.944662963403880890e-09 1.073999244657133905e-09 5.133952542850523722e-09 -1.131864722197241095e-09 2.172617828266685565e-09 5.078557769535608685e-10
5.335865030240451388e-11 6.200773934614223937e-11 1.182680164061661311e-09 1.021527478291176201e-09 1.305977167371004822e-09 2.297663307199518168e-09 2.790958975727732132e-09 2.269295241945139513e-09 2.969942860276565051e-09 3.365760041437456622e-09 1.839750478217062078e-09 3.704049836149561883e-09 2.624220158567022241e-09
1.054655145646770477e-12 -2.209944131195348740e-10 -7.958887650488980666e-10 7.353848548467211730e-10 2.023686642745640334e-09 2.112723743145440961e-09 3.674489622912978729e-09 1.382836873184164631e-09 -6.956225063600419001e-11 7.189946132130870093e-10 2.319762608409100180e-09 1.599505161347879371e-09 7.767713990546648347e-10
-7.416405516622598031e-12 2.943913636033195819e-10 1.810542728305850557e-09 3.342432665991224784e-09 1.803171562264367026e-09 1.614246200384085303e-09 2.667391267972879345e-10 1.153426781862803030e-09 1.979849522449109197e-09 -1.709126750770700585e-09 3.113116045061281427e-09 1.581868948699820260e-09 -5.985996283676767139e-10
-2.079840689167007379e-12 1.079545279577849330e-09 1.169908032218121062e-09 1.648197464699986280e-09 1.091084096068685363e-09 1.789779897983870471e-09 4.402210428646652171e-09 4.344126218982605985e-09 2.922732200079304469e-09 9.979449425046646916e-10 -2.381820180270667483e-09 1.369268347233960826e-09 1.110844404818449303e-09
-2.129194950837097983e-11 5.820333037495053085e-10 5.109812587166135176e-12 1.892915607354738647e-09 -5.136825809470043871e-10 2.883848470919323706e-09 2.349483942766094462e-10 2.885838388805212566e-09 3.274413582668833614e-09 2.704770038628053673e-09 -9.518509954163704219e-11 -2.068680691217923268e-09 -9.242027210794792731e-10
-5.250760467458568835e-11 -5.834536030619665080e-10 3.775607537435288724e-10 9.029930588067936048e-10 3.462123785669474224e-10 5.588031956163908789e-09 3.847444215677919554e-09 1.754908888522811670e-09 5.297627052316055181e-09 -6.827635400123305530e-10 -4.979734219833723368e-12 1.742162079287534522e-09 7.953512432444709800e-10
-8.228059315236200201e-11 -2.372906473309173594e-10 -1.381593261927889461e-10 3.106125355496260798e-09 3.334509647775547333e-09 -1.412464251981593628e-10 2.545584899484373370e-09 1.875050034491381844e-09 3.413002344230914871e-09 2.687842645105376803e-09 4.013516940782229579e-09 6.897520287827444479e-10 2.395697941119341047e-09
-1.782446242297873848e-11 7.420981471602057026e-10 2.297379426504841716e-09 3.919032068736422242e-09 3.945525757333260958e-09 2.846455121947477521e-09 -1.226674223144868357e-09 2.312160132210013976e-09 4.972997126716147900e-09 1.009177810900807740e-09 2.261608358303965565e-09 1.056779753577351699e-09 -2.051232060666283006e-10
-1.040378412958457936e-11 -2.605767619715680688e-10 3.442304158123109009e-10 9.489764822529403418e-10 2.720755501541801211e-09 2.783186554864801713e-09 2.269654817181158601e-09 2.874083515250748335e-09 2.370641717573031615e-09 5.391654962877319903e-09 2.574023380462221424e-09 -2.494380160928811031e-12 -6.515107434322993514e-10
7.368237075033503846e-11 2.552966361375646368e-11 -2.838079177152161716e-11 1.907603497222236294e-09 1.961775570137493275e-09 2.397297286275057335e-09 3.467985730154062739e-09 8.543986240753817946e-10 4.212186424425318138e-09 1.201226396400246963e-09 2.217817620016504161e-09 -3.878465131573936694e-09 6.678048737676220823e-10
-1.672104191597838679e-10 3.756379020380829804e-10 -8.481755469862970877e-10 6.515882404812867037e-10 2.241506551850771729e-09 1.205919542464086803e-09 1.882799982639766254e-09 2.944080364977724754e-09 5.186909128937164608e-09 2.184081007368635819e-09 -3.114428218362140510e-09 -8.537260526829513109e-10 -1.889291610526460893e-09
3.934005314699889501e-11 3.368493900214097627e-10 1.548132443037547438e-09 2.560033916111695656e-09 2.204012733377189930e-09 3.048657889713567212e-09 3.624031740001865956e-09 2.819397146744681080e-09 3.206140953300343676e-09 6.175754157850061037e-09 3.708418988661095009e-09 -3.907057573977254350e-10 1.082784122954986734e-09
2.123496223987707682e-10 1.577864937966373622e-09 1.722036999079219823e-09 3.538755791697251730e-09 3.318936201643132399e-09 4.913976869741775862e-10 2.697398457352607598e-09 5.245969924894123578e-09 2.345727655678549411e-09 4.004259856660853621e-09 1.178844918688983075e-09 7.092955581310810407e-10 5.035375523963166385e-10
6.448090945004972114e-12 -2.090616785299456921e-10 4.353385197280009824e-10 4.074910926349381935e-10 9.792749776856682779e-11 2.589696311417009775e-09 2.906494448909517182e-09 3.228084282918473446e-09 9.564134889442317938e-10 7.516548517953249196e-09 7.340728433218268574e-09 5.021864003637401735e-09 -1.101159785234761663e-10
5.663433334739162466e-12 1.255981537106678269e-10 3.580354269092633165e-10 1.211504882858860924e-09 1.917343727127581603e-09 3.507032508386029436e-09 4.307598485590250511e-09 6.632779218146141797e-10 1.586695891122630713e-09 7.857248351969761289e-09 1.408308425220119569e-09 -4.505495586420803658e-10 -9.976623584434595139e-10
1.039855247125659843e-10 3.790091008491187242e-10 5.962308703307362420e-10 1.865720863187939709e-10 2.575309896329420609e-09 2.253402218313707854e-10 3.482292502577067496e-09 3.751203921052479093e-09 3.586978056051441348e-09 5.614400112696614425e-09 -4.523319990983628390e-10 7.824146122437216742e-10 7.288187786521551167e-10
8.249708125479678121e-11 1.073966310547033400e-10 9.037344224330066879e-10 1.253068066498229498e-09 1.560301026990113210e-09 4.481330224035046296e-10 1.880298856014785359e-09 4.392271997599985485e-09 5.412471007896751820e-10 2.642130632965530972e-09 3.081851577034262686e-09 -4.474157778541329257e-10 -1.368770633438127137e-09
7.539492863356347952e-11 -3.300673035939540705e-10 4.501765650945010335e-11 1.353854355173116180e-09 2.670080876214548690e-09 4.249109166491196049e-09 4.194324553074713314e-09 2.815033126767092409e-09 2.044768811081236353e-09 7.797118293008781888e-10 -9.954098494717177231e-10 -3.333103599813088933e-09 -5.265874872255580822e-10
4.804866936912154073e-11 2.673728573171803037e-10 5.635667610158847983e-10 3.620526115545578005e-09 2.045369587315216136e-09 1.105749021496247316e-09 2.615001319418388480e-09 3.265814234831602841e-09 5.555594913359223477e-09 3.876456847901891118e-10 1.778725777972693991e-09 2.138014747643135213e-11 1.372291747687473044e-09
3.192406095244808356e-12 -9.432788246906469997e-11 -7.290639314626355395e-10 2.255974101301875661e-09 1.840510168753079633e-09 2.094889241246831171e-09 1.346447795914715179e-09 1.528082918171344728e-09 1.704107900730565684e-09 2.733201136837349936e-09 -4.233421561964799595e-09 -2.351767161985550075e-09 -7.145520707286770467e-10
1.107950606601679317e-11 9.212971001850340154e-10 9.580425378793943647e-10 1.675781982768687566e-09 -2.847928633449208846e-10 4.425704683789085973e-09 3.579378986427186851e-09 5.241253633388600500e-09 1.365656696325088001e-09 9.945711361977143061e-10 3.605340441428934425e-09 2.186264219077029016e-09 6.899735699691339904e-10
7.627499307783072158e-11 1.496048639751069672e-09 2.295249746646813110e-09 2.661920922484239077e-09 2.560308333838815797e-09 1.861816019965648989e-09 3.757261718413473086e-09 2.346469376837154359e-09 5.761296391243218335e-09 1.884919857301107707e-09 -1.532995358502935223e-09 -1.049339781689433341e-09 -8.626082069849256025e-10
-3.805753034954355776e-11 2.933351784417504684e-10 2.772384640704330421e-10 -3.581488784168186733e-10 -4.736547627103473576e-10 3.543737877667509567e-09 3.840695316745088565e-09 5.910107869486670528e-09 4.783350249802366396e-09 3.224240411248318518e-09 2.179167939612587849e-09 -1.471153899297292165e-10 4.130036154566597346e-10
4.940547939634839350e-11 5.341822763969419064e-10 -4.020075702416686961e-10 1.626760289619468302e-09 2.383629448651931967e-09 3.378479829864729881e-09 3.110516982262772745e-09 3.881819536399276341e-09 3.091591771447431549e-09 4.176558617000634366e-09 2.764582641060749281e-09 -1.478473109745001891e-09 -6.564180705535688636e-11
6.312987142256167703e-11 6.762006815754989952e-10 -3.353247783902911008e-10 -3.669788506459836014e-10 -2.751277315332793128e-12 1.611145679903626171e-09 4.951242897185540765e-09 2.323349173495856833e-09 -1.661824551639991194e-09 6.479078090239408917e-10 -1.039469958768797449e-09 2.617100508776712357e-10 4.420634550797036670e-10
9.850198384096392957e-12 3.271705224220055737e-10 1.130243718997382283e-09 4.234243314800717749e-09 4.633589335825169382e-10 2.445947341052775468e-09 2.422869501394103088e-09 7.371374066381840126e-09 1.793137390853058988e-09 -2.067523092859347715e-09 1.780449799368999050e-09 1.372219578002316928e-10 3.585334988848385568e-10
7.753082335935065779e-11 -1.615843410402037609e-10 2.904486961378807066e-10 1.012859929135529107e-09 2.973739915224798578e-09 4.318639638115677537e-09 7.536279883103276261e-10 5.894875074984837881e-10 6.924007256595385142e-09 4.152281854021573702e-09 2.020794601011958933e-10 -1.158428636722544812e-09 1.304819709899535605e-09
7.383018561756216153e-12 1.054356463537871968e-09 1.423225398853990517e-09 2.116330666458190624e-09 1.122925197497089077e-09 1.321041293520944919e-09 2.548433835903102848e-09 3.021213220103105195e-09 3.597643232793873359e-09 3.666990358399271843e-09 4.959269353611539808e-09 1.918011648466600070e-09 2.677835703237290406e-11
1.200494547756180730e-10 1.187928622475811208e-11 7.791752192041284818e-10 1.126717668841581916e-09 1.324466373672393480e-09 4.098379734201086863e-09 1.069681895881897406e-09 3.066546209844453437e-09 3.542025574116503954e-09 3.118147883224649568e-09 -4.403289421569864107e-10 -7.661860272085137049e-10 -2.746046540357596628e-10
3.887620619834500529e-11 7.744078141048192506e-10 1.310372453350251105e-09 3.189444974981728029e-09 2.064376257279901907e-09 2.314338697601606866e-09 3.697814970154095978e-09 3.221482187539749750e-09 1.944563955290552663e-09 5.418138553145804699e-09 6.256005476788917656e-10 3.930659623924248341e-09 1.288135659869755410e-09
1.644370992217284148e-10 -4.732388941073052362e-11 6.196637371209616077e-10 6.587996517546028304e-10 2.102687529233483431e-09 1.700538697677683194e-09 5.793354360023526300e-09 5.881129060057518301e-09 4.403526740943487942e-09 7.096192116191066555e-09 2.246452623645859679e-09 7.341746251391854268e-10 -7.231634146230602320e-10
1.369687776532447228e-10 -1.280717742989711522e-10 -2.512289694368865435e-10 8.913074166683297820e-10 3.092244508439830343e-09 2.458988804888406259e-09 8.158461524203836635e-10 2.020198579864318800e-09 3.066750028686920170e-09 2.013193889997213965e-09 -1.886002508911148778e-09 1.793668533062124749e-09 2.149079967529131126e-09
-1.020119004633152509e-10 2.912193151834886696e-10 -2.445127275743657780e-10 2.018975360003074217e-09 3.065062112667898032e-09 5.656247336687972885e-09 2.358812884898882107e-09 6.393311479598118536e-09 5.021383842754249252e-09 3.042336765776731719e-09 4.408535522679258846e-10 -1.635936279020534415e-09 8.837962214158047176e-10
-5.054989176002358705e-11 -1.228552787636452098e-10 5.242694999055805755e-10 8.063726664519280637e-10 1.157686066036249176e-09 3.041091060848132330e-09 4.262711270041249148e-09 3.325028586425502113e-09 3.306534726875074946e-09 1.431776392371164758e-09 -2.533468645933136661e-09 -2.552686128827167626e-09 1.608212339368367628e-09
1.759023268218782813e-11 4.218526459076841475e-10 1.075176141280309918e-09 7.349596625304115117e-10 2.712040886730900441e-09 2.540078944573618106e-09 1.746873150147141946e-09 4.999839356384023810e-09 3.132910547048464746e-09 3.927422414569772376e-09 1.970653551287685613e-09 2.621609139604159648e-09 2.656808232841836715e-09
6.957324295689590568e-11 5.546598305698903152e-10 3.745208001356434155e-10 5.026679813358148805e-10 2.866332241010356881e-09 4.288672484491197839e-10 -6.909658382482576922e-11 -2.933287034548926455e-09 1.263704415158300460e-09 2.967618622781605523e-09 2.267516013656113754e-09 -9.294157452509250839e-10 4.846593276568153620e-10
-2.614273911316963707e-11 6.664846875881381656e-11 1.656431044177414003e-09 5.665775571118225937e-10 1.312342393843259162e-10 1.703319187673662865e-09 2.096519692317071633e-09 3.451325579593219944e-09 3.561881314846870540e-09 5.338607970009750068e-10 2.872018805651211095e-10 3.292369145968741502e-09 8.954120759660117655e-10
1.405813998159895380e-10 -5.818771429696262090e-10 -1.205501041498563261e-10 -2.694246741507171499e-10 1.322875091055406084e-09 3.660882660689360884e-09 4.117711187784032736e-10 3.044929213084003271e-09 2.273326824301965305e-09 2.222674252240237793e-09 -6.681185468567864824e-10 1.636933026257380690e-09 -3.239655340645922987e-10
7.534927910191862048e-12 -9.500933897706391313e-10 -1.687407865550450202e-10 1.563632102707802571e-09 1.520542775327162815e-09 -1.485269006539381459e-09 4.920682300256657930e-09 1.990077684762490539e-09 1.981436220057282929e-09 -2.135154644859277890e-10 -3.919326836086102737e-10 3.526329484231216212e-10 -1.578485949798559804e-10
2.755400969354469449e-11 2.189412534534751605e-10 6.117813641407753531e-10 1.367831200912100619e-09 2.678008843152981858e-09 4.231983517011804728e-09 2.664238242325169042e-09 4.921786393899078841e-09 2.825457940328589026e-09 1.319285212779986187e-09 3.979221684431944670e-09 5.747350548301360810e-09 4.126139951070682387e-10
7.466397680970897959e-11 9.223443398330601041e-11 1.181384575451915775e-09 1.231813365564742991e-09 1.363687989777118007e-10 5.885071896020426434e-10 2.281104265517917000e-09 4.000220955272275061e-09 1.559045542636601903e-09 2.797693877345596025e-09 6.342557133703815603e-11 -1.140220954474524037e-09 1.219544805459686714e-09
6.782451618998176448e-11 5.555547765154458383e-10 9.005336449475662568e-10 1.081490407207435482e-09 2.837392946113948051e-09 1.087445325504151655e-09 2.318569979639646729e-09 2.031052025280498761e-09 2.178114295743145104e-09 2.548290341839656673e-09 -1.569174767298917832e-09 -1.841612266481301259e-09 -4.742045733852105647e-11
3.093783481977327998e-12 2.506668972224785856e-11 5.123114741183330178e-10 1.008835786499494344e-09 2.710081852418507659e-10 1.421617189519203122e-09 1.832131244880103504e-09 3.217401340816214108e-09 2.036533751527127771e-09 2.516991585451272043e-09 3.114394624181379736e-09 -1.578021607252230943e-09 -1.494558903825953852e-09
1.563785779375984514e-10 -1.090670237162807259e-10 7.049366812328937235e-10 3.389180831551489168e-09 2.604066115283402259e-09 3.160489458471055677e-09 5.279860811029878838e-09 2.928482771520639970e-09 4.257096185316395732e-10 2.178486560472638151e-09 2.587233497322700749e-09 7.126592335001337815e-10 8.791808672557735233e-10
1.277048416026564766e-10 1.165863074455802934e-09 1.791279725040165985e-09 1.277945954862997373e-09 3.295843904073702459e-09 3.172132056049410582e-09 1.970676351787006396e-09 2.316008611768414087e-09 4.475413908913242461e-09 5.280699062109398371e-09 1.699446261304195660e-09 -1.094248097995678960e-09 1.181668988186272259e-09
-5.665425513589230075e-11 2.075127724749372698e-09 1.750630884525621943e-09 9.720404101201691309e-10 1.807825033381063054e-09 6.810220718008876987e-10 4.591171494915367552e-09 4.818371917191542788e-09 4.973391243523685256e-09 1.580282462022643793e-09 2.790194589606498430e-09 -2.186090373056814149e-09 4.583581919631123953e-10
2.338508612790258809e-10 4.912489201460155568e-10 1.225707855297932836e-09 1.087375291656353831e-09 4.215608323903745049e-10 1.736321328841842284e-09 1.351113093235548206e-09 3.668859048658356258e-09 1.916174943252528033e-09 -3.363385123386906713e-10 1.633001502648758992e-09 3.088037467272312909e-09 -2.915344723939834602e-10
1.478268611117740071e-10 2.478442134741153341e-09 1.573963353137361072e-09 3.770982614404562624e-09 3.942189112315872840e-09 3.172365027995263538e-09 3.019465838973197332e-09 2.143131395633568993e-09 4.842243893760463753e-09 2.939881495846503682e-09 1.560721629089460867e-09 2.760257333581209430e-09 -3.069176891691207101e-10
3.942829362962088887e-11 1.052824392381729679e-09 9.443769720548995993e-10 9.915332124684767444e-10 1.337167895494273996e-09 2.081753770794706964e-09 1.298914775729659831e-09 2.193676226482827803e-09 5.060526142400544589e-09 2.509563927879565615e-09 4.986979062275391088e-09 2.160586073807593371e-09 9.458820814981314225e-10
-1.561052041845004529e-11 -2.450178224205474579e-10 8.248274375121037661e-10 -1.180688712119011350e-09 1.235985533854006249e-09 5.464224922611251589e-09 3.840415097172226775e-09 6.650446303042641798e-10 2.579776786791358885e-09 3.323697066806214282e-09 1.475846551294966965e-11 2.237626267426055869e-09 -1.316505408325328038e-09
5.050308057923575164e-11 6.926804193502747959e-10 2.051758734734564158e-09 8.217863602533707261e-10 1.833308620566043214e-09 2.459728861719258541e-09 1.628928164766768023e-09 4.330564336672796973e-09 4.394798816470745283e-09 4.640436014519089068e-09 3.003491064773689200e-09 4.992993007030605142e-10 -1.631703067497696019e-09
2.550968211096107079e-10 4.604381960353417384e-10 1.546985682864421242e-09 2.141657368060957013e-09 2.157269415705726837e-09 4.716326961984840239e-09 2.836506225252457793e-09 9.686075881914713805e-10 5.275569118347058238e-09 4.569302683345169140e-09 3.559297059179629706e-10 -8.024587977643211261e-10 -2.639351714914603713e-10
7.125165575808404957e-12 -7.561389800679610994e-10 -3.158941781194965814e-10 1.498797449094973263e-09 3.854418424303215237e-09 2.022351773490063164e-09 2.612560282240504229e-09 2.987016168030987117e-09 1.618128468970505364e-09 -3.613878726158074200e-10 1.206938564332981084e-09 -1.705106409174401217e-09 2.730247331539803797e-09
5.863765939112457501e-11 3.032468519632455010e-10 2.585851750252675781e-11 5.274308358187591952e-10 6.512643020264172508e-10 1.344035566120432720e-09 2.247235580390843609e-09 6.259122741619640729e-09 3.050305050226294343e-09 -1.778524170922572055e-09 1.385918193887332507e-09 -1.709278335734967389e-09 -5.093397945336894798e-10
-3.942005673661639227e-11 2.516111949926586905e-10 2.068908925859119826e-09 4.397153064232762933e-11 1.368886772389946784e-09 7.894781332152818440e-10 2.398270779477964239e-09 4.493681374158621825e-09 1.445124054245477940e-09 4.734547599459789448e-09 1.451196096857855503e-09 9.381297436121594156e-10 1.001971159221030785e-09
7.540275146798222435e-11 7.199052404566749816e-10 1.502467102876156403e-09 9.421105490462712342e-10 4.974163779293161760e-09 -1.904001643975938644e-09 2.409198958270726231e-09 5.473772988448307287e-09 1.560976711364828103e-09 5.164389258419460794e-11 5.601467176008423973e-10 -1.826500921858699459e-09 -3.193668040325230305e-10
8.414010085809251936e-11 6.630810939659091187e-10 8.139243483950580176e-10 2.695027062275144643e-09 2.654360165020736316e-09 3.731529037089930319e-09 5.507424928002102015e-10 4.524493130926718607e-09 2.245501773690716914e-09 1.532388385504917727e-09 3.496513827777492518e-09 3.696488379053690223e-09 4.706635252361532333e-10
-7.247271644647082641e-11 -5.993426476123473364e-10 -8.382027696955300104e-10 6.751130996970859572e-10 4.303996912976404100e-10 7.691285635107752801e-10 2.053044148650569245e-09 -1.082865169190315881e-10 2.544115831937529896e-09 9.344881909730842587e-10 3.694999015120380852e-09 5.593322907264679991e-10 6.101825897727529247e-10
-1.303016958776822358e-11 1.459425628148431852e-09 9.284560115079991917e-10 2.037635104320610525e-09 3.099194458034125804e-09 3.228725523999170702e-09 9.993315247863754076e-10 2.921480147817021041e-11 5.167141745896896866e-09 9.250240742003129405e-10 -1.561330291831473492e-09 -8.562206330422935520e-10 2.446384181172270016e-11
-4.975906569963631021e-11 -2.105223656960904529e-10 -1.222560091882517958e-11 1.066565761867012509e-09 -9.451939712261803051e-11 9.807928635542904570e-10 -5.280358404590407231e-10 2.853897200257616071e-09 2.186112919632782465e-09 2.973536408549207907e-09 2.990624897346283898e-09 2.465548262358253188e-09 7.374838489082226191e-10
1.585774576344755851e-10 -6.511634354657761512e-10 3.219984891600325908e-10 -1.297632187185124259e-09 8.488505093709466362e-10 1.105980561434337131e-09 1.556625131973505754e-09 1.740539053664599306e-09 3.350710916156397198e-09 2.068254702536609336e-09 -1.298305467625074216e-09 5.488538652410293396e-10 1.326616079035260882e-10
1.076315653708576222e-11 4.975230750910636957e-10 1.980778854948977303e-10 2.122584005684562557e-09 1.194719463766769433e-09 4.137169290337235368e-09 3.088602190834842683e-09 5.353420072675414370e-09 4.892012487561504716e-09 2.208443680940045820e-09 1.503016416173699083e-09 -1.046697566784727706e-09 2.895772792634698815e-10
-9.086184355313835851e-11 3.489522670906729709e-10 6.157771550131015693e-10 4.712272543329807745e-09 5.591647242923917956e-09 5.785795827161925380e-09 4.234187285594574569e-09 5.081090330474288508e-10 6.005615327184341166e-09 5.526703465057023330e-09 4.180418015384156607e-09 -1.227436799553437102e-09 6.597148632449396162e-10
8.647670594226284161e-12 1.900177030198926135e-10 -4.990463237989130869e-10 -3.729384398264994719e-10 1.522058433048393461e-09 2.312762648508459974e-09 2.668415090811863730e-09 3.579526181537349793e-09 1.827566211582191577e-09 3.006605009918290813e-09 2.831729404299918003e-09 1.783014693171341227e-09 2.544479680226141364e-09
-1.854629926058457506e-11 9.067665034056959184e-10 9.474285495883813385e-10 2.203850851438562890e-09 1.851447067571607855e-09 1.408717842822976316e-09 3.875249085432196277e-09 3.508243527108280890e-09 8.892662587393272790e-10 2.005776868276617574e-09 6.515846151602535885e-09 2.581480721961517752e-09 -2.164132048631367104e-09
-2.833219576794203857e-11 1.553123627867256805e-09 1.080500917193657532e-09 5.109881561814004043e-10 1.937893463857698153e-09 2.102824809966259826e-09 3.488160567354360350e-09 4.597791378560298810e-09 3.462421374043120100e-09 1.565243679831653566e-09 9.646751170136856668e-10 -2.142063551454816970e-09 -3.942935947290374260e-11
8.566725627669003349e-11 9.690778521131303163e-11 1.815764281258141333e-10 3.057385586990479868e-09 1.185293874627160688e-09 3.013432481022310750e-09 1.881444696304083732e-09 1.726366620535036905e-09 4.849758534775454171e-09 4.171452329684110934e-10 5.107918691509046925e-10 3.094942743878694426e-09 6.126911692344743506e-10
7.028213008970696552e-11 1.693655875945854405e-09 2.576323683696522822e-09 2.540687741982389732e-09 1.586636376264510687e-09 1.583551375895624018e-09 1.718740912713815521e-09 5.862402514278144581e-10 2.650537543192458525e-09 1.201075305347718838e-09 9.904913681679932973e-11 3.881089112370149716e-10 -1.340084028056191736e-10
-1.294353375003465962e-11 1.247035048701184930e-09 7.914506407221829058e-10 1.768759492357554292e-09 4.149458268157115841e-09 1.694684549296686155e-09 -1.584895735837742315e-10 -1.317264161192999565e-09 -1.476690711876513042e-09 3.804131335551970618e-09 3.333105408024878716e-09 3.559879098548151653e-09 -8.928716883878903541e-10
1.396851212806672470e-10 4.449061747627075640e-10 9.779939199441935768e-10 9.965981516632690103e-10 2.978940105802273383e-09 5.889271339199977015e-09 2.505468060369764287e-09 2.698077420002058374e-09 5.408223155485864650e-09 4.278613230289703248e-10 -1.151433741072447017e-10 8.585033805900340778e-10 -1.546593847939282493e-09
1.689644343949163852e-10 -5.513369199411081640e-10 1.689142612688724592e-10 3.045323677385755065e-09 3.833533776723518963e-09 2.892322242611245254e-09 7.956325405095251988e-09 2.392226729933267857e-09 -1.491505490938154875e-09 2.363262337234316707e-09 1.079789799868439601e-09 1.070303802243312257e-09 4.033908202450379075e-10
5.732250620251412631e-11 -2.887936780891145542e-10 2.275274902278516201e-09 8.701928434263361661e-10 7.387955801593158441e-10 2.066105195608001957e-09 1.332923138647202266e-09 6.395328401315615034e-09 4.376926594394607945e-09 4.265003966573172454e-09 2.483541387108887205e-09 1.460433434258769027e-09 8.274274512892484791e-10
4.133109852315127433e-10 -1.319661829887647785e-10 2.114677909703902818e-09 1.088360276830164648e-09 2.260915917910766877e-09 6.023294086750538228e-10 2.041062571829119729e-09 1.153010761701242313e-09 5.564796288854165708e-09 1.226334872939477736e-09 1.774507823478654418e-09 -2.646691481152825556e-09 9.231645468096918124e-10
1.649406590055878380e-10 1.499497680163893738e-10 2.692022784866682963e-10 6.390428105367853176e-10 1.137459619146143725e-09 3.057778140509219983e-09 2.380235498990944969e-09 1.304645348811244684e-09 3.333876192498228816e-09 2.413083721303345614e-09 -1.146533398116706219e-10 1.350324998614916761e-09 6.088891815663631880e-10
-6.160552078095116168e-11 6.736925483391209672e-10 7.809867307499840031e-10 2.052441814526046930e-09 -1.524180754982892826e-09 8.498201927133492641e-10 1.376837419027185409e-09 1.828250562786681509e-09 3.678049799616356185e-09 3.336781682104100325e-09 2.512165465473952139e-09 2.963340834784602916e-09 -3.340152522766305222e-10
2.242977626736758959e-11 6.072193770554284877e-11 1.998549605740419229e-10 1.612923183012407898e-09 1.578129431373276725e-09 1.312009515183110399e-09 -2.249106467142447388e-10 4.792270888530902903e-09 2.269187560406687470e-09 2.628127042138475864e-09 2.090175051458484429e-09 -6.633478026838444812e-11 1.299083411292676209e-09
1.300907828583010486e-12 -1.138306550887376932e-09 -5.144551131774966900e-10 1.900900202540465618e-09 3.320240754478390924e-09 1.045794325571729349e-09 1.761049823557533269e-09 2.370435247938661024e-09 4.454639689899439031e-10 2.408471717208184646e-09 3.474911728636903545e-09 3.971897140303038841e-09 5.980099085729322888e-10
-2.602598968530342519e-11 2.678919242015362402e-10 1.338919915140834425e-09 6.384862559260599218e-10 1.944662537064284645e-09 -1.963976106502213391e-10 1.882069432504014308e-09 3.465310585877027261e-09 3.622758817740351972e-09 2.271140691180267671e-09 3.946765772561739465e-09 -2.153281528126983738e-09 1.079415368678492152e-09
6.475043240812632590e-11 -3.945465208854145458e-10 -4.285618404623318142e-10 1.604076449339086012e-09 1.013298047805893711e-09 3.274981628611922502e-09 2.401290237794951472e-09 5.402981707948818994e-09 3.905563361974465212e-09 3.828629746553411528e-09 2.640341066044630361e-09 1.208442681469831047e-09 1.018774069364178651e-09
6.749464705076394986e-11 3.644641498609791461e-10 -6.216327194663809752e-11 4.737236641380067508e-10 1.853033095141569475e-09 2.013939012016073359e-09 6.134898248181381014e-10 2.596589489945291544e-09 4.255726791160336823e-09 3.633117212121208461e-09 2.848533358200792792e-09 3.192655868151880425e-10 -2.988758979668795882e-10
1.286807446808573300e-10 2.264742578774775004e-10 3.381435154946030069e-10 1.785971356324188696e-09 7.400987473704320957e-10 2.817614746640360465e-09 2.582451750265669785e-09 3.405182501635369150e-09 3.095156883009102794e-09 2.760181457126847457e-09 3.387162538547925958e-10 1.050898218112202297e-10 5.481762468037764081e-11
1.012966370570971684e-10 -5.813096220101973616e-10 2.907882348254370062e-10 1.311000259290713968e-09 2.411682802550250099e-09 2.529687275375798635e-09 3.307783201729388692e-09 2.606706966685134010e-09 3.949792162799057154e-09 4.887881458018488605e-09 7.923375755204776836e-10 -4.333701955859590954e-10 5.480104680270354564e-10
3.442522546617164524e-12 -7.414659854779148970e-10 3.839373603402004599e-10 -6.489526355919675351e-10 3.926565085270631930e-09 3.025414813643048921e-09 1.937179804715604536e-09 6.092373060943357827e-09 3.811017666943910606e-09 -1.720281616717827316e-09 -1.943994161871323200e-09 2.072869537431309015e-09 -2.290071271091950998e-10
1.846479625148166919e-10 -5.937972187184380959e-11 1.864207222745275699e-09 9.571347105343773643e-10 1.257003920550245703e-09 3.954543212505984512e-09 2.807549831606396905e-09 4.755071854126160499e-09 4.493757258972147641e-09 3.562904198801740649e-09 1.947160462627868130e-09 2.007506304912257446e-09 1.277708445431645153e-10
9.932761094373269809e-11 1.151491888724038403e-09 -1.582250279141097383e-11 2.497964991980941772e-10 1.943772969726969181e-09 2.034652539515212959e-09 3.436685640844492743e-09 3.171260010683999691e-09 5.873626122213927192e-09 5.897676184325836749e-09 2.727036865409303565e-09 -1.320349713655222046e-09 -1.519357468916466927e-09
1.509717748221718527e-10 2.809067117302445417e-10 -1.680550786919767795e-10 1.308304630780812402e-10 1.237784956422516859e-09 2.408516648747257337e-09 9.763611376379752543e-10 1.359884842628783621e-09 1.686878420265623683e-09 4.915231547507954490e-09 -2.038991389208373674e-09 -7.307024348518740384e-10 -9.066154030971516731e-10
9.280678471006556907e-11 8.081379640866812400e-10 2.035209777897489998e-09 1.933945214727131532e-09 1.139319868386880543e-09 2.377416028623078608e-09 3.891429969879897659e-09 4.402361941628478788e-09 1.346632960408213512e-09 -7.761447590106448147e-10 9.014804153524726824e-10 1.788746102358703706e-09 2.061499210611151602e-09
3.062246171992490297e-11 9.623655028003011285e-10 1.626535982188852798e-09 -3.268852135015779645e-10 -1.679195945691711984e-09 8.540559086566144566e-10 5.189239625637237657e-09 3.329102969028682553e-09 9.349145846502050515e-10 3.995061048324625884e-09 -3.385583294901830208e-10 5.391246687502273039e-09 6.387669377200261278e-10
