4.122412357852038703e-10 2.602469570691638546e-10 2.641790081010669516e-10 7.012673458575916600e-10 4.631059813465030027e-10 1.072113956067436123e-09 3.979243843921380953e-09 2.931665375917900244e-09 1.068556005651747565e-09 1.321531581817885002e-09 -1.687679863659091502e-10 -1.716538647834026049e-09 -1.833625845504458582e-10
5.439702002034316258e-11 -5.769517864758403962e-10 -3.346508432478033860e-10 1.982382560537400800e-09 2.941159361792516774e-09 4.286684508843419480e-09 1.537661176200681822e-09 3.764188986736185034e-09 2.778952794816975066e-09 4.678481604446330973e-09 1.918369490839083604e-09 7.439596409708481665e-10 9.618360228988005996e-10
-1.679616578462402862e-12 6.297105421938450254e-10 1.091722113947934044e-09 2.760126790612031381e-09 3.230396915736313933e-09 3.009109444745563041e-09 -8.720113596568574922e-10 5.108773298972838699e-09 3.750564930350005514e-09 2.550242904014063255e-09 1.389170099971083733e-09 2.006257840810673346e-09 -5.684181191487018903e-10
9.136715945098810955e-11 -2.583304282922264148e-11 1.819057380579452463e-09 2.758208915863447061e-09 1.158438837125980799e-09 2.158969867854495872e-10 2.738928316531168609e-09 4.395418029919330264e-09 3.933675531235566452e-09 3.474998410396456753e-09 -2.142130654852742047e-09 2.119012592464652737e-09 -2.340080529318391111e-10
1.230437626059299446e-10 -3.448044592589122458e-10 4.995326061623519776e-11 2.428417888468554490e-10 1.109566743927695995e-09 1.499649447688331403e-09 3.334976172858304921e-09 9.571776249655360420e-09 1.983428451048481171e-09 2.014658201500610677e-09 -2.528166092561086960e-09 -1.564611833682560443e-09 9.596204237729399846e-10
2.456909248973376232e-10 -7.018185680974982409e-10 3.258817210333817217e-10 1.653992349023333083e-09 4.361203982472016172e-09 2.053961006443629559e-09 2.199660921546198049e-09 5.790891700327344910e-09 2.535600424336262359e-09 2.461324061410045291e-10 3.966778819652705265e-09 -2.439989335807755520e-09 6.204285803336338693e-10
-3.825708002931218544e-11 -3.867606636435004454e-10 -5.725821857395382576e-10 -1.884488535001567054e-10 2.512466957360460268e-09 1.653993839443955272e-09 2.293135122485023419e-09 4.936426759028801994e-09 4.653639000663982594e-09 2.133898997276155801e-09 2.539750998105736908e-09 5.950358698952987366e-10 1.524542673065947105e-09
1.343865992748043618e-10 9.120618352934226588e-11 1.286945672005163283e-09 3.237061155698522970e-11 2.358955610483953573e-09 5.742933525690441480e-09 1.408075878933586979e-09 1.538288002095503318e-09 2.720379534022579984e-09 2.500392317787564295e-09 -5.797682971197520722e-10 1.851210086141641518e-09 5.245905047602226537e-12
6.052973473403337240e-12 6.806274036914081042e-10 6.629930007383575734e-10 1.939025025333087837e-10 2.686106787316738085e-09 2.454919840876488175e-09 3.507128794223191145e-09 4.695009459243824133e-09 2.261124405249673531e-09 2.816474992606824538e-09 -1.689333477623204033e-09 1.996763044159137260e-09 -5.968887648475334210e-10
-8.427850223071144875e-12 9.314100960680007045e-10 6.915124358774102394e-10 1.649728047604431436e-09 2.346021705437222212e-09 1.105898232201549111e-09 2.482170473888911219e-09 1.666970320408929415e-09 3.943014876375361804e-09 1.402256658706802875e-09 -6.488700162464869628e-10 -1.218182049340098114e-09 -1.316937663911885102e-09
5.853130093850112336e-11 2.871446672165813614e-10 2.032234320072414217e-09 1.267020148913608157e-09 2.566316649816187287e-09 1.784494786379778437e-09 1.664924187558225829e-09 4.021520162135509310e-09 2.256309639899603111e-09 6.128155810987590175e-09 1.899957005834008491e-09 -2.655142127108384068e-10 -3.515049229937545339e-10
-1.827532449596866046e-11 1.103429635516970808e-10 9.007085658776815424e-10 1.005921553067514779e-09 1.240787722967952565e-09 3.660546629980511439e-09 4.560375795835856814e-09 2.451369826627650250e-09 4.525426778282677801e-09 7.924300818881915018e-10 1.182765306212593335e-09 1.799885749501688786e-09 3.364586219217016552e-10
-9.954161128379303322e-11 5.693178157683674930e-10 1.062081202806225414e-09 9.037209352210440485e-10 2.324692581752122061e-09 3.963682859599348895e-09 5.624266702202031966e-09 6.893449758696412343e-09 9.113123522042300067e-10 4.241823993379371460e-09 1.420970842468657594e-09 3.200215803758538556e-09 1.025994669334259204e-09
4.358704708662876855e-10 8.905754620440637754e-10 2.595332819869625707e-09 2.767027092752202955e-09 3.249421406250362168e-09 3.478182647213737744e-09 1.358540026923918658e-09 3.084355088419243512e-09 5.235924577394996473e-09 5.336893577791070822e-09 1.887332582976202669e-10 -2.161773064402810728e-09 -4.694281477248536124e-10
6.897823944429438643e-11 7.232712340049405450e-10 4.744185321219238963e-10 1.192683275548063890e-09 6.403608836695521171e-10 1.743628784291706511e-09 2.254259955789855261e-09 4.111955306763355100e-09 4.253873581709651050e-10 -1.312967638884934787e-09 -1.661456508110070334e-10 3.500816778335733743e-10 1.066201705069646689e-09
3.761977893789799067e-12 7.215258095854876588e-11 -2.988152373774403991e-11 2.058576774941278391e-09 2.553319881889069910e-09 2.939676662225153832e-09 1.997640910570294566e-09 2.713276020227996222e-09 5.636604020397504402e-12 -1.763123714939298915e-09 1.889147693202536534e-09 -1.768162404844858227e-09 -5.389220190752695010e-10
-1.579055008405156566e-10 6.620735684602587630e-10 -1.444433400254887530e-10 1.098929921969950589e-09 1.956923690818750399e-09 1.663086288848382720e-09 3.731997857671231717e-09 5.076223553150905041e-09 4.628636216837631410e-09 2.692989027465647172e-10 3.245873065813966387e-09 1.359322592538820967e-09 1.938248148739799261e-09
-5.837049647207527446e-11 6.532009032215809951e-10 1.130206226903258222e-09 7.241795256707454858e-10 5.384153680698266083e-10 2.214527526881722404e-09 2.558649572724017424e-09 2.740716859371819702e-09 1.373867803727308777e-09 2.133053681397314897e-09 4.418091075009780504e-09 5.883492214198728711e-10 2.225066936249612802e-10
1.504197787917805946e-11 4.191319915061531967e-11 8.878420959221165789e-10 3.397080179782627165e-10 -1.481306175212759070e-09 1.424273410685109422e-09 2.304795294422668022e-09 3.798139316339426916e-09 1.430554294296712630e-09 6.952412568912612826e-10 1.106322325202370231e-09 3.338152893947006803e-09 1.792652209464638501e-09
2.062256631176041246e-10 5.734942984787609729e-11 1.387470228207137885e-09 1.688477384593149953e-09 4.432470099895901521e-09 2.709523848033035593e-09 3.889400189395823609e-09 4.468459895142822806e-09 5.349763298988348762e-09 4.335918134995166494e-09 3.585146031918324555e-09 1.969299572639238611e-09 -1.096489332748886114e-10
1.765648712841104806e-11 8.281396215351713066e-11 2.272760007726632133e-10 1.710890321759652685e-09 2.271359074506760904e-09 2.314729581786275976e-09 3.709115254862736993e-09 4.876586351378676077e-09 1.475536678596124936e-09 2.044766456740551159e-09 2.374951387735412481e-09 1.312358560487261701e-09 2.513803562530595594e-10
-1.647883050611316759e-10 -4.515131096942839964e-10 -3.340782427062644407e-10 8.321086253245830978e-10 1.190282177264458852e-09 1.478911707221146683e-09 5.025445644472124961e-09 3.735677100211854163e-09 3.171081208251053553e-09 1.195073411926716626e-09 -3.738193029113491147e-10 -3.563367043887303280e-11 8.597929366278803100e-10
-6.361318313419326145e-11 3.468218744873928406e-10 -9.558277195419407730e-11 4.824552011928823590e-10 2.419470238238823241e-09 1.172040679591016001e-09 2.501085540342964466e-09 6.346601472187978454e-09 5.345956762268761676e-09 2.364456791697589985e-09 7.747364570360378504e-10 -3.247195723927457349e-09 -1.948462448101053892e-10
2.085025300766014328e-11 4.896469328699570397e-10 1.447190581032443716e-10 1.916403460752005432e-09 1.949425870881292251e-09 2.837302422612168277e-09 2.531619081465226820e-09 2.620733318462775211e-09 3.312414160569993681e-09 2.348064584660072929e-09 4.649829568787316213e-09 3.123187242446557428e-09 1.059581453890227549e-09
-1.213298563476217221e-11 -1.695920620448577144e-10 6.080259998037860225e-10 -1.875931873830683560e-10 8.900710626422094451e-10 1.032988423396109284e-09 1.468115080529418852e-09 3.296641000189855952e-09 2.990921254417012362e-09 1.391597670817201293e-09 6.487680922917385205e-10 2.182699070245163630e-09 -1.909716944290575978e-10
5.592913241876314885e-11 3.301442924447272773e-09 3.425103516569058364e-09 -6.412599780979156868e-10 1.293218222678985030e-09 3.801778503562484520e-09 9.568339452803556939e-10 2.968100080474293847e-09 4.232502316576469440e-09 2.680880692106196975e-09 4.201854985196823179e-09 3.430829521037059250e-09 1.008295724460298156e-09
-1.291841045930396349e-11 2.612412114632788667e-10 1.405512203554764136e-09 2.899314039061627904e-09 9.453436888704623974e-10 3.643491675198558828e-09 3.438275268779448335e-09 7.262771314105706813e-09 5.559531861887656913e-09 2.385517456369218610e-09 2.283313614713433742e-09 3.016438607876553531e-09 1.842879201231157118e-09
-1.410121056904831935e-11 2.559110050139096398e-10 1.056016699111674012e-09 2.019094640804273804e-09 3.495437723364244318e-09 2.236528555186722172e-09 1.194232667034716968e-09 1.332449799045000568e-09 1.037382379315315355e-09 -1.251276570212890665e-10 2.564276866833837243e-09 2.013236101955254755e-09 7.144895273486331807e-10
-8.104904531468021543e-11 9.866733568300883482e-11 1.285794430970020692e-09 3.041963880919656122e-09 2.962716286566505727e-09 2.102693561306837878e-09 3.287017462573631385e-09 3.665430868918843688e-09 2.850735617281771960e-09 1.122151056829985879e-09 1.928392122920995321e-09 -3.741406853130283190e-10 -9.520214108063607466e-10
6.397629634966200407e-11 2.981527198152054914e-10 1.163978089736662004e-09 1.585752393321793482e-09 2.530584969633076509e-09 2.843953125321754285e-09 3.958954557245141464e-09 3.687429304620142181e-09 4.765691783346974569e-09 4.457278680654541040e-09 -2.250808455987758082e-10 7.166950832849408210e-10 6.621830427868332944e-10
1.064537089941398715e-10 -4.128661298069635684e-10 9.112793294164765976e-10 7.568093060042925974e-10 1.953766193839417699e-09 1.772356557258727843e-09 2.262377322281902885e-09 5.771210871999493357e-10 4.596442424778923831e-09 2.331614395937861319e-09 2.416580904411282057e-09 1.059127281550126876e-09 8.363740212586568354e-10
3.467500879399475701e-11 6.776545509727460055e-11 -2.377043771812670706e-10 -5.924273674682837486e-11 7.765112801727866089e-10 3.223701122314653567e-09 2.410634246177037652e-09 3.575549183269526694e-09 3.752917451711362981e-09 3.747812905878387768e-09 -1.887326822155628373e-12 -1.053445998171797731e-10 7.254149144499443889e-10
2.356483531626491258e-10 2.424366945392661719e-09 1.100356058485150373e-09 3.688875087423927580e-09 2.176147750899737053e-09 3.107108235412374074e-09 5.708577540861430388e-09 6.823150733195166788e-09 3.593494511521449633e-09 4.001512553845042531e-09 9.400879043737728685e-10 -1.722903159706007737e-09 1.599348273442053636e-09
2.070198005942006634e-11 1.099449076804158752e-09 1.839490808919971898e-09 1.854608760662678560e-10 3.349733782196159209e-09 7.054712179720766701e-10 2.691923788879781633e-09 2.412769162360254530e-09 2.797593795104318749e-09 -5.412240078220335451e-10 -1.289995512929582921e-10 1.549536531327083759e-09 6.347057676780822545e-10
7.154479241037438928e-11 3.710425749752399373e-10 1.586876511744808016e-09 2.619490473277049129e-09 3.270580190396747988e-09 2.774358815035402624e-09 1.878868312613820699e-09 2.224815272715171968e-09 2.744527920521857156e-09 3.495109172086341581e-09 5.532098161809562670e-09 3.004790275181481779e-09 -6.161265307329551987e-10
-4.763101010876615587e-11 5.028869281555092235e-10 4.166942948167005911e-10 1.505150072729434498e-10 1.805533760141536050e-09 1.419313260581105731e-09 5.310732379577228791e-10 1.708553433888661917e-09 3.792190081317852423e-09 5.022697476212836675e-09 3.892785282256717684e-09 -1.405725744842217193e-10 8.855987778909341451e-10
6.669523636907776848e-11 2.633416020840744145e-09 3.964407038676864237e-09 1.309502427283213317e-09 2.673238075467053854e-09 4.763855930505557067e-10 2.807090410652193075e-09 2.122047691420571835e-09 -9.314641847450215114e-11 1.272046405845482582e-09 -1.985491413838117019e-09 -7.314444886652936789e-10 1.240451325523927309e-09
2.057150981533340200e-10 2.153244851450785248e-09 2.613296872152983607e-09 2.523057661442850822e-09 2.210783346918683483e-09 2.475681984983446387e-09 9.013331592380888419e-10 3.893721464768036516e-09 7.872253168250565573e-10 3.684201062971281070e-09 2.622729279008164328e-09 9.686623810047453707e-11 8.523349854444769918e-10
-6.185103264737355773e-11 3.527658940328955595e-10 4.474474523283009986e-10 9.894795552255268258e-10 2.552097116296387624e-09 9.327704023488246365e-10 3.150813550031028056e-09 2.826830087368978391e-09 2.494435349663582427e-09 5.598655319996493599e-09 1.855934209625725545e-09 1.237865429456620401e-09 -5.894891257352173898e-10
2.454174376167968699e-11 -5.283694665619934831e-10 1.857468396178823552e-09 2.984141772975056218e-09 1.449762337695419648e-09 2.548372645913070969e-09 3.886367294227136758e-10 -1.292100155936528598e-09 7.133807267574812774e-10 8.024680850615517197e-10 1.228758531688721140e-09 -1.938880691661224964e-09 -5.271370857346537844e-10
-7.273099291052462618e-12 9.693726483404007317e-11 1.264203899106056027e-09 1.041510411694084735e-09 -4.538095967216471722e-11 1.433881307777224721e-09 6.049609708341938702e-09 2.438223237938445720e-09 1.340967026746909558e-09 4.249667090520707643e-09 3.697178954268045499e-09 2.340185125220104963e-09 8.463536989086988798e-10
2.553392410146586568e-11 -3.745667300930995315e-10 1.091848871434788241e-09 9.745904691514808853e-10 2.389093254665088003e-09 1.712432926419788677e-09 2.124073087579726189e-09 1.943295028847720954e-09 1.154465735730991057e-09 4.454832598501506912e-10 2.440037997768603749e-09 4.130000835779355619e-09 -5.724140012171725023e-11
3.729326237050991654e-11 6.035236747099545294e-10 -1.955321685302430193e-10 7.370693977540817327e-10 1.600736872213969704e-09 2.608848943340982055e-09 4.729092374821260937e-09 4.380258700637191214e-09 4.013085799093193482e-09 4.577221361751608092e-10 1.884651582441272729e-09 3.047263456744748766e-09 -2.571934601476450441e-10
6.155132633889150391e-12 5.910207209506050528e-10 1.655077516935807133e-10 3.974190462607390529e-10 5.055934438447760490e-10 1.379165524790003167e-09 5.043276661368277906e-09 2.012071246740572599e-09 9.689153625346222342e-10 1.675466295387461266e-09 -1.391512874873129697e-09 -1.375574092358684277e-09 2.872178912706096254e-10
5.834329908876108600e-12 7.903909644979317203e-10 3.718125110149762491e-10 1.068230757792883386e-10 -8.099709800788224211e-10 1.966084053657032434e-09 3.384063080037988337e-09 1.440111113793902225e-09 2.971688192204941434e-09 -7.225494228211358265e-10 -8.498905128234676412e-10 5.853607183776234038e-10 -4.001681768004920501e-10
1.507617165580293989e-11 -2.507751133875401611e-11 8.435092366788522026e-10 -6.298351622924880712e-10 1.897748161943250393e-09 3.339529713527581719e-09 2.266651133203035748e-09 4.593060219343180550e-09 2.653952104292142352e-09 7.257928014566775401e-11 1.916947298396291645e-09 2.135906230566911001e-09 1.315179190273728242e-09
1.116546570387245285e-10 1.883686769289001526e-10 5.950977706623574671e-10 -9.552427068847726491e-10 -1.429910738542392747e-10 1.342044680708303605e-09 2.789928025245361097e-09 2.313636628640094772e-09 4.793105643538625949e-09 2.957462103672013649e-09 1.252631086294478743e-09 -2.051587874408326073e-09 8.769994935258046011e-10
-1.271175267639292934e-10 6.402924121420707158e-11 1.708351102107162104e-09 2.499944531551532407e-09 1.740925508611559103e-09 2.714891058048440315e-09 1.203622100809759851e-09 2.046601320575479511e-09 3.024368023574536361e-09 6.297541650668011891e-09 4.624528253712249499e-09 -3.430314552176165594e-10 1.024747750188853305e-09
-2.480191147257797006e-11 1.535273903366190633e-09 1.718971596133401926e-09 1.657911182313463080e-09 1.467485792851229045e-09 3.799861896545420620e-10 1.811738270792826910e-09 2.337652194906571237e-09 1.876019226676215814e-09 3.795294882788656893e-09 3.915348578760719258e-09 2.007521945687660049e-09 -2.305568857174297488e-09
2.240001888422332130e-10 3.927396924161086405e-10 7.959840649861756291e-10 3.205923428453307298e-09 2.534560256087797908e-09 2.663174256302553089e-09 4.032068145247879997e-09 4.402103482105161135e-09 -3.416541718611074397e-10 4.483772753511716878e-10 -2.335520374997778536e-09 1.869221589595599808e-09 7.968776248982865739e-10
-1.692525951166372832e-11 -1.209884377880857397e-10 1.864028646116410193e-10 3.654821416930071376e-10 5.647600528492808166e-09 3.332442700541277374e-09 4.127657978259274801e-09 2.916359431613700120e-09 3.108677723844287816e-09 3.950404659992861021e-09 8.424760430879871422e-10 1.014744213169033659e-09 -1.092587737696521519e-09
1.571870186693760839e-10 3.920741079691545798e-10 1.274431428955242218e-09 2.641008065866052752e-10 8.286815922315285930e-10 5.043853771017486077e-10 5.182890918548861998e-10 3.198858786541334977e-09 1.036651853454532579e-09 3.599108766864185795e-10 9.654540132784758796e-11 -2.960629941510975859e-10 7.341998715391600375e-10
-7.163881373727064631e-11 4.914878626090712772e-10 6.512640591945073131e-10 3.728146646806233177e-10 4.357244362472169596e-10 -4.619690527463847679e-10 3.165404600447354647e-09 3.321321513229008884e-09 6.525164843393665098e-10 4.011744103967052450e-09 4.303406241742974945e-09 1.668928784958110758e-09 4.417712017899799014e-10
-1.487871513768773431e-10 -3.553546365356325922e-11 -1.336084529078149309e-10 9.834807726391310321e-10 5.321226043649988325e-11 3.151684134148650755e-09 3.618188709166817919e-09 4.368998847440652472e-09 5.754339150982698366e-09 1.780288272826651524e-09 1.419703264676169476e-09 -4.312116059737404401e-10 6.715510992936396225e-10
4.204631006109526317e-12 -4.041652342796684471e-11 2.510870328793277859e-10 6.181433973295409111e-10 4.585816515738515718e-10 3.316931111548725115e-09 4.187887050838815312e-09 3.692686183344919395e-09 2.459193543420649205e-09 1.439525554184978778e-09 2.520822194393567365e-09 1.743803465951400336e-09 1.914393703566687393e-09
-1.035658307898722022e-11 2.966865152703666423e-10 2.546231128894464088e-09 2.958224867682779377e-09 2.751533635029923745e-09 3.887224386461028577e-09 3.774435143114878782e-09 3.255656059409066854e-10 3.865029048672694768e-09 1.937653535568411172e-09 3.037642977729503272e-09 2.773605319034975257e-09 -1.680631990845240850e-10
1.494567796924677570e-11 2.584563885119453001e-10 -2.227490036319123047e-10 1.388706411908908469e-09 3.106611501765066891e-09 9.373699119911805396e-10 2.332032528380320556e-09 4.194417326305598359e-09 1.974707612596407034e-09 1.950994846773322282e-09 1.825388891103927595e-09 9.878504626088207778e-10 -1.904748900371161860e-09
8.727760980184257513e-11 -3.866060516615082766e-10 5.101161143804497393e-10 2.740063522874217825e-09 2.357419329742067741e-09 4.039597519674299809e-09 -1.201930226574567479e-10 2.283802910098903763e-09 4.022197821317290331e-09 4.556012509582258985e-09 2.107183733679508255e-09 2.857365872664826486e-09 1.269023295643768949e-09
-2.700679314938280783e-11 -4.316907608521694386e-10 -2.039352508587694061e-11 3.621913292774653320e-10 2.502492591482226457e-09 1.181836910470484215e-09 3.303952354830642004e-09 1.517211094002816187e-09 2.905089727795061343e-09 2.338378377209295443e-09 1.341087264671149059e-09 -8.442656858691396656e-11 -3.395528691942763965e-10
7.057823783573422903e-11 4.320971317689004821e-10 1.568697470607416168e-09 1.034822258167224485e-09 2.560434387283675282e-09 3.234501376089603219e-09 3.710406599272984304e-09 3.504375309342753971e-09 9.100910060436549549e-10 1.330381547410727388e-09 4.970489933448582319e-09 7.037171745568269799e-10 -1.007427222677881146e-09
4.372216554888514465e-11 6.437508762460985253e-10 6.574902614206179403e-11 6.116783839454999635e-10 4.725252810433362715e-09 2.983718176364296642e-09 2.405836761386771273e-09 2.646753537124777511e-09 3.426164755438314602e-09 -1.276225062626154478e-09 2.264993528036726790e-09 4.399833767914397403e-09 1.311072409775485072e-09
3.032029732689080041e-11 -5.188585764773765402e-11 7.956594828536124132e-10 1.928722182149103043e-09 2.410483235103785701e-09 2.475007269387259091e-09 3.145932165921956217e-09 5.801622390375512046e-09 2.670378429668009274e-09 2.009604858736421547e-09 3.088188661535449556e-09 -9.586849528717561938e-10 -8.775943924594719139e-10
-2.091153754470968821e-11 -1.439591386289789286e-10 2.895346551432754753e-10 4.591415586177351737e-09 2.995746443392493494e-09 3.620375116547358503e-09 1.538119326083804972e-09 3.471949345848339549e-09 5.394048357563371934e-10 5.287260367564710374e-09 3.477408958385114531e-09 2.290616436844677738e-09 1.308710126530558717e-09
7.636875037282194007e-11 -3.726350528078214636e-10 5.385235015839750661e-11 7.713982901754248211e-10 1.666547540392973657e-09 2.766448094246406190e-09 5.054137828756395712e-09 4.080951991515394085e-09 1.417116586693914883e-09 2.897736541674646028e-09 3.375472717980390813e-09 9.567217905389512782e-10 2.716846900267318912e-11
1.836473511203614188e-11 6.880455242022161844e-10 6.031808693954271607e-10 2.655765969537804415e-09 1.129381292900286348e-09 5.537643553351100166e-10 2.863741175079108493e-09 5.886177953314662645e-09 3.127975011640488257e-09 2.653000490749107740e-09 3.913268763269042937e-09 4.270092357239043845e-09 8.232761486170194535e-10
1.379373726004923593e-10 4.247119165655106794e-10 4.587460558775836706e-10 3.193713846936609201e-10 2.345086928309043879e-09 3.273858622327907265e-09 2.412814631905252769e-09 4.211227161627017849e-09 5.508298812619059339e-09 2.424286019851106832e-09 8.037000268986003977e-10 1.352047542952489779e-09 9.664740023757602298e-10
3.079983313257324506e-11 1.737350170376071963e-10 2.044909557936518375e-09 2.728803224617876596e-09 3.504163888327972042e-09 2.940991842258087393e-09 1.262013315121167950e-09 3.852443458440628156e-09 3.163524295130322776e-09 1.326197535888791621e-09 1.849767529052700015e-09 1.446902858963052753e-09 -5.732527252805882464e-11
-3.642119490257183077e-11 1.062327911711395935e-09 6.799430819356986905e-10 1.615663696227893372e-09 2.919379025234327036e-09 1.617742126701711829e-09 4.341551141967472534e-09 1.487979893715265995e-09 2.448036371784369116e-09 3.852504109691876453e-09 3.843975332122476978e-10 2.260806566547372106e-10 3.616913578316358672e-11
-2.254911084152269555e-14 8.899579709861802875e-10 7.349342526456525839e-10 -4.018607184372902295e-10 2.329326547709286244e-09 -3.666332834012224245e-10 2.989876320972935796e-09 4.133991639580092491e-09 6.971916452654937875e-10 3.118429399015681302e-09 1.766871163040698889e-09 -1.012770936288669367e-09 1.845310699340271893e-09
1.183578308247973694e-10 -5.614954664813952119e-10 3.785118224897594221e-10 1.848489437706009869e-09 3.498847724464444258e-09 2.410550506075458243e-09 2.522168604731919529e-09 4.736561519843489133e-10 4.266213770472187716e-09 1.479345052522747569e-09 2.771915911861000307e-09 3.208496982839094817e-09 -2.087685067239588865e-10
-5.824945955614113005e-11 5.533722869461241302e-10 -1.768828990245083152e-10 6.962129958296717923e-10 1.723342234249576884e-09 3.801469545134780442e-09 2.682205288278177122e-09 1.740034106254731684e-09 2.807301306867539665e-09 2.328358301324376429e-09 2.374447918512292966e-09 -3.038125951033257032e-10 3.635334132044947733e-10
3.478894447143979763e-11 1.989587035559347469e-09 2.032761715145884269e-09 -8.545937609799387881e-10 2.364149351199505100e-09 2.412799088610636901e-09 1.980654189935275632e-09 3.382438708149219359e-09 4.661630003124655077e-10 4.219953392489358794e-09 7.749068825967947974e-10 -1.223337501868265650e-09 -1.544882097742737010e-09
2.823752575855890799e-11 3.813331111976553332e-10 6.170035411388990673e-10 -5.201978386284540150e-10 1.900772185552442453e-09 2.774052517942679401e-09 5.593592268292785962e-09 3.711568003140419339e-09 3.486292724020078837e-09 9.946411049179534551e-10 2.746819118172854022e-09 1.986913591662006632e-09 -7.479777851383101747e-10
1.640395314676380844e-10 -1.215592765553354465e-10 5.746808390272901353e-10 2.427774014001872981e-09 1.588996098286149383e-09 1.683035493802920867e-09 4.088453630680132839e-09 2.586850392519559054e-10 1.997168234653873859e-09 2.180796991681373830e-09 8.206044518225129933e-10 8.771273020767773595e-10 -1.129500341931354465e-11
1.216881993846192838e-10 3.501592338625501567e-10 9.848578562755388787e-10 -3.747017387090966680e-10 4.048069834180493711e-10 4.918786532971122931e-09 -1.230777112520776113e-10 3.570024720889913554e-09 -2.700739774890399761e-10 1.823113104071161166e-09 -4.079753641336887840e-10 1.657315682401357026e-09 7.299578008725262938e-10
-1.426427161733261868e-10 5.417804084589118860e-10 2.786344298901171560e-10 1.058607622352998047e-09 2.417472636897973546e-09 2.365926406767480582e-09 3.982745352521920649e-10 4.894085827743211651e-09 3.646308385285359669e-09 7.652264968422048978e-10 -4.446932449996198818e-10 1.196231517358826844e-09 -8.006861636472997886e-11
5.247225829944444708e-11 3.470479437625731164e-10 1.395891129481753245e-09 9.594402939174179834e-10 1.309217498436221652e-09 2.286531951644049761e-09 2.791972178422035955e-09 2.261733738309801090e-09 2.966105289069079890e-09 3.368671958245713035e-09 1.840017588001243820e-09 3.701068130536693873e-09 2.623402967501802109e-09
2.097179024962101830e-10 1.374282049939230728e-09 1.582442963306900502e-09 3.608030377662035661e-09 3.303746519562122945e-09 4.859262955298487152e-10 2.703439110714453151e-09 5.249340547914168712e-09 2.347231256455507706e-09 4.003988034192123693e-09 1.178491434587582236e-09 7.088899590218971281e-10 5.030056209072495583e-10
5.772052217018583847e-11 9.219905391493452055e-10 -1.753441274017350211e-10 -3.328122429393166292e-10 5.280601668465679576e-12 1.596618512621257600e-09 4.954481281038097557e-09 2.337369330863478826e-09 -1.660402099914652561e-09 6.505100358250662471e-10 -1.038888279429564987e-09 2.606252830588853400e-10 4.424345318216691105e-10
-2.467636901259122699e-11 1.453029310278501345e-10 1.719138917213926313e-09 5.655824294749400692e-10 1.285906637788143219e-10 1.697679804199081477e-09 2.091094366509907334e-09 3.450080549293203026e-09 3.564110448250320838e-09 5.347573047204649735e-10 2.870241864704327434e-10 3.291588094078457205e-09 8.953694124708800366e-10
4.223809963757126973e-11 6.463379612096285763e-10 6.514137525108889480e-10 8.925082718122756897e-10 1.425841666761192204e-09 2.083002456346208137e-09 1.305808909617971975e-09 2.211891955859548213e-09 5.072258445513531528e-09 2.503478525677496147e-09 4.983483295269440163e-09 2.159992948771219284e-09 9.468454550724550365e-10
1.582972407709950885e-10 -6.369063892716649611e-10 3.307659175592091206e-10 -1.293255948126248236e-09 8.518801566513916743e-10 1.110917885666759183e-09 1.556687580309048224e-09 1.743734615280550007e-09 3.351686954988470565e-09 2.068266998794511445e-09 -1.299134327850791100e-09 5.491357354141587377e-10 1.324399514822274928e-10
4.206524725250558616e-10 -5.702421550074326637e-12 2.237691102233125740e-09 1.138720348838447218e-09 2.353935822216692907e-09 6.585529118994370591e-10 2.048077917186579303e-09 1.149839356012224382e-09 5.564765322188593180e-09 1.227028588262743259e-09 1.775303456924917162e-09 -2.648030748739332737e-09 9.232575981712435984e-10
1.029147161838865590e-10 7.070327347532815649e-10 -3.090120043494025329e-10 3.298106980627747870e-10 1.942601982798834282e-09 2.010923671765144626e-09 3.452138798083596293e-09 3.159246689913675600e-09 5.873776748189119820e-09 5.896448008539296510e-09 2.727134877352071708e-09 -1.320080112320270496e-09 -1.520604242789903157e-09
2.024841991367142812e-11 -9.071217412223279323e-11 1.336112257346083429e-10 6.159779307855499137e-10 1.206282057340495186e-09 1.972605661825807618e-09 1.944078340792698575e-09 1.207390191100672707e-09 2.949050991988648828e-09 2.425380718765841621e-09 -3.808695204122904757e-10 -1.158935491266894007e-09 -5.365087403006566946e-10
7.504806675982057809e-11 -4.830063469245093380e-10 3.737815850598081613e-10 1.081203503025852973e-09 1.017572332214313149e-09 8.024091485625441028e-10 -1.938921895529870006e-09 1.510405046071041844e-09 3.192021559232473406e-09 3.554060092870569653e-09 2.700729945594793011e-09 -2.288355428331303225e-10 6.132501412287421928e-10
3.180440798193641211e-11 -6.410693588667661876e-11 1.791992234010838617e-10 3.484979671678177485e-09 2.109502591733303169e-09 2.399583783234140522e-09 3.857522410139930335e-09 4.425166859492150813e-09 5.095393003994890941e-09 2.209881001859962893e-09 -1.090334924116605657e-09 4.067058121026460122e-09 -1.789531282602780704e-09
-2.178626179689476462e-13 5.632006656719721069e-10 2.763912529105235446e-10 4.051030158496314489e-10 1.217411286759196311e-09 3.603514063344128665e-09 2.165930275234672660e-09 1.637999543241850220e-09 7.368390588919337303e-10 5.372978582852685859e-09 2.288643640158590945e-09 -2.983537482517170844e-10 -1.094342648913353906e-09
4.246574066396669739e-11 5.331473040208016374e-10 2.207737351031954190e-09 1.877132750463579682e-10 1.550465635424302933e-09 1.273514286762920865e-09 4.061075127159407410e-09 3.119857141699162668e-09 1.955734323844597388e-09 2.542477814121577181e-09 4.082421280724120077e-09 2.227008830811191319e-09 -9.839126499318653232e-10
-2.751029903665884927e-12 1.606363326153366309e-09 1.806783868845348626e-09 2.777085938223063099e-09 3.082488822729293483e-09 3.763277295505322467e-09 3.051747298567924023e-09 1.167573199280799460e-09 5.067668311180482124e-09 4.332698474830706806e-09 4.480232278619432424e-09 1.061150409901105354e-09 -2.493874104043372009e-10
1.999949202334534029e-11 -8.629306610097997378e-10 -2.011185031434971159e-10 2.104187510939054952e-09 2.945409403216447848e-09 2.466729144102691053e-09 5.416668652482728071e-09 4.427405772007562066e-09 1.762672031176428489e-09 8.814402332487895950e-10 5.606353500163393049e-09 4.209273788773880530e-09 -1.216561033190415587e-09
-2.904922993213070700e-11 2.757358554431989915e-10 5.442814422904995226e-10 1.520014833065271218e-09 2.064299839951342451e-09 1.698459364415368709e-09 4.020900154525118515e-09 3.623201401414245677e-09 2.351906104580810836e-09 2.842864369166126742e-09 3.306354386319303709e-09 -2.219032246321434998e-09 2.076616184039756710e-09
5.577960572728290662e-11 2.327065408619934693e-09 2.252206544888042589e-09 5.559080051051604860e-09 4.046332347742361426e-09 2.217473863709305367e-09 2.266700894517049768e-09 2.390085016181598334e-09 3.320953777258158981e-09 -1.193023317973625239e-09 2.355228483552310384e-09 -1.158308847192410216e-10 1.263171331979240983e-09
3.523680182600681826e-11 1.027335578705564962e-09 9.420270326695909142e-10 7.535873371432371666e-10 2.727206987668028720e-09 4.982595279525206811e-09 4.883055403704538373e-09 1.260986702495333821e-09 1.743273216846175589e-09 3.706420557531280000e-09 2.679332025638506004e-09 9.232377511528700695e-10 1.756709003664946455e-09
8.891960058641818268e-11 6.222751633140589993e-10 5.935448625527729845e-10 -2.138936490718116369e-10 1.727162438057729021e-09 1.728671324593657446e-09 4.587671869706036136e-09 5.345955779215787111e-09 5.104650594453574010e-09 3.480391038288082611e-09 1.990517584262823011e-09 7.988870739648457264e-10 -1.461129131698955257e-10
5.176229805441815680e-11 1.835124394670967562e-10 8.952072998260446625e-10 3.271623888160134091e-09 2.554302977836939446e-09 4.107182521414090831e-09 9.171283971650109411e-10 4.993393475006249899e-09 3.950622279142784433e-09 3.253147107808535751e-09 1.217941282582665856e-09 1.631996410982110851e-10 -6.686186849991298552e-10
3.901265754518564131e-11 6.716096888564721077e-10 3.223022396901507407e-09 4.464338962465127091e-09 2.894243668853582407e-09 3.521097952255668114e-09 4.085510019846280037e-09 4.114169705808180997e-09 3.691806981907497189e-09 3.688724333506561421e-09 2.265969586284625859e-09 -1.243124854615867209e-09 1.247027683234056567e-09
-2.346277677865994066e-12 7.880270607873203823e-10 1.472476575828719800e-09 1.626104281319443073e-09 1.044219655124998108e-09 2.460049933678552314e-09 1.588392814802164206e-09 4.135352535050628019e-09 1.956438493514754956e-09 4.532202518871563704e-09 3.448320068670380000e-09 -6.717514387408723774e-10 9.615520700615566841e-10
-7.156497249413546473e-11 -2.322722355785877070e-10 -1.531632588382876556e-09 -5.277864065955366956e-10 2.995501711732882806e-09 -6.073017503965282599e-10 1.699970304610281390e-09 6.155298688581131294e-10 3.846595340882399733e-09 -5.313457650755108208e-10 1.527156634347949995e-09 5.693177047851911904e-10 6.944784168643466442e-10
2.376200219960422274e-11 8.794714429907845883e-10 8.832173233248499183e-11 7.661471379750993571e-10 2.362227343906210061e-09 2.386356202614734922e-09 5.593815503160944397e-09 3.469087362825643893e-09 4.067051428334035388e-09 2.204677896296162357e-09 8.117493091238662610e-10 -2.198017131990207783e-09 4.066762997549917858e-10
5.378390337318074811e-11 4.699723632825041842e-10 -3.174485026153596273e-11 3.881148288303774457e-10 -1.056947663151184118e-09 -4.130056828217380024e-10 5.115216604669515822e-09 5.160187208589738453e-09 5.109306518160502742e-09 5.513626173690982685e-09 2.717968333369842080e-09 -2.008944795564604794e-09 -7.282483309409923392e-10
-6.580718088522997407e-12 4.987534939233613776e-10 -3.146706938677599900e-10 2.205006090950064262e-09 9.516362491743148035e-10 8.353046377589409602e-10 1.306601628707076004e-09 3.640258467768969406e-09 5.633714655429152193e-09 4.513837163608045159e-09 2.691323866841807713e-09 9.308772676280258171e-10 4.624526671388712283e-10
6.689076993997007612e-12 8.079968713371183487e-10 1.475460815868840945e-09 1.520563467875120782e-09 1.559399813575747098e-09 4.391059749176781020e-09 1.591667246769553131e-09 2.399222940778781633e-09 2.534437468275516077e-09 4.597147287445580879e-10 2.435994030485301017e-09 9.829524857260228429e-10 6.125764590327455446e-11
2.951378720585727504e-10 5.564280216870375272e-10 4.835968738281274374e-10 1.663812774529155893e-10 3.946582890462872160e-10 3.215280192371802582e-09 2.067150039963075499e-09 5.009763944559966356e-09 3.274208845877149075e-09 1.799793875178081068e-09 5.822083822402225637e-10 1.774306216779478332e-09 -1.400810640820984153e-10
3.186525790490553795e-11 1.444988795573485456e-09 1.651621179590283395e-09 1.296020860858367537e-09 3.765638488062851707e-09 1.271674866930627580e-10 4.118108489736326309e-09 4.361854545656504785e-09 3.398251850888950838e-09 9.097541339803827471e-10 2.007082534115256594e-09 9.223475416702770343e-10 -2.795150962217929143e-10
-1.113465446151728133e-11 2.121451156432334188e-09 2.546484019650173944e-09 1.465351738418801874e-09 1.952222233556952232e-09 3.474205433142689363e-09 2.262095108896169460e-09 3.589063932698460382e-09 3.311532357013357079e-10 1.595448817390234438e-09 2.024014743089544760e-09 1.718169406136354265e-09 2.068338584803889299e-10
2.873328614416477962e-11 6.895945404873104556e-10 1.204935845457547074e-09 7.527841545085896386e-10 4.196909805856266347e-09 5.388704870156577219e-09 2.206519006294454072e-09 -5.517683746979381944e-10 2.276701782088220222e-09 4.930868284469169316e-09 4.659049982550339554e-09 -1.787827223386648076e-09 1.238974760878544621e-09
1.551332373487630559e-11 -1.094061338833517052e-10 1.671794111643418019e-09 6.861031831977503177e-10 1.494336326920371238e-09 4.270640411236104809e-09 3.231347904202525188e-09 2.055438511036434424e-09 2.618721770460015876e-09 -1.564272925868568471e-11 2.594796779516780423e-09 2.739506034909963046e-09 1.700009238021796667e-09
-3.551184173595314243e-11 4.548297653166406621e-10 1.058579787672964307e-09 1.038603199771916628e-09 5.343753756517262404e-10 1.960254715800528586e-09 3.253680237790139132e-09 1.171473771606258326e-09 -1.669008470149786038e-10 5.870112363862011026e-10 3.246798791961590770e-09 2.460085967724753666e-09 -3.690621868486042527e-10
-2.250972019482434420e-10 -1.934828521136145032e-10 -4.607502529275995654e-10 1.178408660543612443e-09 1.889108142306671607e-09 1.371882582048251954e-09 3.677923340191068839e-09 6.603391836243761062e-09 4.226812258645602530e-09 1.016266956631203299e-09 1.538757741876578780e-09 -1.329629257391925275e-09 1.358025354757927663e-09
2.595190331125143509e-11 9.353554962193528917e-11 7.706694825985336590e-10 -3.532923086448357196e-10 2.740294683677614830e-09 3.644413007661641678e-09 1.554176773166266840e-09 5.412195895917644806e-09 2.990996637682791276e-09 6.021663080643963143e-09 3.554248347347549512e-09 8.227657593403107187e-10 8.841767171693812332e-10
8.386404507800269619e-12 -1.500744777735282026e-10 -1.410111409519520176e-10 1.995509111026655459e-09 1.226566360649055490e-09 1.510452819277019991e-09 1.160894950797458189e-09 5.339937557904878021e-09 2.415356326158866688e-09 1.826458528888679936e-09 2.376414486073095297e-09 1.432893098815042222e-09 1.324603685442699084e-10
1.256092834330335479e-10 1.710626917582750888e-11 -3.664318524996204547e-10 6.728076961039686307e-10 2.902134224890809149e-09 1.287377897606116050e-09 3.260621309841020953e-09 -9.802541177307902054e-10 2.077652260398798138e-09 5.282751794449239589e-09 3.840482530986828392e-09 1.783424755147599230e-09 1.501805828084211953e-10
9.272237912936185914e-11 -5.115042650173139414e-10 1.284081099229373534e-10 1.658996459173205999e-09 -8.851832140335085123e-10 3.670588920103601875e-09 2.329555230968224437e-09 4.601893091882113444e-09 3.991320508345537262e-09 1.053724025779146025e-09 1.885168472029220891e-09 1.289828628156121180e-10 -1.366813639939779846e-09
-3.354283589547078174e-10 5.791174395109841939e-10 1.235180301969213010e-09 4.257162487442561382e-09 2.421410322690823904e-09 1.399470930976684961e-09 4.591210223975482196e-09 3.774694159286390296e-09 6.033366086043981812e-09 2.869724759254064653e-09 -7.213591454321992802e-10 1.568624608722286749e-10 1.634470167031322168e-09
7.039228483160269639e-11 1.259943077256801045e-09 1.127342060737860856e-09 1.644027967253937189e-09 2.287018473733332701e-09 3.755627420155863855e-09 2.401170954859041089e-09 3.115033567580790488e-09 4.426117091066644930e-09 1.039869872141359766e-09 1.679700394208877743e-09 5.580630604045890484e-10 3.315837480324989689e-10
-4.077497589326338783e-11 1.341891843280194576e-09 5.741646077972403204e-11 1.579608513648985334e-09 3.138154083673021831e-09 2.721612984890007347e-09 3.793702983998288208e-09 7.568835214713558292e-10 3.677106061559473846e-09 4.419382076077103654e-09 2.147118279029548515e-09 -1.889254834254108076e-09 -3.194416955518523439e-10
2.082446684160460855e-11 1.891136777070856540e-09 2.780524160076106978e-09 3.237683624756986587e-09 4.077752248522582427e-09 1.334019076082168369e-09 2.739733004000170307e-09 5.345404422501296162e-09 -3.957364467606633475e-10 1.176585945383851506e-09 -3.381834693875131480e-10 3.673909951985803157e-09 -4.076208924345281166e-10
-1.232656296896616983e-11 1.656866910194648600e-09 1.028652924402887537e-09 -9.545131439784609928e-11 1.694748318772893409e-09 4.082598854120075366e-09 2.213316147557655333e-09 2.291033257982515319e-09 3.377357333751127495e-09 1.125988835605358315e-09 5.097647107257535018e-09 5.045194355999047744e-10 1.026130671651601687e-09
-1.784267366375698337e-11 1.228925141728077365e-09 1.250519726575918917e-09 2.451366936223903134e-09 4.393348698631881660e-09 3.421702965141716467e-09 1.794486659155936305e-09 2.304154782130675751e-09 4.371214234806477570e-09 2.048937884043567606e-09 4.900614026624531580e-10 -7.554453067129231149e-10 1.483250890217807053e-09
4.102232860601195934e-11 5.331172510548312303e-10 1.375581858822517428e-09 1.005087843493199220e-09 3.568039128050236931e-09 1.779470309050953963e-09 2.735708765503329513e-09 2.249768051334041712e-09 1.457062066160019612e-09 1.283990564368785261e-09 8.281940631982781248e-10 1.221882267316048414e-09 1.503751403188538623e-09
8.049319593564072389e-10 1.186672180806233546e-10 2.925014558131716282e-09 6.046389209529254450e-10 8.294937158390432118e-10 2.067460834554555703e-09 -6.345922144170295952e-10 1.985414443133942083e-09 4.708486478163972104e-10 4.611103937312773297e-10 9.479200946247959452e-11 1.142931460776445481e-09 2.432678577511846613e-10
-6.615626636542101254e-12 -1.862671868546067787e-10 1.137042248401507927e-09 9.134411904373661946e-10 1.902385763182190923e-09 1.729661751792085288e-09 2.285900682469395792e-09 2.056573319703515686e-09 1.161773932095653544e-09 4.450736930617298888e-09 3.624068271634860674e-09 -5.241602473661151245e-10 -2.780610262152981042e-09
1.282069554499242138e-11 4.013729680480380876e-10 7.924900080247224378e-10 1.468445603064260257e-09 1.875280486272522234e-11 2.980112882456834747e-09 2.081064098982829972e-09 3.670123715215820359e-09 1.348772132633590934e-09 6.926238360208784517e-10 -1.689321785861361891e-09 -1.618279144037342853e-09 -5.569081915585676046e-10
-1.080215670714324601e-10 -7.472043518695134932e-10 -3.684914272614485419e-10 1.418587448470473743e-09 2.042729590664464333e-09 2.270312459945861018e-09 2.678258813372728535e-09 3.117016454370145890e-09 6.275735979239886326e-09 2.870011190399007344e-09 1.127802865537167798e-09 -1.956114790156665751e-09 5.457406849761794426e-10
5.437625471168391015e-11 -2.381602073752667746e-10 5.787528791802813838e-10 7.152605692277262147e-10 4.146640741393859356e-09 2.661314812794584523e-09 5.052923566853444594e-09 2.490910801859635070e-09 1.359650958853059632e-10 3.737684688635802843e-09 5.005901120700726283e-10 -1.416371182231649359e-09 -7.942774711827761190e-10
2.907873039246980065e-10 8.858980830391519807e-10 1.409495010935916238e-09 3.576695278809946657e-10 2.416638842780727940e-09 2.400115227720968757e-09 2.343632300414899744e-09 5.281224365236352378e-09 2.074474776992090844e-09 -2.994542836797438857e-09 2.581340295357539588e-10 -8.423924744976602571e-11 1.583463418414074078e-09
8.458309249450708962e-12 7.855191411048576865e-10 4.564089833655380451e-11 -4.903359127993416961e-10 1.699640432643483110e-09 1.881909186552127654e-09 6.578110742608498482e-09 2.673542627327034283e-09 3.876562123597720781e-09 2.855970608725053329e-09 8.505191471196805034e-10 3.814423961628795148e-09 5.810261368235477400e-10
2.396020096644989965e-10 4.352983766871721560e-10 6.036719968158959916e-10 3.793467656894309497e-10 6.559588769092506551e-09 1.641457691816722183e-09 2.189023983469900146e-09 2.081673686906389597e-09 2.327843268506157242e-10 1.583533613861429402e-09 3.788981575351638992e-09 2.726310194420248556e-09 3.651998209586122860e-10
3.664071670664783643e-11 2.589249553666720728e-10 1.718474346382309567e-09 2.251952768274634830e-09 5.842204218586134641e-09 7.429980029633261151e-09 5.725410447094705239e-09 2.453587109749275509e-09 5.721221016088043073e-09 4.956311831632674518e-09 5.826707039126986427e-10 1.540627604452658378e-09 -1.976755096382881658e-09
5.860870427976739176e-11 2.557240823379034234e-10 8.693841168233252513e-10 1.852958568284685096e-09 1.828039598371004582e-09 2.683196299983487881e-09 3.010954609510785420e-09 6.005021633282891702e-09 -1.128419697441303123e-09 8.729891806656769776e-10 2.382891709904061314e-09 1.848325589124136465e-09 1.673249577594417928e-09
1.387224596965556636e-11 1.067718415819960961e-09 7.411773888855178203e-10 6.864711356997917979e-10 -6.910562031845029990e-10 8.033289185436083277e-10 4.875262763104645275e-09 3.762211691034548029e-09 4.612065598831479607e-09 -1.623836386522184768e-10 1.472345929718964201e-09 3.098388251910652022e-10 3.177530434285436058e-10
1.121911695005475893e-11 3.616242024945076695e-10 1.239152720439804616e-09 1.217808279294675236e-09 2.207478719012517158e-09 6.100807241280038275e-09 2.062624951568266595e-09 1.548486069155052338e-09 2.691844927851333344e-09 2.261105174708004390e-09 1.776746372236622811e-09 1.159595391635391229e-09 -1.841854478182700691e-10
6.420580649194417509e-11 -2.997250021918043710e-10 1.018393959362090612e-09 1.770710094319178335e-09 2.411702595411890383e-09 1.827964374637634003e-09 2.452157232325424530e-09 2.810456838089701460e-09 4.367682680861170191e-09 4.974398040986107715e-09 1.434988896072152595e-09 1.530206967108934874e-10 -5.919468159987104569e-10
1.015853025702712718e-11 -7.243928854009928079e-10 -2.841634958041064988e-10 2.993885713181933969e-10 -8.772582730740579018e-10 9.929318628887316440e-10 4.205131343930068378e-09 3.758981425783465171e-09 5.422176466196340831e-09 2.045098922808774123e-09 7.131089468517457110e-11 -1.545965541712208626e-09 7.939977584779325596e-10
-2.507317677698934651e-11 1.791057220883863825e-09 2.105623935010553446e-09 1.993223389170250862e-09 2.547961958177725249e-09 8.129914431811449427e-10 4.928152492484918713e-09 3.043721155134486939e-09 6.866239105488235193e-09 2.853226141302299353e-09 1.038021555510110392e-09 4.870496379160840662e-09 8.929199325441889065e-11
-1.419139515703732315e-10 1.038818371667308374e-09 1.880035250672391740e-09 3.964139294023615635e-09 3.024396131572575754e-09 2.462351158746846269e-09 5.105118584551548218e-09 2.466344607966088239e-09 3.140587997865220125e-09 -2.933353279006126818e-10 2.071757896403435697e-09 2.616024990402309556e-09 -1.119469995029747835e-09
3.418694011242397632e-11 2.415252414954094592e-10 6.598523749157375754e-10 1.566590609845859332e-09 1.746180695551667178e-10 6.010964649901598105e-09 3.155122838461511056e-09 3.735710113795028954e-09 2.805715787217094622e-10 2.129640136465355399e-09 -1.521282488250538100e-09 -4.167306617254529637e-09 6.774124785053440094e-10
-5.198188767322917052e-11 -3.572085202755166838e-11 9.161145399852319445e-10 1.218261663224441887e-09 2.565920416766736663e-09 9.316177174271414673e-10 2.322548533160619355e-09 4.874901699362576184e-09 4.582533284876980818e-09 3.527794740603427322e-09 4.298137050038740691e-09 3.198788375107790911e-09 1.037635246092099432e-09
2.535438763332224453e-10 1.120312035295225412e-09 2.894160294050813176e-09 4.019391296779475800e-10 1.788326735246904727e-09 1.775611678461855656e-09 1.573144190631726788e-09 3.313256649597314788e-09 2.341406173237294766e-09 6.127329382323553343e-10 2.052426885504012101e-09 -1.117926125302072805e-09 -1.928954239337537372e-10
2.353214482325043696e-11 -4.260136346799638426e-11 6.332632292997928097e-10 1.314328764630099646e-09 1.735779707953876863e-09 2.281599448638216994e-09 2.135741546658518703e-09 4.458479158626530777e-09 2.459228232148728376e-09 8.995865713334988117e-10 5.535161773947395599e-09 1.424882199280289819e-09 -5.313693124171058365e-10
1.555048534364480493e-11 -4.596220419899573434e-10 1.172562754775572356e-09 7.569615084625808606e-10 3.012457728517582097e-09 2.795839307764743912e-09 3.730401120589261431e-09 2.628285638116433898e-09 2.822851452408089931e-09 -9.236952400148454286e-10 2.423137169074454767e-09 2.063743982543621015e-09 -7.758534830752123171e-10
-2.254914496161917000e-12 4.092409839100453358e-11 5.798264552133499180e-10 6.681227009108494115e-10 5.401316438516795037e-10 3.025286647226988015e-09 -4.951174364039647528e-10 7.299908307141276461e-11 1.849320724837489619e-09 3.396630124076866978e-09 2.078879116688044897e-09 2.891666606077772370e-09 1.715322203816645370e-10
9.154509798015885547e-11 -7.455613518371170354e-10 2.726787931892792968e-10 5.141006824419318212e-10 2.462385219072255338e-09 1.294286285649717676e-09 5.452493169939300157e-09 3.717608852994051771e-09 4.070285159427306426e-09 -1.149254359572918503e-09 1.758034915932573403e-09 1.767912808615733981e-09 6.257968727331695234e-11
8.051526652145864321e-11 4.112603939818946107e-10 4.704856235415044391e-10 1.458782534424973634e-09 1.179757376850010387e-09 3.954846859047186698e-09 -9.643463113423575765e-10 3.460060528601958705e-09 2.764428898270926372e-09 2.734605975777358996e-09 2.469262738056531723e-09 -8.820315684357521072e-10 3.367644142652811756e-10
-2.069008489210605223e-10 5.813020736244297519e-10 5.995443520787743840e-10 2.478425105357802043e-09 1.179843076952086151e-09 1.822153689418956757e-09 3.069759109281996807e-09 3.314577970321294112e-09 5.640264884740325534e-10 6.371722779544369452e-10 1.540757868445268529e-09 -7.630982382661185927e-10 1.301937909155773418e-09
4.486429982313595867e-11 1.063440491360714498e-09 5.892072467352390223e-10 3.898588943339063135e-09 2.530597918597538192e-09 3.567806828906774993e-09 3.086706401188516342e-09 4.779030018539676605e-09 2.720406478294402952e-09 -2.638367128185345332e-09 2.728977652726228889e-10 6.445000662246511100e-10 6.514003459102960626e-10
4.519667187944860499e-11 3.524690989162683684e-12 4.221454329206357210e-10 4.700039420096480213e-10 2.940460063330731923e-09 4.649173536711662625e-09 1.892083979828911641e-09 8.253065316671299644e-10 2.020115301437836360e-09 -8.410161181444090387e-10 1.214540197005213362e-09 3.281967000491183844e-09 6.064358731839670013e-10
-1.841058050276331055e-10 -1.397317803421347445e-09 -9.463920984754760669e-10 -1.137742066613391035e-10 2.190839643595531512e-09 3.864055853008660526e-09 1.321758915044978793e-09 1.975937756682746890e-09 4.642644600624800768e-09 3.600731708545191756e-09 8.575450051704219341e-11 2.407728705848169326e-09 -1.830021088996251844e-11
2.166468248931178399e-11 7.426962386456854420e-10 8.283445656340363414e-10 2.367431858881001623e-09 1.753307361759697344e-09 2.622545719177717710e-09 4.315529755336222688e-10 3.319890075852755199e-09 6.175194018026134652e-09 1.732226145082695330e-09 3.350288329689711548e-09 2.605342928373037524e-09 -8.116498204482137177e-10
-3.582275817928847152e-11 3.978099465945315693e-10 8.261667361929096129e-10 7.731762872137642481e-10 2.899875090991024790e-09 4.043350795820969754e-09 2.809484438753502541e-09 7.348120666960621559e-10 2.582145135888446325e-09 4.155376770053511617e-09 2.959371348211362860e-09 8.135693262357110351e-11 4.636712718680043832e-10
7.143076423351194384e-11 4.500298263990350670e-10 4.256075036094709702e-10 1.593681337591512267e-10 2.799077341501559000e-09 2.018622194225249156e-09 3.539954769076830364e-09 6.271211230619601497e-09 1.396860072454819535e-09 -3.455490626964264151e-10 -2.058204868118934385e-09 -1.135551514770962063e-09 -1.029220356053777971e-09
1.575150590506946105e-11 3.054066425609902681e-09 1.626339207017330420e-09 3.957318809185888027e-09 3.345042288023948572e-09 2.129447168358048067e-09 2.526634115332226980e-09 2.311108558230850188e-09 3.606683837865041403e-09 1.350493013721949753e-09 -3.951414940519542722e-10 1.350989368712905717e-09 -2.417407425818796450e-10
8.419384727612632999e-11 7.296969643176846627e-11 3.316539039173399623e-10 2.727355906896733248e-09 2.556410331354072212e-09 2.214107244808191239e-09 1.860261299497856024e-09 1.966837129487739494e-09 1.675156553772716562e-09 -1.649894133384544224e-10 2.436623250169946646e-10 -2.618897368613649525e-10 5.821402436603796262e-10
-5.099039365986744649e-11 1.014219322465259520e-09 7.782690042818782450e-10 1.510458492673259006e-09 1.793205128615810514e-09 1.803533185028034493e-09 2.956481094690856681e-09 1.360692963102686168e-09 1.669577160027847141e-09 1.350081014094507953e-09 -3.272264579870999386e-10 -6.764007040666096277e-11 1.264504006627372681e-09
2.127089372283509969e-11 2.170972154328827910e-09 2.232073910993548525e-09 7.734214978477124063e-10 1.244369836372291296e-09 5.635964899600096592e-09 4.246607496241695488e-09 2.036472925996742093e-09 4.794699142385037459e-09 5.861510725087752883e-09 2.474967033619930947e-09 8.433990182925027408e-12 -1.292830168498284104e-09
2.437540702927316469e-11 -1.499444277393599109e-10 -3.448027083348282625e-10 2.239866487012907621e-09 2.807070928386234434e-09 5.999944880823840548e-10 3.101071928581357166e-09 5.514324340874745087e-09 1.108552004436039633e-09 2.086194499138924832e-09 2.123493133390656510e-09 5.364496303585251507e-10 2.398403155361919955e-10
-1.139395743377672438e-10 8.377866081900369550e-11 2.544019882118953474e-10 5.119681726728873838e-10 1.566552405206568293e-09 1.936228643813495546e-09 4.714183157363875026e-09 1.261404285146572029e-09 -1.225491192939244033e-09 9.872926402435478823e-11 4.644446081841631126e-09 2.023524989172022974e-09 3.760261979479578108e-10
2.091464528493086149e-11 1.167602576500579637e-09 7.357999816279293887e-10 1.329209557314615742e-09 3.386216208298445007e-09 3.377306918465746355e-09 1.686470468452097223e-09 2.006507391218018165e-09 3.391533437082391490e-09 3.336761609109090395e-09 3.776935937838212372e-09 -2.257314496688681983e-09 4.625179829912414125e-11
-9.499451415089283451e-11 -2.368903560548459723e-10 4.499839680239985739e-10 5.702851857254603080e-11 8.071168755422100021e-10 2.584891104698728015e-09 2.212451226594741069e-09 -7.922577401409199112e-10 1.186935916412417863e-09 3.751715028746661658e-10 1.249006029353242273e-09 -1.292299469025952529e-09 -6.576589985930249197e-11
1.378633468819738168e-12 -1.998047146543135306e-10 -7.858746764263224584e-10 7.342664681742687486e-10 2.037116732367254640e-09 2.111576100194065112e-09 3.676252744446586933e-09 1.379881548168709674e-09 -6.989443295997493745e-11 7.187892647818490941e-10 2.319941909730518394e-09 1.599507939764906291e-09 7.768361288406673952e-10
1.310133324617683314e-12 -1.001951266940101476e-10 5.261274935629272617e-10 3.971222352111406935e-10 2.149481567274012146e-10 2.601249108021103822e-09 2.867327185571584321e-09 3.246149635488229430e-09 9.521349948748772681e-10 7.520246807704996919e-09 7.343464296599175040e-09 5.019196413252448247e-09 -1.103808985227158105e-10
1.086080377068056592e-11 4.707465026865688651e-10 1.260129472129045837e-09 4.237645291693788841e-09 4.613518861041945440e-10 2.419546883731921020e-09 2.448018674145294934e-09 7.367979958633918926e-09 1.788082729024104156e-09 -2.067492400987566593e-09 1.779959701562175907e-09 1.372157376710161574e-10 3.587461611265032409e-10
1.372949114013320805e-10 -4.265527296979520029e-10 2.219960268887413802e-11 -2.085986099087670395e-10 1.317769134083754642e-09 3.674737306978145730e-09 3.740630870481141788e-10 3.032204804193917182e-09 2.281742164862486650e-09 2.218145878498548991e-09 -6.616755935988748008e-10 1.638685208770292226e-09 -3.235860499973093350e-10
-1.614185378606247126e-11 -3.798004143866771736e-10 7.242833556276295551e-10 -1.138662782221761891e-09 1.231191008490548531e-09 5.401431748105561357e-09 3.843471710233369707e-09 6.782232884563723425e-10 2.577505961615793432e-09 3.323897984555536095e-09 1.658589918162539012e-11 2.237754867435123472e-09 -1.316876453217270614e-09
1.107803118594395703e-11 5.623798258032376855e-10 2.369385706737967182e-10 2.044779992930622537e-09 1.197060409259173907e-09 4.178688544504016510e-09 3.097918216895184520e-09 5.360100901630342801e-09 4.882227833947982987e-09 2.209175099634604654e-09 1.506700342266871349e-09 -1.048448929342529163e-09 2.895808647582239718e-10
1.653648485086388567e-10 1.660417984856851648e-10 2.775444424501881086e-10 6.496754459169534387e-10 1.137978536630489849e-09 3.059487820277981859e-09 2.380141536759335332e-09 1.303708141445283080e-09 3.334075357403380939e-09 2.413021301851129717e-09 -1.146599460267115644e-10 1.350354741820460557e-09 6.089878681434128707e-10
1.511969477280455306e-10 3.199067135288978808e-10 -1.344394233019764606e-10 1.249657213979747529e-10 1.249234687906328779e-09 2.401582822695960331e-09 9.812755834067196790e-10 1.357227229033780400e-09 1.687946511043342254e-09 4.915574495915958682e-09 -2.038769440076577868e-09 -7.306651317702289003e-10 -9.065551978330779011e-10
1.137815101823346885e-11 -1.223122875389742170e-09 -9.007567760147205576e-10 1.942344086024143519e-09 2.062939661784316311e-09 -1.538122974567649575e-10 2.423084506241167945e-09 2.825101178188401645e-09 1.372834116364501352e-09 3.392977499913270973e-09 1.841489929847494898e-09 3.403936655098836319e-09 1.897367889493493265e-09
1.513069216773169004e-11 9.539696064575170167e-10 5.485029514745259846e-10 1.906756664348824057e-09 4.720065798815770725e-10 -5.124111225754102077e-10 3.304263474200950346e-09 2.861079966659361075e-09 1.699452719266768367e-09 2.473149442911037455e-09 1.240675930871627266e-09 4.262638273106372589e-09 -8.953562508568836774e-10
-8.396056574584540978e-12 7.032649459031927349e-10 3.371601804649988343e-10 1.625030054978005535e-09 2.045676000553103290e-09 2.842309738959422465e-09 1.936235662674588037e-09 -1.375265535283714070e-09 1.709897801003107640e-09 1.635524511018246496e-09 -1.491131741280835924e-09 -1.377154897359476175e-09 3.073677451203764195e-10
3.082197723910645697e-11 6.328893643479974616e-10 1.756550314768753342e-09 1.942375257624788555e-09 2.355596208933501855e-09 7.986437876510537392e-10 5.290464527216250275e-09 4.397315730332993626e-09 4.039620255249308673e-09 3.371808223901496717e-09 8.433406114594159859e-10 2.061710462921816411e-10 6.389813631847902796e-10
1.757182143629033778e-11 -3.568063938240154176e-10 -3.798702736865421742e-10 -7.224131336499760966e-10 -2.713416168653141227e-10 3.387810790282553019e-09 4.449940257863285731e-09 4.834881674121614295e-09 5.345654225484098090e-09 3.496755101962386244e-09 1.080904195604665960e-09 -1.567458132930765458e-09 -5.002523961363018566e-10
3.319496655444370139e-11 -3.836352366781796212e-11 7.851569035942330927e-10 4.633556034073130569e-10 -9.266738966418535790e-10 1.961096522758928571e-09 2.497968483205646709e-09 3.536099158065340561e-09 1.682881354698785717e-09 4.127517449157805072e-09 3.948275778477944408e-09 1.087063304193838570e-09 2.262288141251056122e-09
1.372572349091030996e-10 4.726279097451539728e-10 3.931821845740395639e-10 2.723577503382412194e-10 2.215758396472120301e-09 2.824327105221529446e-09 2.508021312254822834e-09 3.325197424940743325e-09 1.765825328955614344e-09 2.920316303095010994e-09 2.321309123539982637e-09 3.882246570562242657e-10 -2.161487904554115552e-09
9.446322309365105237e-13 8.650078694208406199e-10 8.660808592085659735e-10 8.531828088672145642e-10 2.690206654719462985e-09 1.202535027583008911e-09 2.992427847461795372e-09 3.013786661104921601e-09 -1.679323326170845591e-09 3.076025885290454491e-09 9.670008755587869117e-10 1.814097877983545671e-10 -4.229915389938524917e-10
1.478160679742824037e-10 -5.101118827523725668e-10 1.821302860547127945e-10 9.346548113230077640e-10 2.081470370550008151e-09 2.019812397194982791e-09 5.066138678118167783e-09 3.880625582410186990e-09 1.157659472183209253e-09 1.589624339146685686e-09 1.680801078643593243e-09 4.914312593101495425e-09 1.807331445919044736e-09
1.892805458985440326e-10 1.471186966885009153e-09 2.417589543205476807e-09 2.317181454041884579e-09 2.292729377200275623e-09 1.245134465399711412e-09 1.407989877572376998e-09 3.335405043440544015e-09 5.376265738073226829e-09 3.367397891091306913e-09 3.869443807203031492e-09 6.720105227662296515e-09 -8.631877466818695082e-10
-2.299363983517575583e-11 -3.799169649878122345e-11 -3.567555753865519458e-10 1.618166859361906339e-09 6.998871351085338577e-10 1.603960337229728263e-09 8.687447966544698948e-10 9.958113957264366389e-10 6.119122265414012083e-09 2.411813609196623082e-09 1.418648709775115957e-09 1.577820619957582083e-09 -2.625435607663008357e-10
1.459502258012037726e-10 1.049597709949232936e-09 2.189296890787485745e-09 3.227265342617831099e-09 8.388272219103310357e-11 1.422001451617990195e-09 1.603860911014088692e-09 3.526366374542849304e-09 4.348386862985371951e-09 4.751916844516142534e-09 7.596136550565173975e-10 3.750579623516361794e-09 1.348554828275352484e-09
8.711055292657350302e-12 5.475679152875756673e-10 -3.128210082294795206e-10 -4.126388171897577835e-10 2.572115531466556224e-09 4.195271509832703585e-09 4.166456658601812178e-09 5.219445306835354005e-09 2.216299061163283367e-09 8.397589287719867845e-10 4.129329497631996967e-10 -5.922256317956983750e-11 1.997489614162525473e-09
9.487526566607269951e-11 -1.553719925504052124e-11 8.063297365813551993e-10 1.944002531199907584e-09 2.332418274410089906e-09 1.978558232272995972e-09 2.160576914493818412e-09 2.928750852535797137e-09 1.688478767259486158e-09 1.786186380228046887e-09 3.824736111885631318e-10 -9.001856525426295958e-11 -1.491279504518215333e-10
-3.515097153766836205e-11 1.849181162055313417e-10 1.221905859020352563e-09 8.477244769939477398e-10 1.137183773772957136e-09 1.646399526510259409e-09 5.295474971347407039e-09 6.523430591447796880e-09 2.339621759746505760e-09 3.777907847019679392e-10 4.321124421991328041e-09 3.853438088557070951e-09 2.490735987139182045e-10
-2.335476841812390379e-11 6.084764993046527170e-10 2.448979308936607399e-10 3.545038257752798116e-09 1.730529338039780447e-09 4.006819906170521277e-09 4.183747883622203863e-09 3.697912442623684777e-09 7.345065891530688876e-10 1.205109994091766510e-09 -6.752345768308779120e-10 -2.359581703319475341e-09 6.224511953394809252e-10
2.928403974810909940e-11 1.931679573235555678e-10 9.533319930363707816e-10 2.863849569105535005e-09 2.472462196729431916e-09 2.719335257905394454e-09 3.552552791482292686e-09 -5.118767653641539160e-10 3.028372715552223455e-09 2.337409412248546726e-09 -6.125092138006653553e-10 -1.664450775804138892e-09 -5.807115427399984405e-10
-9.271375525009616967e-11 4.834905923750568034e-10 8.513488284772932765e-10 2.173649503151530507e-09 1.923425393908392602e-09 3.570613423727783184e-09 1.670437282297907281e-09 7.179696704696104220e-10 1.954286720064264695e-10 1.444819664618464067e-10 -1.378317733535182657e-09 -5.059503283739849279e-10 -1.698137648090416091e-09
-2.860352868357511144e-12 2.041036159187856416e-10 6.208840188402193170e-10 1.479261502948701994e-09 3.839111924618591243e-10 1.098829732014060772e-09 2.969935125139795881e-09 2.577097018950891879e-09 3.536329024244029844e-10 2.849383432908989193e-09 1.634004209089978987e-09 -1.704934141841780615e-10 -6.983637463639856648e-10
-2.626425924245108812e-11 1.052865046588808849e-10 -2.937361199378839005e-10 1.986767936912098461e-09 2.288189318277510944e-09 5.094927002790454483e-10 2.309033077893293720e-09 6.667591686917050304e-09 5.145847076253098254e-09 4.103259144224089252e-09 4.420109479478186873e-09 4.412983701273404162e-11 6.212280848758433787e-10
3.275407392362754120e-11 4.887021394092330841e-10 1.410905117377285952e-09 3.106436758270550130e-09 4.936132599273755683e-09 1.747762552652299996e-09 1.873516076951792159e-09 8.714799018575320271e-10 -6.326611346386831192e-11 1.073313321424507990e-09 -1.808970091225130830e-11 2.626389355397955958e-09 3.142907118687812942e-10
-1.298846618120553733e-10 -6.806149799738616564e-10 3.342155338934954079e-10 3.943234012589774094e-10 2.058616893613253617e-09 3.917400210040647414e-11 3.795551359411966038e-09 3.222398226547874347e-09 3.191112061042707723e-09 8.506627529486093548e-10 1.845653786184484936e-09 2.190742600079783046e-09 1.623270977933835532e-09
-3.982491243779714240e-11 -9.338013533847929391e-11 7.847125008967594712e-10 1.298425658136967560e-10 2.983211538741104225e-09 2.508604619870973583e-09 2.698486449732364431e-09 4.237928799082887583e-09 1.743210643880929580e-09 2.678603342413685548e-09 1.689522433362196877e-10 5.392532150612233726e-11 1.161916681973180572e-09
-8.119786323259573275e-11 7.916490881311645221e-10 8.895218233099871952e-10 1.303338969408010546e-09 2.988931968838251531e-09 1.792982873474161789e-09 3.613703443894428013e-09 2.902719090116320993e-09 2.454667596577764199e-09 2.088354803228390816e-09 2.075745597122520134e-09 1.850729434870765999e-09 2.156836178465331097e-10
8.419482880471718276e-11 3.835306299872340516e-10 5.973948708731135624e-10 7.119494371155921179e-11 3.050880380712371823e-09 3.494216582879012071e-09 3.846692427063665524e-09 1.149777277767012097e-09 -2.283502981274641755e-09 2.358826541405069362e-09 -4.126295030585163382e-10 -1.370440924432044722e-09 4.635364929684501886e-10
2.682937202986951651e-11 5.709203541183383216e-11 1.278334032529810600e-10 1.298350362098039730e-09 1.121362389031101056e-09 4.331500037852279261e-09 1.495268566181015045e-09 1.550481892366018567e-09 3.675272227674316851e-09 3.100904810537296446e-09 1.039392998191020898e-10 -2.320510798049786596e-09 4.836662407231065537e-10
-9.076990656040485909e-11 -4.283513046247182469e-11 2.034814135650262801e-10 9.698612914923001356e-11 3.180611286191904476e-09 1.201914892826220871e-09 3.077602941315959122e-10 2.982968689502794808e-09 4.016932756305810138e-09 2.033683259256294316e-09 3.952954495200564879e-10 1.797448540531641534e-09 1.597746601986798228e-09
-6.820637185361191056e-11 -3.295375023860632340e-10 7.276369294184936635e-11 2.481911522270278164e-09 1.095123137207365426e-09 2.628124141285347739e-09 5.960459109466480372e-10 4.870082042383596196e-10 4.643460273584099741e-09 5.181796414754432295e-09 3.332474305283896470e-09 -5.926417130179875934e-10 -1.430433237199949942e-09
2.958349082205372247e-11 4.474626327742363932e-10 4.186166441829552901e-10 1.917492563935236069e-09 2.400272403313837698e-09 3.908728196539404553e-09 1.976271008741155177e-09 2.357523696049310000e-09 6.315020141822360551e-09 2.752198667745944554e-09 -2.198634666355289406e-09 1.276516674999894563e-09 -6.471826568459479090e-10
3.115463783237396839e-12 6.464821784664839863e-10 9.010746896875672420e-10 2.947708869522719764e-09 3.704309227023789354e-09 2.852227975510738904e-09 2.465256097581218240e-09 4.682585810953672045e-09 2.582280658086053310e-09 6.442964385657476902e-09 3.288958893742731711e-09 2.470066190898367897e-09 -1.103333981594220129e-09
-4.649079847070154514e-11 -8.787771511737151714e-10 -6.041955408767195310e-11 -3.642322125968226536e-10 5.723128296967621445e-11 3.467947852894446349e-09 3.694708026369413370e-09 4.192433954464476351e-09 3.380837026987057366e-09 4.032972272856599963e-09 3.500773825229550146e-09 -2.012123830803717817e-09 4.962726219080119944e-10
-2.063217196424095068e-11 -4.151369514075459859e-11 1.569103948015878630e-10 1.725165392873105863e-09 3.167894318204394086e-09 3.312647375719935532e-09 2.665662392927970151e-09 3.976621592940690890e-09 2.555927780720448173e-09 1.671014298478195221e-09 2.878960808688776705e-10 1.142390220830423543e-09 2.530395327531066410e-10
3.163877284756163534e-10 -1.238588168678392521e-09 1.225208905774691384e-09 7.970487245712720403e-10 1.911404537058450819e-09 2.864532714191872696e-09 2.830692037845827568e-09 3.635182304142976866e-09 4.490334296374757579e-09 4.988277548787727634e-09 -4.433818252674536370e-10 1.037644799583413259e-09 3.656295376694226319e-10
-6.168988689309174135e-11 -6.123621373548276072e-11 9.712813897769019118e-10 6.667849079822328969e-10 9.830747187810973925e-10 5.836407573283397325e-10 4.074830476647332078e-09 6.150893344037894603e-09 3.185470124912436522e-10 -1.490718021380768825e-09 2.257668475102852103e-09 1.012863736196064440e-09 5.861791578811649623e-11
-6.866540214037083315e-11 2.077777832798036325e-09 2.473146594614993453e-09 -7.815446056598312332e-10 4.595649249241993313e-09 3.122976047912791173e-09 4.189842140905355900e-09 2.569124146471065936e-09 2.866488442199322467e-09 8.897964587450007649e-10 2.108574364756628362e-09 7.684233771162348497e-10 -4.709858946351018443e-10
-5.569606345177659457e-12 7.119838742125913178e-10 2.440227248001548092e-10 -1.748494080656366167e-10 4.991906500979505201e-09 1.298476528795557507e-09 2.511773524612606699e-09 3.043777073244115907e-09 1.796856038363987374e-09 3.886822590476943432e-10 2.707450000267502551e-09 1.107027027940736611e-09 -1.795136689909740901e-10
1.863039248752592796e-10 -1.579059605428096648e-10 6.747398129558748804e-10 1.073980749041014442e-09 1.354048170568815100e-09 2.377037237736598514e-09 1.087895620806778892e-09 2.506914168157286178e-09 3.460953388156726162e-09 3.783531523045192025e-09 1.597710599440256849e-09 5.684986596654793490e-10 3.428704395231092026e-10
1.657573557696443424e-10 7.970003329312484624e-10 1.588637687061782555e-09 2.528574480268061720e-09 2.101408727077663605e-10 3.378386719403952492e-09 2.524966764531205915e-09 1.511488167693659188e-09 4.403988796942040494e-09 1.882075850156133338e-09 7.035931234675914711e-11 -8.162897056541153359e-11 4.152946322322780091e-10
2.049635894481360373e-10 6.428670487448735317e-10 9.132193357099261178e-10 3.020949046177083162e-09 1.109333856343964846e-09 2.178614847786585534e-09 4.224347372277616863e-09 2.963410092702178611e-09 -2.063896609042165715e-10 3.300722613145116462e-09 1.306981774419763319e-09 -1.730274908864897285e-09 7.272683389237497839e-10
9.474788748869653599e-12 1.139654899039335597e-09 3.021131512882940944e-09 3.283688071676483080e-09 3.352924907467449855e-09 5.163094343989689895e-09 3.211540271556696857e-09 1.553326602100130928e-09 2.688335512115535819e-09 -8.463367828031400673e-10 4.225872892764174831e-09 2.427109987037394386e-09 2.858445705525314267e-10
-1.451774727449409308e-11 4.279893764458843568e-10 8.100376748656459230e-10 4.381088098994051936e-10 3.341888985068604554e-09 2.537513582722521142e-09 2.718004568062890152e-10 6.026265907486633933e-09 -5.703673885382173004e-10 1.093090264909906422e-09 1.983878561727545796e-09 6.214625642988239066e-10 -5.760049309346958076e-11
1.111605356020373744e-11 1.206065956857323302e-10 6.688647812684097092e-10 7.427029575737237349e-10 2.795282663326332038e-09 1.643280115323314432e-09 -1.883223256138644264e-10 1.191365992990424297e-09 3.790496607355481750e-09 1.644386325876362096e-09 2.302663064464205641e-09 7.435044492446317328e-10 -9.094783047950298596e-10
-7.071423931197834611e-11 -2.554672471915688436e-10 -6.859234918763760684e-10 6.908987284039167417e-10 1.560340114731195259e-09 2.266713049532091703e-09 1.944938382939806852e-09 2.093810207792314228e-09 2.447562900182640102e-09 2.826971110370234040e-09 1.521029088062036126e-09 -8.338237878686099709e-10 5.640856658987285164e-10
5.022023574123601904e-11 6.461691248059329678e-10 1.207921335497740996e-09 1.076007223425871400e-09 6.233118653152977020e-10 1.348179930625233865e-09 2.208825094687197391e-09 3.179603443401595065e-09 4.335463892757430144e-09 3.754180968728502149e-09 4.899276995817266455e-09 4.165124187571519769e-09 4.697115150841362121e-10
6.709247728966801306e-11 1.372862919936827734e-10 6.055722041160726347e-10 9.341028627646345093e-10 -5.018951056671308882e-10 3.696969630060918657e-09 2.714436512535627818e-09 2.027938752853464517e-09 2.199951212318271947e-09 2.709848407740998134e-09 9.429370361545302869e-10 1.663947934932867708e-09 2.427070810358865758e-09
-8.280029157363709603e-11 -2.247518803130557042e-10 -3.996156195620330854e-10 9.269324640829923739e-10 7.599054068359607861e-10 1.793300860700592930e-09 2.324703198855513972e-09 7.698444658672714900e-09 1.059747217836097388e-09 3.235196720689350427e-09 1.376801629589531747e-09 -1.571396001853006104e-09 1.287517765684765947e-09
1.377583089439477835e-10 -6.834330381094135527e-10 1.907185429532498268e-10 1.706702424704685621e-09 1.517741225733508148e-09 1.583248149350553739e-09 2.835252161735193120e-09 -3.747216703432242947e-10 2.121685599632180269e-09 4.151320869113351346e-09 2.553904801769931509e-09 3.822312181709763714e-10 8.358933639326086116e-10
7.894412763276581860e-11 6.671919398092509170e-10 1.076218128111172957e-09 1.077221178255681655e-09 1.304345805793031676e-09 1.206262186916787834e-09 4.412001963554202886e-09 2.354306703911379871e-09 9.291590192120401590e-10 1.007915731363817316e-09 3.780328911454290448e-09 4.362644749122913933e-09 4.678438329964012920e-10
-1.377528557061961158e-11 5.721120466978942443e-09 4.792778653725962330e-09 1.287280696983503235e-09 1.351374768406175376e-09 5.078098788062353669e-09 6.436891381696831609e-09 3.675939784645777066e-09 1.937983628956824953e-09 -5.479546112925360017e-10 -1.217311038349370485e-09 1.810499124187787462e-09 9.653540535181538585e-10
-3.312361421525711704e-11 1.170101931724706150e-09 5.214265860855101670e-10 2.483855108550447945e-09 8.445778253470129404e-11 3.039526098161774046e-09 2.611640303193733160e-09 5.633510741758406387e-09 1.018747825640919341e-09 4.284398269108040969e-09 2.592629491407261255e-09 2.023759148787285587e-09 -7.022961664707160885e-10
-1.760658156180230706e-10 -4.176237786321770204e-10 -6.158387542946276795e-10 4.369001121925996723e-10 -6.799366106535978219e-12 2.734848271024764973e-09 3.928972922478874293e-09 2.198270061743909687e-09 5.238859169310463550e-10 4.667509817007860011e-09 5.522769170877740963e-09 3.652786534338364418e-09 -3.699700531780119187e-10
-5.075803787995958760e-11 5.040588637013234652e-10 1.004926036280827740e-09 2.182030585874276742e-09 2.163327426381790965e-09 2.956676639771392191e-09 2.533606790474280415e-09 1.799321744564281749e-09 2.280279363188502037e-09 -1.547608437456980521e-09 1.037589283218930164e-09 4.260096693998444713e-10 -1.573652039259276334e-09
8.717690719215692018e-11 8.917601015652767275e-10 1.782797405242125904e-09 1.478999040973237159e-09 2.039678543024140310e-09 5.030809594850052293e-09 3.796607628960128269e-09 3.306573277676345247e-09 1.340116463401859543e-09 1.795502625451503781e-09 1.434298782019649450e-10 -2.306346187198535088e-09 -6.682583060415320850e-10
-3.364082184806109580e-11 1.229627827597569999e-09 1.124328210154829467e-09 6.502756314758598106e-10 2.894297114821479839e-09 5.374214245988623503e-09 1.314720176158649709e-09 1.621378868844042361e-09 1.630920954606615652e-09 1.378681974095700148e-09 -3.551158035548175903e-10 -2.890513258023355792e-09 -5.378271585769938068e-10
-4.830611013028952448e-11 -2.779716559102585003e-10 1.994649108509760403e-09 2.930127452185350078e-09 1.796490378903945471e-09 1.228504367824322953e-09 2.381103126375423247e-09 1.638614986656948199e-09 3.323291634373894951e-09 3.055762341538316764e-09 4.037955105255064443e-10 1.539395423251406844e-09 1.366243636662231011e-09
-2.150639858465258515e-11 -3.369860850307874551e-11 2.740995371449384420e-09 2.423290876955935646e-09 3.215279370431410229e-09 3.199974835745890776e-10 2.274526792315017945e-09 2.978860020065244569e-09 2.324896818805794805e-09 3.193876041544751084e-10 -7.237908628816226765e-10 3.636488613815801054e-09 -1.635430091044380038e-09
1.671124848032475030e-10 -1.284580562191015365e-10 1.891920729818407709e-10 2.022251495380435524e-09 1.378408639778639789e-09 8.219720119564322463e-10 6.636766108202121973e-09 2.939950976351756085e-09 2.639935719588281858e-09 4.460217957662632167e-09 2.318573062009230570e-09 1.071786338708872920e-09 2.221517322971910739e-10
-3.892175154431461752e-11 5.046042135226331352e-11 1.554596538930832540e-10 2.428830824663124524e-09 2.309485824912196812e-09 1.791471665117453537e-09 -5.717250150798249688e-10 3.769388736732685094e-09 2.053653642425686796e-09 1.556914099368278875e-09 1.881166080345362371e-10 1.653274587903443523e-09 4.662731121641275964e-10
-1.883839675639450673e-11 5.378260778349520482e-10 9.023775999709415590e-10 -8.248010346289715943e-10 -7.987918627712229725e-10 1.508403653347305264e-09 -5.191020540772244504e-10 2.125711553768296318e-09 4.634838197223549598e-09 4.420102092356242661e-09 1.785136739717500093e-09 -1.783609236475476190e-09 1.179729116771939682e-09
2.163358197456390570e-11 4.441762917424317413e-10 3.110627045678283562e-09 1.539984845481353009e-09 1.521722453028149972e-09 2.734787902473517334e-09 2.256322413075220637e-09 3.392035142159245869e-09 3.871358122666241403e-09 1.565031456089707567e-09 3.089915188360428654e-09 4.805808985460202657e-09 -7.873797283067758249e-10
-1.797220969376718454e-13 2.543611902612003889e-10 1.543949278906115189e-09 1.147893843507569636e-09 3.410448126695541344e-09 3.603930526839840083e-09 2.162817067090754252e-09 4.640040829256755691e-09 2.045426780899881274e-09 4.131387541220262982e-09 -8.110072244716550503e-10 2.095412798535807151e-09 -1.143775659364574387e-09
-7.495659577102247849e-11 4.401517455700588014e-10 4.119415172753856332e-10 1.507557446584771973e-09 2.215220971197988007e-10 2.381228499473399858e-09 5.775807764257473469e-09 1.310872701057412559e-09 2.900333246904609347e-09 7.547206523957593367e-10 7.296412804806791929e-10 -6.541150179830315969e-10 -1.642086222593396485e-09
-3.045335691040254385e-11 1.500190593290066124e-10 -4.361256049262997971e-10 -5.139023299037102748e-10 2.958324655885200644e-09 2.410326126091764976e-09 1.784186412788108157e-09 -1.513764195649581343e-09 2.858520048063327599e-09 1.418460289373633074e-10 1.274743070495168628e-09 6.384716408165522043e-11 1.736651197833775860e-11
9.575248453652816834e-11 -1.483952923417581445e-10 -4.968292043709814681e-10 6.913430109646229590e-10 2.012000115819030274e-09 3.047072391998638347e-09 4.376561084007539815e-09 4.612211615078191312e-09 5.589981155372272263e-09 -7.962829946755142800e-10 7.611511228128784704e-10 -1.731723019746502130e-09 6.294108643699450346e-10
-9.803961112590176819e-11 1.217404067652815133e-09 1.153271720403761022e-09 -1.794181429816055001e-10 1.836118571071660360e-09 3.721454245993381458e-09 5.783534899719617716e-09 2.539006988425389672e-09 1.333533680077320191e-09 1.249909251298579932e-09 1.653166221691398965e-09 -2.906303458730617307e-10 -2.427642940834491928e-10
2.052436193784427644e-10 -3.309727152642458376e-10 -1.975112420072123214e-10 7.753888149881282439e-10 4.221224827438806395e-10 1.970852152709797712e-09 1.959740326243865605e-09 4.423738710074383917e-09 3.899688156069204513e-09 4.187840854355675592e-09 4.450939680833356093e-09 8.006859590718184089e-10 -9.472982067687716702e-10
-9.332698681905063646e-11 -1.186196675497136451e-09 -8.622479690608205278e-10 2.559828218210128983e-09 6.505749343429575351e-10 2.024065402677948226e-09 5.329711882732722564e-09 1.992029909299553806e-09 3.072751338815161314e-09 1.699380435707998520e-09 1.289646643239876737e-09 2.193129928336290965e-09 -1.162053900287001415e-09
-5.546013399409528890e-11 1.127202634717518697e-09 2.884899916668418404e-10 1.449330418344336801e-09 2.105631167313335504e-10 4.469439951847548957e-10 1.943897750655652288e-09 3.029750988402984179e-09 8.479146134749106065e-09 3.183654493218231586e-09 4.369859839966974560e-09 1.680712085818950747e-09 1.470648255692045838e-09
-1.504285885875494880e-11 3.669362409929239575e-10 7.733569800867346374e-10 2.612595279478388921e-09 1.523900831199560425e-09 2.395554243475686305e-09 8.077416772608931006e-11 -1.776858780132369265e-10 3.911822397589982176e-09 1.308259326221625597e-09 3.698855796522640745e-09 2.960456513030031545e-09 2.822365084179538131e-09
1.204415054557069666e-12 1.419499701258818363e-09 9.605053461327949699e-10 9.314945280751078797e-10 6.331470899006067978e-10 1.725375345031078144e-09 2.534282365404027839e-09 3.674663022613432495e-09 4.002665787516763947e-09 3.291749791671707954e-10 1.527229378255039375e-09 6.575752211958576474e-11 -1.688393836348663881e-10
-1.271144603030329423e-10 6.142991219919902402e-10 1.134110444050710512e-09 1.050063189476582995e-09 1.549998345147966474e-09 3.397618630052334886e-09 1.924397332076706814e-09 2.252887508007112147e-09 1.378261060792890793e-09 1.557429052817334127e-10 9.160988677892834301e-11 -4.004716805134828616e-10 2.193981019824014379e-10
-5.095140579077031194e-11 -9.357555701049281420e-11 -6.070015090616079302e-10 3.256520785254193659e-10 1.054323533633911906e-09 3.298685702214608363e-09 5.148270929103492402e-09 3.879876034955870187e-09 3.509033068134174659e-09 -9.486652963931766948e-10 -9.430082965391636978e-10 -5.999473392777216275e-10 8.728030097932813539e-10
2.292427041735953659e-10 -2.137881822666647183e-10 2.752389890952036465e-09 3.536552463018983366e-09 6.063084660653576693e-09 6.034346398684743165e-09 5.110499627150093840e-09 1.845789634434286857e-09 7.252120337656280349e-09 4.124448343845610860e-09 1.601377864765091467e-09 3.326164143045927124e-10 1.812004933271201939e-09
-6.032451767825136526e-11 5.547356045087890858e-10 4.216478576737193605e-10 1.038991834580958318e-09 1.732443895904396834e-09 -1.200122326674526549e-09 1.005592951336167537e-09 1.726201656517372594e-09 1.766322301049761128e-09 2.262439007972443245e-09 3.199453062862604645e-09 2.270519148080569441e-09 -6.041266984302313763e-10
1.714292815531854887e-11 8.663632448049252465e-10 -3.725178523405638525e-10 1.608101153567572300e-09 3.524951252973468420e-10 -6.230080733624754250e-10 2.117122516153601344e-09 5.263468972317932941e-09 5.149503931108399670e-09 6.733037218677888863e-10 4.840884298995892550e-09 -1.043097074481640594e-09 1.295677223569711830e-09
1.548976450849725101e-11 3.084108264733547483e-10 6.283508845700781699e-10 1.046465074491422567e-09 1.531720133963960049e-09 3.201729341755998791e-09 3.510278538333658419e-09 -6.170432947341098925e-10 -2.857575688865625086e-10 5.231411775322140504e-09 2.539198968519100040e-09 3.908107413503290532e-09 4.664349100205131124e-10
-3.659154958230611323e-12 3.961957674144045413e-10 1.868108294182646322e-09 3.115229974756267714e-09 1.812127053989166100e-09 1.629872742841327646e-09 2.453723120957572115e-10 1.148080241147896800e-09 1.979608448462611082e-09 -1.710749252734953458e-09 3.111843194586351940e-09 1.583279161364772859e-09 -5.983744991352460108e-10
2.858524277068735763e-12 2.598649560938262822e-10 4.760143804174894946e-10 1.172352362660092037e-09 1.943633582116328839e-09 3.473175688814743060e-09 4.292559371354886893e-09 6.688942294216351887e-10 1.586469438254778971e-09 7.858275165980691839e-09 1.406088482646535524e-09 -4.500799894272927325e-10 -9.976913340422763762e-10
7.285565623215538051e-11 -2.841085998208975432e-10 2.046127640047539339e-10 1.014629608210063624e-09 2.881201679364659090e-09 4.376613972464198290e-09 7.720255444429284720e-10 5.999026218768340918e-10 6.914943732555845795e-09 4.152232538734129510e-09 2.003410796705261099e-10 -1.154230832818811735e-09 1.305285498126416019e-09
7.704339365123023955e-12 -9.830316946876016640e-10 -1.441762908023968635e-10 1.726831329625602392e-09 1.614010916860541509e-09 -1.512304111773760969e-09 4.905518405821787044e-09 2.000578721380785111e-09 1.977968433821359550e-09 -2.153991930501098972e-10 -3.916650105913233004e-10 3.559721861209552813e-10 -1.566424428670122435e-10
5.025336080142073673e-11 6.875398865658605410e-10 2.054105586092683391e-09 8.074082722469609155e-10 1.817506889292012871e-09 2.447482542026028418e-09 1.624354329099287513e-09 4.330782076459836934e-09 4.394644724223932006e-09 4.639033126588096220e-09 3.003473960140781623e-09 4.989610893996630180e-10 -1.632099255853170699e-09
-9.376895951643322246e-11 4.007437347041979331e-10 6.543087966035047096e-10 4.664646935039314355e-09 5.607795276274761584e-09 5.788276776143403901e-09 4.225074796268382754e-09 5.135110976324169298e-10 6.006706237074272547e-09 5.526983778166064234e-09 4.180279501092558980e-09 -1.227434804704758737e-09 6.599399897475998515e-10
-5.876148411933354997e-11 5.434939940936857723e-10 6.918176657903377147e-10 2.001928575530656933e-09 -1.521498519463857501e-09 8.496802145020034939e-10 1.370476924131195100e-09 1.825649503931815937e-09 3.678318682098648705e-09 3.334453443434481841e-09 2.510478031835332536e-09 2.963564806699049504e-09 -3.329354213207860724e-10
9.194116989717625222e-11 8.307111202845441791e-10 2.057577492660947002e-09 1.908949407738607906e-09 1.137307088163307837e-09 2.379908985267054260e-09 3.893621945849412251e-09 4.402628695133851681e-09 1.346492441633712607e-09 -7.767583537660896413e-10 9.008726946908806645e-10 1.788471954499983434e-09 2.061688955790868355e-09
-3.151304772178642069e-12 3.395691993673647198e-10 2.113192019911373100e-09 1.612230241461554274e-09 5.257088542763916276e-09 2.710342645547570059e-09 3.088900054404102282e-09 3.767347452706333791e-09 3.417751260653744350e-09 3.646723335448632226e-09 -8.204080888476795394e-10 3.289933636184535554e-10 1.545941228291668381e-09
8.373787325431933518e-11 -9.879180252914206957e-11 9.491419749645138493e-10 3.439422542157735620e-09 4.435079185858142335e-09 3.561845655421537278e-09 2.867722273770329431e-09 3.741783206202946416e-09 2.125292029223551155e-09 3.241682754940341963e-09 1.407874047423897013e-10 -3.268325716342563830e-09 -1.865014150517648835e-09
-8.784310125640378905e-11 3.016036594833668650e-10 5.313839792225672975e-10 3.140664041863391001e-09 2.921212408926382710e-09 4.671266865253271675e-09 2.434733240682965691e-09 2.338147675133028757e-09 5.124202171408351399e-10 5.812690756539965111e-10 -1.716558056958090609e-10 1.691786378041515494e-09 3.428175992160694265e-10
-1.401946343120394030e-11 -1.207971766209138054e-10 4.575093313672676365e-10 9.245474609889795538e-10 9.270413491901088603e-10 3.004304730161944009e-09 1.281769265770951298e-09 1.657415467827127364e-09 5.268617708082528632e-09 2.636186148912092250e-09 1.110124118371472493e-11 2.678745545865019768e-10 -5.274310738497096523e-10
1.092692264456986855e-10 -4.708465299139331318e-10 3.373252203775688330e-10 3.640027745204132848e-10 1.405269832465916929e-09 1.097867963487446677e-09 3.969136353276242667e-09 2.261664684920540936e-09 3.275443642564987089e-09 6.017532424673188539e-10 4.109913303052997645e-09 3.542957934495408699e-10 1.578865585621702152e-09
2.169045028604690710e-10 1.403098179584651059e-10 1.263716754681122055e-09 1.382652290681640503e-09 4.137164745146572841e-09 3.278716379531157782e-09 2.287694878968526674e-09 2.503490981384768410e-09 1.700027245848254488e-09 2.661707402793202712e-09 2.716470808792911791e-09 -8.037039266424019883e-10 7.198065295867918193e-10
1.143577590683526727e-10 2.332006419062256122e-10 -1.452424535348048106e-09 -1.731762198434404046e-09 1.644831644107636917e-09 4.357822001698622386e-09 5.866443033321464665e-09 3.063094425013275609e-09 1.713496865254578400e-09 2.829649254011932898e-09 -9.005537266814260379e-11 -1.366783531511662765e-09 6.817767443380770442e-11
1.019984561967081352e-10 1.059610161738144399e-09 1.600295585335240404e-09 6.682223159408866876e-10 2.820815604582698496e-09 3.226936812716110078e-10 3.082455538913743223e-09 9.005881887003034136e-10 4.120336835613864717e-09 3.996959291792327259e-09 5.159602245743736514e-09 4.472042753834431137e-09 1.489394118375384720e-09
3.589603450377564192e-11 4.257717152503804967e-10 4.193673093065909649e-10 6.992011093279123475e-10 7.313650181859980587e-10 2.816220805555407722e-09 4.232871136955392386e-09 5.295583060580771792e-09 1.469216517746510850e-09 5.933157532327195075e-09 3.595430560002153021e-09 1.821421995258328296e-09 1.167929901917190873e-10
-3.028426681963009326e-11 5.466021112234177501e-10 9.598344835277405251e-10 1.504171599578912212e-09 -3.321387068654086279e-10 2.974428780384291547e-09 3.500375751782600848e-09 8.321679793023968468e-10 1.944510492045276288e-09 3.358277517502947930e-09 4.054468520273062643e-10 2.065861699842210193e-10 -1.199946148165947012e-09
1.363504755485349027e-11 -2.361686359651373210e-10 -6.984104372031373948e-11 1.604909585860757843e-09 2.971113740208496564e-10 8.995048827090626942e-10 2.528131772336359503e-09 2.174114933232275961e-09 1.943213062200401280e-09 2.500422586078844702e-09 2.188280824548817716e-09 5.665479895367585013e-10 -1.839411499412435022e-09
5.453832898607933682e-11 1.677040606230982154e-11 1.379917730920940860e-09 1.749311191766820108e-09 2.628356266163196286e-09 9.039409879220654825e-10 9.491067093995132686e-10 3.905930180707363449e-09 -6.608250278714464973e-10 2.518077721615759013e-09 3.615833588527580852e-09 1.390134346573642724e-09 8.241329728343024421e-10
5.548141524542995128e-12 -9.821797096623185741e-10 8.922243436152764581e-10 1.393240118804009699e-09 -8.458957205128151758e-10 3.455116629318102121e-09 1.927298685114702228e-09 2.942516109464839920e-09 5.970696607881601271e-09 2.644245920653256651e-09 4.454594450689410985e-09 -1.734411359349250674e-09 4.572775989979083317e-10
4.394729145935229734e-11 6.697437214505925522e-10 3.834882885537796672e-10 9.238965175664958405e-10 1.001250469353040387e-09 1.979364728955559837e-09 2.429212673480592625e-09 2.632027370938193760e-09 1.643553085122370377e-09 2.525059203958426622e-09 1.915909373280306873e-09 2.356495260573478382e-09 -1.634179138941982365e-09
-2.681014774697254999e-11 8.690465716782531585e-11 6.607251891229582113e-10 3.681625189417754712e-09 3.650116349422764293e-09 1.263149526819628789e-09 5.615369765966091022e-10 1.171836484904222323e-09 -1.006206839867635560e-09 2.477971577004223015e-09 2.761741536599505948e-10 1.293069927654130528e-09 -5.725336940860469067e-10
2.064683867022519619e-11 2.241441123543938383e-09 1.559039206599614587e-09 1.776996370862581385e-09 2.573661070084561425e-09 3.449811130852973727e-09 4.048701332338543629e-09 5.272754425167417406e-09 3.319059101577218398e-09 2.173522221000709168e-09 2.269998695306969927e-09 8.187676387398803846e-10 1.122943436841889249e-10
-6.865619854301468246e-11 7.335859063749590317e-11 3.029780120498679452e-09 1.750584156648015063e-09 2.160596524740642371e-09 9.322744504454438936e-10 2.778698351209252671e-09 4.065400317545218511e-09 4.792606187651413221e-09 3.239128588411371806e-09 3.133395029939232772e-09 2.811384077204774568e-10 -4.356732875987950475e-11
-4.492181275499959552e-11 9.142610621305949236e-10 5.235866004731293193e-10 1.270316661160189076e-09 1.580686087101577127e-09 2.981842205092878645e-09 2.914282404286147942e-09 3.146967032280636774e-09 7.761374922950137221e-09 3.095103719365098162e-09 1.680644628557146631e-10 -7.208385660374833032e-10 9.508711072506514365e-10
-5.959573104780191853e-11 1.286152916345638229e-11 9.887354831340686057e-10 3.962519322561798057e-10 -5.015636156523903671e-10 9.403347139809608540e-10 3.200147323951568356e-09 2.952710843432868871e-09 1.694958225278313768e-09 2.019060118185300537e-09 3.322578786558318714e-09 -2.927401712585394271e-10 7.590299195612328691e-10
3.906323182145225385e-11 -3.205178902529710297e-11 2.545247424654857835e-10 1.193356008702135951e-09 1.988246176342061724e-09 2.369767914015896705e-09 1.796092858843156967e-09 2.921171964389317080e-09 3.016014299685226278e-09 1.396987230538873859e-09 1.955843827250417772e-09 7.750609000969971497e-10 7.388461803071827536e-10
-2.380314840553187969e-11 -4.761618302877454487e-10 1.126932268603335454e-09 6.364902590139866079e-10 3.264724910777703245e-09 2.910143035137341779e-09 3.187076767080009842e-09 2.498464292053399725e-09 3.339689587818840227e-09 -2.285821718019200303e-09 2.246960305374566280e-09 3.710682702911610289e-09 2.045541620589482126e-09
1.910362003549739073e-10 5.682810971873038128e-10 1.700245746913109488e-09 1.757945892531401190e-09 2.999515017264451410e-09 3.164156766574038186e-09 5.707811527241389417e-10 2.545205284254142542e-09 4.750296982829816530e-09 1.405772866779448552e-09 3.418796319245952460e-09 1.904468299399406508e-09 9.564817428923276770e-10
-4.798980882615342823e-11 2.931179967011572921e-10 -1.574915179801376109e-10 -7.963987536893498933e-10 8.577784270434906877e-11 1.816887540846114281e-09 6.257768516183092539e-09 5.765143375331809077e-09 2.777929135399516360e-09 9.013488922331483014e-10 -1.906218268051314064e-10 3.143839357968180354e-09 -2.735248856572078165e-10
5.582556352871393098e-11 5.365782271739848928e-10 1.355740674343681941e-09 6.846053633997080639e-10 2.578492194255658850e-09 1.540137018683145608e-09 4.173775357016784747e-09 3.053513985068071178e-09 3.887117383015702844e-09 3.273581282312765245e-09 4.522131491477544540e-09 8.122914701900587327e-10 3.531672838426669286e-10
-3.343942680096012565e-11 2.925262995340527089e-10 1.869437406229663309e-10 1.424537972016846637e-09 2.122704555549692790e-09 4.110416823158497619e-09 3.406226591228570462e-09 3.710976244733247966e-09 3.138963532788250889e-10 1.821307797834475600e-09 2.051389320277476657e-09 4.787999626598879630e-09 1.589275053527245567e-09
4.433442620264427627e-11 1.499269208427420189e-09 8.685954814849883490e-10 8.469467978507954164e-10 8.865119327818554328e-10 1.186497613824012018e-09 2.692350625229630204e-09 1.935555121684238636e-09 1.298045595914453752e-09 5.216101872477510228e-09 1.461691278914167103e-09 1.251642931364500031e-09 -1.937738746537622945e-10
3.462374514208891348e-11 2.705570944580056498e-10 6.338414989001933936e-10 1.260333193853840340e-09 1.330711529450523813e-09 3.369795724636026435e-09 1.628737438961007666e-09 2.076025135851061995e-09 1.703481308255036068e-09 5.796260310510252912e-10 1.335576710924697017e-09 4.046352021318590927e-09 -5.862062691806842365e-10
-1.170553700364790369e-10 2.451270723091924364e-10 1.132631315150601891e-09 1.447319564938648167e-09 8.384970210363223849e-10 3.673696307231085012e-09 4.180571651196817310e-09 3.385364986949955622e-09 2.876057122776693616e-09 3.254916851485437290e-09 3.653754689948321610e-09 -6.883896397534866189e-10 -1.021859841953721571e-10
2.492115816121261107e-12 2.404852924845013573e-10 -2.430063264305189532e-10 -1.046368444095453290e-10 2.729646477763196931e-09 2.326763301087620294e-10 2.114411156714915620e-09 3.024558295398943524e-09 4.546257836176991517e-09 4.934520746256760884e-10 1.440658836798354497e-09 9.137383292833250257e-10 3.877016936021156030e-10
-2.806966862603604846e-11 1.762437033589655496e-10 3.630223700875041430e-10 -3.210577116882040892e-10 -4.496135603764879460e-10 3.851252397658975730e-09 2.707922732905468028e-09 2.152684680919820516e-09 1.661266360714312346e-09 2.544670298241777724e-09 1.100013075247039307e-09 -6.353821186137583747e-10 1.519053974272181426e-09
2.852682057108310405e-11 2.144940599422005335e-11 4.462012922537183859e-10 8.802588598623554986e-10 1.382656313654971531e-09 1.032939346315980279e-09 5.434548199673272819e-10 4.158926129552749394e-09 4.195898506764750769e-09 2.202673858569539645e-09 -3.823738332674516123e-09 -8.044888741658988153e-10 -2.178384717052052388e-09
-7.315531514395160140e-12 4.422932606097943551e-11 9.029557394377640958e-10 8.517511908715078849e-10 2.036862670428025061e-09 1.725174433200446199e-09 1.218156367348380957e-09 3.465830262900448159e-09 6.302268784236237731e-10 3.957163251086544969e-09 4.034187203719258848e-09 1.300021258315609485e-09 1.484751437752732276e-10
-4.219104479412892472e-11 -9.577924734598266602e-11 -3.531206787312269457e-10 1.493467821334212985e-09 2.601456041082915461e-09 1.963091421122929330e-09 1.517292356213486455e-09 1.715081744377229214e-09 2.320200205220665622e-09 -5.067907827948414835e-10 -1.446407515685670034e-09 1.151929503811401574e-09 -8.698905941227353025e-10
-1.496863169686525001e-11 1.301768157261238303e-09 2.110174510901042872e-09 3.059684581076945376e-09 9.566606211507417743e-10 3.575793744302978479e-09 3.123569572099365107e-09 4.903455497816851734e-09 4.595193755414862932e-09 2.929039803875030965e-09 4.095324632324264224e-09 -7.911560330624544262e-10 -1.429683908771900675e-12
2.385177431817575495e-10 7.101239180701679987e-10 1.966642998231499709e-09 1.589154065244869502e-09 -3.373016239649902735e-10 3.535644826199022587e-09 1.767041199752577148e-09 5.712720513326657891e-10 4.481485222479057200e-09 3.880320485608863026e-10 5.745142417114196076e-10 2.224541167412034235e-09 5.244090881988565379e-10
1.730768430539022213e-10 -9.070948421382616453e-11 -3.476627309519388138e-10 2.903691210953957769e-09 -1.751123134976638201e-10 2.289904603932466201e-09 1.783326772176269765e-09 4.273196785477058776e-09 5.387165115094725387e-09 1.628991430463799691e-09 1.825733423012809697e-10 -4.545745880918808436e-10 8.512944977702863218e-11
9.551617372022448341e-11 1.102413626595798972e-10 2.822511247806305944e-10 2.165986392142351185e-09 4.783409508013221374e-10 6.346094916833227274e-10 8.371197561035420116e-10 1.759327437166369080e-09 -1.205944038238931731e-09 2.418774966730648374e-09 3.572373638771550993e-09 3.777204566012393913e-09 2.895416308256888311e-09
1.275976551964489082e-10 -1.270420399690148448e-10 2.631077949782036133e-11 1.072487934241328232e-09 2.463482404245131225e-09 3.462835774794211840e-09 2.704319024997119471e-09 5.385616660564439377e-09 3.516263619994863633e-09 2.624090794791467052e-09 1.048564069071923909e-10 1.302822406967086695e-09 1.282322656007247608e-09
-2.342432939434640779e-11 5.716456708041064413e-10 1.428476078856529225e-09 4.900559008468384536e-10 2.925555495746098165e-09 5.579020076570916958e-09 3.541220570236143268e-09 3.968613365669871132e-09 3.872569173060610268e-09 3.457699851840380203e-09 2.522056293245018884e-09 1.342573587529991659e-09 7.563112319420766103e-10
9.679451613869312323e-12 1.856190881910332440e-10 2.000596238913100908e-09 2.521086895839960501e-09 1.801936210843267782e-09 3.626856442178147176e-09 2.099173545421211817e-09 1.075323377390887191e-09 2.671270396021430146e-09 2.482187333556580487e-09 1.762101018370011589e-09 -1.613455861629551280e-09 -1.831745833653323248e-09
1.531369035060759582e-11 -4.673398904179010415e-10 4.709791455528231848e-10 1.349062613372455204e-09 3.579271163686139305e-09 2.685912566305997453e-09 5.097605865034372894e-09 2.864176557299541823e-09 2.281526995405575374e-09 5.389571618283750994e-09 2.147764124312300347e-09 3.403870884704590917e-09 -2.726435837991144861e-10
7.035492059618721276e-11 -5.013954887689376122e-10 -3.485613549712961830e-10 7.332129488488098502e-10 1.173381974981145187e-09 3.522573292021673403e-09 3.029817186823706561e-09 3.722606118490238129e-09 3.377021641248056160e-09 2.737509456183070669e-09 -8.569041037773041084e-10 -2.844022089766334890e-10 2.235786844870957030e-09
7.001637547164706539e-11 8.539268669304825514e-10 1.618387765810833976e-09 -5.706733070926894988e-10 1.610750422929476533e-09 1.719746221802875193e-09 1.897226600080408392e-09 1.943614189139458287e-09 2.292668818853405890e-09 1.054728815208550152e-09 5.613631869287257796e-09 7.008125945852798710e-09 1.701285865727954001e-09
2.932205163503807541e-11 -5.703915416286418708e-10 6.743767036771214853e-10 1.930575082328223673e-09 4.534404849141935226e-09 2.260221561374009655e-09 5.148494148998708985e-09 3.573142181342645781e-09 3.519732688163072976e-10 6.045577594631686522e-11 3.527257957251749582e-09 1.314950846040058060e-09 4.945653528891776281e-10
4.902460841965993134e-12 5.551727236523742613e-11 -7.624281149734369574e-10 7.413038330414234969e-10 3.511285572759322006e-09 3.354041638655966331e-09 5.622400316564571390e-09 4.317543673892612674e-09 5.838063702698821030e-09 3.927259040346088445e-09 2.774684393819191003e-09 1.749223115290768052e-09 8.621607869839661577e-11
9.293005902519885312e-11 6.370217169543031214e-11 -3.321717941328299456e-10 4.237878741186819017e-10 6.502062261553791075e-10 1.291794624029374449e-09 2.286660055750017046e-09 2.564542322759488908e-09 2.323375446614847397e-09 4.042189715616815089e-09 2.021937180786325748e-09 1.654293249894336035e-09 1.294772969323559470e-09
1.105057631186474185e-10 4.161595815669141502e-10 6.374359985002825581e-10 5.672886903852749508e-10 2.392723897088421838e-09 2.464039046683515504e-09 3.808291701906813038e-09 3.275637407972239017e-09 3.986640672458781636e-09 2.455030067179482082e-09 8.614283735327854841e-10 3.665695169952899569e-09 -7.904956541606828801e-10
3.365375739695175451e-11 1.233108083867760290e-09 1.781958605603546344e-09 3.514126793799158366e-09 3.402262093550718481e-09 4.620888335931367300e-10 3.227654968315273934e-09 4.624614872285124802e-10 5.761556145503143978e-09 4.498720429190286137e-09 9.013349608730879970e-10 2.848163788573481895e-09 2.030996049349556554e-09
1.057116802539235389e-10 2.243445498340806494e-10 2.118895042136453485e-10 5.084585548807874481e-10 -6.629578444006804211e-10 2.191452957612549821e-09 2.862763389631059406e-09 1.624047636433922660e-09 2.647650151133406286e-09 -1.111808308599460210e-09 -1.209480597640026239e-09 -8.963657214932685637e-10 -5.839198425459131327e-10
-3.944736195767461480e-11 1.164126076279501563e-09 6.535462927135653776e-10 6.743375819320184017e-10 4.114195061291227733e-09 2.733623121969086655e-09 3.384848333342807829e-09 3.186358928489034397e-09 3.233756641571994439e-09 1.023357609996648734e-11 2.082803982302568316e-09 -9.531590016402949530e-10 1.627566989456051848e-09
2.393346605367007188e-11 3.447689028851349429e-10 8.685036767752893256e-10 3.605241494897437558e-10 -3.000619737662335998e-10 1.993338613700982122e-09 1.724843306313252155e-09 1.061050204677577772e-09 5.818965261144353708e-10 3.802071916872106009e-09 3.060181203121995571e-09 4.935848902591169047e-09 2.821208549340243715e-10
3.291172599032524433e-11 -1.954751351020381531e-10 1.001513650806611643e-09 1.900300872745067200e-09 2.782084988657960741e-09 3.644622795306068320e-09 1.714262745395534772e-09 8.385300657104485521e-10 3.205248948840338221e-09 2.732879835887141659e-09 1.267396950615006973e-09 8.953483186969509197e-12 4.376954515372043732e-10
7.205845539173121954e-11 -1.581319903694961506e-10 8.192931830623402643e-10 8.115777131020981487e-10 1.464201178447969344e-09 1.189242905573368189e-10 6.479217531265160179e-09 2.505810432750575411e-09 5.472882886938384189e-09 2.499218150800154356e-09 1.887375545924577466e-09 1.844882963106214466e-09 -3.402144815201196427e-10
1.389263261336985376e-10 1.262451348744177170e-10 6.393448269907333674e-10 2.557858649637528297e-10 3.024760515702821168e-09 2.179884054138216865e-09 1.428493700287426896e-09 2.550601281254441915e-09 4.179986302955545090e-09 1.564902238883972978e-09 1.092042305086198336e-09 3.046128286242460660e-10 1.560846026989238903e-09
9.964739895822890812e-11 1.584530529553481278e-09 1.810370146739175930e-09 2.531314737497159544e-09 2.058984003467855757e-09 3.955967325114858903e-09 6.557270837744979981e-09 3.755742568806022038e-09 4.921434087438700015e-09 3.441285515100003852e-09 1.251555328667052673e-09 -9.762165342918326217e-10 7.319031182537271879e-10
6.778917727912667178e-11 -8.202087087078815562e-11 3.763795026965642252e-10 3.549094211520188530e-10 1.372718572749657989e-09 1.296513523066156769e-09 3.910095155556932018e-09 3.662568608142469475e-09 2.798936504093437239e-09 6.431641020731561973e-10 1.749570731770781916e-10 -7.286234255006900916e-11 -1.039159277897788980e-09
5.002568670580083869e-10 2.929351503086512046e-10 1.923620553807909604e-09 8.942357484991240971e-10 8.021500061415681691e-10 4.294521414131413176e-10 1.242588527031048411e-09 3.001679201385811737e-09 -1.640986082034478942e-10 1.310298561492092904e-09 3.923811838133316241e-09 6.492132561457075729e-11 1.667144356265915304e-11
-3.533564010906466958e-11 2.968325349013837023e-10 3.633137904481497448e-10 1.052004845679149802e-10 1.653702806945950220e-09 4.231050111356986546e-09 2.707285737747390025e-09 3.000943108076265525e-09 2.518880159054805716e-09 1.169862119901374702e-09 1.583514507531555818e-09 -3.153773045995323867e-09 -1.942789008586203632e-10
-2.606977748487240240e-11 9.658296803296366282e-10 8.536399705749282987e-11 -1.843456641896479509e-10 1.675800735901240378e-09 2.148075978894127113e-09 5.541193473567761421e-09 4.776190446594916348e-09 4.028766723374153889e-09 4.734691092023254838e-09 2.154103154280926856e-09 3.399288131676986577e-09 9.914726018405286561e-10
-6.508585153954912496e-11 1.011240815597795494e-09 3.872497334395895249e-10 -1.304137248224424667e-10 4.410676907476696399e-10 3.596175099411908885e-09 6.002695194721453299e-09 3.973934907151952115e-09 8.806747912417896502e-10 7.995853985433373281e-10 3.968268135553294549e-09 1.276792599638255611e-09 1.215098603946478951e-09
3.637147637006987063e-11 4.382803066807693015e-10 2.246236136225984381e-09 9.533154281449561589e-10 2.401834696480292330e-09 1.772653550473472154e-09 2.332344750074561333e-09 3.461804435268099768e-09 8.122773811102793757e-10 8.237394210538427747e-10 1.771441899435267740e-10 3.438854552461955207e-09 2.896287400286229444e-09
4.944015093275807047e-11 4.627000094673018457e-10 1.010186928014559504e-09 3.188831444860996604e-09 3.251837800138666835e-09 3.701136787370922923e-09 3.609044688642979790e-09 4.277990630248594392e-09 4.834334234709425243e-09 2.355296416504556106e-09 -1.614974428452458959e-09 1.084204306023742183e-09 1.197183632336288131e-09
3.169676960367732251e-11 1.869270253987259508e-10 1.237997912373825821e-09 1.509202398215555173e-09 3.940282450142576076e-09 2.671730114412217897e-10 1.934688538585536637e-09 2.043976680493456977e-09 5.562681407509784285e-10 1.321418652168201020e-09 8.470139164086102297e-10 3.393671799896098755e-10 1.859576220489863990e-11
-2.163215248384709074e-11 -8.814120302459736117e-11 1.645057354054331512e-10 2.564065133267058021e-09 1.761799897635448824e-09 3.042418269561889033e-09 2.994572888190095092e-09 2.377671409088999930e-09 1.347534427761171653e-09 1.719874813814136939e-09 -4.080184032426172259e-09 2.154581354794751009e-09 -1.735001842605199958e-11
1.975986606338692499e-10 8.203030380405786467e-10 2.574205025360429075e-09 1.303753336788660655e-09 -2.702438398026438393e-10 2.196639436233853250e-09 1.577123466222832532e-09 5.334135902998601978e-09 3.894801924749704686e-09 8.830891138752470401e-10 2.100023684693107027e-09 5.316596803239474237e-10 4.914208177139698250e-10
2.465373075131304929e-11 1.308409907687059487e-10 1.936717656357760461e-11 1.825474281789232966e-09 8.635243248148658796e-10 1.570420107685780996e-09 5.257463528972247494e-09 4.178199531165194405e-09 3.228961955532014556e-09 3.427364931490118188e-09 2.357686567616415967e-09 2.470599763766286396e-09 1.961592445323998043e-09
-1.555366472310287501e-10 -1.411800699141532822e-10 9.690842785115902227e-11 1.707500320817456614e-09 4.081119165757832549e-10 4.386275595207943897e-09 8.343400674261182711e-10 4.648258397942626600e-09 2.420825170358919453e-09 5.872222925575149346e-09 -5.011574093546712150e-10 1.412227938608473468e-09 -1.395086755894943275e-11
4.131489100710211139e-11 7.825508411543283429e-10 2.146427976102399914e-09 2.124238760353890981e-09 4.023396727845585031e-09 4.734068308421680340e-09 4.214001159177720354e-09 5.592079913557914952e-09 5.491693885584465890e-09 -1.600199428927873279e-09 -4.146734901945834982e-10 1.001956163740520220e-09 7.870882623850537234e-10
6.261201017934535949e-11 -2.440381029071156645e-11 7.966344274466933726e-10 2.102871362953291686e-09 3.326747243669560164e-09 1.934134935229143486e-10 -5.398203701415330815e-10 9.813428023822786471e-11 5.322263977434729007e-09 6.844102372366024186e-10 2.134716149065165408e-09 -1.658990277513491183e-10 6.213560813074594857e-10
2.074625957266229010e-11 -2.552456069839313199e-10 2.119458816529671435e-10 5.293117510923436405e-10 2.267952722640795953e-09 2.370379209795541874e-09 4.789584575238742242e-09 2.910473654866332605e-09 7.457936068210419211e-09 6.611497445276401845e-09 2.100267911150981934e-09 -1.612798111336726259e-09 -8.433447136376613648e-10
-4.507508313205718067e-11 -1.541523636897274215e-10 -1.672381088082927727e-09 -8.545508199344141353e-10 4.506201368333511907e-10 3.956883016731379162e-09 2.337692585811886308e-09 3.791731037191725725e-09 5.018431649551589647e-09 4.123290378593564836e-09 4.454976434627886387e-09 1.871158779614017594e-09 -2.010521995698052856e-09
9.405183360019085858e-11 8.344093783358142940e-11 4.951385187901872793e-10 2.133668094706660277e-09 1.864240740409476483e-09 2.289691388315985145e-09 4.328770033338178417e-09 3.930585937076033455e-09 3.487964466742333078e-09 3.440831642811564427e-09 2.693439773609941682e-09 2.642425651431424679e-09 2.518380090034185649e-09
2.579578822570654318e-11 2.013130869353190260e-09 1.434175535439256033e-09 1.027807260741898897e-09 1.817161191731665685e-09 2.118630794132185875e-09 5.773595943741401299e-09 4.963913536815781184e-09 4.061847796618271117e-09 1.316475997844487424e-09 3.553271437651811959e-09 -1.260842491430914760e-10 -9.396857825663490549e-10
3.017273860146283835e-11 -5.967690400725078473e-11 -4.321580967467045951e-10 1.525577491952020726e-09 4.407441455535258856e-09 4.743953502212399001e-09 9.889907865248530680e-10 3.751064534432584818e-09 2.703849137115255817e-09 2.954556513124001588e-09 9.429127176788138682e-11 -3.543248412826346173e-09 -8.234147615799426397e-10
6.579275402228447817e-11 5.138635095428177345e-10 1.291731501618620103e-09 3.461036941040420629e-09 3.052495491991315238e-09 2.057596202899024894e-09 3.222003799441415490e-09 4.925404043913546343e-09 5.988414996075958101e-09 5.430115386541918302e-10 1.845518349554142974e-09 2.117700729286515344e-09 6.213813345309531587e-10
-2.247925731427994904e-11 9.732761400849178896e-10 1.824640676580439843e-09 3.071924641371126588e-10 -2.026381211837709429e-12 3.008486295964320496e-09 4.320639710908244553e-09 7.243007017387369427e-10 -1.742633042243193576e-10 3.122757798715080591e-09 2.019095140431428506e-09 1.503285409908780291e-09 -5.427155909526182758e-10
-4.775614947521037966e-12 1.073939613478407009e-09 1.175063170646506925e-09 1.116813508953377175e-09 1.052400121945732414e-09 1.750892235509620256e-09 4.394685680586036824e-09 4.341016483157534103e-09 2.923555264353215986e-09 1.006590075234013695e-09 -2.379251024464165577e-09 1.370265980557050665e-09 1.112526784386281339e-09
1.136904253466488704e-10 1.346589227920836121e-10 4.105214781198694646e-10 9.985589278618003393e-11 2.653231022340457026e-09 1.710002389583218261e-10 3.507123863068300351e-09 3.736405493783705992e-09 3.592966563110726256e-09 5.617760623332747619e-09 -4.499946247182573100e-10 7.846180861972133199e-10 7.294880202925138123e-10
8.319814614957494737e-12 8.075980142286086157e-10 1.236643129534987667e-09 2.179729375574092386e-09 1.119634839439106861e-09 1.326823784175376391e-09 2.556653675402858247e-09 3.016280451565392149e-09 3.598428040616082370e-09 3.666123702135264690e-09 4.959210993209410676e-09 1.917949123911822925e-09 2.670923838474976590e-11
2.776656164139318464e-11 1.785262698916407954e-10 5.767777645738860951e-10 1.268087566532475667e-09 2.668222925748969255e-09 4.249242357208478709e-09 2.673139034579982166e-09 4.927903435819896058e-09 2.823880336784283089e-09 1.319108027352147214e-09 3.979967395479082678e-09 5.747486725739719665e-09 4.128971039468403324e-10
2.492028505645985443e-10 4.007683270962433687e-10 1.485726050138424311e-09 2.165967024107282281e-09 2.196165032644803989e-09 4.742069078787649746e-09 2.836668823512305665e-09 9.727069015995589468e-10 5.274813508491025723e-09 4.571252759113454495e-09 3.557812250949005327e-10 -8.035799456518102507e-10 -2.642518716949377418e-10
7.002814783046281123e-12 1.002599018648917758e-10 -5.770672153307299235e-10 -4.427153487861253901e-10 1.611962980341855677e-09 2.297175190210856609e-09 2.644015608859488151e-09 3.592882856810020595e-09 1.828140061492632231e-09 3.007674118004391996e-09 2.829958463787474511e-09 1.784220892548576246e-09 2.546658881955849479e-09
2.127634969463469585e-11 -6.094247742048999923e-12 1.467726870834362683e-10 1.615337620888096543e-09 1.524846503522746007e-09 1.322215142753381999e-09 -2.389017460694138790e-10 4.801156172445126134e-09 2.267050925605282619e-09 2.626258214892445010e-09 2.089810318480220670e-09 -6.564558923812730133e-11 1.298806618142976240e-09
3.642451877627826271e-11 6.022392648600068303e-10 1.393725817571656728e-09 -1.919623541249526663e-10 -1.652934348331385563e-09 8.055347045703830479e-10 5.247621470925179857e-09 3.323164465842842725e-09 9.314136427648481726e-10 3.992385626192238945e-09 -3.385986742754822629e-10 5.391756510407937731e-09 6.376645389484819132e-10
-4.086114567885320576e-11 -2.202030288722919310e-10 -3.086129113869720620e-10 4.452201307545855351e-10 4.761449449923933881e-09 2.116839457471416789e-09 8.293148467424886102e-10 2.177556555040176300e-09 4.424690341511415952e-09 2.378019043168809697e-09 1.407286568607144098e-09 -1.003517307006549039e-09 4.674673709446255863e-10
-2.456818416643101472e-11 -6.701057973959996356e-10 -2.873736749839319072e-10 1.586560461024620075e-09 7.482805061196756069e-10 2.010746128367943117e-09 2.403757058169035004e-09 3.420651656112810422e-09 5.694313342155601600e-09 4.461455510660509172e-09 1.889982246470880668e-09 1.772447834438191530e-09 -4.076283463588555911e-10
7.342417446938258769e-11 -2.475157593427815033e-10 -4.009093827076879950e-10 -7.246304366748741494e-10 3.169623661578699975e-10 2.683145176522386106e-09 2.747261785820900940e-09 4.370732718987376641e-09 6.383600200701910129e-09 3.430118849500131639e-09 -2.993364214416850231e-10 6.596954432122340661e-10 2.769545963724996968e-10
-2.160736145299424252e-11 1.044843604597669989e-10 1.887804166312426969e-09 4.630244043661972550e-09 1.473545398761832348e-09 2.083154442437470189e-09 3.652391991608795167e-09 2.664732909790204349e-09 3.872859740105318583e-09 3.655348220940396542e-09 5.114616288891853514e-09 1.613957644895390482e-10 -4.161544070746061723e-12
-7.304551762084359734e-12 2.154524775286890424e-10 5.399389318799581820e-10 1.699231476887832114e-09 1.700476473225474473e-09 2.789085260171895070e-09 1.975803121223157331e-09 2.190331415535997341e-09 1.055305455325250795e-09 7.855421128727228378e-10 9.184329108968378423e-10 1.583314004860184908e-09 -6.310840290620286968e-10
-5.465959558316910500e-11 2.996121688654199033e-10 -5.183153737489594261e-10 4.087938331005379878e-10 2.448380745002412975e-09 1.432405691565069405e-09 3.257461244049507130e-09 3.758570138976431388e-09 2.061538407911230449e-09 2.935317841793250275e-09 -2.028172919809418225e-09 4.688041678561714391e-11 -4.637809197051065327e-10
8.873716657521744396e-11 4.975134305136071428e-10 1.245956207412319080e-09 7.188979792960594411e-11 1.309433328145303843e-10 3.180460127316528854e-09 3.754718903883177152e-09 2.216325359963019595e-09 2.011552494306004768e-09 3.383555468605975810e-09 -6.023799965196532035e-11 -1.827861265268357329e-09 9.207353508524296890e-11
1.341121225508035560e-10 1.134215115822769328e-10 2.359375308645708022e-10 -1.158524309448009572e-09 1.433488299077363009e-09 2.236561720744431314e-09 3.101034649798506481e-09 7.985277571343456588e-10 1.451608938173565095e-09 -7.567702968365261806e-10 1.609020299574260256e-09 4.783740038685801952e-09 2.180241146193990953e-10
7.701410285322489206e-12 -4.142599320631844098e-10 1.548807109631672396e-10 6.515239640328866106e-10 1.770368255317532655e-09 1.837620058627786739e-09 4.380347571315454375e-09 3.462046267388591409e-09 3.030304077124029234e-09 2.226473346820884652e-09 2.241575063074497104e-09 1.362329900910853404e-09 1.483374826449825003e-09
3.583052217536288907e-11 -1.169707623894039415e-09 -6.457452382187215179e-10 1.334780184419533774e-09 2.745381481040850320e-09 7.268998152687586793e-10 4.556275201099775944e-09 5.198631638200625051e-09 9.441994131753260983e-10 -6.975616929447126254e-11 3.315397982558820819e-09 2.955751083682877858e-09 2.247857069261250069e-10
3.277620100656647615e-11 -4.594258192989192212e-10 3.024061976658812602e-10 4.775890528368611049e-10 2.933299479139315215e-09 1.497516004333042517e-09 2.623663414062375502e-09 4.717050228309012822e-09 1.201265020877613425e-10 1.666226831189755885e-09 -1.466828503336442645e-09 6.325484724514603401e-10 1.956503552789479994e-09
9.193229821548972087e-11 4.093950435738824681e-10 1.519092507134490628e-09 8.195446853044606052e-10 -1.880764439322803265e-10 2.720063379793943494e-09 2.815368565930188262e-09 3.731172034838359103e-09 2.903492153013124633e-09 7.397934511677715576e-10 -1.910515183462074880e-09 -4.138745026387365928e-11 6.644470068193464438e-10
2.057145629302628942e-11 -8.541035759477709943e-12 -1.223284203004985848e-10 -5.008046363010105009e-11 1.564114044044219289e-10 1.703744310212933165e-09 9.480116539843410603e-10 3.871979561809650123e-09 5.229906231848582141e-09 2.312788400022445277e-09 -7.573790198432277697e-10 7.135757482087952055e-10 -5.429151077024253978e-11
3.247493758335531062e-10 3.325575087283080976e-10 4.607437419364143729e-10 -3.641161955523393973e-10 2.382458059788973511e-09 2.588172508038428425e-09 -8.196460752263014653e-10 3.275756929142805182e-09 -2.091052259170517621e-10 2.365716609511821546e-09 1.021744722649721268e-09 9.352021891572986583e-10 -1.130673010026432094e-09
7.768419044042134288e-11 1.420993464019821993e-10 9.979927650325580320e-10 1.522674708969157147e-09 2.117907442420814735e-09 3.299102483063710101e-09 2.789462634301207180e-09 2.329369952399259883e-09 -4.751152020391567843e-10 2.825564382306557137e-09 2.250989462679449734e-09 -4.319247692974238112e-09 -1.671660358657977362e-09
7.325075793740305912e-11 -2.321114124133939813e-10 4.864022881057720739e-10 1.681817206435492696e-09 2.008606558499166530e-09 3.197868420100883603e-09 4.577526430448279398e-09 4.267928914347897945e-09 1.499567869821405550e-09 2.343354254080383412e-09 -1.216335527510593227e-09 1.866008097150932371e-09 3.092334910357800660e-10
2.722042252358382952e-10 1.660112364273913119e-09 1.446031766652106665e-09 1.403972599763049216e-09 1.377706006078263512e-09 8.188732131700009691e-10 3.943978551044462157e-09 5.136967130865687245e-09 2.446066710073614564e-09 1.909111940285098340e-09 1.674311927127280414e-09 3.290256496009288114e-09 9.149342128770281602e-10
2.440733944351849400e-10 7.071274070673147443e-10 2.409865050178414738e-09 1.451681334408778186e-09 2.197890341999584652e-09 8.914426037889112145e-10 5.763785893433638200e-10 3.622981529982397830e-09 -3.524642801354464106e-10 -2.877262356199231454e-10 3.573664427793500605e-10 5.677903279794999765e-10 7.497182650920802953e-10
2.027158375911897770e-11 4.064531715963063653e-10 6.170667799767785301e-11 6.900870895933154164e-10 -3.972602785187163790e-10 5.215272935543622549e-09 1.747867323427150661e-09 2.061154067235365675e-10 3.233973555554618362e-09 6.893458960431404276e-09 4.379138945211180442e-09 1.614885812105368573e-09 -4.616840548656755075e-10
2.775093473042153394e-10 5.070288198189105927e-10 1.201124599805579575e-09 2.100753831473372566e-09 -9.163089447500059261e-10 1.955799322980559303e-09 1.758544946361714458e-09 2.526070020494615781e-09 1.550840379860415164e-09 2.048422806507822281e-09 9.948724476358159148e-10 -4.086379861873749793e-10 4.698142127487673858e-10
2.186628378932551023e-10 3.589385785725009528e-10 1.704883934512122736e-09 1.310294693220839098e-09 3.501661705309326391e-09 2.844148086604094282e-09 3.311870759720758026e-09 5.836776775508564688e-09 2.771946352349083961e-09 7.068090916886308442e-10 -3.074350370226835704e-09 2.414611861175434106e-10 3.568841492000638646e-10
3.222385362638270705e-11 1.294794003266932682e-10 3.483390987143613377e-10 -2.815306311244217856e-10 -6.803442402272910519e-11 -3.500402318216268166e-10 3.140609993115077123e-09 3.868144317318315666e-09 5.048089159619085053e-09 2.240102488376500756e-09 8.460689038033685117e-10 8.649453514357620627e-10 1.105829313460282952e-09
3.128961604215859180e-11 -1.654497816979076931e-10 2.233971869192276843e-10 2.693244615186392826e-09 4.274373378780173457e-09 1.849903153562793005e-09 4.526351301660085924e-09 3.601237993294300355e-09 3.074574887309691972e-09 2.080958140595135983e-09 2.033902882749931532e-09 1.653572992458602662e-09 3.706994702070744699e-10
1.378335634973700045e-11 1.101671378072750161e-10 5.689734022862414955e-10 3.584809076571519051e-10 1.591544868576260708e-09 1.651252652442518431e-09 9.472750505010241338e-11 3.467976231671730167e-09 3.566556274769099344e-09 4.417224698967316727e-09 3.737192521092888037e-09 -1.367609102743126661e-09 -1.040057581251878919e-09
5.342955687054792027e-11 1.618818700944313108e-09 1.216738388612139765e-09 1.964264276616820580e-09 1.967348769183976746e-09 2.986626788567124268e-09 2.230141876888699520e-09 4.815437569538284119e-09 4.450893024055020446e-09 4.052422780225559672e-09 7.077139014321282263e-09 1.357736826095907945e-09 1.147903169301718729e-09
4.823221929869244983e-11 1.673284453967032908e-10 4.030439612227756013e-10 2.395218895708086525e-09 2.602248489752220403e-09 2.767862884666278452e-09 2.727312755730035419e-09 4.287898562952739324e-09 3.543773437110441478e-09 2.426495702713687306e-09 -5.427848780290244205e-10 2.840229424613684781e-09 1.171150981107567187e-09
2.891739336286846308e-11 1.660812098402064098e-10 -5.091469483064958075e-12 5.389724723984492626e-10 2.166103565057490143e-09 1.361503114222961446e-09 2.964057929702907620e-09 5.260018521104291311e-09 1.407991717507080112e-09 3.530695953594167352e-09 2.372838623963671550e-09 2.767622670962881356e-09 -6.400182802427490943e-10
-8.278070405980030178e-11 1.525289120670584023e-10 -4.338832147642085021e-10 6.117682774123484028e-10 1.322621386010601912e-09 4.183375607981162906e-09 4.507436563893397155e-09 3.455462446426931236e-09 5.017673923159779267e-09 9.798314238939744826e-10 1.414246524531615679e-09 2.971886874191883004e-09 2.538954098615783524e-10
9.409104070816122697e-11 8.881412227688571059e-11 2.026831682528988667e-09 6.274857833100628864e-10 1.787229993163146311e-09 2.719513585011237244e-09 4.263662952045711383e-09 4.303984449541374705e-09 2.519058481233243613e-09 2.978986835471558226e-09 -6.132098354040541382e-10 1.573467564349809729e-09 1.896504641672985410e-11
-5.653390744320830062e-11 8.310630882046412487e-11 3.593968644382926272e-10 -4.173638825915568698e-10 1.725994211984642750e-09 1.745668256148443721e-09 3.210807541720527610e-09 1.651787657983967968e-09 1.557809921037485778e-09 -5.481977025050347184e-10 3.343619517696745788e-09 2.067262361557754720e-09 -3.448572902672796963e-10
2.057648662936376080e-11 1.030664829254395572e-09 1.379667365023112668e-09 2.842431698746632982e-09 7.076749278212862316e-10 3.353864178157498453e-09 3.659137503570116767e-09 3.379929584755241437e-09 1.205643494461180487e-09 2.301938627400670447e-09 -4.551563030877762708e-10 1.844396073838317422e-09 7.379182185533204617e-10
2.128141393835674544e-10 1.442286720157998847e-10 5.319742728646218670e-10 1.033267317202646750e-09 1.152007743053218455e-09 5.995068578052524369e-10 2.880061138544204505e-09 3.453089995583929328e-09 1.507908304132834112e-09 7.245569218569117615e-10 4.484363692789761027e-09 3.785348914528273567e-10 1.529665364039643395e-09
-2.197604809129879784e-11 1.496428640054459206e-09 1.076418518785054192e-09 1.301308686614593650e-09 3.019249964192085293e-09 1.375038212180697208e-09 4.020418043451524445e-09 5.783199882637940938e-09 1.512187962837552864e-09 3.385496303659766324e-09 4.324656714480853364e-10 1.230540835097513499e-09 -1.685765395736491137e-09
1.804736794483877032e-11 1.045731732735957903e-09 1.071192419329242680e-09 7.118998035759959117e-10 1.334814169623907684e-09 4.226928839228457421e-09 4.648430508073106174e-09 2.097525689368728766e-09 -8.478564875922635430e-10 4.083566360903741256e-09 1.271257103720114646e-09 -1.774735971915113631e-09 -5.315052962055220515e-10
2.083911335310122569e-10 2.090679683462488588e-10 1.020933898806588182e-09 -1.044771186362305782e-09 -1.826822977390118550e-10 1.928270178070389025e-09 4.257926350135497637e-09 5.346476624809161665e-09 1.419975971223915179e-09 1.020849160100113697e-09 -2.017819467876743052e-09 3.231684249555035003e-09 -7.892584955764000663e-10
-2.031470325968151063e-11 5.064473024226552750e-10 1.193143914443395381e-09 2.506779826261153319e-09 3.233995754948048105e-09 3.283586863176773807e-09 4.569726948243196961e-09 3.092952637036160920e-09 2.431725813112415933e-09 1.444248758872240884e-09 3.121888155947020484e-10 1.464619088751293662e-09 -1.045957509434624168e-09
6.141768137493948946e-12 -1.389947864458889819e-10 3.417402651079624683e-10 1.608152418450504287e-09 2.618464198579729407e-09 3.082482516043930910e-09 2.940734010503388531e-09 6.125488371419037530e-10 -5.094724626630439768e-10 5.432658712449551430e-10 9.390858556697755378e-10 3.235795303631593051e-09 4.178971595353295215e-10
7.400383856038045491e-11 -9.001527689196162718e-11 1.362396985225667569e-09 5.477761419475604747e-09 3.609595883144225048e-09 2.173402922887214518e-09 5.473938749460883624e-09 2.052983918179495585e-09 2.576565602289428592e-10 1.751407982534618658e-09 1.930751453390570549e-09 -1.921602343672109659e-09 3.064689198931119017e-10
-8.072022286302437029e-11 -9.508140707118628281e-10 -3.675377567895840922e-10 -9.099938146817445485e-10 1.832127243851813950e-09 3.775924715061228673e-09 3.491826640248269422e-09 7.758452432635579921e-09 4.336562627606904548e-09 3.531631767001962410e-09 2.394307510424630323e-09 3.282844439562105925e-10 -1.109510653406736144e-09
-4.236556886659227791e-11 7.581569618576484849e-11 4.467070547912328102e-10 8.089782031840346687e-10 8.149712732407507453e-10 5.183143711222989157e-09 4.915752963239616122e-09 3.987833464936939368e-09 3.230050820918618357e-09 1.954118530767268062e-09 1.237322587278445072e-09 2.364316364065614918e-09 -9.112214004260982226e-10
5.982519834928796939e-11 1.001490622315405603e-09 2.293330353792074365e-09 1.556714391685290963e-09 1.117238984382591448e-09 1.235173805231186103e-09 3.161673439828669308e-09 2.600074458015458996e-09 5.273530519242642868e-09 5.535938615639824975e-09 2.019187026608774698e-09 2.378446099493065866e-09 -5.581581009586417163e-10
-1.086495094125050698e-11 -9.559392725545074026e-10 -7.273328564031206341e-10 1.260568710806819731e-09 2.486529101555362406e-09 1.989326892295741145e-09 3.042956967402978322e-09 4.152015080472789867e-09 1.959555365751009411e-09 2.455830870254045918e-09 5.394344480327340708e-10 2.828852149713097440e-09 7.117741237649415756e-10
2.837774255727515735e-10 4.691802666120138881e-10 1.924627429295762134e-09 1.346073411831422106e-09 3.936021457810485707e-09 2.141606506236033710e-09 2.647036809631151116e-09 2.213342540734673151e-09 1.915832291873306893e-09 8.982116752667299302e-10 2.189418762726101437e-09 -8.207182228540728280e-10 -2.036776947119240462e-09
-1.834551835248071084e-11 8.424088812807954634e-10 1.119449338049303029e-09 1.918672846741264676e-10 9.778031859874552276e-10 7.891088032704553252e-10 3.299996419608412238e-09 6.575308943902150451e-09 2.582207592042864525e-09 -3.143480163255875923e-10 -9.068726315187061101e-10 -3.131297120991468737e-09 -6.306280952767654466e-10
3.630022532196720694e-11 9.479715721333090868e-10 2.118843517848581820e-10 1.680927116032314969e-09 1.503660506498462321e-09 3.913418131839741975e-09 5.037248451807870720e-09 4.194663515851444004e-09 3.974371485055924125e-09 2.846486988362706088e-10 1.522195952551538407e-09 2.259518992164624045e-09 3.022306351915383603e-10
7.291116726157640907e-11 5.495433316150052054e-10 1.597186850174904830e-09 1.496427015876548624e-09 2.089891971270970037e-09 3.814626949135162764e-09 2.605836384230420207e-09 1.907623845063763363e-09 3.325645740862954969e-09 -1.173922095368201191e-09 -9.290006239173452654e-10 1.577198156148244815e-09 -1.649013492647575920e-09
2.583803730193071380e-10 1.026017312247002245e-10 1.145197851261559283e-09 9.420845962558446459e-10 5.094023391337155615e-10 9.324081543895502620e-10 3.986869919746000091e-09 6.113436737491411310e-09 4.257292856333141649e-09 6.837835663462727906e-09 1.871310212267385323e-09 -3.915004121979328926e-10 2.279583623670750553e-09
3.373608172523459848e-10 5.445480077502979382e-10 -5.254532829741527196e-10 3.683357939570268000e-09 4.330351813381466410e-09 4.826453153752644008e-09 3.384860218571971915e-09 1.142158618762609735e-09 1.589111286784090589e-09 -4.859443504808621346e-10 1.571972201469091772e-09 1.474969687267877226e-09 1.148511885118041975e-10
3.308260445051341396e-11 2.610077127154630816e-10 6.092855570432677606e-10 1.546301575615305548e-09 4.086972465771687259e-09 2.554314319670873369e-09 3.106672941351815627e-09 2.595902909263439957e-09 3.078905952156371681e-10 2.047506641551662222e-09 1.285539897102737719e-09 5.429436157946035136e-10 -5.202736424514238665e-10
-2.672286448080031572e-11 4.008971048399299104e-10 1.415288585439625800e-09 1.694338982329129848e-09 3.103533691449431397e-09 4.433050316511994308e-09 3.412003136034418526e-09 2.721593205079292722e-09 5.809288433283006792e-09 7.223285461885560298e-10 -1.765460440978660458e-09 3.078632399398369710e-09 9.147700880647880271e-10
9.779938986652700328e-12 4.422281347847742707e-10 -2.567551154095937361e-10 1.293657325058456061e-09 2.214414006542492453e-10 1.624135122865652992e-09 3.035967439424668569e-09 3.991925961478055620e-09 1.958200650413566236e-09 4.146523885567817827e-09 3.741062040301628404e-09 8.596057927428527987e-10 1.718611046863670723e-09
6.484862106465883417e-11 2.201278333103785432e-09 4.140022321081893961e-10 1.798730963046527276e-09 2.115600804714750263e-09 8.865235956445590307e-10 3.563671939296559318e-09 2.947654593333137746e-09 1.485818532396431167e-09 1.004707058292843839e-09 1.546021334598806292e-09 1.357936230004658396e-09 7.741098346684540337e-10
-1.155168689398929605e-10 2.184723259683159142e-10 -2.991472979638713098e-10 -4.580547495704719392e-10 -2.157654225061727763e-11 1.625626593250775562e-09 3.613770283532071584e-09 1.611928117250148623e-09 3.527724639914033481e-09 8.554344187869752571e-10 7.372828724948764301e-10 1.057530539712780447e-09 -5.635988549020400655e-10
8.413931999710402915e-11 4.979256355563254395e-10 4.891974287854443516e-14 1.678932422427289685e-09 1.201796962814017602e-09 3.271794943620795788e-09 3.387959189141299115e-09 3.447827153979281786e-09 6.426548066479155133e-09 1.154777751588542798e-09 -5.362013714608045513e-10 3.547503218292628466e-10 -6.741331850219338825e-10
1.493480597435740017e-11 8.772703659859823161e-10 9.700845883548963727e-10 1.199503442951780021e-09 2.419726256496439463e-09 4.230644745184535025e-09 3.303259048230303879e-09 3.001766247589950255e-09 2.312937003964717159e-09 1.585025358646706115e-09 -3.522365350556520265e-10 3.927174729732203558e-09 6.450133694713326865e-10
-1.467464523428533012e-11 7.539133643189518623e-11 -5.622117045677558517e-10 -7.784868871945437142e-10 1.283003265494791558e-10 2.637848256621671179e-09 3.042961030660197086e-09 6.037882453837176498e-09 3.550865134910310152e-09 1.061645908561327700e-09 -5.122598143280502210e-10 1.314213199705253928e-10 -2.931400822790024540e-10
4.935638117022890668e-11 -3.761947881980515115e-10 5.196882695171516581e-10 6.496736418579081159e-10 7.812771365928362254e-10 8.788921643840714716e-10 2.002370074374421508e-09 9.828705708962481197e-10 1.077886166966600880e-09 3.984722191572232843e-09 2.742976288570921197e-09 1.269028565874689760e-09 7.182966891043260726e-10
-1.274541320844682403e-11 9.127277542457172004e-10 6.837957799056674702e-10 1.027422840783974271e-09 1.143681684585980060e-09 4.022392983396908425e-09 4.928529480485398578e-09 2.519400907833812009e-09 6.162710480331057512e-10 2.935360894662302730e-09 3.258577608333389093e-09 2.208072293413647284e-09 1.285874192039168622e-09
-5.514624313462486043e-11 2.764344976917572395e-10 8.432247701762043188e-10 3.527556210804601103e-09 5.309558988892635596e-10 2.234809767426857079e-09 2.437348498396785423e-09 2.267149482131811666e-09 -5.042132200751830991e-10 3.479413317386871911e-09 2.603457835125142082e-09 1.268611125799053342e-09 -1.169741367349148806e-09
7.505596146557951106e-11 9.709146781556512062e-11 6.653884496917985390e-10 2.137363058781683864e-09 3.172422713259245848e-09 1.878136829072280994e-09 4.682042452377858522e-09 5.225657846853363656e-09 4.208346269990573843e-09 -5.892405838328972121e-10 1.112412603892354325e-10 4.929506387187124471e-09 2.033193526653432687e-09
-1.601934961174829309e-10 1.981426488644049329e-10 -4.873964644891735528e-11 1.892010978382522537e-09 1.163416768081022234e-09 3.522725666356978956e-09 1.554855903507590815e-09 1.851431087889629594e-09 2.561854672395601204e-09 2.247202416541060187e-09 -1.393638247060418911e-09 -1.352129840532046369e-09 1.336611175522777073e-09
5.772912661592826466e-11 -5.263112254624333496e-10 2.454115724170946942e-10 2.209589814146309614e-09 4.885823448150040186e-09 1.308005758017594503e-09 3.324038448022034607e-10 4.095235185904718425e-09 4.066465965813631431e-09 4.266782545184358384e-09 2.329198419148100929e-09 -2.896841462250166586e-09 1.343502841523949583e-09
-1.057935056724479692e-11 -4.526075560006941202e-10 1.618867768195017878e-10 1.007221357752345157e-09 2.308207181654139215e-09 4.320124388315079498e-09 4.073586482293239783e-09 7.828557547366896286e-10 2.161420454108717675e-09 1.606776852389128947e-09 2.506435117588153978e-09 3.895191779014043554e-10 -6.049440191407549728e-10
-5.692596837748813414e-11 -1.559260440998929567e-10 -4.746418744606674923e-10 1.060819437449087333e-09 3.568620209095406379e-09 2.902180426108306352e-09 2.690240422011170356e-09 4.725770068107402703e-10 2.354640227846537472e-10 -1.098964133878394594e-09 2.597838227623318991e-09 -7.479636243449988802e-10 -1.931261031176729402e-09
-2.815922163778121211e-11 5.970409387983514028e-10 8.424672822423978932e-10 1.422549329187329301e-09 2.867377773343422956e-09 2.433627684828359121e-09 1.597791609407206657e-09 6.472534671950881178e-09 3.071651267935534940e-09 1.664295912646331891e-10 -4.995947265208799015e-10 -2.029670375140044778e-09 -1.052124220743805628e-09
-5.402783568499197836e-11 2.424027068105188776e-10 -3.310182162017309099e-10 -4.347700087199433602e-10 1.896652007239786515e-09 3.031955258981240553e-09 1.058867823984727216e-09 2.128070122863932743e-09 6.217331571303046906e-10 2.378503705672120094e-09 4.412135110305102321e-10 1.643120101043370717e-09 -7.651601104152769756e-10
-1.293757017892394566e-10 9.892172859767969319e-10 8.442678415548969083e-10 7.376922502218390424e-10 3.717179763599192656e-09 2.309276535698027613e-09 3.617526426185836319e-09 3.101124926831668689e-09 2.006753004550379329e-09 2.624100761745147751e-09 4.152495074123479680e-09 2.637171062750041015e-09 7.372153764995967024e-10
-1.889850057286464156e-11 2.329971761963549398e-10 -1.241151589407800823e-10 6.264816406913905991e-10 8.576029449880762987e-10 1.536681577278027901e-09 3.114863028136413561e-09 1.650311798901571992e-09 3.579809327693691392e-09 1.800485500521788287e-09 -2.905589320271447655e-10 -2.716487635602719679e-09 -3.187152120996282318e-10
3.548325474491030256e-11 1.826619847487452951e-09 2.053413065208282165e-09 2.102083294263779620e-09 1.063126393540718359e-09 -1.048516853508908475e-09 2.634416434030048870e-09 3.489330658789948117e-09 5.340316027118361154e-09 2.119512225833742781e-09 5.815275111046713039e-10 9.737539540078880645e-10 -3.438335385494092305e-10
1.011336216171614426e-11 -4.544854364112387104e-10 -1.300634902176464957e-10 8.420386880311659810e-10 3.442489914167246158e-10 2.898793819157487319e-09 2.930430283306184028e-09 3.930870890064348166e-09 4.078164514830154446e-09 9.873709448703256300e-10 1.209875617364060861e-09 3.756818250617333287e-09 -1.535572708041345061e-09
-6.582987514645359987e-11 1.958860735930313297e-10 1.462093405589199338e-09 1.519780480954630292e-09 1.277208620974465530e-09 2.177312898062701125e-09 1.668742392492901370e-09 2.366955877127290771e-09 6.586063652388069423e-09 4.450649470825350008e-10 -9.215211969895669523e-10 6.940200838221711300e-10 -8.716808445353388113e-10
9.177468454924726390e-12 1.063328832827922113e-09 3.254522247457626101e-10 4.831918637046753806e-10 6.393118823780652007e-10 1.981960616072101346e-09 3.103907234656635750e-09 2.629283936994177460e-10 1.327005665731371771e-09 4.245988091533939556e-09 4.250743289070174256e-09 1.703728254772907335e-09 7.183141998499578833e-10
4.999601114099319103e-10 8.651602986489192278e-11 4.816646000095974536e-10 1.499386757081992146e-09 8.708935735163585969e-10 2.995405554486101067e-09 4.525793623323485492e-09 3.837863294870059559e-09 1.087361887123829937e-09 8.774151855108034786e-11 3.063618533510892920e-09 -5.926841781952109898e-10 -8.035974988730190710e-10
7.141933266242227360e-11 -4.053035879149847828e-11 -1.188771289266525487e-10 6.982367501128510703e-10 1.729752328940483985e-09 4.047782231427103757e-09 4.260138017934106084e-09 4.196040456855031497e-09 6.726836721820725832e-10 2.319526996424769497e-09 3.817450999877930676e-09 2.415902753609347957e-09 1.187673905434538674e-09
1.573107352162410341e-11 1.887512253297576732e-09 1.720526039300872521e-09 3.655596542838383795e-09 3.530052080811015008e-09 2.207954462196775426e-09 2.540659111088743144e-09 3.353137565293167360e-09 3.521259251949018745e-09 3.997095494467988110e-09 8.006145717977811892e-10 -1.598314327762390716e-09 -1.286827174251013102e-09
-9.459107810569205778e-12 -1.895029395157966799e-10 5.686263957802940493e-10 8.643626281447039194e-10 -5.657342924984417214e-11 1.382603682374101640e-09 1.211841785038458951e-09 2.468641714442004800e-09 3.075219761593544240e-09 1.798823729590273939e-09 3.643946417852393241e-09 5.242019385832624815e-09 2.504095275047984965e-09
-3.464462091405724745e-11 3.646779726564504502e-10 -1.660706099565096656e-10 1.846154502340878396e-09 -4.900020494723955596e-10 2.981569203202760021e-09 2.615011565214999949e-10 2.883747186874636802e-09 3.281801826590538598e-09 2.715133290110247341e-09 -9.478656401846260367e-11 -2.063302712822642145e-09 -9.231526464439431836e-10
9.052652057587315558e-11 4.301067230965419329e-10 1.101405451158212319e-09 1.368792187444155858e-09 1.472504696421754066e-09 3.851596872579934177e-10 1.897613094266501169e-09 4.387251931627327554e-09 5.414607005586273540e-10 2.642593533149521077e-09 3.079604169674147666e-09 -4.475211486707773409e-10 -1.368118516361428373e-09
1.174852241222630674e-10 -2.107609580221312963e-11 7.696218867689009212e-10 1.145007612179990728e-09 1.354886735105197620e-09 4.105806804304888746e-09 1.080674563465247354e-09 3.064477243327193247e-09 3.542542357605225912e-09 3.119785240734840714e-09 -4.402748446124360986e-10 -7.666423460126215342e-10 -2.743731934807767395e-10
7.806272443727872529e-11 4.244455017136686586e-11 1.168524381048595649e-09 1.217372502565162432e-09 1.135397420157170223e-10 5.813486681627618939e-10 2.290075797880788831e-09 4.000418256378952585e-09 1.558786584331673777e-09 2.797008213341141033e-09 6.289082833955265431e-11 -1.140402961060239643e-09 1.219116944785847450e-09
9.718218362690332348e-12 -8.551808455877767366e-10 -3.707772386201260413e-10 1.502686247607489010e-09 3.842123041088210960e-09 2.027919291573341887e-09 2.614353174264627287e-09 2.986880375928007357e-09 1.621630824364315388e-09 -3.632248884568386607e-10 1.205554652611730835e-09 -1.705456401123526248e-09 2.730807514097435313e-09
-1.418105759025515442e-11 6.159531009044976844e-10 7.330970289677755680e-10 2.492804711497335468e-09 1.912406926267353886e-09 1.418396514649425418e-09 3.879480223317029076e-09 3.497214447149190608e-09 8.943622333072273301e-10 2.006944846548504102e-09 6.516295163593129349e-09 2.581700308663779287e-09 -2.163570190324931872e-09
4.200165420448559090e-12 -1.033657607294733961e-09 -4.446956066484089780e-10 1.893774571333579400e-09 3.272933260717493396e-09 1.064296686925743006e-09 1.752990646917522783e-09 2.374427335737290334e-09 4.447835647856416219e-10 2.407571984239718697e-09 3.474496160504783455e-09 3.971745739342692617e-09 5.979274723603212300e-10
-4.832777602672308266e-11 3.611039361860535181e-10 -6.321953325189759261e-10 3.567268670778114220e-09 2.062311276056534303e-09 2.713558590922220367e-09 9.533509088538293247e-10 2.705545009896872013e-09 1.935114062471047647e-09 2.885586270453626561e-09 8.443933645402789832e-10 1.216665434680663130e-09 -1.554645733919661927e-09
1.852584221772192026e-10 5.138916372067369438e-10 6.250855109228821163e-10 3.651041878110426078e-10 1.370343859626763985e-09 1.850580344191426629e-09 2.848630733922765978e-09 2.319461375900324674e-09 9.065854568339432611e-10 1.258032459627110750e-09 1.518419557757304413e-09 5.003289261407757808e-10 1.588696660400439907e-09
5.031764102181864866e-12 2.049858282005228526e-10 1.855268109183763041e-10 1.434234679709506248e-09 2.642953609854347981e-09 4.134756715614500324e-09 -1.478007311951572759e-09 3.113615886290828600e-09 1.908863483128304180e-09 2.737141715572211091e-10 -7.046398833534889135e-11 1.736127816280701168e-09 1.919980727389658248e-09
-1.328864742274785099e-11 1.500882715259323540e-10 -1.056864297930524320e-10 6.705579262141469412e-10 3.819330531052637753e-09 4.073080691839748669e-09 3.523424184653462762e-09 3.269154502937529094e-09 1.673367061813672815e-09 5.408334732036187439e-10 4.276929728229869339e-09 -1.230844023366087199e-09 1.532674114787067860e-09
1.375959331129544916e-11 7.858120416165311408e-10 1.019268486625243961e-09 3.249421324157053472e-09 1.294345781936748693e-09 1.795096293075492002e-09 2.557202071643246542e-09 2.823830401176462467e-09 3.082061997777657918e-09 1.706476520248990558e-09 4.909889919975119177e-09 2.458506245671674322e-10 -3.075971213899298793e-10
6.850618687040993716e-12 -3.908364727255323131e-10 1.271260922084236004e-09 2.223314874560254398e-09 8.619288023790506395e-11 1.584184749102196638e-09 4.390440632810700271e-09 3.408893945198841293e-09 1.308427503259355927e-09 5.589490950852695197e-10 -3.415669149738470168e-11 1.954938970601455881e-09 6.335854932919688897e-10
1.521785954839381406e-12 1.263561006177752741e-09 1.242357634811464807e-09 2.547483213135342091e-09 3.665902781161713032e-09 3.206587287046038680e-09 3.989479538253508410e-09 3.836893520458809311e-09 3.996135338482562126e-09 5.702109671532303330e-10 -1.290165272555818287e-10 2.293847567274578822e-10 6.615610713713747226e-10
-5.732986590943981828e-11 6.201270583164053244e-10 1.138028110376594969e-09 -4.187596168525739666e-10 9.075906879549796095e-10 1.328682867659348705e-09 1.606288346269001779e-09 6.412108198897864907e-09 5.125476554182884546e-09 2.101574166152540998e-09 1.820592877315699469e-09 -2.157917869729092303e-10 1.255292718800110398e-10
3.382653539210544432e-11 -5.086869730246048951e-11 -6.397379514964855318e-11 8.686250849636279924e-10 -5.165736943353962826e-10 9.369950792219185268e-10 -9.104757913245706276e-10 1.612538681021778997e-09 4.261249785194444227e-09 1.603360912653239359e-09 1.384203238344367808e-09 1.630372717975296516e-09 1.178080310063738883e-09
2.198339036959608317e-10 -1.109880632890911674e-09 -8.234714353435691916e-10 1.703880413002923786e-10 2.421922853430965606e-09 7.328712159023404640e-09 3.778632414102010570e-09 2.584678972954219283e-09 -1.322448658794838478e-10 8.673211725191326471e-10 -1.542604739135813653e-09 -1.822822075897473344e-09 2.419383814828177847e-10
-4.508104103851970177e-11 -2.556262403414730568e-10 6.320023424763312933e-10 -3.128361751733396244e-10 2.097629746851716515e-09 3.445597315137733745e-09 3.344324033297404809e-09 4.974777969328377230e-09 3.261755410282054671e-09 9.727134876865638865e-10 1.592567261591767649e-09 -9.615810375520981329e-10 -1.854710448521035845e-09
7.387499132795764971e-12 1.548276673543054194e-10 2.492794746050301803e-10 1.294921197368011050e-09 4.891101974291209410e-10 -1.466405483783480986e-10 2.720188100811241676e-10 5.142343070067475267e-09 6.537348756877339658e-09 1.780609303370146298e-09 2.072535301217806018e-09 -2.036617470866800542e-09 -9.374464134571801089e-10
4.669946084457491162e-11 4.796262113397598282e-10 1.103035756368511345e-09 1.156481423290436009e-09 1.320850497629654809e-09 1.562146646258100842e-09 2.795138298462592811e-09 3.891059398709381335e-09 4.073469900187882047e-09 5.093868131431848453e-09 3.071187326649265374e-11 2.746804101115176499e-09 2.708527935989411779e-09
3.563856720582899887e-11 -4.978175810507382885e-10 1.389800940558712008e-10 -2.074709739064936831e-10 1.257726387318298037e-09 1.340310868351986812e-09 5.451526326761291441e-09 4.323385768442655763e-09 1.991984590547904127e-09 1.244597541117911256e-09 -1.290366789589784107e-10 -1.023530407725026510e-09 -1.061290625247874550e-09
4.412421105060190764e-11 4.111236536101154239e-10 6.994561804029015035e-10 2.815470273151629438e-09 3.067240007225952303e-09 3.668939452613684539e-09 4.792552459718721945e-09 2.353708962426525281e-09 1.236066638328750204e-09 1.767380835577616343e-09 3.267761141413624790e-09 1.246533680170562254e-09 2.544552365710799460e-10
1.670472495585746298e-11 -9.638959782940392808e-10 -4.190526448564584807e-10 1.865428308345604869e-10 1.289660678088111601e-09 2.091558686345221080e-09 7.473808369214318459e-10 8.444789286567526258e-10 1.591497153267552695e-09 1.227360731259954823e-09 1.346508138790561776e-09 8.780837452469819303e-10 7.863468114311817285e-10
2.010447655906996942e-10 1.239546147198751344e-09 2.076538484735725017e-09 2.619486753673091598e-09 3.307239176737321642e-09 1.463785549150637915e-09 5.364298176002566076e-10 -3.542459172591259396e-10 5.782655048242246616e-09 2.138408727180161754e-09 2.869772039528630813e-09 -3.505656909494576265e-09 -1.969022407902755183e-09
5.608862227735123894e-11 7.461588366479284657e-10 9.572762378811014094e-10 1.071463561768203898e-09 1.707469127783753338e-09 2.881479120566362365e-09 1.736410059483540957e-09 3.173117442677739638e-09 1.632495520296660879e-09 1.667010864057254235e-09 1.249480126472889120e-09 2.474031799577890707e-09 1.401893126898479148e-09
-1.896698213306121640e-11 1.975308776354520556e-09 2.075300902076578132e-09 -7.953952238113938993e-11 1.253991975897344076e-09 2.845531604148414055e-09 1.171300279056476728e-09 4.003430578347809087e-09 4.961942949570721427e-09 5.811141639782712598e-09 6.358624862764527199e-10 1.102410004100905383e-09 6.216437474410310502e-10
2.659627377025251162e-10 6.678470634389677846e-10 2.563149717535340276e-09 3.378781669229496546e-09 2.886269816882423507e-09 4.749050167085790576e-09 5.746061167178830157e-09 1.781883058294701444e-09 6.212897013238775891e-10 3.456087494409208491e-09 4.909590215441716542e-09 2.785590494448754356e-09 5.200968234355646958e-10
-9.166139364157679877e-11 5.097598072086303092e-10 7.547123182673135521e-11 1.885754799875319384e-09 2.583774697723252273e-09 -1.065443035265564650e-09 1.290847824016655622e-09 2.333064298049720631e-09 1.864782783184167013e-10 1.945284353315006767e-10 -1.017928863592674434e-09 1.495533063454811943e-09 4.896349662718336027e-10
6.782564649314601122e-11 7.858441355784942025e-10 1.157031033345594566e-09 5.971986425332545910e-10 1.830157795636325039e-09 2.200999887938690600e-09 5.886560274492523943e-09 4.341301783960073788e-09 1.627306000326391826e-09 3.181442133885581566e-09 2.724278825855585647e-09 2.190604579759915786e-09 -8.857098609824597138e-10
-6.516400327041058637e-12 -8.423991913619023087e-11 3.038294179588424260e-10 4.123951335555443368e-09 9.802259775382663627e-10 1.351329534673408645e-09 5.337361264315354200e-09 9.479456406030407588e-10 1.039786327572487711e-09 2.834255911640617486e-09 2.082855027100133870e-10 -1.292101999681336249e-09 -1.131438222166583622e-09
1.290380103407029532e-10 6.751640696670450258e-10 3.880423460009461223e-10 7.520267372038630403e-11 2.297307561985823755e-09 1.956063799872736078e-10 1.980484601741507999e-09 2.853429544722781253e-09 3.973061399114866246e-09 6.317149674812187553e-09 3.971838246634520208e-09 3.009983055508416682e-09 4.522964260064368446e-11
4.286443352438230344e-11 -1.573346613618777760e-10 1.295466321429737662e-09 1.379881113276952488e-09 5.416774419695950268e-09 2.683788370095006523e-09 1.104016606736005350e-09 1.347749825833542634e-09 6.461692518668489543e-10 -1.211374570059527034e-09 3.619929995483705865e-10 -1.240234764398848554e-09 -7.748853968933373843e-10
-7.941147069246883020e-11 2.835809774204628846e-11 -6.915077235999574417e-10 9.813645732711063078e-10 7.451759309589488833e-12 4.350233810325558845e-10 5.842085270697001262e-09 3.665489180438469823e-09 4.559503141873214759e-09 -1.705212350966479557e-10 2.104206902636386284e-09 4.342910492395877524e-09 1.033817746036674275e-10
8.493374100475121448e-11 4.842977199232879675e-12 1.754221389544185361e-11 1.963918884299686842e-09 4.783454198391767902e-09 2.506256114191637074e-09 5.789594381367976544e-09 3.801884271542269880e-09 1.551543426569487589e-09 -7.800946438530650224e-10 -1.324092017174492297e-09 1.333596503132732120e-10 6.935119175762407490e-10
-4.445629676642357135e-12 1.040658323423884360e-09 1.733194991048084972e-09 5.456418750615917317e-10 -7.611750038671661545e-10 3.496540702536403165e-09 3.780275289520876317e-09 3.015736119650700088e-09 2.998064927749250368e-09 5.507890732362040540e-11 9.809218898104545639e-10 -7.732466558974211519e-10 -5.840471515134037403e-10
8.277382965609428660e-11 7.016973075552979715e-10 6.325734908897898659e-10 6.278037326092884198e-10 2.920635507752361692e-09 2.655314964361987421e-09 4.653495485338464684e-09 3.179900339200647826e-09 -3.500858085844523070e-10 2.847667566042328801e-09 5.448978705099016266e-09 1.709565989411416373e-09 4.226910375195897412e-10
5.345482880796756931e-12 4.270117527238055612e-10 1.293973444800724510e-09 -5.999365185416001424e-10 4.034188052711341196e-09 2.636593978429009728e-09 3.136733690309491054e-10 2.348618145316757246e-09 3.490136519331365419e-09 7.996553762250052508e-10 1.753781329103250651e-09 -2.708150772688683081e-09 -1.604994372787635767e-09
1.854743121631401420e-10 -2.550809024061760054e-10 1.743722590760292318e-09 2.974889265799709308e-09 1.598968466575877085e-09 7.701761502364656407e-10 1.730020002727002709e-09 2.726081626818553537e-09 4.703593829303220470e-09 1.998886152422873147e-09 2.020917086828790691e-09 5.635409082601392366e-10 -1.224425554437619784e-09
4.654945727056002677e-12 -7.138505700317168206e-10 -8.325572399570687850e-10 -1.472193274255956074e-09 2.092143994745848639e-09 1.449363645063705988e-09 5.041151199731084078e-09 3.283299346420000591e-09 1.888679306823663013e-09 2.902054160120303334e-09 3.905275565804500948e-09 2.134000373963915739e-09 4.746421132661814998e-10
-1.155122750129161653e-10 6.931702639188899710e-10 1.414720024888987666e-09 1.267937559378973222e-09 1.229542782910256782e-09 1.611446990751647944e-09 6.091703206547992905e-09 5.193186103142052516e-09 1.960413735570220726e-09 -2.894977111668354138e-10 1.496741853576637683e-09 1.594421467905278727e-09 1.539828382375869584e-09
8.274809655083516808e-11 5.674644777370986700e-10 5.979013978468684126e-10 2.581048301873104248e-10 2.012837527695867526e-09 1.841019347686404279e-09 -2.048909069252412416e-10 4.724318513583887657e-09 1.124778835040087239e-09 6.476766530472667763e-09 1.724049408615459213e-09 4.792487215108237785e-09 -5.440276971684374337e-11
2.736257216039178585e-11 1.551626325657586371e-10 2.501886031015272620e-09 1.598644564416473233e-09 1.042159208795938989e-09 2.913460080869156236e-09 3.037742119502514379e-09 2.628434675950034751e-09 4.820987217721278236e-09 2.405313594066424758e-09 2.294831860522471716e-09 1.659723039666890883e-09 -1.074003932115123698e-10
-2.342462174131512020e-10 9.065426704608804882e-10 2.194437506782481239e-09 1.850119000563242694e-09 5.747477336434549669e-10 3.371623525845134022e-09 2.176347966615117057e-09 1.859633034932355955e-09 3.551245065732604042e-09 1.724396497417903897e-09 2.470708714040741190e-09 2.763815673224947273e-09 -3.855222115231442848e-11
-9.560582134755546139e-11 1.406547139537212450e-09 1.165597990352572219e-09 1.009332899833842123e-09 1.662641201805354080e-09 1.366910537642076494e-09 2.827492423222593665e-09 5.031248614734711705e-09 2.451763069394941831e-09 3.263490537122524641e-09 2.327851531683553227e-09 2.811327448307046729e-09 1.309798190859285940e-09
-1.291269069215445836e-10 5.897494102801927640e-11 7.498084251923949036e-10 2.096324345342991965e-09 2.152415296540371732e-09 2.756904704083688229e-09 4.983306689483457316e-09 5.346780036908094192e-09 1.786938964515481515e-09 7.837837239372647203e-10 2.380892026336962366e-09 8.773672556387780421e-10 -1.786320110705668364e-09
-2.323370944004853664e-11 -2.184617948669247824e-10 3.805766876953131978e-11 7.546078864555651471e-10 2.072741797536413539e-09 8.352622728693097865e-10 2.555532549512422266e-09 4.693299827720895090e-09 5.067595503091144551e-09 1.304435500717005230e-09 -3.109203404262245207e-10 2.603265492382137286e-09 1.951013705896419021e-10
-1.391848747846016589e-10 1.004673843527524078e-09 1.074140521865075162e-09 7.607615248181036423e-10 1.285820699295270684e-09 1.736178830806347298e-09 7.384453785655464617e-10 1.797845415058231548e-09 3.125533888566254275e-09 3.073766154655492262e-09 1.791117507028182254e-10 1.332458045205159450e-09 6.856035749277397686e-10
-4.694292653948909937e-11 1.204537953521779802e-09 5.165974239376785754e-10 4.386338638395141102e-10 1.548825610906504134e-09 1.544334299138846570e-09 3.533383853466505126e-09 3.039962557681725153e-09 6.150125111344768689e-09 3.085238181186314876e-09 3.776057378294078745e-09 8.187158322063887383e-11 7.107320350140827269e-11
1.764937154581709551e-10 6.097571598819303445e-10 3.088437746856369817e-09 1.611416958936397837e-09 2.148576121516827272e-09 -1.972740068447550792e-10 1.991055158839104687e-10 -1.409509668293974732e-10 1.740394703506897010e-09 2.529656970865248369e-09 1.548459126407637006e-09 1.306479920844517983e-09 1.612894573304449948e-09
7.466461791011432244e-11 1.271615097402103410e-10 9.361647012861331422e-10 7.754240554079715438e-10 1.203653171390616478e-09 2.787000376092358698e-09 1.240562198041302260e-09 2.082751273551629559e-09 1.969365905651402717e-09 7.553876432784706681e-11 3.253669196551394430e-09 -2.064089123687550349e-09 7.211979124579852300e-10
2.403686791778738488e-11 3.073296021558461812e-10 1.163919629675178198e-10 -1.892681415702116611e-09 8.195093494939039100e-10 2.569247636820155832e-09 2.082315938194154718e-09 1.326587392946521589e-09 9.841760199825645423e-10 3.514779857799915395e-09 1.409748084843461101e-09 3.675447036684262342e-10 -7.413464786309179246e-10
-1.602114622240678402e-11 -4.551375583989701899e-10 -4.411762676369224208e-10 2.996092091542272715e-10 1.821329790567964389e-09 3.904225863864229274e-09 2.643279140327965833e-09 4.978471750101812506e-09 4.334846735149637605e-09 4.906833408750344533e-09 9.638066711406519320e-10 4.288083282223673735e-09 -6.349418850382769583e-10
3.233128693003239751e-11 -7.509768335635266167e-10 -5.859865064964060232e-10 -3.057808096305700671e-10 -7.146786474133584972e-10 1.967197064745893109e-10 3.554009231837335537e-09 3.920547077097842498e-09 9.739078881624951038e-10 2.909865955535607590e-09 -1.076018149577547903e-09 -1.528382261812621335e-09 -8.732307808735379628e-11
-1.723118294303471048e-11 3.813818938379419799e-10 -1.047869108139684851e-09 5.119606506785184293e-10 5.667569592266963676e-10 1.870262463373518310e-09 4.158997733986314718e-09 3.062200348764056239e-09 3.153476945096148673e-09 1.873344258941908630e-09 1.268768875875688765e-09 1.243889619882690172e-09 2.546855386143611266e-10
4.981660927349733483e-12 5.100412446706772632e-10 1.813888153001470822e-09 1.659629759714738445e-09 5.188168203458029925e-09 5.856280305258785501e-09 2.307717558943970210e-09 3.525129120144780611e-09 2.724393588392538680e-09 6.560333626627190613e-11 6.415909950172339369e-10 5.886959798776806923e-10 2.065268142343595233e-09
-1.596987522635286911e-11 8.782434433512643278e-10 2.415633669870672144e-10 1.539809863867645110e-10 1.489308093706384019e-09 4.025860474688287573e-10 1.766333427366607310e-10 1.887916605509788055e-10 3.557254325558282422e-09 4.174509916736162796e-09 -3.232171093575492863e-10 -1.444914511004952022e-09 -6.111652371608877711e-11
-7.449834013073394358e-11 7.804097372870992620e-11 -6.295800902728210189e-10 2.397997589847937742e-09 2.819980468636600632e-09 1.857999291594288614e-09 3.846054964239714374e-09 6.113907005106670142e-09 3.194163643547758356e-09 3.641976341965080975e-09 3.863253988620888565e-09 1.031196396027720920e-09 4.398160553346129014e-10
-5.908062726188943821e-11 4.186066666561317502e-10 -4.866134182277759520e-10 2.835422141082477228e-09 4.582256487059646856e-09 2.669994739751160312e-09 3.149584824072563528e-09 1.351914844247376807e-09 2.364358188620430132e-09 2.238350336001574039e-09 3.447274471336639586e-09 1.965835905222902184e-09 2.588825812564903229e-09
6.802854246499553106e-11 -3.497863785664849274e-10 2.150096814976423571e-10 1.121816774983450768e-09 1.117940521692307317e-09 1.710985715073372514e-09 1.828197515723084635e-09 2.574548593451100078e-10 1.184478644076646913e-09 -4.131321172301753614e-10 1.766449378359892921e-09 1.408627177601742817e-09 6.060016500603025883e-10
1.045688557789389856e-10 -4.103157198692414561e-10 1.750480527308761540e-10 7.420949378988150933e-10 1.774438368026755999e-09 -4.373489460944270545e-10 6.658341018052762223e-10 3.915413279499238462e-09 2.753436799493733794e-09 3.600546594644299278e-09 2.133099830461433889e-09 3.193983400378544334e-09 4.168924375336833076e-10
6.207829270838005730e-11 2.861541112088429843e-10 8.879568323948871671e-10 3.040997916138947116e-09 1.965633629756352506e-09 2.294858320013617911e-09 2.729866710810407281e-09 3.334052885069544496e-10 3.767835598655244963e-09 5.008700609080151905e-09 2.011527563571999428e-09 7.370076173565065049e-10 2.588547158488993605e-09
-2.517147652555880625e-11 -1.219684797695142649e-09 -7.858076210225999073e-10 1.402264294003871758e-10 -4.684838076254876139e-10 1.470313508390131977e-09 3.362459265118364088e-09 5.289251455144253763e-09 2.279077484928394508e-09 3.322670357747785317e-09 2.416010331544197969e-09 3.802025647431590767e-09 4.865559717600219271e-10
-3.483491119695883386e-11 1.748652322089780363e-09 1.719374857317338055e-09 -4.832364789047998542e-10 1.629856864531070006e-10 3.340294670274723815e-09 3.481546692074933532e-09 2.342985816255479908e-09 3.324683888876002892e-09 3.667081505914739025e-09 4.127343150887340330e-09 -4.856785251939163307e-10 1.473503040570039552e-09
-1.081392467795404524e-11 1.442459719550529643e-10 -1.248842367677471705e-10 3.186118397194891744e-10 2.858413555125968515e-09 2.693065299771708323e-09 6.542252856761848616e-09 3.553971370999877296e-09 3.450276630172559680e-09 2.025507442208711759e-09 3.353063184092094440e-09 2.413178675293471404e-09 -1.152580944012301201e-09
-5.909377336223350533e-11 3.459920617496009775e-10 1.037385286705928552e-09 -2.348808193548487555e-10 2.323538117861858805e-09 9.746328625288242008e-10 3.373926975337286636e-09 5.142363117149695519e-09 6.075156286545277850e-09 5.286910295068030711e-09 1.274232139302705224e-09 1.103666637198511215e-09 1.984700448724620796e-09
2.270460655650979000e-11 4.616980490092031831e-10 5.999912688607444958e-10 -3.343360839242124137e-10 1.242955965577323194e-09 2.324481715829997689e-09 2.222139243758785079e-09 2.709090611856509926e-09 -3.898747574809700541e-10 2.053320178214568361e-09 1.123476184652404226e-09 -1.986781609705357413e-09 -1.810388739192864869e-11
7.958544609971379358e-11 1.384888219362095572e-09 2.591993294568698264e-09 1.013856547009299532e-09 2.525869963006266664e-09 3.620563262374364667e-09 4.287234067860030428e-09 2.114678784897899284e-09 1.320396241494094476e-09 5.156212414498128457e-09 1.484652902840053424e-10 1.612064113243744953e-09 -6.088433233162189215e-10
3.342940767298460927e-11 4.484250300009626926e-10 5.042629077516427666e-10 1.305495454451095983e-09 3.382347220753524348e-09 1.317436604950878526e-09 3.591854139412712927e-09 -9.185187843297375543e-11 1.440976025180771478e-10 3.365539695353335501e-09 -2.827770891168121694e-10 2.285875358121309439e-09 2.413405150080404383e-10
2.461852959766986102e-10 -3.159125030396219013e-10 2.493508680190408207e-09 1.963599853952955191e-09 2.051096732068034861e-09 2.354388641967635114e-09 3.925374354557355516e-09 4.720031321779996696e-09 1.556278036757991405e-09 4.692700269257800099e-09 3.064265842637065322e-09 2.877445506400905599e-09 2.077350077549207787e-09
2.728129665564658908e-11 1.208209744200388345e-10 -5.417946768662247091e-10 -6.702008766049221820e-10 1.200493008834148510e-09 1.813323205384506644e-09 5.334819637651451473e-09 1.787071642449144873e-09 3.054107299153853667e-09 9.471721032247882216e-10 1.776710924234999841e-11 6.254822333905915166e-10 2.585017239410929781e-10
2.959640258317179649e-11 1.917145868807984798e-11 2.949649668665196866e-10 1.530385189714302366e-09 9.025504276471950762e-10 1.640973252769430854e-09 3.469519466052597901e-09 1.884744283177342477e-09 2.772291714379799454e-09 3.031048523216630174e-09 1.044952070990717025e-09 -1.079747691485842166e-09 -8.408871902821509681e-10
7.799563921136790943e-11 9.018186517340431747e-11 3.427002586552483274e-10 5.696452356051718124e-10 1.567269190860249036e-09 3.852314404733706971e-09 3.819429656739904653e-09 2.623346430552869802e-09 4.229857535945633694e-09 5.736020430159812056e-11 1.231351069080200907e-09 -2.046543883666896374e-09 -6.569787649788303999e-10
3.833621628411968026e-11 1.520819957219621800e-10 4.453304095641300369e-09 3.830940850594017288e-09 3.580965999695983268e-09 2.683899695369841750e-09 2.520670616547701343e-09 3.818255986758803332e-09 2.754984687208590038e-09 3.710087650464339938e-09 -3.531086133812200696e-10 1.241154298355125632e-09 1.652365717385774373e-09
9.679045894129370851e-12 -1.471884465446486271e-09 -3.518545828258105952e-10 -1.760487262173422263e-10 2.126975442471599111e-09 3.622837744570774799e-09 3.172827603508932163e-09 4.049049504087967572e-09 1.977663196045846467e-09 4.332276738710802837e-09 3.450383910405501799e-09 -1.234801256590383378e-09 -1.050638056658152115e-09
-7.876445960963326501e-11 -5.938140135387472297e-11 6.587544118116011505e-10 4.209276102073689025e-09 3.306564296167465355e-09 1.009756002011689604e-09 1.502162097091569851e-09 1.234059798672370066e-09 2.102139087822542805e-09 3.368395522752961685e-09 -3.790033723660905368e-10 1.189597675318788987e-09 1.047663275530363899e-09
-2.843827174838310419e-11 3.788038552571656111e-12 3.736874106190826711e-10 -1.710145976094326959e-09 1.169935811145300155e-09 2.264626053812594814e-09 3.312205906497506211e-09 1.616001374728368390e-09 8.520631862936390037e-10 1.747309865803566835e-09 -1.300317655753269089e-10 6.609533299646661780e-10 1.666394070587963502e-09
-3.772050873046364635e-11 -6.655567443643403421e-10 3.768933699507335334e-10 -5.661799600362670291e-11 2.725943690269370845e-09 3.092094441961231738e-09 2.269690535276602788e-10 6.199383595081108097e-09 5.269127374868146141e-09 -6.542779556508145684e-10 1.319194674309925879e-10 3.145295175114928472e-09 -3.976002473955589154e-11
1.531413492802515289e-10 1.039517328541644020e-09 1.031759077426278187e-09 1.379977628001695023e-09 2.335599153797639357e-09 3.566600989357405293e-09 1.844294760479258733e-10 1.644870534500857849e-09 3.098503829601974237e-09 2.701059912774587929e-09 1.073571622825887020e-09 -7.859221802069348467e-10 -4.711125402931807085e-10
-8.223426601124454184e-11 3.159617026053001929e-10 2.005117230005610420e-09 1.475614577783023989e-09 2.292653610275751505e-09 2.491931464450002139e-09 4.991061370552626165e-09 2.711272526850703984e-09 2.528557928726588002e-09 3.495079851878917854e-09 -2.997154577091409490e-09 -4.472838128274329372e-10 1.164650573461491709e-09
-2.592708374817752357e-11 7.438101454505629672e-10 7.423574085791006285e-10 7.754474450931354058e-10 -1.608855285592908330e-10 -2.569058756874561827e-10 2.741054458017374398e-09 3.799290941639621764e-09 1.716076752480096888e-09 8.799127467322927443e-10 1.960640214877871529e-09 -2.393171931220145618e-09 8.524715724671615281e-10
4.724276533270898967e-11 1.244304103700221035e-10 8.352183463922760856e-10 1.787217478264062326e-09 1.761636319524357576e-09 2.003253495036956819e-09 1.047467229162434309e-09 6.329164231303352627e-09 4.407142810625757221e-09 1.624250497545691848e-09 1.903594806349994164e-09 2.654639913841507062e-09 4.490532130889858960e-10
-7.591119584163376920e-11 -2.209105421269923920e-10 -2.634891683975936905e-10 2.056392136803498806e-10 2.097757902760001597e-09 4.022009190721184201e-09 4.816773824219678842e-09 2.993493381569384476e-09 3.302563455346156892e-09 3.473281806120694383e-09 2.365029423402500280e-09 2.296963471059252592e-09 3.958987110496655622e-10
4.768848686674907241e-11 6.463619853891853569e-10 1.884554649799291143e-09 2.179716623710627418e-09 1.362194126979327503e-09 1.387918147420775505e-09 1.581337237643716209e-09 2.680987353010117948e-09 2.928239918362623551e-09 3.196446953362775311e-09 3.777292569868777685e-09 3.421683894978393833e-09 1.394072889593379700e-09
-4.815058084515403415e-11 -7.596080516419355505e-10 2.582135754739352855e-10 8.000792741599228852e-10 3.166288865354430703e-10 5.593152169852112736e-09 3.838140571016394868e-09 1.750896151560652452e-09 5.300333761703687490e-09 -6.809199677349434599e-10 -4.819190531176546816e-12 1.743307236146535234e-09 7.958563640067670354e-10
7.452197885185108969e-11 -1.216416937036663082e-10 1.853361027658827958e-10 1.369959584112134527e-09 2.665744319529371611e-09 4.230587861196785536e-09 4.178317543680518529e-09 2.811789837979014519e-09 2.044644674359792320e-09 7.795079977350868521e-10 -9.930130681241451321e-10 -3.335032142683067675e-09 -5.259893370568064051e-10
4.056586685616089178e-11 9.021169003421901721e-10 1.396722267995266048e-09 3.262135701471146863e-09 2.059612771358172062e-09 2.322119436993958475e-09 3.696111430266567565e-09 3.226131375624139958e-09 1.945519337585419751e-09 5.415991216240215636e-09 6.257860060992224855e-10 3.930684918818405493e-09 1.287903376173487954e-09
6.848551294767356457e-11 5.336811857079109568e-10 8.908683319077924602e-10 1.084998926898259094e-09 2.810657295134077640e-09 1.090616879147869202e-09 2.321284213927223188e-09 2.023646951672427673e-09 2.176092102398049460e-09 2.546596427528068237e-09 -1.569154611007307014e-09 -1.841893332740784669e-09 -4.780563052465436577e-11
5.387374854268867123e-11 2.657389053206019570e-10 1.976515480241817648e-11 6.059767528400100772e-10 6.226854672128860954e-10 1.355234384532292307e-09 2.228983042205422111e-09 6.250724693684122764e-09 3.053545682418765297e-09 -1.778523662874198420e-09 1.387263310221122216e-09 -1.709025950110521248e-09 -5.089225592388127517e-10
-2.866366747919798294e-11 1.540817166783895585e-09 1.069508875226044074e-09 5.120817748293771459e-10 1.964268099931109602e-09 2.081403793154992585e-09 3.504440931526383309e-09 4.589872560069455690e-09 3.460908554181147099e-09 1.569001722808330158e-09 9.620189723980227714e-10 -2.141192804274897725e-09 -3.999860047404545771e-11
-2.641464929002083608e-11 -1.690070522378812856e-12 1.169612387962225624e-09 5.750219498781324593e-10 1.961916320414756558e-09 -2.187000545128291002e-10 1.873209007136625307e-09 3.468453447400252207e-09 3.616206190675468296e-09 2.273496257101822533e-09 3.946435704943170280e-09 -2.153100133635857389e-09 1.080204029548777127e-09
1.157708119569635972e-10 4.759965289060229934e-10 8.252478585970233048e-10 8.202433012173949705e-10 1.855024535616421102e-09 1.429547832125763331e-09 1.932186537276242740e-09 3.866184231401231556e-09 2.182821645260204864e-09 2.323443789666262578e-10 5.170428745910035566e-09 2.849261398719329790e-09 8.563406921675873333e-10
7.399827471405915486e-11 1.682368356767048521e-09 2.304493085443245726e-09 3.563463922267782346e-09 1.996169447677338025e-09 2.243824313001824568e-09 2.257230458919804744e-09 4.192982941164473017e-09 1.407688806051580110e-09 2.236210534521505049e-09 5.838686710451393342e-10 1.459834220535983149e-09 1.079299994404512123e-09
-2.587950596167701421e-11 2.646996448467964069e-09 1.475969931190781003e-09 1.860618991339550533e-09 -5.763268416348373845e-10 7.214933288842813198e-10 1.004904054971662327e-09 2.867849554279581066e-09 2.983051699428608114e-09 3.238262081099476997e-09 4.139279934961524541e-12 2.955491946155435633e-09 -4.227611406891095454e-10
-4.706621157292795148e-11 -1.149875264687833890e-09 -6.883510167950801352e-10 2.178861069252156835e-09 2.011603576909011945e-09 1.829928377610036494e-09 3.322333786357947101e-09 3.326039940234178518e-09 3.828687390261518626e-09 2.049521905976141653e-09 2.128016001621293259e-09 -6.572103879916790177e-10 7.024773134997123000e-11
2.858506234074797208e-10 -3.236577324858900854e-10 -3.901518201542858138e-11 2.242470834249135856e-10 1.678546078388635903e-09 3.795198787814381274e-09 3.589872133211457082e-09 4.405580197670986196e-09 2.053579696684219386e-09 3.679494012945593010e-09 2.762735221603932285e-09 -6.275350940843627906e-11 -5.551017387666876370e-10
1.339157833126017317e-11 4.938709032629515636e-12 4.810960563607289894e-10 4.984368679323544245e-10 1.782507604502728496e-10 2.781712526107684880e-09 3.698346561013255029e-09 2.174911638521566189e-09 4.547238659370240033e-09 2.418380540053495428e-09 1.538753354978596330e-09 2.185834077647102187e-09 4.856116689176892132e-10
-1.597703961607384446e-11 3.405468762579941264e-10 5.947768630477853890e-10 3.917580366977220161e-10 1.459767055560227537e-09 1.612508310245534882e-09 5.978053241326472216e-09 3.362482375923449636e-09 5.604882318813390159e-09 1.901735833278735835e-09 4.490898157404339440e-09 9.395161646451503284e-10 -9.101196275632521249e-10
-5.576970698766450488e-11 2.263256601597664302e-10 7.827548214271860754e-10 1.453370486375947024e-09 5.023612989033475920e-09 4.304374839746401052e-09 2.336818716906911011e-09 6.301166331621212019e-09 2.625044742001556521e-09 1.532355745063488220e-09 7.329491714700291554e-10 4.974248661304925485e-09 2.062000947909094006e-10
8.325009926651753752e-11 -5.799989165475488282e-10 8.116483710331462708e-10 3.930292894833611641e-10 1.563608782128553766e-09 4.420385577052895303e-09 2.687525798722944006e-09 2.589043533904453578e-09 -1.271671876721176731e-09 3.883637353908322954e-09 1.407501205642716948e-10 -1.186144960170935602e-09 -3.724060274531965126e-10
2.238317145026075078e-11 1.023617319019768491e-10 4.960084950939984576e-11 2.127271000195157285e-09 2.005453981427338491e-09 2.065429769207703228e-09 1.833887423753574649e-09 3.224681455424477288e-09 -2.126751679865975606e-09 1.503720587210942392e-09 5.551489277233016666e-10 -1.404917830496109632e-09 -7.296655950441049043e-10
-1.160109363418970304e-10 -3.816554795783459544e-11 7.383027143115351166e-10 1.773362826128809372e-09 1.879715215615871000e-10 1.776525022431590686e-09 2.001735835624233000e-09 1.352426489268272649e-09 4.597833990554638067e-09 2.802607248046073719e-10 -1.330904102510201050e-09 2.046071229493181576e-10 3.507252055517192626e-10
-7.551323493019824061e-11 -3.763227702973768929e-10 6.930649811656951158e-10 1.201536720233757765e-09 2.516490420289329241e-09 3.293905715502621297e-09 3.413481656892855712e-09 3.290684813729715792e-09 2.400803011764598541e-09 -1.328676437566651637e-09 5.154201381404770634e-10 1.544902514893440366e-09 1.127127695914655359e-09
-2.600921676304984152e-11 7.348157768003210175e-10 1.675254378430886200e-09 7.674313178120363417e-10 2.555839439074784550e-09 3.805966453132739305e-09 4.199802360958481557e-09 2.135037225552938027e-09 4.827543076382458487e-09 2.878384717526262276e-09 4.321071110408848526e-09 1.840359669293737911e-09 1.841217996175163956e-09
-1.225207047038289935e-11 -1.994630010681476326e-10 9.492975163018042216e-11 -4.832723422287507983e-10 2.347630900880724806e-09 2.204590686469281409e-09 3.548958251563477625e-09 1.587372112612308867e-10 2.092590634389105346e-09 -1.884242752993162866e-10 2.412466240996749996e-09 3.449683584586872184e-11 -3.212940651934389751e-10
2.141880390292544553e-10 -1.974009498011862646e-10 1.524285221304636213e-09 1.112062902103932728e-09 1.761365499046259824e-09 2.249910279099365072e-09 5.924889679579898356e-10 2.600155727948944095e-09 3.778654194995623541e-09 1.810578170467156747e-09 4.682888467873110356e-09 -1.883429067927875107e-09 9.934783704978001293e-10
-7.504528600323049706e-11 3.226778316321255425e-10 2.749399647579107386e-10 1.092786738979043895e-11 1.847185933127678436e-09 1.607729617817079206e-09 2.159854377729378684e-09 4.746816697234416267e-10 4.963563869279358848e-09 9.367738311241202164e-10 -5.617848488222121438e-11 6.589365813834660543e-10 -1.080044317258756032e-10
-4.887381553285557241e-11 1.859487068769097765e-12 9.431458952274111922e-10 2.408262519861517218e-10 1.274588891056413720e-09 2.021815347727502957e-09 2.597737205130528299e-09 3.604061132884980084e-09 -1.504886050514423409e-10 3.104417257436100042e-09 2.021548564568268828e-09 -6.382249445257330996e-10 1.813141198428218259e-09
-3.666781790977690483e-11 -1.401079051720147356e-10 8.630495147710373816e-10 2.017632069979550967e-09 1.316118778673624929e-09 2.382827467566483680e-09 1.782000818119112450e-09 2.624981437444250105e-09 5.974855383046346839e-09 3.310547367390117345e-09 -8.302220015668911869e-10 1.709393382303280528e-10 -6.115972344674048992e-10
4.745455745839673528e-12 7.887896248466954190e-10 1.199938633581125425e-09 1.569458571355616174e-09 3.037958201142287175e-09 3.106750993217562922e-09 6.253053411615114113e-09 1.752751315994547516e-09 1.818710685027828083e-09 2.073078098231485219e-09 4.998848356769370735e-10 9.556283290868661634e-10 -1.171791078169330394e-09
7.761814222046210207e-11 4.583385247817047994e-10 1.034050400017106183e-09 5.974640444692810738e-10 1.081620096181051108e-09 3.082615789288530284e-09 8.386817403295851928e-10 2.047198458923585617e-09 4.686373854130938952e-09 3.080358708801385248e-09 1.833764298258365026e-09 3.602864849564672629e-09 -1.029996453162701953e-10
2.020560477816779537e-11 9.244748441673865553e-10 1.263846478003650017e-09 1.674530890185218396e-09 3.920440874297779938e-09 1.932775270417779398e-09 1.615729961800203083e-09 1.477817207735598398e-09 5.005318385450446147e-09 5.469324678632913279e-09 8.297295392682581486e-10 1.637376037659080650e-09 1.975231286829587287e-10
-1.565103416548806946e-10 2.372844145333805846e-09 1.774273591964756182e-09 1.037383874341836152e-10 1.388557976405061796e-09 2.987077881931786905e-09 2.824452034360065956e-09 3.209785602515592914e-09 2.251610404109156557e-09 6.429656149441346117e-09 3.260060297318034060e-09 -3.057884636849117344e-10 2.773688748776994830e-10
1.012305246422605490e-10 -2.102021088187891663e-11 5.858633239903587314e-11 1.600663322673025294e-09 1.581003318800004250e-09 9.066248486255098689e-10 -1.735475171983748969e-09 2.988620387974760193e-09 4.491727323280362782e-09 -9.199403214343839235e-10 -1.152038711272509556e-09 1.686858317882293675e-10 9.720141530275518860e-10
8.808763313540049983e-12 -3.652066895319371882e-11 2.933936349126333572e-10 8.500912350074514794e-10 7.329670910360018060e-10 2.344650377022037093e-09 4.012806363780849267e-09 4.346949512351028718e-09 1.292460882595061719e-09 1.748676134984599399e-09 3.278380326074805923e-10 1.238359331579260635e-09 8.158712830280867561e-10
-6.774570795810934042e-11 3.736062635882583694e-10 1.364600366336233037e-09 2.634561169613966068e-09 2.514168717318268356e-09 4.931571984784178872e-09 4.303789078807255311e-09 9.090555315508410230e-10 2.067795874262812256e-09 5.664579809767743067e-09 2.378899172440436285e-09 2.563449466636535347e-09 1.720902380852051428e-09
-3.016105282868977990e-11 -2.043713632922731601e-11 1.105699668666336073e-09 4.698731356820932967e-10 2.120633404464936687e-09 3.555525373283330360e-09 5.304398580992512393e-09 4.778736862252649024e-09 1.957394026110214977e-09 2.325155607274575487e-09 2.241790833461586405e-09 7.076993012548177181e-10 1.575973521490770558e-11
-7.063468000966088116e-11 1.439546894764669577e-10 8.619419438739895375e-10 9.091413224560245696e-10 9.033899846787932108e-10 1.659843131418881737e-09 5.168654822590806088e-09 2.730944279958300709e-09 7.758603400189053283e-10 1.472872742828733639e-09 5.874811935572672171e-10 -1.918458680377759245e-09 -9.454599071457322044e-10
-9.032854923464745758e-12 3.798459633188755555e-10 5.607589497263852089e-10 1.768033508193996992e-09 2.350520934902696257e-09 1.619931993938290010e-09 3.401263506417590803e-09 2.334168801330423282e-09 3.294225103029401958e-09 2.063725512681640056e-09 3.454371031592912223e-09 3.236532925647394035e-09 6.605823116028775658e-10
8.094237941605265868e-11 1.644481055048076293e-09 7.055128095038804189e-10 -1.776264819250313639e-10 8.409030579628362809e-10 3.272838883988801002e-09 5.071165790977983534e-09 4.776603102762623169e-09 4.521972356233641547e-09 2.233367769727439754e-09 -2.696093990846487145e-09 3.013083094879856912e-09 -3.767854870322209961e-12
3.391021046759342018e-11 1.844685829802970490e-10 1.164850073212384515e-09 1.388505994628804190e-09 6.907591569347972288e-10 3.564760630380220720e-09 2.431430676720528185e-09 9.716751342928054911e-10 2.949270166710804620e-09 4.496103316161085091e-09 1.006013064719349228e-09 -1.209774626167464184e-09 -2.683111977486553374e-10
-2.890703465190920972e-11 -4.033427990168730823e-10 2.242376992455586613e-10 9.685254062954641709e-10 7.782298846293696440e-09 3.863159926429309061e-09 4.160933652810293551e-09 3.810809679575713646e-09 2.330751052577479863e-09 1.943756172199890164e-09 5.305596022538202483e-09 2.489946945673681127e-09 5.562940277230611954e-10
1.305453972927044156e-11 1.247992822914267828e-09 4.838093713628338186e-10 2.838299378874153150e-09 2.910361749998409753e-09 2.173336991361453567e-09 3.802384652945674625e-09 3.272300611433160711e-09 -2.356440191024202110e-10 3.591047749084999719e-09 -1.698014014730758097e-10 -7.374693385654154106e-11 -6.468212917801262860e-10
-1.860430350524848219e-11 -3.614444555947823462e-10 -6.302847327646252709e-10 1.335055748895001503e-09 1.148115380739847770e-09 9.326866871376313961e-10 3.043949290207254197e-09 5.773161865539555729e-09 4.105551252447637089e-09 2.506930089673804153e-09 4.248117289261418323e-10 -2.138963865975558592e-09 -4.657232203517607199e-10
7.811949342871526065e-11 1.033378053977959544e-09 7.967832004480130134e-10 2.848394859600782021e-09 2.629056820052782309e-09 1.744147284794092022e-09 5.716854145007200524e-09 1.240344568741459348e-09 3.821316751994507811e-09 1.294483895264268842e-09 2.138585782405622760e-09 1.494566231377930386e-09 -2.527170567012307200e-10
4.225519105443588610e-12 1.011167853900039822e-09 1.334510028214602928e-09 2.249343982124985176e-09 5.613518783764571772e-10 2.740731945374987633e-09 4.064978961306023141e-09 3.727488894250759299e-09 5.352381367044201790e-09 3.613653568653410147e-09 6.666662659853384173e-10 4.618365607480795940e-09 4.899949656873080635e-10
7.352146857671758615e-12 1.316588873619288685e-09 2.465704367016234319e-09 1.302291459511781198e-09 1.185255507851079435e-09 6.451480343121311036e-10 2.693056035019510731e-09 3.805055724844987151e-09 -2.908235392726278130e-10 2.191350416377089637e-09 4.363151502819334519e-09 6.833131430616227345e-10 -4.991255286812069800e-10
-6.252434598826571515e-11 6.956939733998933745e-10 4.053341359165459490e-10 1.436974035751794821e-09 1.049891250634929948e-09 4.484326686455425922e-09 5.042296403265645303e-09 2.561246010822164414e-09 1.189026037365401953e-09 1.152662942522114731e-09 3.463804823360624247e-09 -2.102313029508487632e-09 -7.758854370250504586e-10
-2.733245918434740221e-11 -6.169101379088137881e-10 2.134875474204901979e-11 1.559529799434477738e-09 2.368759697913915330e-09 3.563033308722826010e-09 1.043952998942810055e-09 2.728953837808083785e-09 1.336457636982756132e-09 2.403107750394180610e-09 1.512012311331006382e-09 2.339577439492379184e-10 1.222077465429583390e-09
-6.781242882346133925e-11 4.415030987156629064e-10 1.536202827697190150e-10 2.387255138675937108e-09 2.348366058905139660e-09 4.695085934966125665e-09 2.142362430659144560e-09 3.764716539607698113e-09 2.186077070025982094e-09 1.683656529100277928e-09 1.458238491861478789e-09 -6.038283720365476709e-10 -8.434802195470744792e-10
-5.532323571912276745e-11 5.134048330574310955e-10 7.632473766108104933e-10 1.227183005953954874e-09 1.659006977128641059e-09 1.616361269914781642e-09 4.032887324197275492e-09 2.729114553990496810e-09 1.684132088385083357e-09 2.200034410303833314e-10 2.147563997348188005e-09 2.033413768230810756e-09 -1.812529686272429952e-10
4.263879772842366575e-11 -4.004255632372612343e-10 -3.672720017279147259e-10 2.795124257967631002e-09 3.491375988773991481e-09 1.084572553815873393e-09 6.734712802236059100e-10 1.174785133811714905e-09 2.672639973256214738e-09 2.927674941580605838e-09 -2.424299420944950343e-10 -2.619586399399148967e-09 8.205376544453026473e-10
-4.205071039851011452e-11 1.122465282597518574e-09 -2.777081703155999384e-10 6.705307941056920105e-10 -1.045373968603744752e-09 3.410074907608302535e-09 4.897299540544527675e-09 3.380392596779528362e-09 6.323658357664200761e-10 2.629968137460772400e-09 2.433609343867925694e-09 -5.659628619824897116e-10 1.469570047649793287e-09
8.056381005989178587e-11 6.229430787354372120e-11 -6.303293524343715618e-11 1.002419074849747453e-09 5.360900110840641364e-10 4.081803068101074073e-09 1.975438586606161988e-09 2.659440767245540349e-10 2.918075753012466688e-10 2.870162579641087426e-09 6.514835189042378476e-10 1.297889142758233595e-09 -7.954674921167640078e-11
1.107253860050287419e-10 -1.256136885831218284e-10 4.418438565111992720e-10 1.921127276787916486e-09 2.466717308503064220e-09 1.106945017790299421e-09 4.656750479281257121e-09 3.190274957657614917e-09 2.896818415280456830e-09 -9.088043552352680203e-10 2.615935380059018159e-10 1.009380962326828477e-09 5.701656957846654518e-10
1.016562945156460431e-12 1.418957108598256454e-10 2.132604150703447563e-09 1.267001715992899173e-09 2.210868716547210318e-09 2.895177326855209674e-09 3.805681017217816917e-09 2.134511783324219237e-09 3.506259196753357042e-09 4.719012627158758004e-09 2.266007511089056469e-09 -1.354846049925887422e-10 9.117327984077990997e-10
-2.627700184080772428e-11 -2.977821176068097895e-11 4.353196727801480732e-10 2.126207981253620848e-10 1.777626160117344512e-09 1.741756627884822941e-09 1.938913910248608019e-09 1.444657582756607130e-09 2.750479048905873216e-09 2.904402172167756217e-09 3.463758231392052962e-09 7.609085048316677846e-10 1.515069910735358843e-09
1.045016982651470542e-11 2.128697666070973374e-10 -7.318861882195214452e-11 8.027559410123518534e-10 1.502472412455638745e-09 2.586549802963395084e-09 -7.230868118338841182e-10 2.259502504983391243e-09 3.148259097603918085e-09 -8.851874181679534571e-10 -2.802777023125642642e-09 8.516531322525039381e-10 6.125938034686721139e-10
2.103878513975369958e-10 -6.135654560044718624e-11 1.438122642110447694e-09 1.410621096546865230e-09 2.481205180801039627e-09 2.157151449322574428e-09 -1.063601635003310425e-10 2.679926813478009435e-09 7.687525650504118073e-10 3.227603802717460647e-09 1.453023000968832333e-09 2.284514837134575278e-10 1.496177897250651459e-09
2.115123457842060254e-10 2.298760707203590042e-10 3.090785948657113827e-09 1.409563298256773374e-09 -6.203691848824002367e-10 8.729312668604055605e-10 1.892130667635324355e-09 3.296964231157969913e-09 6.526727125028550733e-09 1.579513666573452154e-09 8.910813763081707448e-10 2.704231757142050721e-09 1.110175492350824508e-09
-1.651590864378758126e-13 3.056125104349230421e-09 2.728219742047140902e-09 4.078556842064558966e-10 2.241333240518910367e-09 2.241638714532833505e-09 1.156180787666838065e-09 3.747079678074815366e-09 3.946216390950163234e-09 7.382051238023836620e-11 9.327144089295678800e-10 9.160117660608544081e-10 -1.331000923125298270e-09
-3.404310076205577203e-10 -2.933777218658617448e-10 -6.241718555549574564e-10 7.124137645942433469e-10 1.976131131075176130e-09 1.355946182088926142e-09 3.077706018979814749e-09 1.483748260232845628e-09 9.230152806887514699e-10 2.216357752820898156e-09 2.223592245839370921e-09 5.430804960303720322e-10 5.230052519591556416e-10
-7.508871771901677792e-12 -4.927259433018202708e-10 7.405369730137424556e-10 8.539912313655058924e-10 1.010856219013275972e-09 8.867345657119764440e-10 2.978678510990097222e-09 2.317162174071655364e-09 2.844164131900337259e-09 1.835248627699311012e-09 1.808457522795220817e-09 4.206841943429526678e-09 -4.756338219871764121e-10
3.570607893172860643e-11 4.120065675737941977e-10 1.034449140887333161e-09 9.222434481059034033e-10 2.195044424195083021e-09 1.961450936705694206e-09 3.110696188391026388e-09 4.311272045886681009e-09 4.267166451324181708e-09 -3.448916813879207902e-10 5.344443801473165631e-10 -5.704220881952441928e-10 1.274905648102571084e-09
-2.161889334684050418e-11 1.835393689827894429e-09 1.156023710618930127e-09 7.834758105082730342e-10 1.238305597175560036e-09 1.999898913788592252e-09 2.052498740173413314e-09 4.966849100190670704e-09 1.305751733558350688e-09 1.015011748364851216e-09 2.978480499052196592e-09 1.344097084489462557e-09 1.134421896424821460e-09
-3.565410282233874684e-11 1.754262926971779999e-10 -2.897160434083378443e-10 8.524800592744057439e-10 1.680389374806729076e-09 2.149742296130270808e-09 1.068726323669828183e-09 2.610263404273992065e-09 5.129757088332406794e-11 4.771390358120253438e-11 1.455109131740339210e-09 -2.266446697689866889e-09 1.087393716416275288e-09
-3.774599338065957331e-11 1.403566432045566486e-10 1.479141075650973361e-10 1.977283747114906444e-10 3.476554542298902337e-09 2.629964374361836396e-09 3.438081787050541212e-09 4.516724881826259609e-10 1.367604232178921054e-09 3.455314512617085063e-09 4.645778119080810391e-09 2.453027805259205523e-09 1.143182681231061186e-09
-2.360602737694956275e-11 7.519845691765590829e-10 4.264911128673733195e-11 1.243684740619304967e-09 3.748448429843881294e-09 5.186572903241401015e-10 1.399176313699144072e-09 1.112008613873748207e-09 2.310558747431958175e-09 3.772296541991429244e-09 -2.424414314694234134e-12 -2.136123826531594585e-10 -1.504879838979281240e-09
9.028398592847926076e-11 1.175149066913372663e-09 5.163381772817178886e-10 1.892748962315455161e-09 1.048691306994387616e-09 2.086492449812025536e-09 4.250736690673589804e-09 5.332213913904110905e-09 -1.179506072011207419e-09 1.543992055181003159e-09 1.891381992770691207e-09 2.095993861428795014e-09 -2.554765799512002175e-10
-1.169288944984221000e-11 5.255634897597898817e-11 7.671908558868353257e-11 -9.420584001460334209e-10 1.936466741808665139e-09 2.613898954674632061e-09 3.559437533682595083e-09 3.362470460686917512e-09 2.305461001843614283e-09 6.558876427822950809e-09 3.582551613585645290e-09 1.273137060372246107e-09 3.473160920068046351e-10
-6.068228665803010541e-11 -5.582769806253683679e-12 -3.517954218811576914e-10 4.985889814665759618e-10 7.846706317783656850e-10 1.935204109000626858e-09 2.471476268600040199e-09 1.362735955026098028e-09 3.740851013095618921e-09 8.466139599851464174e-11 1.662612572804747548e-09 -1.043268956091090575e-09 -2.425724405710489781e-10
6.835534860535326124e-12 -1.479284389398717653e-09 4.970437138330460352e-10 1.728538776902748603e-09 2.272524341847730642e-09 9.783940392711306045e-10 1.065407928375462179e-09 2.358264683774038268e-09 6.411537077313424685e-09 3.785430310050091744e-09 1.817924489850243716e-10 9.889156008889424425e-10 1.506445407769923270e-09
6.746523907825819949e-11 2.925113773021471767e-10 3.867845780445453568e-10 1.754126752856519372e-09 4.910161052323629391e-10 -1.811486551848002607e-10 9.625492553209366071e-10 4.360545079211820338e-09 4.583059762741009637e-09 1.571671964880033146e-09 2.802737190985651332e-09 3.266586673866721783e-09 -1.848888898527901429e-10
-1.175753200948190762e-10 7.602426710389852554e-11 2.636575791711878927e-11 6.605687715845522744e-10 1.114059292697287414e-09 3.761487134058525114e-09 5.479040652125148107e-09 2.114624095129620883e-09 5.907157161295458790e-10 -2.486588792910748465e-09 8.727516417966169301e-10 -9.605407144598141000e-10 -3.022179427915278669e-10
-1.811194186443867541e-12 5.460061898410448840e-10 6.225697295670512774e-10 1.934600468267769381e-09 1.636953960156762181e-09 2.725690118304130480e-09 1.348166332879460894e-09 2.927608046532563287e-09 9.640484016354836215e-10 1.317838847712457365e-09 3.043759997094309974e-09 3.677095561251754244e-10 3.983306585451927265e-11
2.186746490193042189e-10 -1.986599682095013486e-10 3.330586729512286777e-12 1.934975170373180065e-10 3.618313325336754237e-09 4.462674554431485776e-09 2.148089399876666117e-09 1.627838188010154623e-09 4.642636746755950464e-09 2.596299518697683277e-09 1.985094814138470156e-11 -8.359549920821492507e-10 2.108919247685883149e-10
-4.077015959507603473e-12 1.781947995422518514e-11 4.362055386850774276e-10 -8.181320729215997158e-10 1.787223248887268326e-09 1.466857236240382585e-09 -7.268941713920482166e-10 2.535792942242694526e-09 1.682324429684559143e-09 2.852313344733327681e-09 -1.898207663701481580e-09 6.446187209572372675e-10 -4.742184119119145505e-10
6.505154432127643009e-11 -1.279683597374751899e-10 2.686403484187830712e-10 9.995943762282418285e-10 1.964803328636896745e-09 4.324368176232877823e-09 4.177462760582163157e-09 3.441938590701957392e-09 3.156584495506187114e-09 4.692747488152802231e-10 3.056603995159075603e-09 2.047736819622706072e-09 -8.906848349170376102e-10
2.640270665474044363e-11 9.692715434603638250e-10 2.939434010899739995e-10 1.353083663302248949e-09 2.177778522455851598e-09 1.291161724831177863e-09 5.444143754617380222e-09 3.810881539581462131e-09 3.682410450825804642e-09 4.498245364729113945e-10 -2.097361101587271731e-09 -3.164397452692622578e-09 9.945099407686843157e-10
-9.037085605200159477e-12 3.468736486407600028e-10 4.874140386301670688e-10 9.769534879191054269e-10 1.616669321404711325e-09 3.563256824988443644e-09 2.699938323754487236e-09 3.817919709766724041e-09 2.714423843981360458e-09 -5.310619397723822112e-10 2.576141813013053519e-09 1.913253387593922460e-09 4.136414151962548319e-10
-3.876585639658161121e-12 1.094115732364086684e-09 1.339121066495209103e-09 8.342754203761165489e-10 -4.468978569089585628e-10 2.094995412399298090e-09 2.375459318872943518e-09 3.767355221814260523e-09 4.943730887020485386e-09 4.279920704332341561e-09 2.290122976805383792e-09 -5.752043661958747033e-10 -4.390203976551606392e-10
1.836401621195576178e-11 -2.369722453356657378e-10 -2.449594989009326637e-10 5.453956607602977873e-10 6.977704276747617075e-10 4.667871328266224330e-09 2.635715665350718890e-09 4.573953981442682249e-09 4.250917924996331660e-09 1.465297369323800079e-09 2.142383734043517813e-09 1.481131861612191398e-09 1.243392152061772748e-09
-1.307604453796670746e-10 1.374042141300613262e-09 1.858851953641745828e-09 1.166801184266384835e-09 2.527735719797974950e-09 4.613024011200761574e-09 -6.293744894997279001e-10 7.305292961598542727e-12 7.150266334620606448e-09 4.978829669166579384e-09 1.894207865653031092e-09 3.465649487592370393e-09 -2.166398210964472714e-09
-1.568202853039736797e-11 2.028686531477189841e-10 1.254545408740659910e-09 3.456484312165235839e-09 2.149031618393038035e-09 2.996662630041414659e-09 5.198699121949427775e-09 3.538853219688591220e-09 2.299068130458634991e-09 1.933338417977944852e-09 3.692226523518293192e-09 3.591039337821008979e-09 -2.655103458774825850e-10
1.388404357763630895e-10 2.128260529774826117e-10 1.303788599663267461e-09 5.847219968845222848e-10 2.336056402245222526e-09 3.312620175989243634e-09 5.619813844513109621e-10 2.039674359067938090e-09 -1.114503905790728781e-09 -7.583037941691246895e-10 -8.249952946017763046e-10 -8.263400847663476659e-10 -2.227305124857608231e-09
5.618095395081675351e-11 2.749990557097700383e-10 2.862336495306893584e-09 2.675065523762159955e-09 2.590081592937121552e-09 6.354314194500062299e-10 6.688467458226656516e-10 3.957845114147379231e-09 1.649742041809165927e-09 1.784372773243983000e-09 4.942348572171030269e-09 1.933313329210236037e-09 4.434631709293755660e-10
2.294278841301226669e-10 1.402300283955995636e-09 2.288022127172983182e-09 1.111118669502590712e-09 1.213541166802845158e-09 2.337382602659925869e-09 5.609030176687320309e-09 4.699174382523185509e-09 4.264643211649131685e-09 1.719426952052231156e-09 3.140358261840790575e-09 -1.694393667077453839e-09 -7.268684452614803674e-10
-7.651644200301061330e-11 -5.859398763313047321e-11 -3.355740493476510501e-11 2.681028594120470272e-09 3.446753327372096060e-09 -1.214590791150595094e-10 2.573379941699184696e-09 1.897394213749765783e-09 3.409665395272601232e-09 2.692364779341942864e-09 4.014034855909255810e-09 6.898843956135206202e-10 2.395408348644142196e-09
5.613337414130911898e-11 -4.838011447135532033e-10 2.203787318531194360e-11 3.332380558945750490e-09 2.127514038189311186e-09 1.021774237864169351e-09 2.658452432949757420e-09 3.259459362630996701e-09 5.547269896239813935e-09 3.880389109962774125e-10 1.780716789579899368e-09 2.024645919092835797e-11 1.370572456232921213e-09
1.615207120931575191e-10 2.791442482220199501e-11 6.586451220082147921e-10 6.065273210421912482e-10 2.071740712982858972e-09 1.723563108917005501e-09 5.792384716685902265e-09 5.883941066305047753e-09 4.401395222639202387e-09 7.096351928423434615e-09 2.248246606644557108e-09 7.332033399703032865e-10 -7.235795188335525304e-10
6.823322598038384734e-12 9.665353705490367698e-11 5.366585506613011612e-10 8.188911177757815164e-10 2.807942318753975264e-10 1.467724412424804045e-09 1.829686807675498167e-09 3.226311827350091631e-09 2.036870911805345612e-09 2.518656509745963353e-09 3.112323001214217166e-09 -1.576051849556797167e-09 -1.494685520392080130e-09
-4.463486278675534671e-11 3.930073758090059151e-10 2.177701788834215019e-09 3.096808005321176045e-11 1.324621260994229686e-09 8.025190301973923396e-10 2.401242617028167493e-09 4.499137911876839135e-09 1.439765241400431640e-09 4.736654136626484918e-09 1.451286836810036538e-09 9.391550064957978066e-10 1.001611877364649219e-09
9.044706745183214728e-11 6.361892392539735117e-11 1.461193503275020347e-10 3.036064481867549305e-09 1.123789362714872476e-09 2.981582784768988984e-09 1.856665017048051617e-09 1.727865315721143364e-09 4.854367730865422908e-09 4.168415227027734933e-10 5.088047328960465083e-10 3.092969466703405091e-09 6.127045035388636916e-10
7.639418419628195151e-11 -7.920212557738602688e-11 -3.944911816993563693e-10 1.274750075168795293e-09 9.810436183781657413e-10 3.368035135527059038e-09 2.444357032423944247e-09 5.372112197387809379e-09 3.890600373579777523e-09 3.825683317437739676e-09 2.643336821566016675e-09 1.206718398648325102e-09 1.016735001058300257e-09
-1.114442174081977153e-11 -4.613735087979898526e-12 3.995184194516272558e-10 -9.187511821876533966e-10 1.298249469107525013e-10 4.307353070052654023e-09 3.200744823995164297e-09 4.461033792427173302e-09 4.070260542180898795e-09 2.358362980658303574e-09 6.174670736964152985e-10 3.607676061412819441e-09 1.156782162599803557e-09
2.672724561469561524e-10 6.257451777255348352e-10 1.811641634491693487e-09 7.069215681082102689e-10 -1.616203045808831762e-09 1.041555410006326995e-09 9.759458898331132286e-10 1.342509817838302822e-09 2.333298130438152546e-09 2.453340398512864763e-09 -2.561884904281133395e-10 2.129939015654823930e-09 9.535574806228118970e-10
4.361126444650094669e-12 -5.146043658269106074e-10 7.614486732789547655e-10 1.524147411640372356e-09 2.588829622631572968e-09 2.297583002340849960e-09 2.289362577486528533e-09 3.871846650624881797e-09 1.685125597586427794e-09 1.087798553488821652e-09 1.621995027457752174e-09 6.738077642654724499e-10 1.374191190568157601e-09
8.391878226506846415e-11 -7.184117549518496767e-10 -1.635467475942243825e-10 1.032373810453435015e-09 9.348160900105283946e-10 2.207071870761020398e-09 2.738413351921974099e-09 3.742758488646235488e-09 2.227232375587979318e-09 1.688114081892597982e-10 2.570777128989911477e-09 5.250821682196351373e-10 4.289763514959881663e-10
1.536088165179795834e-10 1.473406973008277970e-09 1.396298887998014721e-09 1.010938680346319573e-09 2.459659170153922996e-09 4.399802612253065030e-10 9.387689262437280113e-10 4.478565739936922329e-09 5.013848010322507419e-10 3.455830813416205200e-09 4.896298919309513139e-10 1.664933686869969506e-09 1.649132572731489497e-09
2.775024944425722625e-10 2.163479581249792822e-09 1.813277487219192855e-09 1.129627427998088588e-09 -1.552911215701676946e-11 1.830929287372368290e-09 2.580338050309509895e-09 3.869994463954309422e-09 4.755375972921278299e-09 1.042208514687020876e-09 1.445612535572697832e-09 -4.648610241813710406e-10 -5.746229579720570023e-10
-1.688399421186309420e-11 -5.323789196357601271e-11 3.666375881740073328e-10 5.374030789778125246e-09 2.662389436122872878e-09 9.694717242585304932e-10 3.055767152978705931e-09 1.048453062581617474e-09 1.768588375429654660e-09 1.699161729933531495e-09 4.511769275173231265e-09 2.771933984954084269e-09 4.442447579810718093e-10
2.360643293299345469e-11 1.615404734481010314e-10 -6.381314281251713692e-10 -2.843074251997683878e-10 2.226158875334104191e-09 4.540047221475276183e-10 1.285386077056178925e-09 3.261102562080844866e-09 2.811556185955723675e-09 2.619495236690068826e-09 1.698170378952755199e-09 2.089568179429276822e-09 8.077930116321020297e-10
5.796388420654860069e-11 2.625898652581835299e-10 8.217404150927226924e-10 1.590432078761377909e-09 1.003272549941841734e-09 1.747822760384629637e-09 1.583122466872362120e-09 2.385393042828452771e-09 1.740018072913104338e-09 -7.996336849843334417e-10 1.088592890523430288e-09 2.651563596331249465e-09 3.847571740299241455e-10
3.030675918040825945e-12 5.280029481833261986e-11 2.014711275780280100e-10 1.184718821688110541e-09 2.156751434895911887e-10 3.907196850741430562e-10 -3.822406581963283408e-10 1.190682237284877575e-09 3.656137749185926331e-09 4.546936236715053013e-09 2.064677889375842037e-09 2.097092964085217773e-09 7.607669112372549489e-11
1.783708688858958478e-11 -2.303222037166249489e-10 -2.520484417064671954e-10 3.104360814856517490e-09 5.043651751022285625e-10 9.576714554086148471e-10 2.141551516196240209e-09 1.406681585821276275e-09 4.165637374820976289e-09 5.207299320381124159e-09 3.986167808870678085e-09 -1.867163986920912175e-09 -1.052309797784983404e-09
-1.290991934261751119e-12 3.723043738904618493e-10 1.016752708984671268e-09 1.810057097913868030e-09 9.797864042104999422e-10 1.154099829371562189e-09 3.932449296705763329e-09 4.067953100892316489e-09 3.111006172989696768e-09 6.489871901565696182e-10 -2.621533225281573044e-09 -5.153260182625510372e-10 1.254020318307619234e-09
-2.872696694410856056e-11 5.385992311253190086e-10 1.351662906499067246e-09 2.560597591520428943e-09 -4.630745013078134130e-10 3.628055542111313545e-10 2.813384390200855140e-09 4.591982252394579504e-09 2.139234576758536015e-09 -2.783461083790497022e-10 2.264377133337514774e-09 1.745618520835656153e-09 5.291089100116357944e-10
9.872899813092669779e-11 1.530877914273934471e-09 1.008056050261373888e-09 1.060585041470415060e-09 3.445009644550978496e-09 6.784407964435396786e-10 -4.049906392418848035e-10 5.029967933186404186e-09 5.772361347560414961e-09 3.234729885388589041e-09 1.030480579118516884e-09 1.456259378574932438e-09 3.075910980395230725e-10
-2.149817810149902747e-11 6.469109473384228039e-10 7.551225054686839124e-10 3.537266105409597967e-09 1.170462991552464972e-09 9.199523296975521375e-11 1.625919044653178566e-09 3.913489642215301294e-09 4.321150763066703142e-10 1.259480855381441375e-09 1.406435297354291251e-09 -5.238409625346380012e-10 -5.154135670347699470e-10
1.096404908176176912e-11 -8.919047503943999804e-11 -7.154050267187115133e-10 1.568353468159635239e-12 1.405794219347295294e-09 1.410429305449558771e-09 1.296327161294135208e-09 1.539941577319590466e-09 3.911039224336517532e-09 4.973305713653438163e-09 3.158725340407984744e-09 1.034130238171660006e-09 1.474688850610786336e-10
1.492065446414390570e-10 5.397479019857795902e-10 6.523441583358298251e-10 3.193735613350837381e-09 4.657208617755265851e-09 3.678819048955664652e-09 2.552028498320075030e-09 1.723009980016519564e-09 1.213714995068695033e-09 6.542036728629995754e-11 1.493530398494962075e-09 1.742891170570467598e-09 5.174024951017476006e-10
4.292777324007099529e-11 8.214368050643627617e-10 1.096798391712883468e-09 2.132463048740662636e-09 1.810485258335609209e-09 9.833203782441252150e-10 3.986546495308824418e-09 4.942400966990209655e-09 6.079431866142035642e-09 3.071154500670167955e-09 -1.046679927910243209e-09 3.942098544893315100e-09 3.380543693261124089e-10
2.480401182042815588e-11 4.513758435810346754e-10 8.987515614023350547e-11 8.191359125707221496e-10 1.948707483332299505e-09 8.900442693689836732e-10 2.745077845242010725e-09 2.306443797864817421e-09 -7.603888762095637214e-10 5.235210386471225834e-10 4.082191138743379117e-09 6.116251945074120685e-10 1.198542248127047326e-10
5.335890956632040538e-11 -2.569058228837047330e-10 9.607995505508672542e-11 -4.743627070948845918e-10 1.064767438304523355e-09 3.770342643520394871e-09 4.364495989160346018e-09 4.864372762798743389e-09 4.142992383869310852e-09 -7.346758811372572683e-10 -5.058280750379117618e-10 3.358799912661069638e-09 -9.156390570322620821e-10
6.012777889641215323e-11 4.796828953550929355e-10 9.656702611504623960e-10 1.568948820461827924e-09 8.532385535673695186e-10 1.203483206988878413e-09 2.375684194422037722e-09 1.773050257230422824e-09 5.889621988480350669e-10 1.840868155646788262e-09 -7.896884368922514904e-10 -7.077407813251954938e-11 2.536210693287414531e-09
1.135753667503724796e-11 9.559404411683783516e-10 1.177256326086198773e-09 1.657166121558760508e-09 -1.955906033021976017e-10 1.204114319286260698e-09 1.785050139666751427e-09 6.280435710386932957e-10 2.859313450450808044e-09 2.642410906961105415e-09 6.666222125954048423e-10 2.497000188729568638e-09 1.953320980002210903e-09
-1.181699027854033120e-10 1.327318781960159213e-09 3.454492540074049077e-09 1.324133634754644186e-09 1.722796545647927990e-09 1.901941110857897067e-09 1.697132683485712484e-09 5.160936013113309277e-09 2.709452407874479354e-09 3.499643511810594391e-09 4.337926859220573562e-09 -2.170927224620693035e-09 -2.189833196283030688e-09
-5.754034557486030255e-11 6.697941291846096201e-10 1.698321177146431891e-09 1.146965442750018582e-09 3.080653445863733774e-09 1.266468238376707770e-09 4.211816161145951924e-09 3.365723802808680403e-09 5.987706744153802993e-09 2.997757771477815642e-09 1.706673115412320978e-09 1.037673101444420667e-09 -5.032188324334426340e-10
1.706124212350521933e-11 9.246807013320208017e-10 3.496172133438487868e-10 1.272688423303660797e-09 1.610543424237814855e-09 1.490096709651972731e-09 6.423244438674062740e-11 4.110798585023548296e-09 2.258646282173871414e-09 2.717326380512092801e-09 2.587859744311521236e-09 -1.909760298691578616e-11 4.492132353762486128e-10
8.261074159047622811e-12 -4.456820925955941311e-10 -5.910638043085855930e-10 1.196418684356432313e-09 1.729261134364696413e-09 -6.745040532405198018e-10 6.982842426602674016e-10 5.119756567783791576e-09 6.248812079059982248e-09 5.934024219547991630e-09 2.760543499386317538e-09 1.106134489874899612e-09 1.812947310642380027e-09
-1.121122262617965183e-10 7.393254082548597297e-10 1.756810984851386042e-09 1.692438788429056204e-09 4.231533221311094547e-09 1.107108017442674754e-09 1.063922840092319372e-09 2.802231887506922398e-09 1.523793116639256998e-09 2.681552983422110867e-09 2.381799197637973703e-09 3.157498296137223477e-09 -6.154034422547021185e-10
1.816536090759700996e-10 1.976611847324554083e-10 2.845666870866949773e-10 1.000717901721175898e-09 2.819991461595607195e-09 4.610470227661366118e-09 4.282927153030678236e-09 1.754181119988460066e-09 3.693246536437957348e-09 4.676802032767376959e-09 1.904521773468592248e-09 3.053857571470038677e-09 4.984288007790455607e-10
6.936657668536226840e-12 3.055519027379147642e-10 1.101631709840770852e-09 2.271557011665366118e-09 4.115710949466259167e-09 4.339647183050739554e-09 4.376935922429702435e-09 5.654489330959082518e-09 1.159732455723717857e-09 1.878150772287287249e-09 -1.168174754730896739e-09 2.876579273098106407e-09 1.332029670960639565e-09
-1.023519271664031531e-12 6.122101550994527172e-10 -4.584668491260538513e-10 1.045607581221848175e-09 2.413346132661480165e-09 1.373095560737093215e-09 1.286919959837430850e-09 8.215391452822677891e-10 2.894835566864160178e-09 2.345362160549586617e-09 3.075772900219419287e-09 -1.230834245693936671e-09 1.970680654853810907e-09
-3.388728933823832485e-11 2.263140668727313961e-09 7.304248328311873144e-10 -5.182095624862077610e-11 1.573077481154812640e-09 3.592093700672758080e-09 2.292578027102529075e-09 3.632881376809948516e-09 3.492911927953035077e-09 4.250856891766091346e-09 3.091147079986273290e-10 2.149458489940333223e-09 -4.243069940365423219e-10
1.357293095559006734e-11 5.121249181452205458e-10 2.192041405803031244e-09 3.370229144715372186e-09 4.527396798323887764e-09 5.465844880856330914e-09 3.257735818053326333e-09 1.912966248551082218e-09 1.601016397765555839e-09 8.459997939193470438e-10 -1.908412407630144308e-10 5.907292382323133888e-11 2.176318901894209118e-09
1.136899926803098245e-11 1.285421681274436756e-11 -4.311204375416266143e-10 2.832425847154344248e-09 2.718266527214557395e-09 1.319350016563594659e-09 1.743084573654661202e-09 1.687816493592860383e-09 1.311917437108670535e-09 2.089479101057919158e-09 1.940752366067252448e-09 2.308636895772570898e-09 1.586290788298237100e-10
1.026677919862230721e-10 9.414560258982725968e-10 1.062778035318951496e-09 3.562874642768763051e-09 2.377371396250492505e-09 1.274468970898700310e-09 4.580802839257811344e-09 1.244707028157360205e-09 1.455944127477187674e-09 1.484204639857774042e-10 -3.265702362086340760e-09 -1.198508237844000518e-09 9.282507223222945531e-10
-9.149607310461902065e-11 -2.179751428270765494e-10 -4.392256646145542588e-11 2.195227501375956743e-09 1.634748079049879972e-09 2.466136331574746657e-09 5.073234674647957832e-09 3.092335156528229128e-09 3.283973711044259241e-09 3.054065227312608922e-09 -4.959043233430318606e-10 1.198782085517332148e-09 9.465367887266766973e-11
-7.964409322374965754e-12 4.817049052044208692e-10 -6.498994192469116100e-10 1.592616945579513602e-09 9.156660082807408856e-10 1.357350731092820378e-09 4.015040013543808903e-09 5.063793769418668206e-09 3.499903851359964200e-09 4.521174498974226246e-10 3.328819550024754982e-09 3.156052856084719238e-09 -1.070873656386668716e-09
6.765540967034894700e-11 -3.642125200960299264e-11 -6.967521294567863297e-10 5.329290968182463221e-10 2.502561513116710251e-09 2.084480870563073186e-09 4.805719452669907465e-09 2.007301133225870959e-09 1.996338516960083723e-09 3.121808701513073809e-09 7.084698442203352961e-10 4.701534435936845327e-09 1.002417419143832314e-09
6.715729186181868182e-11 -7.238556447779429074e-10 3.066815885393142955e-10 2.479565794196604070e-09 1.524702138601555984e-09 3.040299679972733808e-09 -1.100807945962202641e-09 3.974172611629462244e-09 5.294082620002357124e-09 3.574588604424299301e-09 -1.806844122199548406e-09 -9.274903231191163667e-11 -1.536732154041369168e-11
2.587269181444971108e-11 8.135375248374323351e-10 6.459581988366093001e-10 1.170670456144119943e-09 2.546289458652660897e-09 4.223657153686376922e-09 2.167987759596586937e-09 3.876135364394164800e-09 2.645422881449226388e-09 1.800989126798320567e-09 2.335663900614554436e-09 -2.146528906673522463e-09 -8.328452109295671022e-10
6.610842136008038475e-11 6.871029173121064974e-10 2.014247316118433677e-09 1.367816500596611936e-09 2.476144094235603466e-09 4.159086400059171173e-09 3.379063456507965868e-09 3.881094646848179359e-09 3.183079454207082744e-09 1.629342663870759562e-09 6.427200528869448600e-10 -7.790512817456064098e-10 1.156199609034924573e-10
4.024931506691614116e-11 -8.302608165357927388e-10 -4.813072410917058118e-10 6.099995151232224832e-10 1.875490361506863397e-09 2.689590963290546966e-09 4.739770957528190767e-10 2.737790093150495311e-09 1.922565472228465716e-09 4.094668594930162726e-09 3.643120938193650726e-09 -2.785049334133401800e-09 1.081348246631358917e-09
8.534659885706121519e-11 1.538504363504158135e-09 1.270571783455572193e-09 6.837611014203425484e-09 1.563497043348779370e-10 1.030803046493514731e-09 6.132483255367230996e-09 3.030767223354667672e-09 5.886771849211957542e-09 7.284840337726957212e-10 2.603190780309035239e-09 -2.558684205908169572e-09 -3.610460104857316941e-10
-1.822333525440945171e-11 2.449782798485818029e-11 -1.094371011299490576e-09 1.754458549319757592e-09 5.337608591945552439e-10 -1.170895456801974581e-09 2.654550629780579293e-10 3.971463709100235982e-09 3.305520571990907755e-09 2.089793711137134557e-09 5.516112236240560835e-10 2.095240599373303648e-09 2.022657195119748598e-09
2.173189088340385039e-10 5.111549929908063080e-11 2.262385268800294362e-09 2.843785434838361249e-09 3.228496759449680677e-09 5.153546075470299993e-09 1.572445327110803460e-09 5.900657732986529596e-09 4.423195308122032191e-09 4.549270050428535767e-09 3.126115993771495757e-09 1.928440559959670421e-09 -1.101343562984627690e-09
2.854058250678962466e-12 7.655369018380857366e-11 1.531404456566299990e-09 6.559962774105709412e-10 1.357474206437594496e-09 2.577117371361229879e-09 3.442860965780128405e-09 3.347820185151355877e-09 3.184800949687333893e-09 5.255242567741595109e-10 -2.533362035627667642e-09 -4.190310527472340710e-11 3.825095224651403842e-10
-1.365861450706219127e-11 -1.260769104887390759e-10 6.472669551988305004e-10 7.512739136313203842e-10 2.663207362510851095e-09 3.929504220180117655e-09 4.503580229813444989e-09 1.902518766454902276e-09 2.637923252855198478e-09 2.562028261980570028e-09 2.524209202452738895e-11 6.101653615469107558e-10 7.281036633774543004e-10
4.493503449037066932e-11 -4.849501636759805658e-10 8.247609285818830677e-10 1.030821432331726943e-09 3.985669521038424945e-10 1.062766541242549083e-09 7.596277494794707484e-10 4.823312977950045854e-09 2.237880350254912495e-09 4.458323950789178264e-09 -1.532277720289063211e-09 7.374730617843741872e-10 6.903874580837128489e-10
6.554023312950528313e-11 -9.075457681949015587e-10 -1.925729671694182481e-10 3.245813787041652761e-09 1.672174327470014621e-09 3.944686221367233256e-09 4.288284839429304990e-09 -1.316096961997592724e-09 2.306963248335706678e-09 1.543241754882428062e-09 1.759239459999267625e-09 4.968608605783308565e-10 3.302656707063142564e-10
1.108871262770194651e-11 -1.422292871179655891e-10 2.234266331277424913e-09 3.537465681566206907e-09 3.106887480473877043e-09 1.397540379926626548e-09 1.864972747516566059e-09 2.270018865146484375e-09 5.977596620775352737e-09 1.118911235950537682e-09 -1.381203991251041956e-09 1.754292905627653031e-09 4.252109364359383953e-10
-1.855970395033376781e-11 4.948259246376182535e-11 2.248937156676959162e-10 -3.190982925882496846e-10 1.434513862319706920e-09 2.123078002070849824e-09 4.689332512977304878e-09 -8.836785717817089187e-10 5.274549401417805317e-09 4.421495567060707162e-09 3.123917901387743393e-09 9.463962902109250338e-10 -1.117681954196412165e-09
-1.158918797649473784e-12 4.011687286995710056e-10 -5.508161180767546697e-10 -1.453962787258688173e-10 2.966227673126879784e-09 3.681226263343160876e-09 3.091087345508803329e-09 3.881155802653963677e-09 3.753978881160485049e-09 4.082672904315081985e-09 9.461816504934467803e-10 -4.484354027750324323e-10 3.307309536948566129e-10
-3.272840135807311732e-11 -4.318810823629267895e-10 8.822120526668208378e-11 3.070336137769354179e-09 2.230274827753613411e-09 7.461190884605288717e-10 1.065873418334244047e-09 4.539363365759074619e-09 2.553442341727447084e-09 1.028277453128520227e-09 2.511917067781212625e-09 -1.241079454395043083e-09 1.252026913112244467e-09
6.228644878849472581e-13 5.950001477846967467e-10 2.055167138989965039e-09 8.590117845850754818e-11 5.898390383638312333e-10 1.322449679321276325e-10 2.403671194602607009e-09 1.314119281988941209e-09 1.819727249040660569e-09 1.421819016597192512e-09 5.063993616590373096e-09 8.014512227499531726e-10 -4.947252221786772179e-10
6.117027882647877505e-11 1.544601061298393962e-09 1.558760124288341923e-09 1.720203952236910133e-09 2.201519261550455424e-09 4.145975819298846639e-10 2.932951953889634118e-09 1.630604691470173851e-11 3.048300308430072248e-09 1.664475374573791053e-09 3.942211353055719533e-09 3.425698812849725762e-10 -9.279971989289464191e-10
1.935401072493883454e-11 5.477915067561281207e-12 8.548752433221188898e-10 -8.844035661153384144e-10 6.512416829908715324e-10 3.312665347847958181e-09 3.093549100939006804e-09 3.099670317882878048e-09 6.076712371386780093e-09 2.657949881444150014e-09 3.099996038915125522e-09 -4.315042425813859767e-10 -2.782798574096796119e-10
1.673816817049425264e-10 1.940071199662668169e-09 1.102278542020665909e-09 1.180461120607283023e-09 1.505666299137494734e-09 4.301144380534853296e-09 5.177611570078961870e-09 1.255242121537857213e-09 1.465817764904816618e-09 -3.410501000199250819e-10 1.839861958490715643e-09 -2.059267608011196384e-09 -4.641957042821723600e-10
1.342468444559171534e-10 2.566552846702040019e-11 1.767357636665671003e-10 9.215877469072014945e-10 8.376047141578487586e-10 1.891333535098821667e-09 7.668374819835873073e-11 2.108581445585198744e-09 1.355317154652341647e-09 4.976384268961669677e-10 5.292761487227656873e-10 8.091293132785966398e-10 1.059032373176981579e-10
-2.458281895581510016e-11 8.412563960390722756e-11 1.205793765871950833e-10 4.851290498087016268e-10 -3.692943581495618226e-10 4.061339653375920794e-09 2.983019960938473764e-09 2.685258446141224996e-09 3.336674538387687857e-09 4.040164564133326685e-09 2.969804369857088056e-09 2.421706384987417581e-09 1.548087628971765039e-09
9.205560121105654554e-11 -4.315467076139545737e-11 1.120923614304338072e-10 2.044122174249300961e-09 2.137781471990226506e-09 4.294230615333209435e-11 4.011282488859889057e-09 1.344945064278259719e-09 2.407024636139810936e-09 1.449407705089361433e-09 3.973742538104765966e-09 -1.334525379719443329e-09 7.084600260077897707e-11
6.489519841942734226e-11 -4.679181218600797754e-10 5.856444994226515778e-11 1.501548205403188114e-09 5.378424279663250805e-09 3.828632358425538642e-09 2.374431545016133119e-09 1.983222921919032430e-09 -2.352371694838762250e-10 4.675054958547354698e-09 3.777884705782363509e-09 8.098956661214772973e-10 -3.620182228304634099e-10
6.191660839547686596e-10 2.585901605269899158e-10 2.173269441365159310e-09 3.450515208616117897e-09 2.544936913203595849e-09 3.738293436933898249e-09 4.936915293548265121e-09 2.067057440527509067e-09 1.488417595144710754e-09 4.691132806488435098e-09 4.707397070175459148e-09 -1.562513586222173996e-09 -4.891039602884533452e-10
-2.291032390607752325e-11 3.990120209956896109e-10 1.813799909721231546e-09 1.234435400651591790e-09 1.429928269694817079e-09 3.668948810486616401e-09 5.299185751323424945e-09 2.737545678058422755e-09 1.895374663680279075e-09 7.946247313363806627e-10 3.091289422317024593e-09 1.547306995861558093e-09 -8.764162622530115016e-11
-7.451847447891237426e-11 5.460002883901078246e-10 4.056096990130621347e-10 2.979594911210344941e-09 2.354665019533758243e-09 3.123845345184186205e-09 5.136453887509338227e-09 3.645945666664100379e-11 1.228619687152065445e-09 2.523792268435251395e-09 4.202591054304576755e-09 -2.212975548801558740e-11 1.427729943296487655e-10
7.010169160317126634e-12 1.966209581270144275e-09 1.295100934688338542e-09 2.187413660379114055e-10 3.375356018002945155e-09 1.822294215271382016e-09 2.332805775537371918e-09 3.875432138130133974e-09 -6.246971072979151358e-10 -1.295187951272432828e-09 2.063133778670724865e-09 3.453453390598652433e-09 3.795682082121537975e-10
4.845510278951093967e-11 1.516925108288696215e-10 -2.887625967133847739e-10 9.932327916973604639e-10 1.761301582591785900e-09 2.075115702117663060e-09 1.137780942735105807e-09 3.310235744896290064e-10 3.858569600490220443e-09 4.493072582135310907e-09 -6.613892879993920022e-10 -2.220966139069962946e-10 -2.203671637252711053e-09
-3.626206823323588858e-11 -1.887504624297630211e-10 4.946625118296147818e-10 9.687392532349467029e-10 2.092240072844662035e-09 3.493290659352497579e-09 4.244501259177079164e-09 4.190698822121527741e-09 4.198620866843400688e-09 -2.591165332996266903e-09 1.870628921053340455e-10 2.729023299076552076e-10 1.710058582528979890e-09
1.016600255240143258e-10 -1.434706283080102369e-10 1.561119275716520865e-09 2.036559188105205243e-09 1.927062241391102943e-09 3.858756336692872615e-11 -2.440305224055108330e-10 3.809610655818027613e-09 5.446006109017718613e-09 1.404466755012719070e-09 1.875388376325839954e-10 -1.191444914065082058e-09 -9.859262752515079646e-10
1.215049345852275034e-10 -4.905343494274922733e-10 1.588856233709340485e-09 2.964261418619844160e-09 4.318962528485090304e-09 1.571230387713427364e-09 1.874011882887620852e-09 3.846626274690571620e-09 1.985631651538976153e-09 3.104381220276968237e-09 4.587329180295799152e-09 1.015245003265806296e-09 1.536505590614763218e-10
4.341280520414573788e-11 -1.309130515046552149e-10 -5.559148275370768533e-11 1.547983185354038354e-09 1.809461938876280135e-09 8.826270955918695096e-10 2.048506588752982524e-09 2.130889803874382683e-09 3.529809389099365549e-09 3.676506648372539434e-09 1.698869626614793900e-09 8.957485105072526019e-10 5.562946407797641793e-10
-2.947387890088916361e-11 1.562531005397511012e-10 3.768593714714917699e-10 3.407568891062394350e-10 4.993433765509348987e-10 2.729915676778158198e-09 4.175114418655624618e-09 2.161914129659156533e-09 3.849632071951298789e-09 1.009069190088566043e-09 -2.547418048013912132e-09 -7.321160405998091246e-10 -7.431142691109359664e-10
6.118487100890762666e-11 4.445568703291373664e-10 1.340239051339132850e-09 1.127157969843175777e-09 2.931836746762874042e-09 2.496527688008620277e-09 2.637516280306406083e-09 2.528130574428940368e-09 2.122781600495836128e-09 2.058051398819611584e-09 2.734367093015852539e-09 3.479379180562290601e-09 5.370842805546563539e-10
1.776730768674236317e-10 1.159445445737137700e-09 1.927101834792403825e-09 4.715002567674351206e-11 9.701949931603331089e-10 3.373565205863436358e-09 3.498791144010055580e-09 3.506109018845562109e-09 4.407841099105304378e-09 3.370603243619523449e-09 5.276518405660912472e-10 2.753109954506362314e-09 1.416470877359081874e-10
3.099783404192999173e-11 2.091615257358623282e-10 9.291360545526288397e-10 -3.530699755877102682e-10 1.144258262705389774e-09 5.487407386186695858e-10 1.954756090471208951e-09 5.636692927866273884e-09 4.191282058303867499e-09 2.569486579934726817e-09 -2.497432387931448168e-09 -1.579443805288328040e-09 -9.960884191634679175e-10
-2.056247730048675207e-12 1.023510020956739018e-09 1.333838669110523058e-09 1.707012957405249432e-09 3.115708017050188795e-09 2.008118715511413154e-09 3.781208305626539902e-09 7.182172390228517868e-10 7.594445318652336882e-10 2.615719440538658079e-09 3.995588777878538772e-09 1.951760216660917578e-09 -7.590765548272623405e-10
7.592008367419160408e-11 7.023190568478934047e-10 1.514730642945055655e-10 1.080322933750838981e-09 7.091800438791184878e-10 2.133521970352393187e-09 3.898327965664005642e-09 5.564850464243235384e-09 2.326417916952660166e-09 1.512985802871370212e-09 3.010111735095664715e-09 2.453652206615068802e-09 3.542429379899933756e-10
1.313830662195179297e-10 -6.001564033392900968e-10 1.055951570614832412e-09 1.218806180210175835e-09 2.863099723962798316e-09 3.185820461523579470e-09 2.990077557672728965e-10 4.325470026741013732e-09 1.979621548548432765e-09 3.006141056890738805e-09 2.743931509183200050e-09 1.707916395143688718e-09 4.195527669967180729e-10
-1.707706627435587624e-11 1.011771440504093911e-09 2.452628119297435324e-09 4.025228632346194475e-09 3.909567392978974684e-09 2.839937053685196653e-09 -1.226609859082768539e-09 2.309236993973766783e-09 4.970866769310982232e-09 1.003627183042112862e-09 2.261479372252151643e-09 1.057981465701491669e-09 -2.054021313887470533e-10
-3.060540907650440729e-12 -1.290719283364041977e-10 -7.574573270305895032e-10 2.290691097901020113e-09 1.843599039653662359e-09 2.073794388369299909e-09 1.350215818322833931e-09 1.531642722230670175e-09 1.705288340855983517e-09 2.735297551322402788e-09 -4.231574429321622339e-09 -2.351428124020869863e-09 -7.155941450378216599e-10
1.367084905452801542e-10 -1.254275235161729274e-10 -2.501973612345854695e-10 8.869682184846937502e-10 3.091690532360964738e-09 2.460930869877296078e-09 8.148478699739951548e-10 2.019961310033753483e-09 3.067204396731485634e-09 2.013098430636952484e-09 -1.885811428801589503e-09 1.793566976783871144e-09 2.149042137654597072e-09
1.552466283275494852e-10 -1.514781834014090842e-10 6.711565066432282312e-10 3.381996842350900748e-09 2.616762703827305138e-09 3.158375114392223937e-09 5.281950038968771836e-09 2.927946428676460175e-09 4.249145423115796864e-10 2.179605436166497665e-09 2.587243935285566844e-09 7.125349658944769356e-10 8.793202739891474521e-10
8.062060139453501803e-11 6.621195165091088215e-10 1.483729496434635510e-09 9.099236410686576696e-10 4.993613460803264952e-09 -1.914993740639344371e-09 2.421469118829156575e-09 5.488950822165317396e-09 1.561621510419213828e-09 5.186276265187378961e-11 5.616158756166076207e-10 -1.827065536822008445e-09 -3.192404559478286645e-10
7.790662631942976163e-11 1.256322658614446129e-09 2.292867105820642568e-09 2.746530506039702442e-09 1.572276788979769333e-09 1.521982132769310660e-09 1.695411959066000059e-09 5.859457552107860301e-10 2.647585802358773201e-09 1.196494653679289547e-09 9.665361290600566590e-11 3.907131345526678019e-10 -1.337259936372743617e-10
6.265365509040041857e-11 3.476494995084977894e-10 -7.222448986762592887e-11 4.228646917568110405e-10 1.859738345090383545e-09 1.987226913784523831e-09 5.945250373348363130e-10 2.585598185324768402e-09 4.255915741076568918e-09 3.634489111308204227e-09 2.849435230579560875e-09 3.193281710079134122e-10 -2.985849102204750357e-10
-2.268447464132619624e-11 -2.227850011616281870e-10 -6.542654791788665765e-10 -1.118521578173272417e-10 3.817390246213914891e-10 1.817088170378291505e-09 1.157942024152971870e-09 -1.962673616520751994e-09 3.832122350940980112e-09 4.748556496938399526e-09 -9.399687964812326540e-10 8.222639174992861841e-10 1.023502417777115739e-09
1.002975252582225791e-10 3.099595042908216651e-10 6.274718274257027706e-10 8.985381403010870921e-10 9.956645932032220025e-10 1.415454425419958224e-09 3.376581225143280829e-09 -1.468933784979432588e-09 2.972354006079673703e-09 -1.278867580604627797e-10 1.207165993712046414e-09 -9.187098071063648525e-11 2.286316655919037064e-11
-8.120305536688019325e-11 -2.351706757017852881e-10 -7.321664652146425493e-10 1.058913066251698100e-09 4.410517923282912373e-09 3.843598097828187317e-09 4.753832082594478951e-09 4.838111072364507739e-09 5.253919368909647610e-09 2.699577048215325350e-09 1.527923750607455375e-09 3.413419288231497184e-10 2.085713634001855359e-10
4.244513645173830854e-11 9.991929857544163260e-11 2.021883558011536223e-10 3.050890538648673832e-09 2.760697353761280587e-09 8.890570767146101937e-10 2.531836087212646151e-09 4.245212352961945993e-09 4.707097072861007207e-09 4.613712298357431985e-09 -1.585156470306119409e-09 -1.159310758353020820e-09 4.300324618503996815e-10
-4.271556729872069972e-11 1.996975514102583266e-11 4.758496852365145207e-10 -3.772431829045309138e-10 1.291134133585487633e-09 3.796025281499871014e-09 2.195292262265571093e-09 -1.401311145177729501e-09 3.671347243265160175e-10 2.200808216977789240e-09 -1.495633956967832354e-09 -9.932185387567538660e-10 -8.097101982874727271e-10
-1.648820279416522156e-10 1.316635367705914419e-10 4.057025520535711424e-10 1.167986468961646596e-09 1.625929470358101072e-09 1.655838642507755277e-09 1.967871054782923813e-09 1.781447648817460074e-09 -2.738365903919645130e-10 1.927153611474351847e-10 2.036365826879441188e-09 -8.133466981783796200e-10 -3.073666511119321221e-10
1.566535070711035521e-10 2.433853078870665091e-10 9.128801943699157397e-10 3.761842076242185964e-09 4.840590847089233721e-09 2.937744355717586102e-09 4.020914175195055404e-09 3.510961564107898825e-09 4.240104683187386668e-09 1.605314556433612813e-09 -1.479652451369955963e-09 5.620384535967368930e-10 -1.335240808939415563e-10
4.923778342397025566e-11 1.461397736120282634e-10 1.150120113121949027e-09 1.730337111794247591e-09 9.064693410784574601e-11 2.480537804580099382e-09 2.847062210602254499e-09 2.752655003025744318e-09 1.540353310965839473e-09 4.016617404027424250e-09 4.650019195698459592e-09 3.537044345989209411e-10 -6.652522828608390722e-10
5.106798058507382655e-12 6.806688030237432379e-10 8.665964678864968498e-10 4.705571149521872514e-10 1.505557093743468090e-09 1.731588667441156153e-09 3.657299725944630014e-09 2.990869303266812327e-09 5.852260772879437354e-09 1.693143276073165533e-09 4.130585676893004247e-09 6.121145506868202960e-09 1.507035548957819251e-09
2.128587991243063117e-10 3.474960125842349658e-10 8.550368601233276128e-10 2.062112163176562855e-10 -1.052222980686036019e-10 2.891557386660920069e-09 1.502435707812300790e-09 3.598441511503779343e-09 2.619166587634718886e-09 2.612058174078953425e-09 2.467016121451317450e-09 -7.188318012391590987e-10 -5.674409954394613556e-10
-5.419187522623814234e-11 7.617960375360679625e-12 -8.780269132372719372e-11 7.274552967512200609e-10 1.456428359279495121e-09 1.143614410717747454e-09 3.240841210957334133e-09 4.709413263971161999e-09 2.287342466805540311e-11 -7.362901237485230753e-10 4.011396897670491754e-09 -2.125913660665664159e-10 2.602222359861751032e-10
4.346639673014921182e-11 1.683087368071956448e-09 3.477788163291916947e-09 4.038951055670334596e-09 -5.557981081058868241e-10 1.439831873976989918e-09 1.814658297666248137e-09 2.742321600804547494e-09 4.757647090005447675e-10 1.338415993015240361e-09 2.339701839032072562e-09 2.252809138317897664e-10 -6.902174564206714898e-10
-2.085690867994431972e-11 -3.046001746906908715e-10 9.699938150932414671e-10 1.003526836686433097e-09 3.606624702110446643e-09 4.163456301391758339e-09 4.703446249757244794e-09 6.363792966098171472e-09 7.356870673405889638e-09 1.489928869099061114e-09 1.366422985161960654e-10 1.388775416093394199e-09 2.871982714613673711e-10
2.252667949811743573e-10 1.844547810163621050e-09 3.002860226477360475e-09 2.866689932443064344e-09 3.988153817702932450e-09 3.007294645539366608e-09 4.937968725860534671e-09 6.747383186564540103e-09 5.094853515685078927e-09 -1.800865235543458053e-09 -6.750192988250641750e-10 -4.621102501154554884e-10 -5.512851586024667887e-10
8.610594917472654470e-11 5.688563371669150562e-10 3.504243145609359698e-09 2.598654401701105277e-09 3.099187355833860748e-09 9.920127258010491860e-11 2.471830981238551961e-09 2.785584432857294314e-09 1.934737357486571701e-09 4.878028453108710054e-09 1.870352745376986308e-09 7.703579066414534742e-10 9.355967180229889369e-10
1.166176100960103467e-10 7.606141307592781481e-11 2.471175098518891165e-10 3.482857132034216150e-09 3.877950320131900165e-09 1.748661228816675676e-09 1.046905903239338740e-09 2.129489857380868715e-09 2.663619454535776006e-09 1.574222622621233883e-09 2.048943495315443379e-09 1.110473657270238591e-09 8.482867774089998347e-10
-2.837751402921341107e-12 1.132716032629236760e-10 4.602165769333096712e-10 5.985249046677511706e-10 9.089859198859056374e-10 1.522459289731932554e-09 4.290795487255696465e-09 4.398663091737787043e-09 2.247138873242679408e-09 2.605836273878178295e-09 1.382605044207085342e-09 -1.200113920355509399e-10 -3.792803951473480700e-10
-2.150336210419987475e-10 4.294492503549714486e-10 1.132672181221135895e-09 1.246942509179272276e-09 2.320589546192899998e-09 1.540204706334257927e-09 2.010610383113376289e-09 3.106076295115856807e-09 3.563009381066035438e-09 2.909422677773571433e-09 2.949076619450968125e-09 -1.705757843944508570e-09 -6.917669660875935147e-10
-3.545393807326626537e-11 1.607450450418389665e-10 6.364774406111132084e-10 2.710692320253621816e-10 1.990962986093765082e-09 2.968979921559888797e-09 4.162631233174425569e-09 1.804575446354467786e-09 1.070466486818244401e-09 3.113130547642525898e-09 1.690521451785955442e-09 1.881982916305755062e-09 -3.813009152321648949e-10
2.246726551769962551e-11 9.147956522177340298e-10 3.413772156353423069e-09 1.264064783143567021e-09 2.709447050991857669e-09 4.342036854224244566e-09 4.693651705414148100e-09 3.342381633520499106e-09 3.216689365775028062e-09 -3.016104500799489650e-10 -1.667550550589272162e-09 2.073912241911907194e-09 3.956898864784246238e-10
-2.336867145868083690e-11 4.210852828422682257e-10 1.487861910552715155e-09 1.219304355973217468e-09 5.008974519072731563e-10 5.087777692658484280e-09 4.607958028868702290e-09 2.696319249665165787e-09 3.682246472783478032e-09 7.902549702467561947e-10 1.627423656050527854e-09 2.156766023466614521e-09 -1.096241611951508972e-09
-1.438384557327453902e-11 -2.092548033119197938e-10 -1.959604131378659217e-10 -2.137265182895039486e-10 1.541505761002585003e-09 8.967734722747709269e-10 3.075975295763267872e-09 6.350817367005584123e-09 6.230822417491670562e-09 4.250764889428809431e-09 2.100421782009342207e-09 4.649798223924120985e-09 6.877034743824632313e-10
1.107198230679357762e-10 7.387418725335803193e-10 3.823507864429936141e-09 1.992549069474508187e-09 4.961995980922973823e-09 9.415386422791770413e-10 3.426740754839999540e-09 3.659423252871559530e-09 9.075377927978246119e-10 4.425149104542326975e-09 6.941751359162627075e-10 1.644221889777731686e-09 1.355117898324294954e-09
5.357956942486108873e-11 4.687549900385493647e-11 6.775680017423122909e-10 -6.188616817754527214e-10 7.359370637544272970e-10 -2.263312573261551479e-10 1.183570594689338612e-09 5.802301423711685377e-09 3.782593055821681439e-09 -1.285066180363139042e-09 -2.312425621425134977e-09 -1.972830253024587747e-09 2.459245496590178165e-10
2.662448914379227698e-11 -6.257819871577180359e-11 -7.800348503139735025e-10 1.079807188334908289e-09 1.370764353785086326e-09 1.988909004327473959e-09 3.191353215290443480e-09 5.008139224890943057e-09 3.625576058338305023e-09 3.799854683366942345e-09 2.902225172950966429e-09 -2.087231676901874090e-10 -5.633279215384271022e-10
7.795500021779275580e-11 5.596087817799297628e-10 1.235830391175470326e-09 7.950216377649802944e-10 8.601443812068191455e-11 2.981471490253966227e-09 2.055092936331215393e-09 3.084774733800259295e-09 1.124724759190093945e-09 3.199142838874586876e-09 -4.201456986801305101e-09 -3.178214320968246485e-09 -8.555230588376825207e-12
-9.200460277807318676e-11 -1.300824199943846902e-11 2.218990573963208908e-10 2.703483064244892317e-10 3.194006416604415305e-09 2.033351739510962664e-09 2.263540049020454205e-09 2.491095076516264137e-09 1.208958904177724685e-09 2.487176265493892479e-09 2.583976369148399118e-09 1.034688073884779255e-09 1.010156374307339259e-09
8.083563658084326959e-11 8.762195810052178909e-11 2.880691827976819299e-11 -6.192896305548675278e-10 2.390473114458626665e-09 3.006311708059472850e-09 2.905861125040858669e-09 1.830093619310502805e-09 2.452447423930513113e-09 2.331319387436009495e-09 2.045405103142636951e-09 1.117121477531094526e-09 -1.447271222499552986e-10
-9.948790045541596996e-11 2.802982096983224144e-10 1.253486151235772622e-10 8.765261126949637542e-10 2.583838333635582712e-09 4.093972155985041686e-09 4.994068007998992949e-09 4.018713092244572774e-09 5.525077872709758006e-09 3.885308637746236238e-09 7.372650970503229389e-11 -8.545819931219344525e-10 1.206939653037174423e-09
9.334985908013951519e-11 4.122125375559677109e-11 -6.728561857868452744e-10 1.352187422539946109e-09 3.086025509857410604e-09 1.616749403023814399e-09 1.992881381977909813e-09 6.798039069700645220e-10 4.974626594893905861e-09 3.851482346263817850e-09 3.449304414784950816e-09 2.333185095728315626e-09 7.165573995442681019e-10
1.871466127525154942e-11 1.193304136483397592e-09 1.001324006505549330e-09 2.405741604241865831e-09 3.871613412496213979e-10 5.587111421106732785e-10 4.854548261706388461e-09 5.097001598535512884e-09 3.254441454144572153e-09 4.547705175965147222e-09 4.321566609554102080e-09 2.064975715618787839e-09 1.673004452904471772e-10
2.847875566764926397e-11 -8.392252640272343655e-10 1.363106464697485483e-11 -1.995018337498383214e-10 1.705238688289606132e-09 5.291531934283604786e-09 9.025844340975948659e-10 -1.665494173349557224e-09 1.974038295367856621e-09 2.872591265966840188e-09 1.066593407128466726e-09 1.324548588823845398e-09 1.259001922457307893e-09
6.699058508343195806e-11 1.833504944659303208e-10 1.405581884362280806e-09 2.152831931842948907e-09 -5.666721688882297640e-11 2.514353068564008598e-09 4.148189969720425354e-09 4.198390918664081782e-09 -1.356981717378259333e-09 2.139066343770919925e-09 4.132865520367820249e-09 1.186913783927183758e-09 -4.672772469812352865e-10
3.020028025695201520e-11 -1.486554185690985925e-10 6.907498957105784062e-10 1.582186668207172407e-09 1.053195936763615891e-09 6.857164143597756896e-10 2.982511669178094387e-09 2.356924862595761318e-09 3.664336644470627600e-09 1.680713859347520046e-09 8.109668590457129684e-10 1.307562732101070336e-09 -1.245090444109159263e-09
2.114558124903342868e-10 1.059060895417825669e-10 1.028749063134861017e-09 1.437249708957534596e-09 4.515681280956242478e-09 2.378903680496800519e-09 4.349950446084270905e-09 3.881066016951374745e-09 5.377410808135040280e-09 4.060297759510668155e-09 2.300995771519327910e-09 4.892128304611152463e-10 8.633461073572024683e-10
6.697918194351278483e-12 2.392088674656944366e-09 2.331178734474947167e-09 -2.096519117150598663e-10 1.309509858244894749e-09 3.665319206117297658e-09 4.483461758103959065e-09 3.996554432458689219e-09 4.690131872644454720e-09 1.036869718808759779e-09 3.519761823763032887e-09 9.466844008595881415e-10 1.041681688712328712e-09
1.445987761344733446e-10 2.489090238689870781e-10 5.722278305332027413e-10 6.510944710596716719e-11 3.395210202398954849e-09 4.443012023102329976e-09 1.458954025331745596e-09 1.664582891880689737e-10 5.875885410647827060e-10 1.146529172665057227e-09 -9.185492235220446134e-10 3.219589774027886565e-09 -8.634508362848542158e-10
2.244173883480851273e-10 -8.390706246105707827e-11 1.697326685273571571e-09 9.264772284449985270e-10 1.317771883619568849e-09 7.550509444941912198e-10 3.451526032983816936e-09 3.558898469081142746e-09 2.147816193358801534e-09 8.164660085749511120e-10 -4.780605244792078755e-10 -1.773604506854996846e-09 2.230509127369808053e-09
-2.993144730686198553e-11 7.406656797913078896e-10 5.343814074834449967e-10 1.092944747936986547e-09 2.776495475471818736e-09 1.959983078145630802e-09 2.655892177806870615e-09 3.919108946227633925e-09 3.545338497466124016e-10 -5.710309522010924908e-10 3.737339124648090040e-09 2.378439389326284429e-09 8.927015713879901385e-10
6.715823368909565482e-11 -5.967355733673127524e-10 4.146246523712530141e-10 1.211858824394835520e-09 1.590267437644150428e-09 3.280602755859632969e-09 2.168007520203087686e-09 2.252823491891731164e-09 2.228134181389632251e-09 2.674207374272236987e-09 7.448959159952202683e-10 5.238760536164310289e-09 2.745616502238066598e-09
9.388604544703263333e-11 1.005942516137430731e-10 3.953297038273185544e-10 5.543249821478173421e-11 6.444150003125283076e-09 3.774816012097834061e-09 3.085500051852349139e-09 3.147670042732081528e-09 6.156179398786585545e-09 3.398464810570210742e-09 1.110307183072086876e-09 1.115870491861473711e-09 -5.369399341686971625e-10
4.028198491048849715e-10 8.929446752550478926e-11 4.041159157292031234e-09 4.541865827549615561e-09 1.736483246930762660e-09 1.280857004357163884e-09 2.652329321253107854e-09 2.259579544689696125e-09 4.325147015182468743e-09 1.788948956319809999e-09 1.262090867398843586e-09 2.306826463327859205e-09 1.106963829302329786e-09
-9.629239015182478255e-11 -4.762124872232785335e-10 1.116705215806759641e-09 1.627591433832113923e-10 2.451466104754232990e-09 3.406990716519641233e-09 3.257030691294989965e-09 9.724099729908330387e-10 5.353244456513068961e-09 2.231873433567853160e-09 1.379282047410302074e-09 5.439626751079120967e-10 4.309773641281792981e-11
1.132865181294025940e-10 4.066383547543344064e-10 1.817079453747084878e-09 1.993992576598486882e-09 2.409208264171153262e-09 8.552938385675729818e-10 5.268792166244643352e-09 5.700486755308229156e-09 2.576345882952402356e-09 1.708708422700162343e-09 5.426347338013813951e-10 1.315949170628768950e-09 2.117220607877317942e-10
6.668695155280121886e-11 -4.722459200445526017e-11 -8.290017142670005384e-11 1.801786094451287379e-09 3.298046906297058870e-09 8.590645792966586245e-10 2.152783273724322363e-09 1.839720712704585910e-09 4.212432747380164884e-09 3.725836552815079016e-09 -1.747909959389082494e-09 -2.856628931670122613e-09 7.643974345705019934e-10
-9.294975574415863380e-11 1.156539274435892984e-10 6.923700636522738408e-10 2.625516810613734104e-10 1.692164148683357910e-10 3.008730091911479977e-09 5.634445560618524911e-09 3.889211644477580685e-09 3.072983199591515112e-09 3.765139007470215771e-09 2.766445624073771485e-09 2.029920985387535099e-10 -9.351016719016048917e-10
1.478710347109207569e-10 1.031264850443370989e-09 8.352191397956350326e-10 8.656690596205528342e-13 5.899121562739209752e-10 2.232842719253795027e-09 2.769330127939256883e-09 5.986390236414690974e-09 4.042580295868310187e-09 3.871048350417287884e-09 2.516691910261117294e-09 1.164793183834444499e-09 -1.023142056728603346e-10
5.003111022147498697e-11 4.190128048160222295e-10 1.273806975844063820e-09 1.945836102316633840e-09 2.715336942436550523e-09 -2.121060291288037636e-10 3.120901793949977013e-09 1.157301104579815188e-09 3.573178294007345023e-09 3.149644436727052100e-09 1.527973632557262455e-09 1.581806185114520265e-09 7.678487130387590632e-10
-6.759094140859113982e-11 5.878070012198510662e-11 -6.873891539166775349e-10 2.034386802960620711e-09 -2.511479226352307495e-10 4.855841849882242387e-09 4.190332264271962363e-09 4.441642414183722540e-09 2.319114773298596744e-09 -4.340864418402522417e-10 -6.421947687638130916e-10 6.669046819217609089e-10 1.212988544032144914e-09
1.561201833814730627e-10 8.824900545850032351e-10 7.490716364073636708e-10 -4.519041172534237151e-10 1.440314229359015041e-09 1.094976002236554560e-09 2.320331196546825717e-09 4.533103902581468557e-09 3.027575947620587210e-09 2.994399300633044739e-09 -9.166560817097751173e-10 -8.084358185892244849e-11 -3.512105253690506441e-10
2.179180414858098062e-11 -3.348369582809964003e-11 4.565919764266730727e-10 -7.164485592101109004e-10 2.201528758849622762e-10 2.009318661231649259e-09 5.477232939245862726e-09 8.692489967845405753e-10 9.939944380343234847e-10 2.345574392531821299e-09 4.816069462225633218e-09 3.608596717773333599e-09 1.878049008162900596e-09
2.899375716404543371e-11 4.945369310044550378e-10 1.984830607536080096e-09 1.990370317530950867e-09 2.465201809401618088e-09 3.562379300912636270e-09 2.589294574757242415e-09 1.082586778873968760e-09 2.468835386513098571e-09 4.388123413647512088e-09 3.425186357740632005e-09 3.443899992161757768e-09 -8.820015613691642136e-10
-6.369693722757867964e-11 7.495663824768771920e-10 1.443947480905948789e-09 1.394962126690343545e-09 6.247201538863048655e-10 1.789347357181367437e-09 1.114189881046146838e-09 3.562316747813929100e-09 3.461203177818004768e-09 3.377982813037078259e-09 1.954547522949576089e-09 2.942122819335156394e-10 4.224226814050041361e-10
-2.361526214649130255e-10 -4.587803817499631713e-10 1.824274706084692607e-09 9.378051254566225041e-10 -2.091305942416479943e-10 1.406724445301035094e-10 1.017761028770362567e-09 3.199731048833314268e-09 3.815111767039681368e-09 3.450716763950707139e-09 1.492029281237055186e-09 -3.475584263416634323e-10 6.860792932453511237e-10
8.342460470750359451e-11 5.732914919666766158e-10 6.706197195207723951e-10 1.869966362454747621e-09 1.394230973365466039e-09 1.920432688784078770e-09 4.995760729436090988e-09 2.152599930791965145e-09 1.581954123465891163e-09 1.219697935543351204e-09 5.280259585296951259e-10 1.065440329128553040e-09 -3.671503087061608999e-10
-1.185806923305706387e-10 8.113848707470526870e-10 9.180453255689160149e-10 8.557334811658239030e-10 1.877862807290873347e-09 1.629191193405727743e-09 1.719230400279331852e-09 3.351989726736228570e-09 5.387095753460675144e-09 2.563077897561302351e-09 2.992816502319016286e-09 -2.817312438160330544e-10 1.471476315728700411e-09
-3.053386130884049891e-11 3.440916290585784764e-10 1.168913139971811160e-10 9.069528812563448313e-10 9.175886520888407538e-10 1.455516901307035530e-09 3.649137828024038114e-09 3.494141258336267564e-09 5.618719907241619447e-09 2.429498249984185337e-09 1.540157038131814274e-09 -4.994196547373173521e-10 -3.610592565727226681e-10
4.203042662618642816e-12 -1.527243101014408960e-09 -5.653910746484578351e-10 3.614599880110631572e-10 2.119222279712902433e-09 5.044158745443733362e-09 2.010347766529977313e-09 4.532864828710615892e-09 4.681021519246501101e-09 2.585302021484969172e-09 -2.391221952960762247e-10 -2.984830603489975512e-10 1.207701115805394102e-09
3.417473762380240452e-11 -3.689491665503008239e-10 1.082842201066900975e-10 1.241847575067317261e-09 7.445293977106650832e-10 3.314706395777444094e-09 1.478590671916061779e-09 1.046927391209574193e-09 4.934844041609922701e-09 3.715172195585013210e-09 -5.912883175113952748e-10 -1.619826420425342791e-10 8.590537016094009465e-10
-1.478806194681156348e-10 4.040499788719938882e-10 1.083720446564789222e-09 4.296262706632836914e-10 1.659648611685823622e-09 2.272601793839485064e-09 1.831204051041191151e-09 1.118207243310693950e-09 1.507306092265445652e-09 4.075510669191699380e-09 7.854829872357692319e-10 2.729331627847604646e-09 -6.429225227378123649e-10
-1.302042554095143649e-11 1.086915668546902934e-09 9.886715863461965228e-10 1.074497735509816127e-09 7.859976440021496197e-11 3.015249383714883882e-09 2.800231905858019627e-09 7.142550326542951588e-09 3.380654648573781948e-09 1.804962308306659431e-09 -6.972935376074580706e-10 1.896301742989456845e-09 6.165373414834811818e-10
-1.097593128312974108e-11 5.399338688556886688e-10 8.483492871319397330e-10 7.266128830874307957e-10 1.138400032868964541e-09 3.986506357912178801e-09 3.324032842722660006e-09 4.347473749825202300e-09 2.018205646119583314e-09 2.872258629316677742e-09 2.643492955326497669e-09 -1.606962684164822897e-09 -5.049970402103799066e-10
3.256660702549970268e-10 4.496485355306412036e-11 1.346750850898512935e-09 7.711861163226843026e-10 1.450258615553034809e-09 2.398688028770534395e-09 3.806998837871529027e-09 1.960240967954770111e-09 2.732736173856765914e-09 -4.512868230514454460e-10 4.596052052469319724e-09 4.002171913028191666e-09 1.421054155776311869e-09
-9.269470615498305187e-12 6.748449015819079881e-10 1.243147887763652800e-09 1.473231379740264909e-09 2.545631657654966516e-09 2.941788761167989251e-09 1.894884813303470369e-09 4.129289024819864894e-09 3.118723597117130468e-09 -1.105408364550489652e-09 2.487329222545942472e-10 2.274209492052658772e-10 9.825632737323686409e-10
5.995940164127497736e-11 2.635846200137591031e-10 -5.831071037044836761e-10 2.143705254750198838e-10 1.779015798738663747e-09 1.877338916322481348e-09 -1.072199790756849580e-10 3.753957728243347295e-09 3.022189010726037329e-09 2.881977365854641516e-10 4.869269357354720367e-09 2.534941331017728559e-09 1.164968593730421283e-09
-8.323345713015184665e-11 -2.954223755211453252e-10 -1.955329186960000426e-11 2.473613966209688660e-09 1.265015660215224685e-09 1.985387322861779353e-09 4.231486640818070623e-09 1.764713374748302629e-09 2.131612222507532068e-09 -2.322616870933522439e-09 1.203535116430162829e-09 -1.395236442284700454e-09 -8.639557515756176347e-10
1.292515666212017498e-11 -1.126645294595551137e-09 -3.697378856134780310e-10 2.770865162439816692e-09 1.855143110203584105e-09 1.874551265239671244e-10 4.130235831308420058e-09 1.967514763447880357e-09 2.461017507320882887e-09 3.554779559271512898e-09 1.454118027145594148e-09 -9.846339675663490707e-10 -6.140567242353132317e-10
3.280650296425142378e-11 3.750982958144923667e-10 2.717715346036939910e-10 -6.614267470960537896e-10 1.636337481457599670e-09 1.735136755341565815e-09 5.185788382805072812e-09 5.180230722994310593e-09 4.425029125800461542e-09 2.918857625493538199e-09 -7.273751266211869624e-10 -2.553345884362345024e-10 2.553717054210994726e-11
-3.753947270845612560e-10 -2.102929681339471523e-10 7.104627434118124093e-12 1.222916083807161080e-09 3.810667822157762503e-09 3.265325438542529978e-09 2.337924718221861601e-09 2.051901408149605388e-10 3.287305610081154256e-09 8.368722474939730162e-10 2.561898168168363971e-09 -1.086032620029871673e-09 -9.469101219647623087e-10
-5.427145448518489788e-11 7.877397336486330371e-10 4.944243721231420165e-10 2.817420080191290915e-10 1.538782432802401272e-09 6.356701166026914227e-10 2.752282523831084928e-09 3.090725692630970121e-09 1.881245074701343931e-09 3.607460553340822889e-09 6.395797449809829930e-10 5.631061432509540198e-10 7.815020066310284019e-10
9.207037851005100100e-11 1.511962186476473689e-09 1.156981953900330990e-09 1.599206816332331830e-09 2.009690317889857391e-09 3.379889814368099465e-09 1.683260052871742425e-09 4.061553442521154195e-09 7.160154127726824054e-09 5.068947521970746303e-09 2.190861590938051219e-09 1.273161943852901139e-09 3.691567798833522022e-10
2.437592199485773372e-11 3.789576542877665244e-10 1.161336753071243799e-10 1.551475232467204680e-09 1.693411729154601252e-09 1.554675754038605883e-09 2.999362862140122412e-09 4.860966674099708400e-09 1.117352568967657860e-09 4.011302878355022726e-09 1.178508190624863711e-09 -3.054663832249622807e-10 5.852160882794485330e-10
1.673764971104696043e-11 3.324689684241944665e-10 1.722907303451979551e-09 1.371684946591815377e-09 2.566074720427915778e-09 1.263241218098439446e-10 5.658432735251885548e-10 2.369367990580142294e-09 2.810584555155246655e-09 -1.069025363306834191e-09 -2.871289375896938227e-10 -9.599509169814044729e-10 -1.068614494703598604e-09
1.610056068225550492e-10 -4.542522967722444873e-10 1.171037483895607368e-09 9.561909186565879067e-10 3.456557917922100839e-10 2.278744944861336339e-09 8.739479907644499300e-10 3.290075283932973677e-09 2.100299579375302103e-09 2.310587611604704625e-09 -9.266016095091464975e-10 1.015167833905809330e-10 -1.724291578769737021e-09
1.554238622344829154e-10 -3.724095958680130025e-10 6.421169543523511150e-10 1.506599315567606680e-09 1.685104862266016042e-09 1.435888565221993365e-09 3.259060003946909367e-09 2.132973515112150772e-09 3.594750964873813057e-09 1.396128321641859815e-09 2.796845529305261401e-09 -2.520340642225228305e-10 -1.398275757169751321e-10
1.442290777746621265e-12 1.400773455705561382e-09 1.802797006802795080e-09 9.671718427907764938e-10 1.544480523122847797e-09 1.264514959135645662e-09 1.813537100109330975e-09 4.075401651050468835e-09 1.288940400166877299e-09 3.107565146749206618e-09 1.608208562190907554e-09 -1.825191865007698277e-09 7.932080226902671790e-10
-1.068432192295789802e-11 -1.761584299494378102e-10 3.943522922688181301e-10 9.313637141969721130e-10 2.713671406199852518e-09 2.776609393819987858e-09 2.267096131926510766e-09 2.874246162011931067e-09 2.373994909769569135e-09 5.390566412959494924e-09 2.573655957556262154e-09 -3.077204347073336787e-12 -6.522637379637983412e-10
1.070465222743238649e-11 1.005370179838541364e-09 1.018619606300073919e-09 1.692208339159836519e-09 -3.004552835881503471e-10 4.421225458715631786e-09 3.577641333135806954e-09 5.247835299533153838e-09 1.367181016738058359e-09 9.927931738685821722e-10 3.605004958588295960e-09 2.185306617519805239e-09 6.903229112110134971e-10
-1.076501043189317828e-10 3.583387922703177136e-10 -2.121627028041260192e-10 1.864283229341347732e-09 3.073001566273280233e-09 5.600271552474493654e-09 2.355320517562343330e-09 6.397594766464594474e-09 5.023381063640708333e-09 3.040677096507817363e-09 4.408263275037272702e-10 -1.637532104527486309e-09 8.841790860102815896e-10
1.374588088947804679e-10 8.689213856262884281e-11 1.035399451813931802e-09 1.264371274751308192e-09 2.921670596253579156e-09 3.121205582961251561e-09 2.011704113987284244e-09 2.310938414354379695e-09 4.464560106916247527e-09 5.285081404889482121e-09 1.697505134689606476e-09 -1.093946938768802609e-09 1.179978277467156713e-09
8.321960343455896792e-11 3.411079627625059697e-10 5.789721383589930239e-10 2.879350029489393731e-09 2.582705548581050960e-09 3.666433804023706451e-09 5.422638757169811728e-10 4.531550648088596878e-09 2.252061356191351545e-09 1.538040152974450122e-09 3.490365958108585777e-09 3.696290449324967682e-09 4.703179927324051678e-10
-1.746370770830444906e-11 1.371832537617653817e-09 8.846825131340957340e-10 1.567220712766579747e-09 4.289188649159252112e-09 1.670569211532853509e-09 -1.313486080258418349e-10 -1.321761574357934219e-09 -1.490312008829898280e-09 3.809875083042638385e-09 3.340255217819715696e-09 3.558729127027238843e-09 -8.899896024404149566e-10
1.268592412382415711e-10 2.058638518535248745e-10 3.198320690020641204e-10 1.785058853342000631e-09 7.477555531730458447e-10 2.824095405787058115e-09 2.583438747467474822e-09 3.408034613176989314e-09 3.096057821641002223e-09 2.761091475273454413e-09 3.393757395009549232e-10 1.059427999112416063e-10 5.490735794279578277e-11
-9.713798583009383292e-11 -5.588513984926223670e-11 -8.056638061731342010e-10 1.655533037124812077e-09 1.768099177841684769e-09 2.041883481972301098e-09 1.392917696925404482e-09 3.145508474614069536e-09 7.136056416361097905e-10 2.390338232728988382e-09 2.381369785402168381e-09 -2.618611852365661266e-10 4.575185433907055593e-14
6.255405619650849846e-11 3.925285142695929433e-10 9.415948034319667078e-10 6.898934193288524488e-10 -9.670130599213325769e-11 3.175733215223262359e-09 2.872077691810169503e-09 -1.128692424419435331e-10 2.831109572053864754e-09 1.788625990647003696e-09 -2.168283578555201784e-09 6.918428884388465331e-10 1.095122792540498990e-09
6.232698865573754243e-11 1.745440821996468295e-10 2.568277377939994116e-10 8.956338117927629680e-10 2.196157835594390446e-09 3.372163689068186999e-09 4.126147345168170705e-09 1.871242090991538760e-09 3.992703989473234703e-09 2.466268497457597048e-09 2.541987455114730946e-09 1.450534446260503111e-09 5.422864131389978399e-10
1.742980290284356531e-10 1.131795546992212436e-10 1.981468294580487637e-09 2.796875438203766875e-09 1.802667529458075619e-09 3.978706060669661467e-09 3.424937557329772734e-09 2.024760458026932627e-09 4.834333547807343638e-09 5.786773080181864275e-10 9.224991235957941146e-11 4.503614966063614901e-09 1.206675991766821948e-09
2.992120204566393149e-11 3.501939699694623130e-10 1.092980192537105320e-09 1.633377505497426043e-09 1.158022254675999055e-09 7.157800761375417837e-10 3.176544028888362972e-09 1.756596090590162625e-09 3.899815112868321374e-09 2.310393068056926010e-09 4.362486587433283252e-11 2.367579365613138293e-09 6.653742899397427166e-10
1.893105113730819350e-10 -4.085682727536225961e-10 1.507265237329693892e-09 -7.338533792548051521e-10 3.194372729184690219e-09 3.297877666311512263e-09 2.528673711064974255e-09 2.925794478410328214e-09 2.457499242901254282e-09 2.197273295611931362e-09 2.324742322084608440e-09 5.456058316588871182e-10 -5.222172958779025294e-10
-6.235256058945099935e-11 -6.612972421172779042e-11 8.812433809753539005e-10 9.555328513686714322e-10 1.898919288783478951e-09 -1.343121056352181451e-10 2.094324983232460654e-09 5.441220748310359299e-09 2.844486500887740251e-09 3.771833719063018005e-09 2.135166487682505508e-09 1.635977887979747301e-09 1.337159011290002741e-09
-1.528789394037569910e-11 -2.017541908919112467e-10 2.188168680523964716e-11 6.720228566475357668e-10 3.129208327644439008e-09 2.129927570519002105e-09 3.154428837045729443e-09 5.118326638251260744e-09 1.921889677625225765e-09 3.215158434849219086e-09 1.502183686602716259e-09 2.359388803325077142e-09 7.770508845400939205e-10
1.813015726317813842e-10 -5.205539804994577269e-10 1.080844454060962086e-09 1.469595887042510499e-09 -3.235628900266101091e-10 9.640502066507129486e-11 2.700777923727479423e-09 4.018839682337633061e-09 2.490462152852962438e-09 3.078271721555173761e-09 -2.429710690197778317e-09 1.896695972877020107e-09 -1.376868065362492450e-09
1.590101855796168537e-10 1.754131877421529107e-10 4.649015225439339888e-09 2.886178820372514348e-09 1.587667728632100705e-09 4.956025734537385824e-10 1.176038671681773447e-09 5.036616455454172565e-09 1.305782717679039905e-09 3.208523307589043615e-09 5.011826357481672994e-09 1.287138869076931882e-09 -3.858083787113407056e-10
-5.585069962468554100e-11 4.733482244291355452e-10 3.979816659591292877e-10 -1.828870489610881030e-10 4.364808359538505783e-10 1.904308790223022989e-09 3.652878161914291128e-09 3.370174782473722447e-09 3.359003029336850271e-09 1.029261636596020347e-09 6.172288041241133171e-09 3.946059207425422590e-09 -4.193961191549896160e-10
-3.024994560247457527e-11 3.376444943655471971e-10 -2.504465796928543534e-11 -2.014378116013604226e-10 2.765323934894058816e-09 2.381405343730883043e-09 3.456890241655077435e-09 1.249373787137430779e-09 4.754510508269646055e-09 4.050015598586948746e-09 1.103064333131903050e-09 2.000088514634341017e-11 4.818108953662357359e-10
1.013388134659824033e-10 6.062855386093194150e-10 -4.911396884394619283e-10 -8.309961316435284177e-10 -1.396198058550701852e-09 1.976070530669804398e-09 3.029729692846007650e-09 3.398003839921186433e-09 1.071513984095873003e-09 -1.771674292829554120e-09 6.057872707303126675e-11 4.307025021719590423e-10 2.226396217453695089e-09
1.720938853203950088e-12 1.164072220159133273e-10 1.202507941213377067e-10 7.560482519477439392e-10 1.691802325241280733e-09 -4.813974491426859485e-10 8.747624535394299905e-10 1.914914778731806960e-09 4.480600396714325014e-09 2.040295557649203309e-09 3.758471219600839658e-09 1.281365725142934508e-09 1.126005915375847733e-09
1.174183804787446755e-10 1.450038716459554817e-10 2.034405697484260947e-09 1.531675410911848807e-09 1.863817944520348701e-09 3.625001045836239270e-09 1.840812126173545155e-09 -2.394321655543329646e-10 1.542895716082158577e-09 6.030671500947834089e-10 1.108519472630534985e-09 -2.337899047156287129e-09 -1.894175082247154184e-09
2.398462956681010026e-10 6.105839213366613798e-10 1.197042248465900628e-09 1.190707256313174234e-09 9.523191125960710330e-10 2.181698316221958003e-09 3.459867232968353584e-09 2.758864411083425991e-09 4.132860149237134108e-09 2.031084377282107899e-09 -4.414550428471334632e-10 2.335560184613023035e-09 1.599999149875556668e-09
-3.624915533625133041e-11 1.079542088477239882e-09 3.290624055586957231e-11 1.697717210183067049e-09 7.215259982277917552e-10 2.970080310708045904e-10 3.941932961948949820e-09 3.682519335583761471e-09 1.712365614603397874e-09 1.312639862925618635e-09 1.538576957637066120e-09 1.715975739817069369e-09 1.693404593087868266e-09
6.509208482075630720e-11 3.594306527526881983e-10 1.185456212598674573e-09 1.011735800279852746e-09 1.738628767685951817e-09 1.846742852863650118e-09 3.244574452519550236e-09 3.707521558078346480e-09 5.488143806940289776e-09 5.936429869278013169e-09 -2.815706175199021734e-10 -3.900934746466802606e-10 1.616453412696558988e-09
1.405774238815733596e-10 7.141962892049560945e-11 -2.289121528265923475e-10 2.406551619639662141e-10 2.021137329841570313e-09 3.373598616460293637e-09 4.493717166113678086e-09 4.153489103623546169e-09 2.700041370308144028e-09 3.764842975670821262e-09 4.602240719390172595e-09 2.308781559037078929e-09 -7.808191222866548872e-10
7.209052072763751313e-11 2.382185290441358272e-09 2.659820705087318592e-09 1.080586584981393270e-09 2.995588907539113582e-09 1.929091934878828009e-09 2.392875319128439441e-09 1.272760281724276044e-09 2.421703940784655047e-09 1.806548565938114682e-09 1.942841919969992116e-09 1.684889994401740421e-09 3.508136734407138127e-10
-8.053153316522407829e-13 1.667050333125467378e-10 7.815161607583914064e-10 1.121687398344289105e-09 2.440372229200971785e-09 2.356509118510326269e-09 -1.154576815422248340e-10 8.215291317018453287e-10 4.748090710024349249e-09 2.051066286592397048e-09 2.385200390434621657e-09 2.958749585846678144e-10 -1.384764933976138631e-09
-1.401115892857138100e-11 -1.821394815756549261e-10 1.253927055357694810e-10 1.064590258018883265e-09 1.269315622921102354e-09 8.451360519137541275e-10 2.238426418842267540e-09 5.803499297708495724e-09 6.517907841129355252e-09 4.830125550086583865e-09 2.836050326571583342e-10 1.379420648251162113e-09 1.651522377763910520e-09
1.903242182793465833e-10 1.124570099422256121e-09 2.043508692941144339e-09 1.332796849443447880e-09 1.529152805041756514e-09 1.704233515635442484e-09 3.259834841884130445e-09 1.797247701112958965e-09 1.383802362033246224e-09 1.142616440623618901e-09 -2.990453475663070790e-10 -1.591775257466218022e-09 1.281135869130035114e-09
2.924409651358207641e-11 -3.952586538226868650e-12 1.473328657909863428e-09 1.662350958426352876e-09 1.446468645473723992e-09 4.092860643762820852e-09 4.062085604149088553e-09 3.254351156240586780e-09 3.637394367921539776e-09 -3.170732002439353131e-10 -1.195500524293037702e-09 8.004371989605548029e-11 -1.455884816414381433e-10
2.454360250604277738e-10 3.374623120143888396e-10 2.477515169833918400e-09 -3.421864914691119163e-10 7.050620240394628465e-10 3.470958224276264143e-09 1.520092383855775375e-09 9.293935928096670157e-10 4.794146340037907480e-09 3.775396758994866835e-09 2.638585120214570506e-09 1.162324437395006345e-10 -2.552421255725806701e-10
-1.100140690961119157e-12 -2.839387153820365377e-10 -7.944669578964691045e-10 -3.452215063787534411e-10 2.347946318723420111e-09 2.323119661561816954e-09 1.315429311480636032e-09 4.370018149479851874e-09 3.730066792297102992e-09 4.878649399744480720e-09 2.154153856066214261e-09 -3.870220750251919543e-10 9.793704084549977041e-10
-4.898305271482055437e-12 8.928483527023299807e-11 -6.424139992739765615e-11 1.464942431856410459e-10 9.751900431727866824e-10 2.503513929749416080e-09 1.836791209349863165e-09 3.525648239981119745e-09 5.110468584097512489e-10 8.839496343388381142e-10 -7.575535079647203007e-10 3.596779586527260554e-09 1.021346951943928262e-09
2.227617568201314770e-10 -3.873051379349556633e-11 -4.722063567003192374e-10 8.692808167184918474e-10 1.547178936758369818e-09 1.126177218662524384e-09 1.672738252881904508e-09 4.419102903975049795e-09 3.033212214919137052e-09 3.455576631853171867e-09 2.748664370260428847e-09 8.278156178640351671e-10 7.971780040824680379e-10
9.162667776244347931e-11 4.363607058749359393e-10 5.598704975110727891e-10 2.624548272270913060e-09 4.064045383692198355e-09 1.343877699788489511e-09 9.246811722439162119e-10 2.458719598923131033e-09 2.566449132248660319e-09 -2.625804515541829587e-10 1.772485254580246169e-09 8.165269682277092044e-10 5.002937548199847301e-10
1.558247069522642868e-11 2.395944282814186255e-09 2.690274908713371646e-09 1.654292639549663494e-09 2.832818005571687527e-09 1.749449768029129282e-09 2.526051628688371550e-09 2.030785143156926574e-09 2.780674792625571054e-09 2.264054068008924555e-09 1.152068775788734866e-09 7.829562804909451624e-10 2.562047373376652515e-10
1.556504490289594326e-10 -1.934269958663655815e-10 1.945926976163040330e-09 1.141914886523660469e-09 1.214300099106309171e-09 2.390778060254467569e-09 5.930478384472232010e-09 3.499383727751435068e-09 9.948235666525850022e-10 3.777146108975557254e-09 1.714498941588294162e-09 -1.404199324589842454e-09 1.054659713205099784e-10
-1.606777625182353892e-11 2.521704675245357038e-11 2.313340850156614857e-11 1.482265803198633547e-10 2.182118327190101077e-09 1.692009897374450568e-09 2.064209231865963881e-09 3.905213041028473668e-09 4.454177844803950992e-09 2.413404165089944935e-09 2.155642400567198317e-09 -7.470744284431525865e-10 -8.700174927647609795e-10
5.682361412355363795e-11 6.879472559140779378e-11 6.229234135312596227e-10 1.552242766793739111e-09 2.755204315548906765e-09 1.732620690556967726e-09 5.560594760680948763e-10 4.669287650095661978e-09 2.369728715339075404e-09 2.540546076579994245e-09 -2.840762685644149106e-10 -1.056461490238429754e-09 -1.274088188400641213e-09
-3.864305647175958732e-11 2.546643270156522522e-09 2.722705134407066121e-09 1.824534245142496020e-09 3.256864742497224647e-09 4.421247452227913189e-09 1.885154323836410391e-09 2.433872705298787508e-09 4.200763846107855344e-09 2.527492336264511505e-09 3.911751233974006611e-09 -2.590507731704100424e-09 1.512213216573861914e-09
3.070870870909128763e-11 1.473448907029316455e-10 -7.674270498196936480e-11 1.108228432456098014e-09 2.340773204970030090e-09 2.093782709677732974e-09 4.473709553640055552e-09 6.105578154002839225e-09 2.063840971365222887e-09 1.632216205357238342e-09 1.933664798236277226e-09 3.567455952130306427e-09 -7.215714533062969945e-11
-2.389350326701476167e-11 6.152342825371275412e-10 -5.944105407435328461e-10 5.331421898901961336e-10 2.892267479868933568e-09 1.685982425516734508e-09 2.220403912276537685e-09 1.857905552717209395e-09 6.146833818522007555e-10 -1.269948785301845866e-09 7.449679188528066815e-10 1.892993192471203774e-09 1.211840354542167995e-09
9.351476073192758884e-11 6.543150487474615526e-10 1.486076690418282530e-09 4.491059208965244198e-09 9.313266877354742364e-10 2.419956984463093294e-09 4.724150838678156992e-10 5.157780446358883382e-09 4.678328601154841208e-09 3.338394712360430374e-09 2.127633521700236650e-09 1.968425396091827387e-09 3.132173984679058698e-11
-2.695676931212572386e-11 1.700099902869443503e-10 -3.019651382530235019e-12 1.522634409255811187e-09 1.785372496776285639e-09 -2.120839959446704954e-10 1.031743532012546649e-11 4.053185789985186645e-09 1.390833218876925422e-09 -1.773811301640600093e-10 1.320070669645209061e-09 -1.277691094442070583e-09 1.796405193315911147e-09
-6.155632496931491773e-11 -8.144703090774990398e-10 1.736108344686366700e-09 8.317682015440311079e-10 3.476419803191877206e-09 2.353970495253036330e-09 2.865848629735004296e-09 2.497908748772164661e-09 5.746272238206713895e-10 -1.486440513410762918e-09 2.694299277817997002e-09 3.724942253828834651e-09 2.380908294097849688e-09
1.817195869550359493e-11 1.000347152897057056e-10 3.451738988712663634e-10 6.093439772105820905e-10 1.076493847085526780e-09 2.386870805574006495e-09 4.919645204010843885e-09 2.197406199878963823e-09 9.287439372395788871e-10 3.849549695075569767e-09 4.991800719427426377e-09 3.416874433298085833e-09 3.549354908872009786e-10
1.862136737362958648e-10 -4.832367639475730823e-10 4.500139283566820100e-10 1.024506830997752032e-09 1.550891647579094757e-09 9.596699288351948199e-10 4.085241128215926222e-09 6.173023445838478444e-09 9.342642460462435020e-10 4.666367001531240935e-09 3.733076513189887678e-09 4.289606582059600835e-09 -7.181571432039333830e-11
1.045993986582541183e-10 8.368335014161713089e-11 1.095923251294116497e-09 5.846917477513215338e-09 1.964849485451421798e-09 1.023647936426591335e-09 2.891135154288193332e-09 2.536731506254883624e-09 2.578560771848064336e-09 -8.573983726790071524e-10 2.491828425097966703e-09 2.433148579733701094e-09 1.291897822501589659e-09
1.040812747568521428e-11 -5.510677441484381617e-10 5.813065225178741317e-10 6.645269886663772423e-10 5.318385522392246009e-10 1.870074417102759970e-09 3.313597972743943450e-09 4.641758256848082879e-09 -9.083987542335755357e-12 8.041865971170023299e-10 1.457821424659003971e-09 1.020251805590620548e-09 1.287959381926988473e-09
-2.643375552300223451e-11 1.329630521924382889e-09 9.538276803297361209e-10 1.074178083194389375e-09 2.773951446938833649e-09 3.426048301810938707e-09 2.067743171651174919e-09 1.715407718838866464e-09 2.807556901339506935e-09 4.055658452576321387e-09 3.849343257328876132e-09 1.977519799055582200e-09 9.748949339833552114e-11
3.772049075686914266e-12 3.256251228301320505e-10 7.720105962250187820e-10 1.644225141539363556e-09 1.727356795906770908e-09 5.155780694986127818e-09 5.506975913193266773e-09 2.613546505114256782e-10 3.809930436395547107e-11 -6.955386332617392704e-10 -2.004405267872431836e-10 1.950898838412918086e-09 2.709626042286091899e-09
5.437644799136797798e-11 3.073803684866417828e-09 2.293163178828316519e-09 1.148091557144799621e-09 2.929430221279235679e-09 4.234860685258225982e-09 5.194998714726924223e-09 2.437969145447547130e-09 4.356557237575511505e-09 3.645373588341444000e-09 2.824987316761682858e-09 -1.557690528736619658e-09 9.017021399829183257e-10
2.823974555144245452e-12 5.206369742080285790e-10 1.013614786370110630e-09 8.161477628541758145e-10 1.221682096786476848e-09 3.061618990033592911e-09 1.652705824586929459e-09 2.389430219136188766e-09 2.474355232902648914e-09 1.525192941340423435e-10 1.200155575035518056e-09 1.336659196553769079e-09 4.478670787700250755e-10
1.132722981962620246e-11 1.506148450070455199e-10 -7.466742157998279487e-11 1.085467153868041401e-09 5.487480169676954217e-10 1.682937760592802016e-09 5.155530045734517333e-09 5.313686094766844003e-09 2.284581183182689767e-10 1.583934298980787190e-09 1.902006366642321580e-09 3.865924305629799056e-09 3.478297366625877799e-10
6.028506737081164793e-11 -5.334323594510140362e-10 1.028899274773715655e-09 1.255712181779777720e-09 2.415717497016426984e-09 4.928272877835838254e-09 4.885365058138156206e-09 2.887348088732140915e-09 5.794304355996749951e-09 2.149168027340663595e-09 5.711993022588369785e-09 -1.980503803124088197e-09 -1.428641898953345341e-09
4.309983159196139241e-11 -6.126784515297754378e-11 7.045320785042866472e-10 1.103307563854877420e-09 2.692485092989829353e-09 1.707115913113910015e-09 1.136526509343488427e-09 3.853419721883703781e-09 9.581226066866704027e-10 8.790511030321207169e-10 5.620041362874659239e-09 -4.648564843357449049e-10 2.019626583394192593e-09
2.042813194164640965e-11 -1.630684843514702210e-10 -1.049814770929985584e-09 9.496580660937374658e-10 7.715188927490029929e-10 1.946403762027987147e-09 4.527798218757352983e-09 2.259244996115810570e-09 2.360473011148493737e-09 3.677261506460292412e-10 4.133936280487722097e-09 2.218266881894195823e-09 3.080081483800073890e-10
8.698760255095356042e-11 2.139402104871291104e-10 6.552330948058691422e-10 6.206862037482576719e-10 3.292395872169186373e-09 2.708227463244946123e-09 1.492781020565550915e-09 1.855215307805368988e-09 5.846595240543529985e-09 2.560232996909364218e-09 1.430043420423675179e-09 -9.618293701480850398e-10 -6.522102619125342049e-10
4.221054896432645550e-12 5.121860874991695729e-11 2.162333601965025062e-10 1.632577497714809737e-09 4.191474189713422506e-09 2.384501565338119618e-09 5.235128153586548972e-09 4.359259377779136510e-09 2.537367005826249304e-09 7.214354395433345701e-10 -1.470036480008742324e-09 -1.450059626168634503e-09 2.808570284873173648e-09
9.535300451992593913e-12 -5.291390728424659556e-10 6.638131155753804507e-10 2.839035827146186753e-09 3.917835665331588801e-09 3.042145982033636115e-09 3.351617490368882682e-09 3.547694109254111064e-09 4.739711645644846587e-09 1.722152253850852888e-09 1.237557838913406561e-09 1.604216416788980034e-09 -2.987908889319096448e-10
2.081709064049608832e-10 1.743043432208832423e-10 1.373294321280566095e-09 9.433300508227718215e-11 1.638772442424829746e-09 3.377477182135675760e-09 2.749923723936315940e-09 2.778990381906569186e-09 1.231573930863461012e-09 6.548681897155557441e-09 5.193233104978461398e-09 2.870466650803549388e-09 -2.990715969615682504e-10
2.378981156331254994e-11 -1.838051631980403923e-10 1.357418219750559534e-09 2.457090861881314300e-09 2.990072799559912470e-09 2.773508482078958122e-09 2.800939844117325577e-09 3.147216176978448351e-09 6.694396476880072836e-09 1.929632030022173280e-10 -1.737863147346233219e-10 2.026807759095993234e-09 1.026732313088690941e-09
7.263735694388331769e-11 5.403054285363518614e-10 1.440980228966188339e-09 1.843143738950972514e-10 1.647919086828200252e-09 1.915055487074113458e-09 5.045411683655789124e-09 2.313912318596651612e-09 2.390935278491642441e-09 2.497884059173636594e-09 2.731508682685647127e-09 2.081160718424910987e-09 1.946948837321177225e-09
-5.193425691533733766e-11 8.195168309242504608e-11 2.254677284363813082e-10 5.736361176440572459e-10 7.318499298923948754e-10 1.868811281907349655e-09 3.608023947399979154e-09 4.663701618256337301e-09 3.249798687506718652e-09 4.599092410073186221e-10 2.969075748007755903e-09 -2.018280242222732758e-09 9.373793286685149098e-10
1.243417794398258968e-11 1.022078273434072157e-09 7.834679652972961744e-10 1.160707329217027759e-09 2.458034587200738932e-09 3.214218259622014230e-09 5.701889055807566995e-09 3.980717156149246821e-09 2.527921121278659222e-09 4.950975772629788501e-09 4.012471900237166419e-09 1.329504130218545464e-09 -5.073122105738311142e-10
2.446585118625061586e-12 1.217578097760019367e-09 1.052372086740875672e-09 2.359592224048737955e-10 5.471382166801479028e-10 1.838244291767206792e-09 3.875909240060325077e-09 -4.065662817566401912e-10 3.532304585976897353e-09 -1.490751951455508709e-09 1.486496563411120963e-09 3.374048269022403514e-10 -7.775179661799202579e-10
9.109008980704594686e-10 -5.303431001945578499e-10 2.247865117044751046e-09 3.099979526568099661e-09 2.369134480240339982e-09 5.674890962426116777e-09 1.746374427722300616e-09 8.710554472036937978e-10 1.166666189957012096e-09 1.710787666997611487e-09 1.679701120047819648e-09 -1.882591608749528110e-10 1.312546134068914987e-09
-1.277213877664857645e-12 1.256127243252158385e-09 1.314518494205038426e-09 7.179002268172487439e-10 3.723758094387948245e-10 2.921650888882807974e-09 2.927972608819054523e-09 1.972347318221037428e-09 1.805139471728034842e-09 3.638769219480752754e-09 -2.413438217858121913e-11 -7.746494762148699769e-10 -9.809920390083185784e-12
1.262885715372660539e-10 6.181308114905254947e-10 1.102629843347086939e-09 1.080188815216321135e-09 1.316319643665562489e-09 2.146490766507021430e-09 1.044140941259580308e-09 2.244731957403093357e-09 5.402022094489116555e-09 2.526402384415942305e-09 5.279390546737062824e-11 4.028076504749156708e-10 5.010457347012869518e-10
1.069758444109284716e-11 1.337354683299144424e-09 7.807185849867926888e-10 -7.210138231972515213e-10 2.057169473699837181e-09 1.128526260554166050e-09 3.028979591950976666e-09 4.947183863661130448e-09 3.164039012237140262e-09 3.740262904953402519e-09 1.053089236105268766e-10 1.096983735057591067e-09 3.981827856696713751e-10
-1.857574090747471975e-11 3.650588997763488081e-10 8.208381578512217593e-11 5.991831278760161616e-10 4.284643354879507037e-10 3.561478353403051522e-09 2.220439443679588695e-09 7.614613091684717714e-11 1.326970246949340009e-09 5.517227283417292247e-09 3.190746164885952211e-09 2.673224713612455820e-09 2.419279425832332880e-10
-2.514883845791154798e-11 -5.835207705509300860e-10 1.516236626560120215e-09 3.001167651431582837e-09 5.747607250551723802e-09 2.660047325935983924e-09 1.385165954297246953e-09 2.604805829524466747e-09 1.462025842243463172e-09 3.958837961834924373e-09 1.116923367729681446e-09 1.256478710497611415e-09 1.424680887993054611e-09
-3.463500647317471354e-12 7.228730276617552723e-10 1.390660257908383197e-09 1.162356382953190204e-09 1.895440010609750879e-09 1.677226229006377843e-10 1.526344892616696524e-09 2.828718707680858502e-09 6.111870472943400132e-10 3.259639668780847554e-09 1.741757151380687395e-09 2.865709722558328203e-09 -3.728510185365890293e-10
5.712639950371405380e-11 7.439398062395756194e-10 -1.124141018333582413e-11 9.909216183952912279e-10 9.471407528803491132e-10 1.987664861385806573e-09 2.563670027258129150e-09 3.450510357859478528e-09 1.245963750376312029e-09 2.570652970158047544e-09 7.642353965958427462e-10 6.691545589821128518e-10 -6.494568800988659783e-10
6.762959018959101052e-11 1.292990002118493403e-09 8.161697616771673713e-10 5.241800587428307444e-10 4.543243073163384278e-09 2.580339662872378824e-09 5.176168548016658578e-09 3.264160925266419068e-09 4.460401502539653432e-09 -1.267134715624361211e-10 -1.077261933618401268e-09 1.343029569477796755e-09 2.648161451352207582e-12
2.842126075758546880e-11 9.385371571102201406e-11 1.543304722043940309e-09 4.832207189714099185e-10 2.529282281991500500e-10 4.629264106812614300e-09 4.617938950725944413e-09 2.943397570904849274e-09 8.715601274471702868e-10 5.230104610246989952e-09 2.954427305053572757e-09 1.608537334288085898e-09 9.725070962124351950e-10
-8.980064602372930516e-11 2.958523524057539384e-10 -3.018356953246409039e-10 -3.626724861222486610e-10 1.268641395818134343e-09 3.822627329111683667e-09 2.243196865422120463e-09 2.268598194896165390e-09 3.741536240690597467e-09 4.015621425634319187e-09 3.656337553238548433e-10 2.419100826949810189e-09 1.309980246455681814e-10
2.648312411404148368e-11 -9.106973901316512216e-11 1.724037332247412781e-09 2.186130457011213805e-09 1.792252894157111912e-09 4.900478345101674960e-09 1.832209153560535835e-09 5.227068499961166725e-10 1.650288250259862880e-09 2.182276185478206657e-09 -1.226944062439979110e-09 1.675450663030007751e-09 -5.828556023658235453e-10
5.905178524846558686e-11 2.381740736273998303e-10 1.080149340374137688e-10 9.546146220474020687e-10 -3.032502761134697194e-11 3.172982207842726981e-10 3.819449098946163836e-09 2.744309803016287992e-09 4.568446360523670567e-10 3.330303286395611706e-09 1.079906149233778136e-10 -8.202016240308294117e-10 8.369053719603564377e-10
-2.738684838079787617e-11 4.444131088177189371e-11 1.909428209646930549e-09 3.960119502815671123e-09 3.024750931807928681e-09 4.215153371141334489e-09 4.776663747278216665e-09 4.343944651600767808e-09 5.863538380730606262e-10 1.158192422519491783e-09 2.597455350782677065e-09 2.608398471624735976e-09 4.727412691082796900e-10
1.254427857282399954e-10 -3.204553320236021296e-11 1.388151984436671247e-09 1.573796819157795289e-09 9.869723228894204101e-10 3.557297119736981486e-09 2.232171073186516612e-09 2.298238323523861042e-09 2.768108719218701394e-09 2.543410737390425076e-09 2.140852411624498648e-09 1.320834243957901389e-12 1.006355129842938094e-09
1.759495059796575960e-10 1.040800906524524023e-09 1.081479472013192370e-09 1.755573333844755665e-09 1.148821261680021813e-09 2.435974368384082452e-09 5.529536289891473212e-09 4.188154630772117686e-09 2.214728716438109770e-09 1.141297375363855626e-09 1.230659253705038555e-11 -1.242945262338431643e-09 -1.170371476793693613e-09
7.696202834910662034e-11 8.558547706545313947e-11 3.294685084447789369e-11 1.859478663825750762e-09 2.029675556330453133e-09 2.411268575210707768e-09 3.497925383530010048e-09 8.515429580137073154e-10 4.211544574818389939e-09 1.203355394935259189e-09 2.219962248672739229e-09 -3.876967369901673632e-09 6.677698006760274168e-10
6.980063335838202747e-11 1.665353381787552819e-09 2.406030627266811961e-09 2.491970791141852558e-09 2.669623376835014132e-09 1.782609428531964365e-09 3.688654550581363088e-09 2.361851936538626770e-09 5.772538217785156427e-09 1.886375179375866883e-09 -1.527922328100781187e-09 -1.047794022057759919e-09 -8.621830751977642667e-10
-5.407472568540534613e-11 -1.206943680803578436e-10 5.220960614547009304e-10 8.121912718612966226e-10 1.165702767321557072e-09 3.032702108478658281e-09 4.265388141306790973e-09 3.324648185406776170e-09 3.306608478143556350e-09 1.432171291976414262e-09 -2.534453072844298066e-09 -2.552509585094761832e-09 1.608531475567291509e-09
-5.619168454961317688e-11 2.041802900844878364e-09 1.728455638923846565e-09 9.745970353060084893e-10 1.813024446183193835e-09 6.809034685806940840e-10 4.590339687917255332e-09 4.817988346097374399e-09 4.973433508320714976e-09 1.580620196988226217e-09 2.790264714627448453e-09 -2.186194580531375457e-09 4.583755839416640775e-10
-6.886943815588193025e-11 -5.703169432776292148e-10 -8.268147641534303677e-10 6.494616383911112864e-10 4.425695132998415722e-10 7.734661282483276395e-10 2.055717411315552443e-09 -1.105058798410896229e-10 2.545022555883691807e-09 9.343896347243073646e-10 3.694204420100816530e-09 5.591649870604058217e-10 6.099596167861693250e-10
1.398377642509278823e-10 4.008525174797373448e-10 9.468684385697124259e-10 1.001457714574945414e-09 3.000608978467245541e-09 5.900424059539450724e-09 2.499033431675484502e-09 2.700753782854196310e-09 5.406345882754400907e-09 4.273451531428353928e-10 -1.154509793860961951e-10 8.577375411170505268e-10 -1.546877033191397574e-09
1.049932688374109015e-10 -5.928005423882713161e-10 2.654937033963430776e-10 1.019930887324594786e-09 2.392662812535066000e-09 2.533452323162144153e-09 3.328376372498016172e-09 2.616018708073031138e-09 3.950430313449200374e-09 4.886282914608258495e-09 7.922883947792650401e-10 -4.288074406790308191e-10 5.498192331957762650e-10
-2.362939519496828934e-11 2.595245791731952700e-10 -7.844039231434876571e-11 5.703290452075363274e-10 2.162779832522690887e-09 2.452229484559113975e-09 2.732406941888844278e-09 1.208724425936562327e-09 9.879465806563967168e-10 1.214683057048116825e-09 -1.076810193093852097e-09 1.659886624045590430e-09 -7.790108967396519599e-10
-1.317370290615251927e-11 1.887411062506778515e-10 1.772049055822863221e-10 -2.500164492215915968e-10 4.385038795351584119e-10 4.708123922000194852e-09 -1.219216057103505985e-10 -1.270934478522107652e-10 1.316000119414114302e-09 4.750591709546863221e-09 1.803096948652102334e-09 -1.665520028812696777e-09 -4.037307635624958114e-10
1.868460405782464958e-10 -3.974294425345531428e-12 6.568385565516450932e-10 5.522837991205570317e-10 2.586634445120933434e-09 6.015748801689418860e-09 3.398817350284671352e-09 3.891514031233697179e-09 5.643745404149869033e-09 4.007656019224736806e-09 -1.386486158120541726e-09 4.094487322906973592e-10 8.358045069299343343e-10
5.103162386128383166e-11 1.335578690910796175e-09 4.936438282496335710e-10 8.155800745206445061e-10 1.625465371425494231e-09 2.187362630778123129e-09 4.023126296059533662e-09 2.099013569368178514e-09 4.739278399816047959e-09 2.642019824296209390e-09 2.417365807748337079e-09 6.530901085207920360e-10 -9.791993614469092207e-10
-6.843274863173999931e-11 6.789217849155920696e-10 1.193914553572671305e-09 2.997874909315436763e-09 2.204352712817216712e-09 2.800152005642617005e-09 1.229430825890987275e-09 3.875479819494679877e-09 2.570011758689473232e-09 -3.665621445898125236e-10 2.799769000752667182e-09 -3.175215545960798021e-10 -5.572954417414398547e-10
3.011503336202410245e-12 -1.547628121201076187e-10 1.128432487965650332e-09 8.247029819397215735e-10 1.647263157350801030e-09 2.149417258726719232e-09 -4.916743785682912795e-11 1.590437982870063234e-09 4.442487043318238416e-09 1.826172510159520670e-09 7.595366490673264719e-10 3.148378397185826758e-10 1.392032529011564766e-09
3.155311478644427578e-12 1.453369839156539726e-10 1.281015578120827985e-09 1.543433474521511570e-09 1.894322679159135003e-09 2.585859027816232039e-09 5.042620895374490369e-09 4.324557109792540573e-09 3.453866924223880872e-09 2.808703586775093379e-09 -1.840092307132747724e-09 -1.038111124732923639e-09 3.088561438125991341e-10
-1.978057018712705797e-11 5.662530138790706706e-10 1.763800134933504327e-09 8.908454968752538839e-10 5.421424681881117324e-10 2.303702001595026766e-09 3.346694116305260379e-09 2.870184696568068953e-09 1.743877471531119875e-09 1.684880881232825092e-09 -6.454297490991460668e-10 1.721162599079037456e-09 1.216860398512415548e-09
-2.150350823450023568e-11 6.915457620907463421e-10 8.263013351575429396e-10 1.881331473706734763e-09 2.033165607382366280e-09 2.530854815836854332e-09 4.978770072241161771e-09 2.912786742324698658e-09 3.251169235101312727e-09 1.918675024430295382e-09 3.699201757888604310e-09 1.620220258189682489e-09 -9.673075561426813692e-11
1.151988753972153002e-10 1.819774253433190720e-10 4.372813325556049465e-10 1.377621624750765256e-09 2.112846002025231960e-09 2.316109595400361758e-09 3.228714447019741750e-09 2.009151976452003528e-09 1.253290714848563601e-09 1.360822154485076807e-09 5.186528073816821618e-10 2.769762901526092656e-10 3.785527152853598348e-10
-5.670947257853116998e-11 2.584566541922667589e-10 -7.261552858531878416e-12 3.005660419221863701e-09 4.968334909277169979e-09 1.974000065436495131e-09 4.528635621466209603e-09 3.924701905493879362e-09 3.314723830410886466e-09 2.835316228201040619e-09 1.235146025630291200e-10 8.004493502180545922e-10 -3.613183083989839300e-10
1.363236457823346842e-10 1.663050713311373791e-10 2.241367968174476432e-09 5.850476817134374985e-10 -2.451758847141009409e-10 6.484952701885708194e-10 1.380008141310991171e-09 2.549914583345740095e-09 -3.904034443399937351e-10 -6.815855410293690993e-10 2.003059271451886191e-09 1.313579415790289295e-09 1.159357164244329877e-09
-9.738654528785620523e-11 4.180235506547662542e-10 1.758076861827880003e-09 1.896620579622804928e-09 1.287440621305374059e-09 3.419248464773174505e-09 3.652833840752299915e-09 1.968483502683663926e-09 4.000677428787595390e-09 2.224789686268577287e-09 1.855088537945540572e-09 2.456459449148036068e-09 1.130314232248738908e-09
3.312908132155737348e-10 -1.602506251732538336e-11 8.682974259124998427e-10 1.260750877081039270e-09 1.168883298018274828e-09 3.935671487380760028e-09 4.566170182309109563e-09 1.018214953546438099e-09 -7.028938855898977299e-10 1.859342137832601023e-09 5.668600505148147349e-09 2.294002684586312093e-09 1.914176579138995731e-09
2.325064626347016746e-10 -3.246728508671671493e-10 7.613801060193863299e-10 3.565576315320783774e-09 3.839593196050929906e-09 2.299740287064339326e-09 2.909047537060943946e-09 2.578234317682028486e-09 1.393741551579457606e-09 2.704348999138101547e-09 -2.659059250814752830e-10 1.367482281273334217e-10 -4.321410678237259917e-10
7.812044689963670639e-11 7.296188593621451558e-11 -3.868281749136380370e-10 1.913682483227240029e-09 1.249874112610474329e-09 3.871672834777167929e-10 2.802459230650955512e-09 7.823119281634626626e-10 3.049520559859505486e-09 5.679735345396800730e-10 1.309472792777970331e-09 1.718805547515561800e-09 1.033570118973748960e-09
8.312680618598095541e-11 -4.391348612985838134e-10 5.696481629352394076e-10 5.965484915468143732e-10 3.341808593270726516e-09 2.277806217048921216e-09 7.681314495392179238e-09 4.790227593869478246e-09 4.289552606519047156e-09 6.035607172876309249e-09 1.058723773386927499e-09 -1.428229974544654993e-09 -6.782041335121467268e-10
-5.435856819922805394e-11 4.403606664098283164e-10 1.806058551764319398e-09 2.260087254368676393e-09 1.465123264210494331e-09 3.870282993320054287e-09 4.790225013304023870e-09 8.135046617056508586e-09 1.985138988550990375e-09 3.546419772339255038e-09 2.940822667142140498e-09 1.777487248993487802e-10 -1.514057713102095758e-10
3.951661748825584988e-11 7.172801552372661049e-10 1.624486755478244771e-09 1.454578720277755298e-09 2.789863992172834632e-09 1.586237961087345775e-09 2.693576704800797767e-09 5.011472124034512017e-09 5.706294087793160264e-09 4.948353472876931408e-09 1.009038008869220413e-09 -3.044841607026075118e-09 1.692777608248334959e-09
-2.689357549391899427e-11 6.363826177672840337e-10 6.326258664106249110e-10 8.839824451198952963e-10 -1.041380879350197767e-10 7.116809707923764157e-10 4.333395667047484571e-09 4.494401404235507335e-09 4.559917036902909388e-09 3.784239502231320115e-09 1.603809398590573036e-09 -8.000063708211778373e-10 7.389479230654597533e-10
-1.225960500393681390e-10 8.572895885825851550e-10 -1.504854480557891685e-10 5.636074331002962219e-11 2.503539677504780774e-09 5.646337001399250080e-09 2.990568582911074215e-09 3.364838487625872764e-09 4.245617293469352851e-09 8.375015621322014143e-10 1.575022587142637920e-09 2.000941378390827512e-09 -3.748386534729464987e-10
1.315169400077850552e-10 1.405992058326239628e-09 2.445162642434239551e-09 1.581597671236166996e-09 5.289971454576140714e-09 2.866537780174290619e-09 1.272082136429760713e-09 3.993396796841518051e-09 1.785048091358885201e-09 2.328079551627849621e-09 -7.371695884511606626e-11 -3.854762966968707961e-10 1.268217288335570865e-10
1.581147266384826316e-10 8.899786341895071161e-10 2.611705742820130765e-09 8.748437622635545684e-10 1.700111365141691919e-09 9.022766921982597233e-10 -9.249706529346821949e-10 3.016392377002441407e-09 5.706102355645604768e-09 9.394130904237889037e-10 3.387081048096835436e-09 -9.939645198963702151e-10 6.050378839502433852e-10
1.909431357259053445e-10 2.405231291360511551e-10 1.747937592642227546e-09 2.434362663099619585e-09 1.308893729078992379e-09 1.172877228766314145e-09 2.668874880519961113e-09 1.688185952176536864e-09 2.665268418883862692e-09 1.363461151990260990e-09 2.998102024754490355e-09 -8.092170109866817572e-10 -1.181428888897708361e-09
-6.788301224240985819e-12 -1.799297170088256010e-11 2.048232326800936787e-09 2.249815672528625307e-09 2.754476343528673101e-09 3.180977950508741800e-09 3.173418446980528041e-09 2.219046579582078338e-09 4.003132932308116012e-09 5.244387480763075216e-09 6.311257985938197348e-09 1.894614847222115570e-09 -1.701593145989066438e-10
6.344649694762584318e-11 1.473071758186567594e-10 -5.120217941755965449e-11 -4.421359869069978360e-10 2.567443581981989889e-09 1.969383791194543729e-09 2.462726706283384305e-09 5.369495692015056793e-09 3.969182913793320499e-09 2.710835418000666395e-09 7.750160962458295974e-10 1.410145212001458513e-09 7.305475786534885145e-10
1.570504381575549822e-12 -6.961141614316712905e-10 -8.896683961518952991e-10 9.604293628063440288e-10 1.771636257129136283e-09 3.469452158529146264e-09 2.082531467809680308e-09 2.694778131869850685e-09 3.235523547629010339e-09 1.605846253813102070e-09 1.753510170930324254e-09 -1.780543354733783748e-10 1.019141389629589191e-09
-5.735950682059431812e-11 1.434604131972754553e-10 -3.210832764386834460e-10 -1.236669006795812051e-09 1.300207831369539160e-10 1.742627727900725392e-10 2.592208124808889750e-09 5.384001395958442728e-09 8.377273015857319406e-10 2.467288910900902227e-09 1.285432822700382318e-09 1.340262492179111381e-09 -1.760393445896964361e-09
1.829495145684352239e-10 2.958793894185255175e-10 2.982774009395878882e-09 1.769820277381030584e-09 3.692787216434859467e-09 4.155220826394567269e-09 3.302447941053417644e-09 2.943348934131179929e-10 2.093649428591092056e-09 4.709083016572871451e-09 2.037633353150243130e-10 3.426728007523809029e-09 1.009918814210249887e-09
1.139296971104308484e-11 1.847537529394266722e-10 6.335735775191200503e-10 -2.181645234745939260e-10 1.412610257524466250e-09 1.745376355862948751e-09 3.769290822609140497e-09 3.742403349474541844e-09 3.808990728492425532e-09 -4.136486531467138641e-11 3.679653710505811421e-09 -8.287711957842778267e-10 1.320489600327417456e-09
-8.415871766144379632e-11 -2.951564804949817012e-10 3.363152510784450144e-10 6.226842004944255589e-10 1.781775816062453209e-09 3.302528597038342411e-09 4.205972378364075346e-09 2.330892465462865582e-09 2.714365792411771705e-09 4.110126212347036918e-09 6.205105329342746863e-10 -2.779025167655624582e-11 2.678832419926791485e-10
-9.531800797918614593e-11 2.301795684393139525e-10 2.823509411335672380e-10 1.288102251289285084e-09 1.155141526196091869e-09 1.015653068692770836e-09 3.372507583725032468e-09 6.212036017310541392e-09 3.214730891400967842e-09 3.980458040541535688e-10 4.734828986082140221e-09 -1.167025282701740487e-10 -2.609330939591562382e-09
7.955340334903316903e-11 9.368404024594136877e-10 1.004979512849195565e-09 3.644777755630912397e-10 1.613182963378612138e-09 1.431505179934576617e-09 2.703365427070453889e-09 3.841712403225571673e-09 1.018430467545955499e-09 -1.562410690196562678e-09 -1.019088075775064977e-09 -1.643502337590014499e-09 5.053827817809027524e-11
1.928791448796657466e-10 -8.878311013457231883e-12 8.949411385765324130e-10 3.253475482935088633e-09 2.153226690420517900e-09 3.222741393351191730e-09 6.442738510728508104e-09 5.682625109011491646e-09 2.966717136048745928e-09 2.712126714727466083e-09 2.148429507767368681e-09 1.578943089110214886e-09 2.901132532041074562e-09
9.759080018679160487e-11 7.526847330265275182e-10 3.915719538046142542e-10 1.196351505451881834e-09 1.771803052555447492e-09 1.582761615451203118e-09 6.791319229886305221e-10 5.683972456404060554e-09 6.264374005989608180e-09 4.518008918830754087e-09 -1.463212581498072760e-09 9.868923595394230004e-10 4.276460520929424144e-10
1.203802171748127783e-11 7.811454531635987127e-10 2.711048805634672949e-09 1.698471055565295514e-09 2.478382368357514077e-09 2.177627898140887387e-09 2.949162014600398724e-09 5.826202631756527060e-09 2.455830346156971705e-09 2.004901153525861423e-09 1.318229865570859080e-09 2.581135105816218352e-10 -5.947714292972156319e-10
2.008455472044451892e-10 3.603971462626889987e-10 9.738120908939555689e-10 2.140579440953027925e-09 2.020235653175380422e-09 2.945397175478872343e-09 2.405639792698039068e-09 4.422630241216984402e-09 -1.048235332111050067e-10 -5.036114773746399345e-11 1.587307932572816931e-09 2.972676246057506922e-10 1.631249102450852661e-09
-2.747126509946199003e-11 1.367514130377916032e-09 1.085474501729482835e-09 2.101650530706296189e-09 2.112796984211655615e-09 2.030732784720738837e-09 3.679971447696875342e-09 3.881547287753963334e-09 2.825727715860715939e-09 2.955926683115596295e-09 3.182782604569970272e-09 1.362197166184946150e-09 1.438877038862419341e-10
-1.214542286300869204e-11 3.665637105165406444e-10 1.064120053492264789e-09 1.636307716516584537e-09 8.116634471342129474e-10 1.884202099948190385e-09 4.330637633371283607e-09 3.925499145257979390e-09 3.922246238414063544e-09 3.135741864335957297e-09 2.182579639010101974e-09 1.523478964039569728e-09 2.619560079282744020e-11
-4.368563652127257598e-11 -2.774865878166724368e-10 7.087883696603264160e-10 -6.794276995852779719e-11 4.136698303869269530e-09 3.227914212594360392e-09 1.980781287641543895e-09 1.779999766167983515e-09 4.255114619776062052e-09 4.393337167455239702e-09 9.329355296489389936e-10 -1.721412889074088407e-10 3.533430765309149514e-10
9.568778148063250632e-11 8.458088829977728222e-10 1.388459626165512440e-09 1.605775784205174714e-09 2.685312553266604162e-09 6.572010414194280198e-10 3.840064896151094679e-09 3.270867984464586168e-09 4.975451937764764607e-09 5.119050058838106623e-10 2.040085504643739791e-09 3.229054460561403910e-09 1.613998422271328363e-09
9.159601153206095231e-11 -4.965536018489284945e-10 -7.092672029155282558e-10 -3.132400002797295246e-10 1.842095169770359844e-09 -5.302791057487571666e-10 1.241749603071875468e-09 1.115724634110647892e-09 2.019500109197640368e-09 3.309507992386677064e-09 1.831802781789690299e-10 2.311573643983063033e-09 9.552777046760388966e-10
-8.490301849468054991e-11 -4.336023297583138725e-10 1.683082753889381724e-09 5.176544326097664668e-10 2.498734116066691113e-09 5.152153338632599959e-09 3.699805280769703070e-09 3.632237313938655716e-09 2.684215870560196973e-09 2.820499143559753387e-09 4.418149784890235059e-10 4.910456491729932338e-10 -1.103621115900350594e-09
-2.543683645051834746e-11 5.376686241964651118e-10 4.346518063468425323e-10 4.960492238298203199e-11 1.241351441126844432e-09 3.453986754433857427e-09 1.253240249823722831e-09 2.347125051661147429e-09 3.338756744023579083e-09 2.122576116141394358e-09 -3.436904165239584940e-10 2.611528684700247749e-09 -3.748652911801068647e-10
2.686905339518447917e-10 2.410978911492502437e-10 8.187544689120797010e-10 2.688398522603175402e-09 1.937918617426354412e-09 2.563714667042269568e-11 4.682282904111141184e-10 3.555370502915381578e-09 9.299811439678445084e-10 1.254968703708085518e-09 -1.663410770505629313e-09 2.655077198463863805e-10 -2.771763345525538720e-09
9.904273790511719302e-12 8.115698105808550170e-10 1.375230290527772318e-09 2.293464694213949274e-09 2.409603491218806863e-09 2.994011077769504518e-09 5.345263567013021223e-09 5.685054109677421725e-09 4.971177371002728460e-09 1.810481619068405327e-09 1.344957378391663919e-09 -9.055552185642899388e-10 -1.405807315332839963e-09
-5.757679246991221126e-12 -4.536300912830420730e-10 -2.055881043833834713e-09 -2.803759845045713272e-11 -4.438049650616213352e-10 3.434510021275700739e-09 3.846921242845232815e-09 2.936553589230663946e-09 4.016287838160022224e-09 1.680893694849121628e-09 -8.238649200808827370e-10 -2.722246623169903367e-09 1.186287759134856962e-09
6.152418889847761040e-12 -5.409059554577706633e-10 -7.554400545572101829e-10 5.085228348268985309e-10 2.555660849758709456e-09 4.557949503951027998e-09 2.849601363542275265e-10 5.158352848548230771e-09 3.041172643859527057e-09 2.748091946111679922e-09 -1.026832224442994717e-09 -2.559400028490001646e-09 -1.157139262134059402e-09
5.897750481662721587e-11 -3.535356196141725437e-10 9.369047609986842842e-11 1.598506199062088568e-09 2.070558036437560875e-09 4.966492822453381331e-09 5.146789044845949557e-09 1.309107298889480878e-09 1.535558188988468562e-09 1.173836165727552632e-09 3.140163794951577354e-10 -3.874704495180888823e-09 -8.618398232222813712e-10
3.309331286796073107e-11 1.778946665932929787e-10 8.152534198955399995e-10 1.232483876390259271e-09 1.724411898173262844e-09 2.835930524347229912e-09 3.867595126254637630e-09 4.712874616243449396e-09 7.397964863648747137e-10 2.547184255289230235e-09 7.109647250785280298e-10 1.531903365060331712e-09 6.192639207108008275e-10
7.189536193959194808e-12 1.521489906577552518e-09 8.165401348341263368e-10 2.012711411743540441e-09 3.855564578414332406e-09 1.996830922028669121e-09 3.396801233265270647e-09 2.236506462655077415e-09 3.081723564519529290e-09 1.701981818131750952e-09 2.198097000050898867e-09 1.016186204681926445e-09 8.998607500819394402e-10
-9.917851200526053022e-12 -5.096812549777577841e-10 -5.056720620794636467e-11 4.317264029418287718e-10 3.256674153474411859e-09 9.111262974152068885e-10 1.986130997706207848e-09 8.078896591004223937e-10 2.393237514096818956e-09 3.750901298465928148e-09 -1.005502899989209621e-09 -2.811306484816505119e-09 -5.809968992505370425e-10
2.524738342384387260e-10 -3.981173612675106100e-10 1.540633826463609305e-09 1.586058504967673430e-09 2.614213628811306358e-10 -2.129444965173385050e-10 2.824418167654449104e-09 3.198185925625645128e-09 4.308034136003164917e-09 9.800352024325679675e-10 2.794189286190875244e-09 2.613125100300536783e-09 -5.826069096304652345e-10
-2.958457189606293261e-11 -4.745901724916681252e-10 -2.946521118029664467e-10 -3.555706444693480471e-10 2.850538973366322887e-09 1.219114271086274609e-09 1.484898589200544658e-09 4.629103622574695678e-09 -4.978935415059223981e-10 1.982104715099366750e-09 -3.355795075694497445e-10 -3.428674614358801635e-10 6.499097890489659215e-10
4.598248169868637938e-11 -7.287679706431014016e-10 3.024217757708118450e-10 6.072854756115760725e-10 9.877448810027831650e-10 1.315452901204487402e-09 1.388324751195552970e-09 2.416747740875191640e-09 -1.303866234437119564e-10 -3.593252679880375436e-10 3.626062157455298677e-09 1.519674614562057257e-09 1.350194686903091491e-10
-4.260922717504837650e-11 7.665230000401699387e-10 4.113846189868205211e-10 2.643662902215847333e-09 3.924734544384734202e-09 2.510153656699447851e-09 5.951366634905239117e-10 4.814293462935224797e-09 3.492153804888179735e-09 2.617019734393468042e-09 -1.113035303070498638e-09 -7.025694240242882593e-10 -5.226827479666352125e-10
4.345519439525714272e-11 3.384264802322865058e-10 1.277257376947557857e-09 1.831829773862022197e-09 3.261020626376879112e-09 2.043212598221174998e-09 1.704767831722386437e-09 2.760123326935688250e-09 2.414604018461680257e-09 3.159080117970287716e-09 4.267822908658640806e-09 -1.251526681316842600e-09 -8.498110209974755726e-10
1.560557800937649441e-11 2.540172364110739706e-10 -1.064588225232454057e-10 7.855593802687010951e-10 6.002035195127208472e-10 3.117278058260870396e-09 3.226594026907524982e-09 5.131771646745103082e-09 1.772482697849991631e-09 -8.892876776348195634e-10 1.832725919669756371e-09 1.732709682164947069e-09 2.254998622937703639e-09
-2.199865795888354569e-11 2.653650798556748584e-10 1.430080869949957058e-09 1.749912592963293860e-09 2.002083699689306948e-09 1.011879041495443377e-09 2.485774137051759992e-09 3.298670592476722359e-09 2.520726076283535981e-09 4.052346583861176153e-09 1.978349052112544430e-09 2.716878003217262345e-09 -3.469818243528800506e-10
-1.388718815056407754e-10 1.296863703778219565e-09 9.826752060143891667e-10 -3.771930926572477486e-10 1.705290186227424059e-09 2.254567696687375834e-09 2.526265010964068360e-09 3.531409928494789580e-09 3.184220134760048008e-09 3.533487982071215651e-09 2.713667769475435236e-10 1.350867011634871431e-09 1.735509541463621601e-09
2.293162095294461714e-10 1.249425043690291072e-09 1.548728482980957031e-09 -6.862876021454002195e-10 -3.039910507554567515e-11 5.317196243052048722e-11 3.787476306130626666e-09 6.501675061699601126e-09 1.223769447677341602e-09 4.783362132760483363e-09 2.675903459755137933e-09 2.980784870781166313e-09 -4.572222014074832541e-10
1.519990379879258956e-10 6.043477393026909569e-11 3.022378300305499344e-10 1.586472367364243172e-09 4.320939878095435307e-09 5.139055106805487791e-10 8.966487463293005375e-11 -4.822620635152536526e-10 1.091499781799107758e-09 1.546244866837076621e-09 1.128845888517763250e-09 1.256722644014502885e-09 -5.408098110210611998e-10
1.710488878254180495e-10 8.451953953387285713e-11 1.430884872756591702e-09 3.528395078621511304e-09 2.365897072649950687e-09 5.841091621267546051e-10 -1.040429105496543223e-09 1.814808832860380240e-09 -3.648340012719660232e-10 1.688849313343836311e-09 -6.656031925327301526e-10 1.528934532655526592e-10 -1.169627009605166160e-09
6.759785159774293925e-11 -9.379746922652500817e-11 -2.046842517202509450e-11 2.409020719319285387e-10 1.517436959301682533e-09 1.096245144320971568e-09 2.576135551421002910e-10 2.225758392663031921e-09 1.208546887926353878e-09 3.719289037559986920e-09 3.965338081860000814e-09 7.170295841010904892e-10 -6.203376171701447329e-11
2.792074386082361009e-11 6.945810835674608723e-10 2.406924434425622538e-09 2.722191020500657766e-09 1.699869293953881126e-09 1.947315781747307035e-09 -1.496120578173354939e-09 3.613637023979557143e-09 4.108147412148711621e-09 2.172558308413004686e-09 6.174491514083968064e-10 2.230830606280834114e-09 3.857514096557004024e-10
7.373746654240942402e-11 9.047353848625668752e-10 1.577798038139680549e-09 7.145431460682786822e-10 3.263012041463662463e-09 3.843145955792981019e-09 5.118907117898178782e-09 5.743538828940012464e-09 8.833961172141137582e-10 4.575776083870015785e-09 3.737110223519974328e-09 -4.924351684538907625e-10 1.041333246451669965e-09
3.049540263557258189e-10 5.363914403086568099e-10 1.685366028552943925e-09 1.655953054200453958e-09 2.113820981968033768e-09 3.322923491812870924e-09 4.425086202718688829e-09 2.929515849038287511e-09 1.593998935356546471e-09 5.637950636705535572e-09 9.805309116953883958e-10 -1.244078801352595180e-10 8.111506616683641308e-10
2.927732277131409915e-10 9.576383262763195199e-10 1.514941156313650513e-09 3.143525544520474410e-09 3.944170149405090964e-09 2.449128886004700702e-09 1.710611749121468935e-09 -5.832539518333559182e-10 3.485656671696129286e-09 2.719152619568598997e-09 3.237109516551766647e-09 9.914754748389963017e-10 -8.437586556789513930e-10
1.921354524104946021e-11 4.946150023388393811e-10 1.297935296885916992e-09 1.700368292721134521e-09 5.135876486341114553e-10 1.643118149684160561e-09 3.102310986442392011e-09 5.787289850049721550e-09 -1.202082362867367017e-09 4.249423909882762699e-09 3.258172491911027363e-09 3.178937270880011629e-09 6.363389782722338391e-10
2.151977669653465681e-11 2.708736594137814785e-10 3.581508220771474861e-10 1.776763589578088764e-10 1.025644582099246585e-09 1.527931397075690867e-09 2.131904701932455934e-09 2.551604032426577879e-09 5.077325776162329153e-09 3.306598224508138131e-09 5.989442215781988625e-10 -7.832091305630411418e-10 -8.424396284048344504e-10
5.923532917901246223e-12 -4.762518716211798478e-10 1.950354279365514865e-09 2.697193134017842421e-09 2.800738818532988674e-09 2.953625890097838465e-09 3.032759587128346357e-09 5.084601333025506902e-09 4.607878505335767369e-09 1.931638565677581978e-09 1.716609682478241750e-09 -2.963944720449994461e-09 -1.813224915948146415e-10
-1.421812627126586922e-12 -2.777903276003511120e-10 -4.845272145498431223e-10 1.006261584865665378e-09 5.948222534142966627e-10 1.407978620375139835e-09 2.119767857216219179e-09 3.356744194834670485e-09 4.606933344650214626e-10 2.311332610947635857e-09 8.476261509132577624e-10 2.217595525462419702e-09 3.552662115878217191e-11
2.603686301437679558e-12 1.397677842807306625e-10 -1.283904880924802717e-10 9.514449231298950710e-10 2.498074760945654327e-09 2.941953173966851765e-09 3.315881480674825841e-09 2.078413951940773835e-09 -8.147711130009668552e-10 4.137470610709493709e-09 3.864636350138451919e-09 4.181736095015859691e-09 -3.959110615957975073e-10
7.898705081714179997e-11 -1.223892216856989293e-10 -3.588105786294462768e-10 2.051746542695492895e-09 2.859950850164856368e-09 2.144791919830227244e-09 3.480963935722791862e-09 1.763445981917071540e-09 1.289664071624404471e-09 1.250344286826529158e-09 1.663812702164549372e-09 6.326976200721047583e-10 6.872987306107283564e-10
2.526545519016701055e-11 -6.399195761799861903e-12 4.405250653898436221e-10 1.585847120554860813e-09 1.673335326197757622e-09 2.303700516157376363e-09 2.068049956376236648e-10 4.698510393448346631e-10 7.958276623404120552e-10 1.285410282820503926e-09 -2.372141613131492775e-09 2.100731853933330060e-09 7.993443835906325541e-10
-3.731758276060094214e-11 2.160410537238600539e-09 2.237755978885674614e-09 1.435505158880361293e-09 3.042687795731421806e-09 1.825111547134223457e-09 3.920839089175070308e-09 5.873386303177582663e-09 3.030262696376107954e-09 1.003670070367816417e-10 3.020489530884264713e-09 3.203444802103851721e-09 -6.209439345602357153e-10
-1.679461110829409700e-10 2.994262398180769993e-10 -8.974118731712469581e-10 6.923270847756590723e-10 2.236669707292466258e-09 1.196064388086697553e-09 1.884258701725846860e-09 2.948869624945865017e-09 5.187431425097364311e-09 2.185853154886105861e-09 -3.114150336958013011e-09 -8.532154085011562795e-10 -1.889534838190854919e-09
-3.792986356617187750e-11 2.895473879216064542e-10 2.764507375059217747e-10 -3.644533612199748162e-10 -4.695991829272044993e-10 3.544075894348923288e-09 3.841243329590668443e-09 5.910236045877525838e-09 4.783383330736548734e-09 3.224181526613409577e-09 2.179360123326637038e-09 -1.471880402398395102e-10 4.130084519822614885e-10
1.637530539558906927e-11 5.455063616627123671e-10 1.128921901038946140e-09 7.426086067243238230e-10 2.700696115524243655e-09 2.538267925634653006e-09 1.739356465280856717e-09 4.997674544370741427e-09 3.128157580869639436e-09 3.930245766481232119e-09 1.971289827883844509e-09 2.620335805218217998e-09 2.656992805556528696e-09
2.386437132534355063e-10 4.130997300176726488e-10 1.167805229413103333e-09 1.142104520493039442e-09 3.894904664426749215e-10 1.727712379244246513e-09 1.340832968360914946e-09 3.677116949161949485e-09 1.921476806682274850e-09 -3.332306636839511591e-10 1.636323445243967547e-09 3.088594501612389015e-09 -2.918909990902032457e-10
-1.433453595021003775e-11 1.459255406858340953e-09 9.315886149921930887e-10 2.057392298481688867e-09 3.102007411348220817e-09 3.230412647028437434e-09 9.978648148118974225e-10 2.807519633145521417e-11 5.168589663978237858e-09 9.260808257007812374e-10 -1.561400335192100857e-09 -8.561735152880846686e-10 2.430639564980647510e-11
1.734686537965139650e-10 -2.933299264539648168e-10 3.525746183485412564e-10 2.932432569653480029e-09 3.843696627819766098e-09 2.886083326116089417e-09 7.966019450208704691e-09 2.398433432953938209e-09 -1.491461730948544956e-09 2.364739124163669089e-09 1.083173028675033621e-09 1.072493014854987561e-09 4.035541642034381099e-10
-4.249951293560157425e-12 -1.002863573635913503e-09 1.996492358754313319e-10 -5.382195007646334274e-10 3.859775283380535943e-09 2.952180645955017151e-09 1.932003040996041516e-09 6.106538791773345443e-09 3.817796376162167121e-09 -1.726896823866815628e-09 -1.941176275183492403e-09 2.074746048253740330e-09 -2.287317232362540929e-10
-1.718215545282179394e-12 3.282098445101331248e-10 1.168946955988726672e-09 6.820718164244661462e-10 2.104318044592297881e-09 4.688190408480749925e-10 9.019674606713243743e-10 6.691195258990634503e-10 4.272427380159721351e-09 -3.183250001428249821e-11 3.770901408687144583e-09 -7.297661363163690252e-10 -1.515888676186678700e-09
1.337708247734040285e-10 -8.259636791583959053e-10 -6.676096036546120662e-10 7.623480167704269507e-11 3.072653801659318213e-09 2.785009864826855588e-09 3.624388141383697926e-09 3.302137236031237510e-09 5.067431548259906078e-10 1.773090638414391218e-09 1.745896008141005406e-09 -1.916426375191883001e-10 -9.111540594844550238e-10
1.229752869559066574e-11 -2.779120809775601207e-11 2.081231922916165879e-10 1.433199010724182263e-09 -6.183290129485203542e-10 8.296478479878962773e-11 5.237609095446174472e-09 3.357986343890053956e-09 -8.500430094175131242e-10 3.530102978373783263e-09 1.751642135878498340e-09 -2.044826802195650509e-09 -1.363784024879480674e-09
1.261888251576836755e-10 -8.168646234164811445e-10 1.130463529877720424e-10 1.481318944759487480e-09 1.002047434108151356e-09 1.442008414821963371e-09 2.109089635290717104e-09 2.238785301642824983e-09 3.061590459668363392e-09 3.005874353683961172e-09 1.756245094381125363e-09 1.107573705764597776e-09 1.641374384438553104e-09
-6.163541250507708398e-11 1.284937521767193857e-09 2.752403695044521494e-09 3.303698723514080958e-09 1.195462373744860807e-09 2.740126990687428200e-09 2.757953147365482839e-09 4.077616493748721020e-09 1.620891704663671692e-09 2.174912244161864064e-09 3.557721502576241255e-09 2.688220545950112365e-09 8.785444489801456754e-10
-7.461198349199148218e-11 -2.805939154970053467e-10 7.021860768729953199e-10 1.515634485358282002e-09 2.434960500685214902e-10 -4.175519722335447746e-10 3.299222993248473085e-09 2.758571144343401350e-09 2.889019759162748239e-09 5.516657584063377550e-10 1.569412184706246012e-09 2.436486976861258118e-09 1.209951971024598052e-09
-6.511033581988596660e-11 -6.091842954455999870e-10 -5.691299878029457739e-10 8.909479705288665724e-10 3.235571020015207115e-09 3.978863065829960306e-09 2.328690504718810110e-09 1.716286845736671319e-09 -1.427132563273464747e-09 4.785009686536092125e-09 2.669689589855609570e-09 3.074755833514559804e-09 1.802237150061933178e-09
-1.318343016628102541e-11 3.482222537248643054e-10 5.314929831692303623e-10 1.399903117489552063e-09 4.626821935723793262e-10 1.825380712983774076e-09 2.419543640952217837e-09 5.965444366137539538e-09 5.483399124222902317e-09 3.724316472786340946e-09 6.132598397572455433e-11 2.057832606251044543e-09 9.672608848128889955e-10
-1.150431446949589905e-11 5.545083563294370228e-10 3.560195709979428729e-10 4.928789692240412238e-10 8.638600822494360926e-10 2.510080150825047445e-09 1.769249256289204573e-09 4.372362959729434121e-09 1.194750765487252426e-09 5.347765964528288413e-09 5.431634846136192710e-09 3.233526079385819648e-09 4.532946751145467660e-10
5.405051754245413533e-11 4.418698374158715908e-10 -2.591670581469920012e-10 5.571580621438243723e-10 -6.940167147612621254e-10 5.042294001250007218e-09 2.227853098565199052e-09 4.184552287511378795e-09 2.325508482780940706e-09 3.291664119379132227e-09 1.974449042570004466e-09 -1.173989697284881490e-09 -2.503056710391113601e-09
1.666597563147453808e-11 1.411961783123109140e-09 1.055816162925146636e-09 5.039426701297213817e-10 1.540728461479408884e-09 2.446222595581383828e-09 1.598970819266066055e-09 2.685988715477709946e-09 -7.740807688144683019e-10 5.411972362933795438e-09 2.892223017544408036e-09 2.143637447650037644e-09 1.033888787423702138e-10
-2.619562751957822459e-11 6.513449866036118319e-11 2.315802611488172162e-10 2.063114576395003793e-10 1.647745251362402200e-09 3.160147275314590074e-09 1.857755634292572080e-09 3.171798742318921767e-09 2.572897760153316713e-09 9.921669513590101392e-10 1.798647667215448617e-09 -7.898860686286999984e-10 1.530473800879841372e-09
2.112587942110232588e-12 1.811823016581995892e-09 1.966814192145144860e-09 4.140011866050236887e-09 2.628287316266436639e-09 2.369927802913150646e-09 4.017692307250720644e-09 2.387665061554293261e-09 5.307039598044302032e-09 2.639672581262805108e-09 3.803564732261077756e-09 4.483437781455852058e-10 3.557213875968226960e-10
1.547727972722972898e-10 4.350719962250849616e-10 2.540539776115899659e-09 2.678862908680220024e-09 4.682229694139593876e-09 1.379520531622153802e-09 2.169292723936199516e-09 2.241899172003437758e-09 3.221130365486990068e-09 2.749316911544797701e-09 -8.721532715006306599e-10 -2.731820861070613960e-09 -4.204947909631218907e-11
5.483785813552149675e-11 6.099155703590639182e-10 3.393180722582677555e-10 1.325870706476548444e-09 7.443014744178951968e-09 4.858866345793469225e-09 2.658306725062118664e-09 2.121010141659840575e-09 2.383249236396349550e-09 4.129306230836413230e-09 4.516229430633796094e-09 -1.243158084930068833e-09 2.378094889452434220e-10
2.720595751041317791e-11 -1.937931734616294666e-10 1.051863304188277805e-09 2.943657603658394657e-09 1.113167489456084679e-09 3.830953822615275796e-09 2.198018404849138028e-09 2.446712156020746569e-09 2.418035414271255538e-09 1.586880313924824706e-09 5.048449870810171209e-10 1.745955918859464407e-09 -7.321418511297884964e-10
-5.928965531038041808e-12 1.178071393746013378e-09 1.645937762618497257e-09 1.919532757870766978e-09 1.815771013930994479e-09 2.111805992748658407e-09 1.148918022801431056e-09 2.920234087818527212e-09 1.466210943975983507e-09 1.525077973084367209e-09 -2.580915773885573179e-09 2.633926708275336951e-09 1.264824320269016293e-09
-3.425372741239416835e-11 1.213335840369644007e-09 2.834687039979958559e-09 1.328940902236734676e-09 1.246207814697034003e-09 2.603136953930029004e-09 3.446161431987494961e-09 1.796768171575926828e-09 9.416583476507519747e-10 5.755006601766515247e-10 2.598116026984669430e-09 -2.328605218211208889e-10 1.061807216258700450e-09
2.467338771207631150e-11 1.933262679859255578e-10 -3.791686291805343897e-10 1.167656778340868844e-09 1.500403077710282358e-09 9.961181670680339015e-10 2.814839829740419183e-09 3.678756144642887428e-09 6.050990077739144524e-09 5.030882083150549453e-09 -1.230715857893504778e-09 5.888705782296406042e-10 3.204434125604925287e-10
-9.230889585418226054e-11 9.141264710027371014e-12 1.219575326753074064e-09 2.288720817432292686e-09 5.242460705010281490e-10 3.874001183753913068e-09 1.607631981019535767e-09 5.565237915857485432e-10 3.871249783728233817e-09 1.341037094716571875e-09 1.399306420005155999e-09 -8.333048774523971730e-10 6.129835382520491183e-10
1.027484655860228063e-10 -3.974011684831636868e-10 1.167427052358855713e-09 1.844022432215143437e-09 1.006954345098600282e-09 1.891509600560132065e-09 4.981442308708436332e-09 3.505484278001311833e-09 -1.283935656675741563e-09 2.232074000143221111e-09 1.826542353534223576e-10 -1.806189314917002655e-09 -2.136967763673037880e-09
3.181546106514624169e-12 -6.771340425085098106e-10 7.997858633863512306e-10 2.499242349982599914e-09 1.668240413578690407e-09 2.572582908608192684e-09 4.773674333847681256e-09 4.969600102661054830e-09 4.140414346457328452e-09 5.130257401821997258e-09 3.673164090899124627e-09 -1.492191423967601908e-10 1.094973279994695420e-09
3.885196213464647811e-11 6.713393830185014884e-10 4.139489241977866153e-10 1.574264575967521637e-09 4.632052650972663445e-09 2.535777925515830932e-09 5.117229634116356293e-09 1.105793476623907987e-09 1.320184248161693034e-09 -3.609590922805646200e-09 3.243134495867322461e-09 2.923528959415059700e-10 2.854113169261876277e-10
-6.643202232377949544e-11 -7.744739661443360284e-10 5.499718878923352761e-10 1.097512771442468366e-09 2.916958845494894251e-09 2.724904516558796554e-09 2.865274300362147217e-09 2.983850258130870541e-09 3.656096712528636792e-09 1.975138533087473280e-09 1.687111174314609043e-09 6.371019696835266839e-10 4.044714624552962140e-10
3.865231071069233988e-11 -4.973463935869389531e-10 2.566789877373502998e-10 1.430498064910613970e-09 2.779115212287164090e-09 3.638867063057557331e-09 4.528296423856760980e-09 2.281136042573198808e-09 4.817456047311444645e-10 1.350029904690178913e-09 1.879683274956063553e-09 3.849061798972969344e-09 6.153166869983724266e-10
1.997823129711878433e-10 8.472307253259812325e-10 4.412601342300259433e-09 3.855635825474044024e-09 3.896744711395301926e-09 2.873000267768069082e-09 4.837525249142959076e-09 5.063691770038252700e-09 3.668550321059425106e-09 1.960919075353271057e-09 3.125502093287723246e-09 2.425219453628150090e-09 5.958799459709088036e-11
4.199085783722398000e-11 -3.010495628721219582e-10 2.271344149487878178e-10 1.730815008508365392e-09 1.181198911508499628e-09 7.391018855390578709e-10 1.049506245981745876e-09 4.792012225309247433e-09 1.780790127820412762e-09 1.454428068868779017e-09 5.229663148597454560e-10 2.325224652591603382e-09 1.539028737283137459e-09
-2.849610601655988076e-11 2.966857326013055856e-10 1.776612456948483341e-10 6.931849883004444979e-10 1.098084148053397804e-09 1.740996978262171158e-09 3.078880359736400258e-09 2.673473276530160554e-09 3.867097383745382748e-09 2.455059325025029855e-09 -3.404247614358642648e-10 -3.931144420422476682e-09 5.237577518046457409e-10
-1.037306026047427359e-10 -5.095215428707131122e-11 5.901865319779319015e-10 1.858581620126526980e-09 -1.101973559072879719e-10 2.857177734069906325e-09 4.411753824199661988e-09 2.623796301244794777e-09 7.910617562501625642e-11 4.244663610872438409e-09 -6.522003683424419037e-10 8.903237840773735906e-10 1.176152144143595157e-09
-2.483853361125854695e-11 7.280506473118911910e-10 3.220876581865913714e-10 1.127185058250452237e-09 3.228325049337700297e-09 1.872732505461824755e-09 3.409963187450998712e-09 3.180782258020369011e-09 1.346614204212612340e-09 2.260866531120732868e-09 3.015049442340935850e-09 1.331090762738791364e-09 1.282346821858609408e-09
-2.179192251899172571e-11 -1.140263834160304116e-09 2.191917183024148193e-10 1.957567632634446724e-10 7.226684019316046153e-10 2.347840967345406612e-09 1.624240559713119267e-09 4.589193735750465961e-09 3.676646973289390062e-09 3.136223069191507029e-09 1.795180625530980047e-09 3.304625866454203036e-09 2.442292416366632606e-09
1.658877393079667628e-10 2.627861180862900593e-10 3.001227287779251780e-09 6.260874888391637233e-10 1.914049113574081151e-09 3.026936268925823280e-09 1.560866080745325217e-09 5.500368297748312192e-09 4.163009168145510598e-09 2.213420162059171715e-09 5.135919243712759140e-10 -2.167510705189906846e-09 7.680364036829103772e-10
2.527152591044460966e-10 5.576284284948548189e-10 5.070281670603079171e-10 9.797696449516119911e-10 9.714611748093646843e-10 1.261285277361031381e-09 3.621933294055171990e-09 2.401343618432910360e-09 3.462548515749672448e-09 2.815314354759961630e-09 -2.865614840304185273e-10 2.478867729828934254e-09 -6.455170191910764231e-10
-6.794948516870656386e-11 3.920371355887706464e-13 9.803813795276463955e-10 1.537881088649099665e-09 1.288719765010481991e-09 2.594978600099078490e-09 1.604630266001353739e-09 5.106590792702419374e-10 4.056875552189696370e-09 2.817482377043618780e-09 1.129599089384212617e-09 -6.568168135624460089e-10 1.008459822243869557e-09
-4.293356111827584932e-11 4.147083651997532756e-11 -1.736798962159272590e-11 2.226266408791633405e-09 7.973754142661699636e-10 1.420054185872841812e-09 3.227960751748884310e-09 2.822413992636360442e-09 5.080696349839718987e-09 4.059449054256490470e-09 2.636195004083933491e-09 2.796609367987637703e-10 5.888841615001558990e-10
1.242512817537456829e-10 7.972064662999054928e-10 9.285067511787599077e-10 1.031762234964365567e-09 2.445619773196305800e-10 1.090221686419343672e-10 3.070129591707620551e-09 3.107847189178193031e-09 1.164139495251926332e-09 1.245873522307209104e-09 2.492923109867247551e-09 3.642894961284754790e-10 1.011611068570662295e-09
1.804144276278740065e-10 1.068048822805769511e-09 9.483358202324136047e-10 3.483153244962203835e-10 9.476601336737017281e-11 9.335751594978403056e-10 1.521402155202834533e-09 1.918166429816134525e-09 3.933479804604596301e-09 1.386959956493434935e-09 1.282199821412171274e-10 -4.468746643530445964e-10 -1.184858631195711732e-10
2.381645819646552737e-11 3.553022375113158754e-10 1.475774320784049114e-09 2.849289835496601996e-09 3.034073649119208130e-09 2.327394968047135944e-09 -7.787921554400865974e-10 2.463593519419896721e-09 1.584707857846086392e-09 3.692746864515464569e-09 2.012669523130356845e-09 2.509459970377731828e-09 8.999378025389616326e-10
5.568486080195556153e-11 2.667332705155914017e-10 3.447285292589301036e-09 3.076768418028601858e-09 1.348752284433273607e-09 3.920164378582990296e-09 2.853643953207516591e-09 3.397599657600538124e-09 3.873618543566617326e-09 1.772630607999364982e-09 -7.920440777058933235e-10 -3.492640061260815062e-09 -2.014085341015087865e-10
-5.868450900992277760e-11 -3.538554133846923008e-10 -1.225049347894174768e-11 2.017870590029318873e-10 2.164489378539920306e-09 3.177274594182553262e-09 3.056248121989869785e-09 2.109330775249791622e-09 4.638217524696208172e-09 6.719743629866730076e-09 1.767761232179387239e-10 -2.607468247458943089e-09 9.868579873475264405e-10
-7.142401490440336504e-11 -3.714283466854182235e-11 1.202933815147629858e-09 1.442234643944043155e-09 1.212922984090852557e-09 3.289104089531273935e-09 4.247299347333893700e-09 3.561196220333059498e-09 2.668694483642612990e-09 1.861783190482162855e-09 1.329119199630124132e-09 -1.466155933753449796e-09 -1.792202432314198799e-09
-1.105050515129764003e-10 1.392893729705913930e-09 1.756376176691041421e-09 -6.768453354572913916e-10 2.422327339796378314e-09 3.168600482340231746e-09 2.680690516216374150e-09 2.673445406412574067e-09 1.527545147022178403e-09 2.018786098323084674e-09 1.961076461914905709e-09 2.125136873344355199e-09 5.312784148516756811e-10
-4.648911530248076215e-11 1.659980733801558350e-10 1.700003056574314734e-09 1.830900076515753649e-09 7.043599627609490383e-10 2.485400667706033780e-09 8.715721313167675139e-10 1.311577730359300947e-09 4.638512785016450803e-09 3.413861216994636209e-09 -8.286271639388265849e-10 -1.035445799799122375e-09 -1.527419355984277106e-09
-4.304841676729367907e-11 3.357716552943249238e-10 2.233962755950959895e-10 -4.973481712339271985e-10 7.214898318663749832e-10 2.149179219908275240e-09 2.540091172453007523e-09 5.593415504856552447e-10 -7.570167760855854702e-10 4.355945556945952614e-10 3.412424164550459528e-09 2.359526701243536392e-09 1.404036047611185187e-10
1.925745720738030606e-10 2.511618712072476041e-11 6.800727555080266001e-10 1.814958946402258403e-10 2.906551989182213400e-10 1.929875031013675871e-09 3.779090082661441596e-09 1.001974152547989964e-09 4.629453830944417618e-09 7.666341391032725489e-09 1.539735016604535921e-09 3.548962658619406994e-09 -7.833410926931748619e-10
4.878246595097362099e-12 2.962984801082082024e-10 4.576763840911978481e-10 1.427516201709748284e-09 4.105292377678953070e-10 1.358830896816776594e-09 4.691559189958091090e-09 2.541005521913561988e-09 5.186865613703783481e-09 1.897553896416518684e-09 5.027659220956797981e-09 1.550845067012337195e-09 8.965598463107164697e-10
4.092118345781442280e-11 1.131709363144869403e-09 6.183151349574713681e-10 1.805624719193672973e-09 1.449155190304411632e-09 -7.840898303624082949e-11 2.742915099543058776e-09 4.452386753678651646e-09 5.646280885179928513e-09 3.026686793348362174e-09 -3.382570571228878300e-11 -1.841846043547254448e-10 -3.804161851395084867e-10
1.159555020576747877e-11 -7.918516247735518745e-10 -4.681095287736038514e-10 2.786095469122011068e-09 2.838164007170883409e-09 3.422285377951428765e-09 2.389958984048622161e-09 2.038587222976513183e-09 1.861796363242789993e-09 2.122840647704731670e-09 1.005862329663916431e-09 1.113080535743206531e-09 -5.759391646808844534e-10
-5.629457959603905937e-11 -3.129262295580856664e-10 5.227732456768687901e-10 1.074372547034007914e-09 2.037398910193207801e-09 3.531258509682659546e-10 2.410228993953316289e-09 6.116571845865983192e-09 3.667833142930984289e-09 2.646665470423839700e-09 1.624155279231322944e-09 1.429071525582754251e-10 1.545905603160737495e-09
5.616792903801493811e-11 6.719908827826050411e-10 1.131286726818863584e-09 1.230981129981401145e-09 2.439132304482812625e-09 5.060290555813596857e-09 3.504684347441338129e-09 4.897585202271373815e-09 -1.000854392572247182e-09 1.490831749100874578e-09 2.108803162810762577e-10 -1.572970407635646457e-09 3.996608884836934899e-10
3.061295861130203371e-12 9.879647625672918012e-10 1.645808637161598453e-09 1.611476425379474017e-10 2.246876245845700899e-10 2.682155634861588142e-09 1.038873651230558006e-09 2.698824020138854789e-09 3.220826257885760082e-09 -5.596250078295370729e-10 -3.719250404155106140e-10 -1.219325703778352217e-09 2.997666635370619878e-10
-1.606557581555172363e-11 6.962219583943230276e-11 4.010853031819116385e-10 1.956017300020027284e-09 -2.504056655435954296e-10 2.289958648807519683e-09 4.844623177991067667e-09 3.814771189060922300e-09 4.401114071921693952e-10 -1.704082577040984168e-10 -2.243855255318883711e-09 1.591621858263187783e-10 -3.113995290448311324e-10
8.106905028696545144e-12 3.868285143554824760e-10 4.402565610867811325e-10 1.441590028423563647e-09 5.097341642206606196e-10 1.584789327304361463e-09 1.571744127140992512e-11 2.242209360969431170e-09 5.318620441243306516e-09 2.353375261348990103e-09 4.435081696450074967e-10 3.265703277157209503e-09 4.039340744563158723e-10
-4.648707294348198745e-12 2.846128296830714816e-09 1.888588372062274557e-09 7.708998188325991949e-10 1.400165505862146436e-09 5.387923429632972434e-09 4.870850467899940018e-09 2.944796956386425210e-09 3.263044898342017218e-09 2.551589624705318726e-09 -1.741545809989944789e-09 -1.073114533056710447e-09 5.787217229567972731e-10
-9.134851842105599325e-12 8.694504436563336533e-10 5.099549637152511684e-10 -2.818089765748153662e-10 8.258059382350745813e-10 3.507083964120574281e-09 3.116879135440001426e-09 4.650829239650723071e-09 4.728240130868223827e-09 3.589542659152568614e-09 1.763378912183329443e-09 1.951326319145893694e-09 1.068682488058082879e-09
-5.329982258911695317e-11 4.554914994231004162e-10 1.015416619952887755e-09 2.308473399569221955e-09 1.594692903751086126e-09 1.947179516110673918e-09 2.531649913774643771e-09 3.618055186584066352e-09 3.922372964481762914e-09 4.367652919740196309e-09 2.959801060478219398e-09 4.977684907513659143e-09 7.646677152645036802e-10
2.181087765672853056e-11 6.639879041591261088e-10 1.954091692933208614e-09 -2.195954874070601375e-10 1.871627145516547903e-09 -5.195568198009702245e-11 3.755489730386369924e-09 3.011302240669502393e-09 -2.457661263728983656e-10 6.858823434401170865e-10 8.512057646577660720e-10 2.691242910659660244e-09 2.278268050431341221e-09
-1.556260597313863406e-13 2.786608581950496164e-10 1.417486502460090722e-09 2.267891631173348859e-10 -8.761187757729069323e-11 1.318127243396084082e-09 3.197441981965701465e-09 2.207412370583304908e-10 1.154772524729788335e-09 -1.085268380962937016e-09 -3.629308629897349419e-11 -1.076537858793419213e-09 -1.209293524786870458e-10
8.692790186679354303e-11 2.297119155483634393e-10 9.193046249965052091e-11 1.971913799391880015e-09 8.690510497395626352e-10 2.105556121100717660e-09 2.582119756343377315e-09 2.226256632272609047e-09 1.562873621310652375e-09 2.088042558388695995e-09 -2.329749648775672642e-09 -1.564524864840032524e-09 2.641907931467165405e-10
-1.790370980173769012e-11 -1.706082780567262414e-09 -2.521654960479199731e-10 1.727561484755856067e-09 2.877489558026278259e-09 3.066296086491074410e-09 4.851990658421767056e-09 3.074296788782190367e-09 3.283949909417792472e-09 1.816394379047068952e-09 4.469445015346450880e-09 2.017174880305042495e-09 -1.190542748189933764e-09
1.033147882223707713e-10 2.287439108720511526e-10 1.336644438405563644e-09 -2.239801883290579184e-10 1.857898164294059570e-10 3.904897346372084693e-09 9.134458592057410186e-10 6.106396631723183073e-09 3.555570154201409152e-09 2.771271927389393792e-09 3.607102378286649565e-09 2.583301381372521670e-09 1.423794315709243467e-09
-5.241194062262804150e-11 -3.752114201144370853e-10 8.703681166741265435e-10 1.078642945935830680e-09 1.368120953680144815e-10 3.401642370140122599e-09 1.950103297289379109e-09 2.331768369567814757e-09 3.838546523412063316e-09 7.037190272638191170e-09 1.452106005066719097e-09 3.942873639960701202e-09 -3.275094721610464760e-10
-5.186176256138166918e-13 -8.144620700960592604e-10 -3.959013525665142390e-10 2.919329247693295873e-09 1.967164408725290748e-09 2.229403986733170075e-09 1.883541435067989049e-09 5.034626706757059130e-09 1.483269220521418497e-09 1.210799011980267213e-09 3.721258149876438924e-09 2.504940342534917942e-10 -1.579331659836848929e-10
-4.923733935847082054e-11 6.572023424915841686e-10 1.957621441539837978e-09 3.092899397624816379e-09 1.841724171355773933e-09 1.789864428762796035e-09 1.374580728732255102e-09 4.406241838728415159e-09 2.691965163633496005e-09 4.752953640492053240e-09 5.513325589064893851e-09 1.162654093815926371e-09 2.735920012811686207e-09
-9.174167615686821665e-13 1.266560524918076838e-09 1.342312189138745259e-09 2.944931654464341114e-09 1.486859769887334879e-09 1.860205354773168690e-09 9.822145997664816200e-10 2.368378745061614758e-09 4.009483077057794003e-09 2.058221760698156913e-09 1.974190233791925976e-09 -2.523324778809215008e-10 1.605646821197576653e-11
-1.801555129869025669e-12 8.312386952930432462e-12 5.752712619757142221e-10 1.522170042830751332e-09 1.060079170871343318e-09 9.853207594859965223e-10 1.427662798768938396e-09 5.057850836179718745e-09 3.651231020418245275e-09 5.288664964872569421e-09 6.250286204975625347e-09 2.596622077898411412e-09 7.545956708057692542e-10
-3.426911606228131881e-11 1.337104287187890730e-10 -3.259459235086306202e-10 1.633975171130297813e-09 2.813187559059056999e-09 3.585645512510720608e-10 1.268689084148710224e-09 4.238598175499401673e-09 6.378776541508279954e-09 4.188122867855761709e-09 1.669454064801618590e-09 -1.182610756883542849e-09 -9.021385665621609512e-10
1.104106623550100643e-10 9.004275165362773211e-10 4.668283282792557058e-10 7.073041349460250615e-10 2.305431924402778248e-09 1.699920800080750928e-09 4.493054703985315823e-09 4.710077384105188033e-09 2.129857151334167723e-09 -5.525423478391718655e-10 -3.691376848842593951e-10 3.840944450488063803e-09 -6.792862411988052951e-10
5.175068547046950402e-11 -1.479967088301196295e-10 7.628431981420323108e-10 2.390537624876575932e-09 2.295972387966317300e-09 3.075416973276598540e-09 2.119564194193590971e-09 8.439432531227210516e-10 -2.832997196288413579e-10 -2.257583068232089005e-09 -3.874415787091541158e-10 2.755194941292333593e-09 1.706470358423853409e-09
-1.165521788641893755e-10 5.893210584644312731e-10 9.944163931917030824e-10 2.191296130389058196e-09 9.058084396191357266e-10 7.355064605017619954e-10 1.521455816585981829e-09 1.578997880826184576e-09 4.424237860380917806e-10 5.379984465443418235e-09 3.801445275761606368e-09 -3.103358506084465095e-10 -1.512802382317808923e-09
1.870799934370275942e-10 -3.625784192898410252e-11 1.575422410367056752e-09 2.697201302469002765e-09 1.354938784936451997e-09 2.120646553880752429e-09 2.784428136705153563e-09 4.302921000783604090e-09 3.383899128198434872e-09 1.715342802083739986e-09 4.414812196278981633e-09 3.974128032770844451e-09 7.974509755287357835e-10
6.690493549491952664e-11 3.661437641030483674e-10 8.491511560945782849e-11 2.198476934006935902e-09 2.060992849734814180e-09 -1.622636205533542706e-10 3.506150566857114225e-09 1.258622293854699507e-09 2.213366636847031630e-09 3.914152365098943066e-09 3.609558075152026180e-09 1.041003338161037072e-10 -2.610090336789934445e-10
-4.125647075442713670e-11 -4.026698582278236605e-10 1.589546656136686415e-09 1.108704474247796369e-09 1.639137706477858047e-09 3.475889338556749365e-09 5.660023109825617569e-09 2.010119468097598328e-09 2.205126394081074287e-09 4.802729923261246909e-09 1.864147381669766566e-09 -2.527127115538057630e-09 4.094652812292856694e-10
8.642473120564478523e-11 -9.062622483470586562e-10 3.939576093425109462e-10 1.300975554937860268e-09 2.482935624537942246e-09 3.304475195376542486e-09 1.844011015815957423e-09 1.134539598375576064e-09 2.320390574617815947e-09 1.680233114306078823e-09 1.979113796021392129e-09 -9.702234659644231449e-12 4.010734140588711654e-11
1.238573138203979084e-11 1.228379440612257261e-10 5.779120817141541661e-10 1.143950467445672875e-09 -3.226433122991950879e-10 1.351691568144633965e-09 1.778550361870053095e-09 1.178799797661038087e-09 5.584106914648327132e-09 2.690988333199638250e-09 2.466753380342718452e-09 -9.451154022522121354e-10 -1.235293212150483075e-09
-2.942165666743048411e-11 1.862000342315377637e-09 1.542345326354785889e-09 7.017323704382137423e-10 1.001237748248991876e-09 3.533273123295248074e-09 3.162485119124089847e-09 2.953099815623167030e-09 1.080040912054142212e-09 5.135574285564344635e-09 -1.132463639810424801e-09 2.174860738469964086e-09 5.091964989091846016e-10
4.397529636583380097e-11 3.885319943903529956e-10 1.568853364056980407e-09 2.649495928008114619e-09 2.189761165956327716e-09 3.067226970729377994e-09 3.629672687847548793e-09 2.823307559892084085e-09 3.205093356631979266e-09 6.172614670586290075e-09 3.709203901483299834e-09 -3.903777448232447225e-10 1.082919853146566898e-09
4.580941568110202174e-11 4.411346430569020947e-10 -4.277106146490180266e-10 1.511992406211615003e-09 2.546378460199129479e-09 3.411460686077990641e-09 3.115624627902498876e-09 3.871598591347589172e-09 3.090176859565332145e-09 4.178388464541268554e-09 2.764739015910573617e-09 -1.480690494653569950e-09 -6.747398135685089078e-11
5.695077285074550916e-11 5.311407501691472883e-10 3.088804909533015989e-10 8.042128655733568299e-10 2.783240487419382095e-09 3.168120732550332928e-10 -9.576029629651230331e-11 -2.924047491608482723e-09 1.261557060388941842e-09 2.975321595731467328e-09 2.275604837501430993e-09 -9.254240641669432086e-10 4.850402028085062475e-10
1.372683696509013834e-10 2.122112017856330142e-09 1.321011813542202004e-09 3.964424739284270257e-09 3.880537759833694378e-09 3.180627642149126321e-09 3.025548957470043777e-09 2.147993711443427198e-09 4.849435025625054297e-09 2.938722907591441444e-09 1.556940729298927774e-09 2.758377750874023280e-09 -3.083908154319063270e-10
-4.970843256370643154e-11 -1.963930656040874020e-10 -3.837386543312117214e-12 1.072709409871727002e-09 -1.074096390627975477e-10 9.846081121943346291e-10 -5.254067502895574130e-10 2.856790232952115383e-09 2.182925782238071820e-09 2.974707345551324998e-09 2.990043237491177027e-09 2.464975996394976355e-09 7.373176353396625945e-10
6.508895840547491263e-11 -5.541502052060098252e-10 2.079322382707459820e-09 8.758217721033153706e-10 7.385311879756236809e-10 2.056463824085830726e-09 1.341423798427113871e-09 6.368541921767609576e-09 4.370750006405744181e-09 4.266002982716855274e-09 2.484350774363899605e-09 1.459881520853847341e-09 8.263096026579171032e-10
1.953170821354350955e-10 5.234461416737001074e-11 1.946366672109548815e-09 8.122457761799125112e-10 1.290144347617260952e-09 3.954355070555584690e-09 2.797993146281399158e-09 4.748376386328221302e-09 4.485882387058713989e-09 3.559683733108434857e-09 1.946291353980049334e-09 2.007367370593397385e-09 1.277469902905180376e-10
