5.215026189172994664e-10 1.008190257905886819e-10 1.607463729915456009e-10 5.664192514694262460e-10 4.503230829074919507e-10 1.597835979571178007e-09 4.191887148935957055e-09 1.912484696034905852e-09 1.050332611279448722e-09 1.434497889481764593e-09 2.424649611811558336e-10 -1.512935029685535024e-09 -6.064361504567467380e-10
6.516469312464545463e-11 2.115670032425582112e-10 2.114400443775583399e-10 6.423085654053212355e-10 1.282803122325054359e-09 1.319353789712365858e-09 1.902012579770655951e-09 6.571538477551765092e-10 2.441585167208222247e-09 2.839249983454793040e-09 2.520150311666587021e-10 -8.822019852279716651e-10 -7.459705878253259378e-10
1.231172085979234744e-10 -4.095681480014266324e-10 -1.261600633278035064e-10 7.163038148373376559e-10 1.865363471774751374e-09 5.995992394366903163e-10 1.154549500364829410e-09 2.840787986665528255e-09 1.591952208944226774e-09 3.422475883314405805e-09 1.789905540740930759e-09 3.336883007027093572e-09 2.062351258148641003e-09
1.575228291046191549e-10 2.167920778024214283e-10 1.048332364382279021e-09 1.599288011280028489e-09 3.656649587815604823e-09 3.361106625665745094e-09 3.420681797289700097e-09 4.083206484140444327e-09 3.729934852826965903e-09 4.372614448446268638e-09 -6.167797897935063639e-10 1.536598306517003796e-10 1.701137141786942208e-09
-1.113364405507567560e-10 -8.612306333745178147e-11 -3.940882920485856964e-10 4.312644162848475364e-10 3.986948544014276782e-09 2.793245265772501851e-09 3.767847712372891256e-10 3.030174558449565475e-09 3.088518566778146031e-09 2.959398364848931583e-09 1.772086466549410099e-09 -8.618361412679227746e-10 2.659504216079204686e-10
1.350568287141350092e-10 6.239565371127921196e-10 3.242819110449769781e-10 2.698458423507772090e-09 1.944171776906232412e-09 2.031839713083803808e-09 7.573297214752321650e-10 2.636625715817913979e-09 1.858511024618614463e-09 3.866432094844559716e-09 5.022963045750985089e-10 1.292783985168080438e-09 -1.593083041368793601e-09
4.024331934999815162e-10 5.263697224741917245e-10 1.005982444721799833e-09 5.835726685002482252e-10 1.758790639712326270e-09 1.386089869516031883e-09 1.923097534988513343e-09 3.769372649970958722e-09 2.456636141574380798e-09 5.226092813500765457e-10 4.702183564549702777e-09 3.356690656403314017e-09 6.964303597805376036e-10
-7.049747583579013956e-11 1.847548298542350514e-10 2.008408556428188146e-10 -5.719897327436165855e-10 -4.475250863773435862e-10 3.955700338763473101e-09 3.857648938238616125e-09 4.949905431286712150e-09 3.304651024327169712e-09 2.738066685369527072e-09 7.603879783259897144e-10 3.670993124395077566e-09 1.244072594005187624e-09
-7.243610245537820040e-12 2.175030081179561911e-10 -2.709157908490102638e-10 -2.627021520473134221e-10 6.072075340719786211e-10 1.641593135132733248e-09 6.855524819699650608e-12 -1.529630718955414736e-09 4.444015288934358966e-09 4.225501115837429837e-09 -6.725675531949962100e-10 7.699147162650568334e-10 1.255618153691816553e-09
-6.876543236451763397e-11 4.223560880410801605e-10 -1.548039112624506955e-10 9.255792975108560695e-10 1.414104399639945096e-09 1.617607690946465235e-09 1.664427236515626439e-10 3.064272190627007704e-09 2.421467335723570587e-09 2.889581392924535573e-09 1.794165027810266189e-09 -2.952936741660090066e-10 7.661105626262867462e-12
-7.545946792809805572e-13 4.185947320984438151e-10 7.766515548122082881e-11 4.061377451000543611e-10 8.748842550269042706e-10 3.791988836096569488e-09 3.074682071618950340e-09 6.910153731322009812e-10 5.776268783270841397e-10 1.580159877597463562e-09 -1.206798726324658010e-09 1.449567068730784580e-09 -5.250950075961672085e-10
-1.888516341633008582e-10 1.774549791555532047e-10 6.927544987827267995e-10 1.286519590683646840e-09 1.971360554290875220e-09 4.877794107303334824e-10 1.488126631056585703e-09 1.020480033298178694e-09 3.506139331024988206e-09 3.941481513142939973e-11 3.368952345375301808e-09 -2.701588618125200858e-10 -1.530807745231131422e-09
5.642409329744029448e-10 8.187094786494637839e-12 1.889079948270547153e-10 2.026194500231341115e-09 2.595154918880567455e-09 3.938040350507111230e-09 7.742215572561764174e-10 3.083245552821497669e-09 2.570370564565471706e-09 4.794921527280545523e-09 2.439902512753412567e-09 6.384939994890926885e-10 1.144211090299305810e-09
1.900823358695735818e-10 -5.222129596525677945e-11 2.497499965997720293e-10 9.412203903214356267e-10 1.664639427419022881e-09 2.457658268786646142e-11 -1.478204741551191066e-09 5.541221921205648511e-10 3.100795102850571897e-09 3.761657274400004103e-09 3.194513022294873411e-09 -1.743273543219539115e-10 6.784959239004805391e-10
1.039819374363427194e-11 6.143843272759185260e-10 5.967347412804429016e-10 2.498547568459875262e-09 5.103166666869992735e-10 -3.529779058473786873e-10 1.888719575601724200e-09 4.164817543945072804e-09 1.261403396183572965e-09 2.096118372652498536e-09 1.632989257871855544e-09 4.286058135939181745e-09 -9.092551753258413674e-10
5.762445950226894625e-11 3.944385342201204421e-10 7.433848604520972281e-10 3.281917146906182481e-09 4.130163638964919758e-09 3.559077374195315048e-09 3.589605501632434929e-09 2.957663259035858074e-09 2.851808381449840942e-09 3.328157727799827197e-09 -1.336616857774631453e-10 -3.061496670886894862e-09 -1.433395227224063013e-09
4.874514805808930480e-10 1.576974470171741971e-10 7.946889274537753920e-10 1.857176749233126427e-09 4.347907837077022166e-11 1.403379175528725692e-09 2.625390251998088938e-09 2.877806995580658007e-09 5.918937642150849987e-09 4.226356950504155554e-09 1.523395196580456909e-09 2.208640101924719383e-09 -4.588316403340494687e-10
2.039793213044613684e-10 1.229917829191371321e-10 2.752553434842893763e-10 1.666369751756217639e-10 1.540502761408182655e-09 2.040949697658270686e-09 3.557777996431996003e-09 2.726129373726764084e-09 2.893319398561093277e-10 1.410886847674089407e-09 1.721823183170321957e-09 5.716311017024935818e-10 1.242327660731457523e-09
6.220001346348504813e-13 7.820132377191853565e-10 1.290223009096054013e-09 3.078075032327342314e-09 2.111887173269230202e-09 2.481183483966894037e-09 2.867708101453193412e-09 4.163376184101038322e-09 1.893425348005889136e-09 2.599578760181073238e-09 7.741661659747072441e-10 1.433606983468580650e-09 1.113527363071193821e-09
3.121485512315625431e-10 6.225830864558958074e-10 1.196556664171174729e-09 1.437106378517525270e-09 -1.093810252770888010e-09 8.889306512231921423e-10 4.596105377880797556e-10 9.590272957423112532e-10 2.577381197595082814e-09 2.507369580037817857e-09 9.726895018772356571e-11 2.241536833138798706e-09 8.811418529274126497e-10
2.584044083725512580e-10 8.050292333978509730e-12 3.563949621589153590e-10 4.737758917643478997e-10 3.663185291008384918e-10 1.871203506439144248e-09 2.785549286865564611e-09 -7.859990144219056293e-10 2.633617704351028691e-09 -1.095319645537698048e-13 1.385384142414333272e-09 6.547668676044268565e-10 3.943035898560893167e-11
6.875277612265729605e-11 6.384670449544364234e-11 4.464598528425810812e-10 2.989410537560401953e-10 1.180930555627613070e-10 2.365760467858073016e-09 3.928406887221815152e-09 1.528472432072160501e-09 2.435703125821558203e-09 1.236881224020922920e-09 -2.280761801490726336e-09 9.200959014164158905e-10 1.043635697823175784e-09
8.434631749724253383e-12 -2.914018080154473071e-11 -1.852972527026957330e-10 2.254964538453215471e-10 1.397197609390654090e-09 2.858066486814998658e-09 3.376104861736114786e-10 -2.133827983577647046e-10 2.076804583307994362e-09 4.470728370939696930e-09 1.667306565209345357e-09 -1.474649403020424245e-09 -2.374309974840313543e-10
1.136069055822997757e-10 -3.578931331411281894e-10 -2.221608017955141504e-10 -1.855142221373531164e-11 1.888069112988738426e-09 2.418110620614955337e-09 3.729973410625070388e-09 3.627481595923000533e-09 7.265161271381226017e-10 1.701365103678764777e-09 1.356055191327184044e-09 2.752750752945997923e-10 -1.008395730742674555e-09
4.580060454407552940e-10 4.294435801546597081e-10 5.539440473488830354e-10 2.036192736567174382e-09 3.037511191835825125e-09 2.245771049608757751e-09 8.129788369541939309e-10 5.012351120476292655e-09 4.180566159762509027e-09 2.148941830309666963e-09 1.609693103064113983e-09 1.866163847549670667e-09 -3.982301334667731827e-10
1.799687736387910383e-10 -4.931331736850408143e-11 1.562379035479761166e-10 2.059706082301219386e-09 2.382518844519108504e-09 3.203300264149351998e-09 3.707667854467343183e-09 4.657619788799473885e-09 5.058965157521540551e-09 1.800760541852722466e-09 -5.491108885500131979e-10 3.628028451734623237e-09 -1.624899858971367035e-09
-9.531354169886066612e-11 6.978100207440666199e-10 6.140675114032237136e-10 3.145490575930359544e-10 1.812558087557232218e-09 3.318755573246780414e-09 2.504610724709080911e-09 -1.040722864580980229e-09 1.217641979386741194e-09 1.924146349533270674e-09 -1.410768079870590289e-09 -7.935559681217832649e-10 1.905228388703275958e-10
4.675521354198966684e-11 3.288964004560696100e-10 5.444650971102486369e-10 1.812287593694272131e-09 3.444065465698039149e-09 4.432911356156767094e-09 3.041423117669867649e-09 2.109505914391986876e-09 5.138006516610045447e-10 1.003752778361503401e-10 -1.281765480215229435e-10 2.205235753563079265e-09 2.953105297197586222e-10
1.406724394222324661e-10 -2.660053425783068401e-10 -2.812040563957299107e-10 -1.056670894361720130e-09 4.148258428465710906e-10 2.737770264842645421e-09 2.014197650893644997e-09 4.427272849830993594e-09 6.410574178456199456e-09 3.582554287868210477e-09 2.305690594801603977e-10 6.584130629735860762e-10 2.180179064332545931e-10
-1.312536584695165311e-11 1.586148383133338155e-10 3.082725394617123245e-10 1.445872159692947866e-09 2.392963870270850003e-09 4.277305374397366831e-09 -9.351172602742159236e-10 2.475871811192606725e-09 2.285318934253498485e-09 5.454595265817977880e-10 3.657847028524623954e-10 1.769914293598372795e-09 1.866294614329404840e-09
-1.731201935152380927e-11 1.454147874573880320e-09 9.895690512129973301e-10 1.962393357836149242e-09 -3.181864098905789434e-10 2.012247643838108361e-10 1.549584079867509568e-09 2.805788959601284475e-09 4.466946358233366051e-09 2.745191563084903951e-09 4.746067917665176603e-10 2.690549741391271529e-09 -3.030640806368339084e-10
-8.731678207567631693e-11 9.262901923050195893e-11 7.062936604580495235e-10 1.213109730779171875e-09 1.932986838660871875e-09 3.287435690452622068e-09 2.534040746710417579e-09 3.782522882134037773e-09 1.536722030151147807e-09 6.942120875809596491e-10 1.411372648324591655e-09 8.174685006644306644e-10 1.428863308589684587e-09
-1.174330763318642870e-10 -3.121072516367369767e-10 -1.710284076618449870e-10 1.092880453199050908e-09 3.223579665195573419e-09 4.042756678071199999e-09 4.505373588954649458e-09 3.938046421087890405e-09 6.027159964492980727e-09 2.998170796771247349e-09 1.320845569313305838e-09 4.097008278766454286e-10 6.505264118034652450e-10
5.063077069095342246e-11 2.382442196625155599e-10 3.006238747289808759e-10 8.697683527079667906e-10 1.845011633588136868e-09 4.190530795290744399e-09 3.512400303285293471e-09 1.981982558521667404e-09 4.368801590685454691e-09 1.984775183014140562e-09 2.202949095895786485e-09 1.859286596994879355e-09 5.513430321762356100e-10
3.244923204455568856e-10 1.826812293972691165e-10 5.929644449130008014e-10 4.210468523625400548e-10 1.880556655362755153e-09 5.101495363318037560e-09 3.915381225003924305e-09 3.929489950818903666e-09 5.218071070890778356e-09 4.419860924969457971e-09 -7.805006682229876699e-10 6.513554456471733813e-10 8.717610685393328413e-10
8.127620002737231742e-11 6.149830788076601179e-11 5.246905558277674618e-10 1.449806242849973854e-09 -7.478739889640775044e-11 -2.046369597121214561e-10 3.432941554597735385e-09 2.615183315316576539e-09 4.446767091314539302e-10 3.519006563464301278e-09 1.993829170495595497e-09 -1.750165618355955884e-09 -1.075801369928605058e-09
2.185164620605498260e-10 1.238730982155237174e-12 1.728676654741462590e-09 2.654204770354004916e-09 1.854321249680446117e-09 -3.938047911480222706e-10 3.359370058193962399e-09 3.662516043012334975e-09 4.217742841918485983e-09 3.426126616206545445e-09 -2.745664855699629801e-09 2.096591483817922501e-09 6.665546585940338491e-12
-1.906386993065451788e-10 3.701688640714759431e-11 2.185128533006521989e-11 9.528903878007527626e-11 9.033480645207379136e-10 3.303683120390058830e-09 3.264258248455062690e-09 1.365862129783105026e-09 1.324078155698803208e-09 5.642395921667180351e-09 2.162267396585991745e-09 -2.211801137697320268e-10 -9.169246603367644080e-10
1.234317016207587766e-10 4.606424888141097243e-10 1.131364358744072541e-09 1.898289588817274517e-09 1.288145747970662121e-09 1.135324442956616368e-09 5.245977575258054880e-09 5.036551087600697328e-09 5.157990138018048879e-09 3.109151813923760765e-09 7.944944890302635541e-10 4.127632546029881540e-10 7.929272078896326637e-10
-2.812568272252593078e-11 -6.131231936550103090e-11 8.227400555264322756e-11 1.636698203613818663e-11 1.194639180243705802e-09 2.361176229533071295e-09 1.968835370544842620e-09 2.843101919586851105e-09 4.552401191888196750e-09 3.428266835819527388e-09 1.266332650683027565e-10 3.462330736019251658e-11 -5.683476378229776110e-10
3.735320867608722286e-11 1.506976681862076343e-11 1.155349203290270635e-09 3.984540992252306970e-09 2.599339183491908533e-09 3.289521469104788500e-09 3.486848621261057797e-09 1.976167563436203906e-09 3.084117286494816799e-09 3.568176704583165575e-09 5.333036350374705885e-09 2.732874706259052814e-10 1.077775391353688660e-10
-1.136156679200911357e-11 6.292403434849985475e-11 2.813537439391691177e-11 1.111127180345600319e-09 2.527672335530498616e-09 3.579486898051443570e-09 2.462143460801886304e-09 4.017477099218768001e-09 2.354045443495218288e-09 9.996571606200030991e-10 4.462902764278356237e-09 -1.094921301862919079e-09 1.822927120452725692e-09
-7.064392434720790338e-11 -5.805189413187803686e-10 -3.452252800538293169e-10 7.951584892362068239e-10 2.117246413818091418e-09 2.843295758070605798e-09 3.559883483773852424e-09 3.336925066426387987e-09 3.730681333839673260e-09 1.759976556962783596e-09 1.989752314580403694e-09 -1.009419415998658870e-09 -2.750104636486733089e-10
1.015751933152584197e-10 -1.858469106751690593e-10 2.630430533050216378e-10 4.111178767990277914e-10 1.007034239420842725e-09 1.694903646333703640e-09 2.870850704347273024e-09 2.985670072209694917e-09 2.083143977775452686e-09 1.118704706834870485e-09 1.644317353479020893e-09 9.404468065904881261e-10 9.495165799318089989e-10
-1.188044394889990406e-10 1.366321364303043335e-10 1.802673099556769224e-10 1.271885648330250422e-09 2.683168638018983590e-09 1.653974339801373798e-09 3.825400459773881521e-09 3.728533772807768418e-09 4.804356000489879219e-09 4.764318309545767894e-09 -1.128773947080681756e-09 -1.197000771420771024e-09 3.833333497254714122e-10
2.904969544673017974e-10 1.439115181321676497e-10 9.392886962210946161e-10 1.698380261231586941e-09 3.074904319866926505e-09 3.302660923952688152e-09 3.479287656648802865e-09 2.568661128565581930e-09 4.402038686136775771e-09 1.564003046398170977e-09 1.975265255823450184e-10 4.411055094858493420e-09 1.406688692865656995e-09
5.382277872504747430e-11 1.275295887116614672e-09 7.324533888497874642e-10 1.411317125015911808e-09 1.358195009327145880e-09 1.664804891699970462e-09 4.069572216790012313e-09 2.529585383595126132e-09 4.419496443730712933e-09 2.645554048695384260e-09 2.126212272787019040e-09 7.649377552902411076e-10 -6.165539257009305337e-10
1.336013347935929087e-10 -4.715791615495048458e-11 4.507012316649829004e-10 4.290130788940315724e-10 1.818453877312477966e-09 8.765689696790310362e-10 2.169412262420661752e-09 2.618441220018792678e-09 3.149372261643506123e-09 2.743441911286687940e-09 1.687857333816573811e-09 1.183750386517010294e-09 1.564019444159584964e-09
1.569677407566562430e-10 -9.714825194510680267e-11 7.586904788613732063e-11 8.391146927742038355e-10 1.613527252037530581e-09 5.736739608482244037e-10 2.200391592867286286e-09 1.000568094356070211e-08 2.435447861628474072e-09 1.974307397450375385e-09 -2.513767823614856932e-09 -2.032404638804286563e-09 1.014495906081352555e-09
4.166860885381096826e-10 4.929155455312501271e-10 1.729961365089563054e-09 2.524108761807586343e-10 1.098240025844434909e-09 1.791197726621939753e-09 2.865564922432142792e-09 3.977497816320715705e-09 2.051991870623929846e-09 2.025302114108188910e-09 4.244614788440048128e-09 2.490794152749075951e-09 -7.466209466009547471e-10
-2.011731914457867045e-11 -2.287344589678295406e-10 -1.582351274622575285e-10 2.194613097404509938e-10 -4.834375124533220642e-10 1.881616445737311312e-09 3.941907834759752485e-09 5.356786323133359966e-09 5.559572498334248533e-09 3.277585574842510898e-09 1.347022059579954213e-09 -1.683229697559294720e-09 -4.460089780443225710e-10
-1.295245935868441556e-10 2.967993896010162772e-10 2.959281066348536349e-10 4.042647440038550302e-10 1.992427098804839635e-09 6.233754232262369715e-10 3.556726197182294452e-09 3.409330224724105820e-09 2.705507178499562557e-09 8.646123075116877175e-10 4.121695388574625822e-09 4.956802793898897728e-10 1.244460670658136482e-09
9.120806345926470012e-11 9.285436068806125837e-11 2.150290395706427988e-10 9.730464744716836496e-10 2.141447264206201502e-09 3.535089702685233356e-09 1.788370269040943700e-09 1.752845787630328408e-09 6.659091662040803214e-10 1.285313398265758179e-09 9.592294049709572151e-10 1.381925026326287198e-09 -5.779074632898810128e-10
-2.439568776375967392e-10 1.150351775800114963e-10 3.203663469033736131e-10 2.291470573605996277e-09 1.921615083751365233e-09 2.324494619692764036e-09 2.850202618477577421e-09 4.043986894675252752e-09 2.522102112732161327e-09 1.717301503613272275e-09 4.996826091474219646e-09 4.212485913505804308e-10 -2.765551918244737630e-10
3.523446116702672429e-10 -2.133975410489732832e-10 1.786710123787360216e-10 5.217709950861881203e-10 8.959141642000137824e-10 2.902483456313250010e-09 3.419777910521661814e-09 4.606018964904951182e-09 2.122170990584986667e-09 4.239224823284094940e-09 2.963025063550962882e-09 -3.987547951856643090e-10 -2.964563572197416803e-10
-3.094602881989021908e-11 5.951501823288162064e-10 4.386559156312821822e-10 1.398003685962630721e-09 2.053451262049232026e-09 1.191014022326628615e-09 1.601651183733272723e-09 4.553210590228144455e-09 1.477017350072314317e-09 2.901851600151651527e-09 5.331675507573427616e-11 2.173369739469974916e-09 1.476827511672052167e-09
3.742718997667847646e-11 1.877844936554289909e-10 4.907519733435595477e-10 4.970671859227148996e-10 6.630094763059035409e-10 2.584877671184644680e-09 2.126289542240864668e-09 -2.191489835460971005e-11 -3.993632517591418024e-10 1.814999305456759771e-09 -1.456277119252008130e-09 -8.947746373740676789e-10 -5.634472637575854423e-10
8.325423549018861922e-11 3.441708758236165822e-10 8.436377502949848081e-10 1.696210031766738682e-09 6.498813899274972286e-10 2.125415084308480536e-09 2.428044046516000740e-09 2.370417967767108679e-09 4.339560504295352061e-09 1.471187032048220552e-09 1.083947277671622902e-09 1.616805579095184434e-09 7.600901465614156269e-10
-9.596648284466376384e-11 2.893679159797059675e-10 6.585218585511985649e-10 2.393508567408513842e-09 2.896399576806765443e-09 2.083728351911057384e-09 2.061617127285527820e-09 3.857200081029831407e-09 3.175395981904678378e-09 2.280008820549504285e-10 2.315568830556264959e-09 -6.869876985060158489e-11 -4.428149232695962809e-10
1.395555286457334634e-10 4.614523481406178915e-10 1.254890537106383791e-09 2.481720862888851044e-09 2.610706482801828248e-09 2.501883848087405845e-09 3.218977748398162355e-09 4.658436768465632260e-09 1.556550303659533945e-09 2.141480101060470736e-09 3.608155895209884768e-09 3.062113776277689075e-09 1.119553012841259209e-09
3.764200323765957357e-10 -2.108619503004031867e-10 3.670292540053804679e-10 1.340753163053834976e-09 3.379187599097968487e-09 2.094682712508623652e-09 2.650034040816968658e-09 4.599917237144853025e-09 3.345405097189961187e-09 1.064995130921299458e-09 3.472426548785048188e-09 -2.307038865973563599e-09 4.980486816234169823e-10
6.272392959063260230e-12 1.361465214231056975e-09 1.261676873202762315e-09 1.975080541753553513e-09 2.452315544730980570e-09 3.227950919125223175e-09 4.268914260868508882e-09 1.818306402968356023e-09 4.758342051662995504e-09 4.573098465117646945e-09 5.244527722855100387e-09 1.501042942550386514e-09 -4.369916674263969952e-10
1.466833339786463873e-10 3.490670698005606455e-10 5.595344666694631307e-10 1.826106788954423165e-10 2.502164577165127450e-10 1.884964456765567145e-09 1.330068707454394452e-09 3.545374794698093644e-09 1.850706731664492144e-09 3.860594415379063916e-09 4.406861930516662320e-09 1.483167783149729024e-09 1.860806939422419612e-09
2.688840212069003805e-10 1.577681260891508565e-11 6.641953940306242505e-10 1.406790662170706081e-09 3.737323815756331983e-09 3.754552035120669204e-09 2.557423956645649756e-09 2.909524214093228853e-09 2.179179917105680118e-09 2.225174273046206628e-09 2.626126301822282165e-09 -1.020598310531907213e-09 8.554521254390520972e-10
-3.396142591156532787e-10 1.039834525568238945e-10 -2.666014718797988298e-10 3.909345450512390254e-10 1.930171505240015707e-09 1.369607432111374498e-09 3.196305536427949237e-09 3.489419750100455766e-09 2.385705532999261121e-09 3.136253614964581238e-09 -2.094469129946524591e-09 2.351517296009023768e-10 -3.722277011343315476e-10
2.834051673974738444e-10 -9.200735122887422241e-11 9.548547631802995308e-10 1.653010094828777513e-09 7.992619462973213988e-10 1.287896271386174794e-09 3.240302523616830401e-09 3.490675713544533759e-09 9.043764159828451350e-10 1.676509310055643262e-09 2.147389942315593387e-10 1.885910011553573401e-09 8.702857171143352080e-10
1.464677692262666074e-10 8.422559633171253795e-11 5.042709813402607691e-10 2.484888636381108114e-10 8.042071183822408441e-10 1.864770869737275352e-09 2.956188241666153844e-09 2.642286654920246628e-09 4.060790982974868857e-09 2.758178181938194440e-09 1.947479439723909412e-09 1.999729879929118855e-09 6.286228340313833527e-10
2.566871368663922004e-10 1.024842743372011646e-09 9.996545170181135979e-10 6.118853455050427623e-10 7.147264246531003756e-10 1.821354369128399323e-09 2.635460873153076697e-09 4.078101290836326302e-09 5.211557694345346425e-09 1.769656226510502423e-09 1.613780443188590265e-09 -6.313749040768821472e-10 -3.038895692497778620e-10
-2.688181037501655019e-10 3.758339166004729940e-10 4.405770346120917063e-10 1.257920556876545894e-09 1.105977306584135689e-09 1.450395528276361176e-09 1.827334058075133166e-09 1.869924018068253900e-09 -4.742218438189870809e-10 5.459984675673942551e-10 2.057511032093725341e-09 -7.986049103737981280e-10 -1.758345650761151377e-10
5.206705146329936529e-10 -1.086020696718591291e-10 1.341122215818942576e-09 3.130184440248959929e-10 1.132346501956552062e-09 2.083509246650603573e-09 3.338720730905419047e-09 4.153448982939595965e-09 1.471777036325171656e-09 2.074647726196533056e-09 2.800886455751957903e-09 9.741861121744751932e-10 -5.042706544986073449e-10
2.074365632458178861e-10 -3.826575516104215147e-11 5.668131232331747750e-10 8.181776590538447386e-10 8.734027677896292019e-10 1.126923094515780367e-09 5.838726534482786639e-10 1.913681982240676442e-09 3.833479239642956801e-09 3.228599701956681372e-09 9.410459766086033837e-10 3.464393337621617776e-10 1.357552951843421047e-09
-2.421791735003256655e-11 -4.200021890156248996e-11 5.514514364663181279e-10 1.107762390403010051e-09 2.589946179401507093e-10 4.002539284024841981e-10 2.889553960178866719e-09 2.266227907027085515e-09 2.435264951659293342e-09 6.938919669233603969e-10 2.036627542245673384e-09 2.098163109558403136e-09 1.362153447865902929e-09
-4.710490471418310539e-11 -1.921182531000856659e-11 -2.472401668172849180e-10 8.679351061845955213e-11 1.632484445514351020e-09 1.634197982906736350e-09 2.005310273748982030e-09 5.061550510184099548e-09 5.028688120693508466e-09 1.649704027510834207e-09 2.849457253799502101e-09 5.813248569522144170e-10 1.540223101797332195e-09
4.858448149077733749e-11 9.606297796145955413e-12 3.400913280433535726e-10 1.169991550445391562e-09 2.656845724790743017e-09 2.532148336223668872e-09 4.992917015615313395e-09 4.469089854875654691e-09 1.926189196405683618e-09 1.280091000200027968e-09 5.775015634055405931e-09 3.822937218254377651e-09 -1.352170850078786427e-09
-7.630022466028421342e-12 6.927463666691776333e-10 6.024458913406149439e-10 3.663536434511130765e-10 1.328345861975583408e-09 2.256456360813631601e-09 2.966988493946756224e-09 3.318955247334767011e-09 1.633250740880848410e-09 2.619544286122723761e-09 2.826776948053752269e-09 6.036991796830534036e-10 -1.992491072187522994e-09
2.252223108462659450e-10 -3.333463210925447539e-11 -6.508353949583903943e-10 -9.867205267803814081e-10 1.343847972081463031e-09 2.982408327752532541e-09 5.134146470109215851e-09 3.764369373766796653e-09 1.793345994900161845e-09 2.921422211538472550e-09 -6.171574695733250063e-10 -1.500748925783401749e-09 3.239932866149426441e-10
1.949605138383680722e-10 3.042085204578956516e-10 7.583117129206495363e-10 6.520241820882935540e-10 3.148011007382192405e-11 2.913163922011709440e-09 3.108796005317046899e-09 2.449630613039875905e-09 2.314803644408998801e-09 3.457418030406099309e-09 2.487212111198908887e-10 -1.847414656116303075e-09 3.908387588638497600e-11
-6.526840686077944370e-11 8.018590629691998711e-10 7.954124390990618209e-10 3.063894191667633861e-09 2.989757790811010577e-09 3.547363896925354818e-09 3.518601127528492791e-09 3.477600357838175480e-09 4.903264189059229430e-09 9.028921558005355285e-10 5.315563495525278045e-11 -2.071918359441586241e-10 9.381755131362224291e-10
1.643379657434626251e-11 2.837628113911648825e-10 3.201070838244872056e-10 -1.237635509160115531e-10 7.293325021835922847e-10 2.679987603604089649e-09 4.926779330752003474e-09 3.885340531626301014e-09 5.716216592585778428e-09 1.938092493412199438e-09 4.682206127492046319e-09 1.232843860722508231e-09 -7.544328857896884226e-10
-3.496253163227574959e-11 3.575615551542343943e-10 7.046161700858857411e-10 2.820183841534668003e-09 1.945749525724246340e-09 1.838009547615483145e-09 3.383673495620605611e-09 1.138412617311571077e-09 2.245095629438165077e-09 2.474414226143055289e-09 4.560951786774448869e-09 2.610742018396999996e-09 4.659782682493712102e-10
7.035810163302371838e-11 6.929019818955954085e-10 1.145173437419634178e-09 3.109916297705121817e-09 4.845708209029686016e-09 2.771515229409115119e-09 3.384738179841028497e-09 3.577257366869444995e-09 4.669537682623965787e-09 1.698420371042399781e-09 -9.009174141111270065e-10 4.780059285094734259e-10 -8.281695531544461381e-11
6.084261569044163181e-11 4.653597955677501999e-10 1.213195214106818019e-09 1.366211182127473860e-09 1.461834820955105824e-09 7.815478341155954745e-10 1.482460096566046642e-09 5.130892874811130613e-09 3.182180557315577930e-09 3.538971068246833955e-09 2.190188621700745292e-09 1.521463884551261832e-09 1.147467058593782311e-09
1.392553489193306480e-10 8.031911925352903758e-11 5.191306717700821713e-10 1.372859860403616317e-09 1.792275192920150031e-09 2.447946646297258933e-09 3.919355211193984716e-09 5.066505772641804864e-09 3.510492105316985239e-09 3.563372545806464634e-09 -1.557493765524509939e-09 -9.784245836705735918e-10 4.985455301782626352e-10
-1.378955022368352622e-10 -4.005278537777347348e-10 -4.280585828919855495e-10 5.403174288882650993e-10 3.030783098174268363e-09 3.480093230775149132e-09 2.698425216014336473e-09 1.605215952454984704e-09 -6.341957441299909843e-10 4.771816094301807291e-09 2.579404366226953188e-09 2.505328713911342463e-09 1.940360807716946972e-09
7.490006292344470446e-10 1.066970133847142761e-10 7.314740490349636448e-10 1.192443850563319361e-09 1.809284009271642508e-09 5.161711672671132202e-09 1.602904121746257131e-09 3.355126570902191311e-10 3.535213835210190376e-09 2.255911685837250170e-09 -1.926642368963203484e-10 1.676101891984330370e-09 3.319531171656656370e-11
2.492863646175630876e-10 2.851423057923312765e-10 6.139691852363006744e-10 1.664769406913110525e-09 1.844490498492091165e-09 1.642613848849625202e-09 3.648791108960492829e-09 3.855849692773147966e-09 1.209311831261373215e-09 3.503550331123188007e-09 2.687196022877925172e-09 -1.628050257599092243e-09 2.172388083283344042e-09
1.744062320097335680e-11 3.831833803283056342e-10 3.151876525451866648e-10 7.397313907648981280e-10 2.359046593863700200e-09 1.507319654722713276e-09 2.688973201910627835e-09 2.879740731333629356e-09 4.326431753460261509e-11 2.845056396327699603e-09 9.958337862756997266e-10 -4.453160233509031134e-11 -3.116663377166918428e-10
8.346626234540631019e-11 1.321302841405033182e-10 6.911644670706827331e-10 6.951391370660461350e-10 2.014555715431574618e-09 2.273334980122870134e-09 2.865888777109048695e-09 4.802416661993362647e-10 4.152679454826538909e-09 4.951822267673029627e-09 5.080593056978871821e-09 4.531554539472162910e-09 1.572505529984382751e-09
3.825007869982317393e-10 2.081309589230922110e-10 3.392474129617155650e-10 -1.346460804320489004e-09 9.952691124269809865e-10 1.942430237908849067e-09 2.710996563781788516e-09 9.037858859583358992e-10 1.630706924646619032e-09 -3.312554815439347621e-10 1.825047406636079437e-09 4.406166841951163019e-09 3.933118676985029830e-10
2.517161492132991751e-10 7.432591776585091902e-10 6.470433232277485764e-10 -2.914752510454840153e-10 1.012493032121974221e-09 4.894719533224903209e-10 2.142852459536325248e-09 5.390950391991851081e-09 5.808766735937638615e-09 2.132975586559680363e-09 2.108252636808538475e-09 1.941380790604823645e-11 5.757826274239950611e-11
-7.792447117271912795e-11 2.194971298990157703e-11 5.220302869882143534e-10 1.389279385456957767e-09 3.597520755127941218e-09 4.140950354337941476e-09 2.670798994803064106e-09 6.120522107521938489e-09 3.034590768540716790e-09 2.475718235016640293e-09 9.179662898429742378e-10 5.146596450479471207e-09 3.082569820810078716e-10
-8.836064902418536419e-11 7.156766849937425046e-11 -1.083870893599528972e-10 5.901582815586975254e-10 2.621586124163600715e-09 -1.474920192151268863e-10 7.404717625242743093e-10 3.084409605903367152e-09 2.821014470224746027e-09 2.123040029448444726e-09 2.031446568604576367e-09 1.833392983381352064e-09 1.061104945340389982e-09
-1.001305259505837528e-10 3.834423758679725629e-10 7.099610644740227166e-10 6.062106870207711857e-10 9.252489621814798001e-10 1.500346860174226122e-09 2.760812357706041911e-09 2.896982021554571357e-09 2.441475980925666815e-09 4.944687679252769514e-09 4.219293958861176276e-09 4.489933032754803205e-10 -5.376377781159283944e-10
-2.885082332362402579e-11 -6.434383678863881562e-11 2.616411194094997112e-10 4.355026249362510046e-10 1.880115564010320490e-09 2.564885801525889039e-09 3.187105234205820730e-09 5.649441328308492797e-09 2.609289469444774152e-09 3.328053339686057960e-09 1.250462817357361007e-09 2.171534309617122305e-09 4.964383002036289848e-10
6.410726446985366732e-11 4.444591682838859244e-10 1.043788039758826731e-09 5.785367584084440045e-10 3.631352229115847720e-10 2.957587188502534685e-09 3.042906461757929345e-09 2.782348163147318921e-09 1.989588208820064948e-09 2.332318332606408341e-09 -3.309256818859618208e-10 1.644918949986115793e-09 1.269498782662132068e-09
3.777173607814592672e-11 3.695338685669516591e-10 7.506543734288882343e-10 1.614615924377819246e-09 4.175330689133012734e-10 1.188966192384647002e-09 3.079643181163212425e-09 4.560938067122784645e-09 5.976613490454935832e-09 3.687588992091221704e-09 4.160958790405537660e-10 2.019090594722435996e-09 1.072637249923001770e-09
3.261436981321792612e-12 5.630048510614276309e-10 4.974492616953860598e-10 1.045439723541429712e-09 2.511819957495698231e-09 2.946615074204997527e-09 3.983610569548059030e-09 2.885098710105169539e-09 2.672295793600804089e-09 2.780546374345393211e-09 -2.023347132752882600e-09 2.256657589358535247e-09 -4.096536490483500074e-10
1.143628135828415360e-10 2.705803916870144595e-09 2.599209274797857261e-09 5.169782743741496432e-09 3.620691140800856361e-09 3.068353077676829880e-09 1.990924397118099585e-09 1.928479744377446857e-09 3.697225224410497111e-09 -1.216201701209014961e-09 1.924897444603940477e-09 4.994061442081739415e-10 1.307127647421386955e-09
5.687957599152620264e-11 3.722418148134785457e-10 4.542038785248495321e-10 -1.495450848294686158e-10 2.073289590066752665e-09 1.706441728141536308e-09 3.461114096446573038e-09 5.008209678709374325e-09 3.100265701885369569e-09 1.269401034522333533e-09 2.035182385257840233e-09 4.520402956923279559e-09 1.566578778768439661e-09
8.480085598202325041e-13 1.417862872311534681e-10 2.097724641703054153e-10 1.011251001158988095e-09 2.100771800821641480e-10 1.759149734912294896e-09 4.070037886052983680e-09 6.087773535628286367e-09 2.700395721067760574e-09 5.293529556602280903e-09 4.378418214826330404e-09 1.450872748540845152e-09 1.819985582554012936e-10
4.004686211194241491e-11 -1.096947503437416891e-10 3.795133178344211169e-10 9.156324150144816325e-10 1.256941595828016660e-09 1.880358296535545273e-09 3.974147465129385266e-09 3.575253430853155957e-09 3.161432741683000405e-09 3.043642025338272897e-09 1.778090711188023542e-09 9.972452565724417049e-10 1.499996131413162097e-09
-1.570185010519514968e-11 -7.088557590048627457e-11 -8.165942196182130572e-11 1.294175812462464695e-09 1.333983366194641048e-10 2.549709474145245131e-10 -4.570056033229283985e-10 1.812792481558149353e-09 3.074304895469646694e-09 1.720861958250545094e-09 1.176463723386029629e-09 1.997820652285579684e-09 1.161819361624690534e-09
1.923670209009368593e-10 -8.144512469173744200e-11 8.336577992587860098e-10 8.364241625465228874e-10 1.533303663707791226e-09 3.330797178258394347e-09 2.038033365587981734e-09 2.819937248824680612e-09 -1.396037342713395507e-10 3.745128660842158473e-09 -8.982402453365702245e-11 -1.310809256022674241e-09 -4.485401480902327816e-10
-8.871373799906511390e-11 8.326573354674187905e-11 3.941191345339083366e-10 1.479848437448033961e-09 5.656701534782205652e-10 2.699217683661279769e-09 2.301461632688747328e-09 2.462526033952999854e-09 3.989227187091395441e-10 -2.452305965964980836e-10 1.163283353439354506e-09 2.848140226251407344e-09 6.370106881125707404e-10
5.446444393096060287e-11 3.275915678416021798e-10 5.849919569556249392e-10 6.096919132225029537e-10 1.266155001065647847e-09 3.221451812959727789e-09 3.925892046115696543e-09 2.823338084756911411e-09 5.269925736285755424e-09 1.218027723643704292e-09 3.790697233573813587e-09 6.156756530910843103e-09 1.663753526561799978e-09
1.286052444199230234e-10 -3.701398389041569525e-10 3.569496539858202758e-10 7.279932079667707348e-10 1.856901614841001283e-10 1.850282166286980921e-10 2.739030307901052912e-09 4.055006209239337025e-09 3.437171623714261612e-09 2.617712446845677021e-09 -2.825032307051075335e-09 2.235820315419472487e-09 -1.384709065337577516e-09
-4.347980025856848681e-11 1.454364116120580190e-10 4.322822013430030067e-10 1.487942118966082205e-09 2.410126842218994934e-09 3.222554781718473095e-09 4.694879489248435924e-09 2.686416924298361174e-09 3.893565208666273203e-09 2.668288037960476238e-09 3.290957557019684657e-09 1.639053831662739470e-09 -1.006738880992229593e-10
-4.523526454525088333e-11 3.801563380167943011e-10 3.537678325900629172e-11 5.064050560512642615e-10 3.054109779895827629e-10 2.784253981858569498e-09 1.777990208393488985e-09 4.043865205439397987e-09 2.526069803682924983e-09 4.973668882904039457e-09 5.634977701682613585e-09 3.278346338980961242e-09 4.793348969167494576e-10
8.162883504950557029e-11 1.095656523733214920e-09 6.219072617983571066e-10 1.417806932049921953e-09 2.140838873976253021e-09 2.075070792240440976e-09 2.733487547226596874e-09 1.930035471552810298e-09 3.042327523949751333e-09 1.459808034993830455e-09 -3.655040948523900558e-10 -1.318319273944823626e-09 -1.245192252960559454e-09
5.813411141715600920e-11 8.403154852843912061e-10 1.026407221601873718e-09 9.980212285148790308e-10 1.736738909034138469e-09 3.620051986845635344e-09 5.655568972211506147e-09 1.142498891217377581e-09 1.994370506740812441e-09 4.020084116830026125e-09 2.975504218646884816e-09 1.287675855076162330e-09 1.974054288693789690e-09
2.455578633783989318e-10 1.039317984772522750e-09 1.640669184761817138e-09 1.610715055134093000e-09 2.494531724654869022e-09 2.116841575894197946e-09 2.624677477864074924e-09 2.013411532187936530e-09 6.167686216974926822e-09 3.335229649335825007e-09 4.137212463007199219e-09 6.434225265291555855e-09 -7.634065077946210099e-10
1.381888820800071875e-11 7.837490637125949173e-11 4.943518775544091415e-10 8.709874127020868518e-10 5.900686920101046885e-10 3.411263433282359214e-09 3.940127199520819293e-09 1.363927171700884832e-09 1.423133370356183915e-09 3.325410267874953320e-09 2.703312757153723454e-10 2.912003757601306477e-10 -1.156848626407857026e-09
1.213939885657416322e-10 -3.269267246280321994e-10 -2.982339921394091861e-11 7.934218673360849922e-10 1.802668158312354902e-09 9.236042642324609400e-10 3.948020829534029677e-09 4.450502736586093357e-09 1.124759416522969304e-09 5.695319056011404864e-10 2.843561271720575919e-09 3.497125199345826301e-09 2.072454353915932116e-10
2.545456424689046176e-10 -3.383216396135405888e-10 -3.829660511353494424e-10 6.309193385267096816e-11 2.146564193768076039e-09 5.414057780915186273e-09 3.820157332259241666e-09 3.407665731397156324e-09 6.449770051228882023e-10 -3.964942580599257277e-11 -1.030567148956455833e-09 -1.846047725168865973e-09 2.524570662298599206e-10
-2.129838863327855009e-12 2.940187880745667468e-10 2.119492481785412300e-10 1.510748932815002920e-09 1.642547940588430029e-09 9.842141853202623986e-10 2.507299168547959336e-09 3.221342643223025440e-09 -1.739359739886293849e-09 1.937363474544846648e-09 2.343765444368035190e-10 -1.547469655684168371e-09 -2.802770921964904880e-10
4.504928086244005865e-11 3.164530538362707602e-10 3.574290635103424259e-10 5.888214845189360927e-10 -1.202542757822465242e-10 4.711704981284284785e-10 5.293447005442934412e-11 1.230555929627018682e-09 3.114062003166943811e-09 4.458566012074540077e-09 1.804692348426946311e-09 2.847000474291367540e-09 1.310126338956994819e-10
1.675679913635212509e-10 2.801368549137499052e-10 6.606503187344665685e-10 4.418047950104899662e-10 1.122161182774510872e-09 2.263756826304232907e-09 9.225841422526619642e-10 3.096232247839968441e-09 2.666245538498073640e-09 2.336648679581275491e-09 2.986747140825049721e-09 -5.586128450745609794e-10 -4.595133320637263910e-10
4.991504444375985523e-10 8.979290134099229109e-11 2.609583227216799160e-09 2.487270699314190396e-09 1.861592258472510410e-09 8.717084083096562440e-10 9.259236218639395718e-10 5.696824791550038257e-09 1.859788163364460277e-09 3.658071624996867121e-09 4.702440788594293972e-09 1.308350901747852914e-09 -1.248176222768598574e-10
1.437412713289964608e-10 -3.437413985814168381e-11 4.952673841925367063e-10 8.252845063178733301e-10 2.505091514567728551e-09 2.632105428091617020e-09 3.635757936495647464e-09 1.389777492314855968e-09 1.004323392475130885e-09 1.543613026531997783e-09 7.365097530005711983e-10 3.745395603881918139e-10 3.375076282119124610e-10
4.621497370506792866e-11 8.781508416767286347e-10 2.579393784114129919e-10 2.572161129957822997e-10 7.889165009511811097e-10 3.391793221166028328e-09 2.855066721572925722e-09 3.665853865521522759e-09 2.152396808327525368e-09 4.142492165417805887e-09 1.624551628987931453e-09 -1.370916577193258436e-09 -2.358904152355361920e-09
7.500813364542033542e-11 7.758722834568559216e-11 1.145265723751621086e-09 1.988735959384476806e-09 2.124047390483628595e-09 1.881020574349972897e-09 2.630475583543108581e-09 3.489887834737053970e-09 1.726310573678916652e-09 5.978075756372750801e-09 2.406784556100971150e-09 1.656453062720575927e-10 -4.454823962514381000e-10
4.133979521099748990e-11 2.857496944058618155e-10 2.055898106622699739e-10 8.082777669594535545e-10 7.228278600964268792e-10 3.059380430056394991e-09 4.298982391833290807e-09 4.367750512451642914e-09 4.790793401046814441e-09 3.788399636907231160e-09 1.791886444325299263e-09 1.428521384164832971e-09 -1.143040950532729655e-10
6.083340916368730277e-11 4.629717659531732701e-11 1.267939720870556941e-10 6.426280122048067121e-10 1.176625435884961796e-09 1.075421971767926383e-09 -1.491594341192008377e-10 1.782549521054169047e-09 6.388431949786159165e-09 2.162490713638269659e-09 1.731233231303220514e-09 1.594157294352040113e-09 -2.539076565230716374e-10
5.041467820017518415e-11 2.294733393811284549e-11 2.303192159283589719e-10 -1.154818870369632978e-10 -1.602089456992686469e-10 2.150671556266254676e-09 2.588927483525029783e-09 3.154812891759263069e-09 1.411879226777718308e-09 2.646679529092400040e-09 2.222942073188635363e-09 7.025649514546627933e-10 -2.047476940722708593e-09
-8.869248503960348134e-11 2.401789595720135573e-10 7.121725757204035135e-10 3.226706967991539983e-10 9.953312935741953895e-10 1.103338035221655320e-09 2.182182643313425158e-09 5.583962564831672850e-09 1.900930398962419064e-09 1.099092330780082204e-09 -1.670465407427724873e-09 1.177378866520741707e-09 1.854296638417160762e-09
-7.591783120513124341e-11 -6.529756928897523261e-11 5.136958708243327342e-10 -7.119974582520964649e-12 1.554225301346901779e-09 2.850479015226636445e-09 2.994623838314474216e-09 4.502190493971749951e-09 4.249346238673839448e-09 1.952187482187549854e-09 1.308514056124099609e-09 -1.167756608471674737e-09 -1.820010401904169902e-09
-6.458289356855191278e-11 -1.061118817861004478e-10 3.736084368725909330e-10 1.138552333502185934e-09 6.425949770314881534e-10 1.993468226013058018e-09 2.667759315356605262e-09 8.909422517469577049e-10 4.458369191593903929e-09 1.667204325020106254e-10 -1.579613018125129896e-09 6.646463749261122548e-10 3.837964933103229786e-10
1.870426976725406516e-10 2.887700949008095528e-10 1.161419590843374344e-10 6.594074135574235474e-10 7.971015541455285973e-10 1.384137437384663673e-09 1.604673558286130098e-09 1.617515099662071184e-09 4.658749044722743174e-09 5.505704210069201579e-09 4.230269343860727855e-09 -1.804092626424434102e-09 -9.603428916364302921e-10
4.274355629193081472e-11 4.999778930681444511e-11 -5.055201055782243532e-11 7.573601170007900016e-10 8.825222936268318511e-10 1.314899251903631324e-09 3.280520364406805655e-09 3.220539439964825503e-09 1.128532416437051918e-09 -4.374933072353449646e-10 3.808323640441845989e-09 2.983600385038875394e-10 3.702406076769777454e-10
3.284177233854483156e-11 1.829113849730319763e-11 1.298372929432725438e-10 2.507328791808527376e-10 9.178828570403044036e-11 1.662507114792987455e-09 3.454187702957629498e-09 3.597236866885682564e-09 4.464603631711569355e-09 2.457201469561558279e-10 6.108931196559732554e-09 4.042454179806543385e-09 -3.646360186669094146e-10
-1.062301474089731703e-10 5.556276601891237752e-10 8.059045667725007586e-10 1.619629992228157057e-09 3.548639648100840207e-09 2.850437542587536073e-09 3.698027995700330150e-09 5.412681018869100133e-09 3.187731697255443510e-09 2.357150113559378593e-09 1.604967671489266989e-10 1.228693614790506271e-09 -3.164855704295328935e-10
4.717571474919231816e-11 1.021865397411337746e-09 1.209213390103821517e-09 5.188212746371142795e-10 1.533065502117851175e-09 2.693813513985874780e-09 1.989907482499183274e-09 2.198148422430524953e-09 -3.856001821155766285e-10 4.959805145040296353e-09 3.751376616116960015e-09 1.453833049178177733e-09 6.584559296881311275e-11
-1.432366132073004741e-10 5.131278830352615355e-11 5.336371783670573558e-10 8.960040901666147810e-10 1.729816089499901991e-09 3.712727343877050124e-09 3.992982867418962152e-09 2.616589622228010485e-09 5.061716454347381585e-09 7.655927043681671819e-10 9.065610656491411616e-10 1.887444480697515036e-09 4.137848111641814025e-10
3.705449509869924968e-10 7.389521518599854833e-10 1.167633404292313484e-09 2.095221223922818633e-09 2.744759439157504064e-09 3.563204032284080407e-09 2.069588900005446722e-09 5.067485174161653644e-09 3.764587007161203656e-09 2.566127613256927721e-09 1.860047536065309039e-09 1.451547695142561101e-10 -9.642586847644551219e-10
2.874182211236242639e-10 4.872207090497060206e-10 1.694317189919469305e-09 3.098693916733691925e-09 4.876781454893911972e-10 4.640607442614850922e-10 1.454523358784290931e-09 4.355800285811696330e-09 4.697969321225486204e-09 4.910837239900760330e-09 7.022551926425395052e-10 3.914315306152030006e-09 1.203133161505937907e-09
2.198297274863316736e-10 2.268502739635887893e-10 1.104589152620593531e-09 1.156194656327317245e-09 2.577740337049971702e-09 3.061992949828862018e-10 1.607239636618879159e-09 3.662655892209197934e-09 -4.705330018166048853e-11 2.589040217284645774e-09 3.240011038111840665e-09 1.726017484732778751e-09 7.548782189864156986e-10
2.398614092639926424e-10 2.013854602469752495e-10 1.096112973886096635e-09 1.107141600270124781e-09 5.722646018576367919e-10 1.488900509150315003e-09 3.884666573093937363e-09 4.035651670090693749e-09 2.069515668769207826e-09 3.523158839769001091e-10 -1.863749040583981411e-09 2.518154564266293384e-10 4.449722162111778684e-10
-5.058713803197284957e-11 7.041539240788883795e-10 7.547731515857037261e-10 1.670474671800474865e-09 4.704005562414457329e-10 -1.210606460759973396e-09 -6.654252088131528921e-10 5.356049451796171578e-09 6.303105368731826671e-09 3.096132908175566797e-09 1.982918933891955096e-09 -2.154020566939606091e-09 -3.697098071882262995e-10
1.144159421380548941e-10 -3.550479094231527526e-10 2.990865716857507862e-10 6.633434998659414082e-10 2.249480955608371680e-09 3.850313472687871354e-09 3.721835014732696446e-09 2.228029129515305930e-09 2.647439757988500936e-09 -7.369902607866113076e-10 4.195969726190480770e-10 1.810073169798733095e-09 1.115311499979650747e-09
2.102060494904990562e-10 1.095329906429125498e-10 4.510571127628089822e-10 1.232982938546827383e-09 1.495109770099743122e-09 1.500654617115401264e-09 3.383822406355928798e-09 2.780167697499469422e-09 4.225272904712826719e-09 1.098247347538590487e-09 -2.758939326356951517e-09 -1.502811306893796539e-10 1.322677903751458857e-09
3.892615657540971896e-10 1.328723311077010870e-09 2.418014646410138961e-09 3.894300707545220498e-09 9.120103856187866183e-10 1.271568423073445997e-09 1.105180966942796996e-09 2.323101083536842552e-09 5.765917739358565630e-10 1.660175860867466700e-09 2.990616472108998249e-09 2.526474591110490632e-10 -9.669134677450831855e-10
8.533722180103675941e-11 1.480225490258000668e-09 8.237526770997964325e-10 -4.595551423177745260e-11 2.011062055986009666e-09 2.047771882486107411e-09 3.111977603296942882e-09 1.831140260481013040e-09 4.659151465858022658e-09 4.197905663540787283e-09 1.872036105206691341e-09 2.672890442970321885e-10 4.991348842710608971e-10
5.623404352133450076e-11 1.120942974359506039e-10 8.318333844329606533e-10 6.418061768286177816e-10 4.000906936009922270e-10 1.704328743427481785e-11 1.004289813351397354e-09 2.770766852602484914e-09 -2.757997473427567200e-10 5.235811878019486667e-11 2.897163806255361811e-09 1.079016107879152650e-09 1.101064043040141379e-09
1.617405146044361778e-10 -4.769334853102713409e-11 1.261829589554927777e-10 4.444056560588866709e-11 2.146613239346384889e-09 2.988867679354113641e-09 1.580986801499285488e-09 2.892897883599446114e-09 3.314975104394717280e-09 7.924481461603482802e-10 2.425532522488910833e-09 -1.083445547583245062e-09 1.341437511874544652e-09
-1.153515381525975559e-11 2.913086103214623020e-10 1.005114514689551473e-09 9.918936867189335808e-10 2.340628836044019282e-09 3.951203809100553145e-09 5.617316877373621684e-09 5.991474740783781560e-09 1.642076072944038420e-09 3.943066642986561282e-09 1.858948471618979283e-09 3.541684069972862531e-09 9.560345850870949940e-10
5.184818987060766658e-10 4.757361500435683951e-10 3.013577713475342044e-09 3.547999791708218795e-09 2.387769330574599389e-09 3.407919276738079897e-09 4.328328896855961501e-09 4.494667391521334768e-09 4.231571632716929855e-09 3.078816447931734997e-09 2.585646140910634275e-09 -1.646862319195111112e-09 1.684798794517634301e-09
-7.306715765613157816e-12 3.695184194753418521e-10 4.866537053017986373e-11 1.631858316505390162e-09 3.418003737441219343e-10 3.528379295661855366e-09 4.766525791889898570e-09 4.663851005577338989e-09 2.790906571714117636e-09 1.230810683028376612e-09 2.918584994807231541e-10 -2.859724247170906783e-13 1.880051859641863003e-09
-9.869949157976057026e-12 6.829637680741244464e-11 8.741760973530741233e-10 2.892050134407497597e-10 -5.010533630411459803e-11 2.600301920758173564e-09 2.203232149573747124e-09 3.287873315426087064e-09 5.926234992613109272e-09 3.247980188833164558e-09 4.468862024083113757e-09 -1.713619318525366297e-09 4.227341952528925540e-10
5.901019218536440854e-11 -4.125973701571098478e-10 -1.661398968484068933e-10 -9.356551123789118698e-10 1.803718316249529151e-10 2.205917446009946852e-09 1.412105604532123445e-09 3.599074923689154041e-09 4.994577094107664353e-09 2.342732498040115692e-09 -7.089351914928448131e-10 9.721949173141858345e-10 -3.018426343859733145e-11
7.090476523084738081e-11 5.515665716005040242e-10 7.196111674517945398e-10 1.072490497030952898e-09 1.695725664851872548e-09 1.964377337818236619e-09 2.694695059206857174e-09 4.166656555168183003e-09 3.546608035798161516e-09 5.254547056815246229e-09 -2.317207226514475573e-10 2.797183751468320456e-09 2.850258860623305332e-09
2.089873660215013047e-10 2.401157919773934069e-10 6.343654229068173319e-10 1.322659013617499249e-09 2.408500436783130996e-09 3.283517681670581259e-09 3.750850402075421232e-09 2.845289102934612572e-09 5.243426908045361919e-09 3.552736284520150636e-09 3.923315082168813444e-09 1.638053325380299357e-09 1.915408025219383908e-09
-1.719677680896497371e-11 8.616123061447255469e-11 4.987407985254666230e-10 1.070402831122473273e-09 2.321551208004228998e-10 7.656412701716375229e-10 2.634016035358304229e-09 5.391930805399416338e-09 2.184934237642214400e-09 1.124971418575804688e-09 2.160485866176289229e-09 1.370663783729971607e-09 6.130216903339767569e-10
-1.718514202526362866e-11 8.677418770806883520e-11 4.169992556841165695e-10 1.590179430582843792e-09 3.028056518880912925e-09 3.616802803598027033e-09 4.535703123658361152e-09 6.469019420017192083e-09 8.095541968183751497e-09 1.718011946872850877e-09 -6.688238827723126390e-11 1.680336964417280866e-09 3.888470626564492195e-10
-7.548121242685348741e-12 1.535892066553299921e-10 -1.628853563250526678e-10 -5.426332954549938109e-11 -6.621853082532489659e-10 1.978403353696187441e-09 2.897293848733366470e-09 1.731578919596149412e-09 1.621777210258298869e-09 -2.040588698380590342e-09 -1.045421349339582422e-10 1.006021890128914184e-09 2.059234645538846589e-09
2.483238404819821375e-10 2.281721738586316799e-10 5.424672191054035598e-10 1.290179913011802244e-09 7.862896958926249371e-10 3.037850532058201443e-09 3.393417194536350861e-09 3.315142095555079670e-09 3.741452139398445058e-09 3.357954598261025838e-09 2.199636482695470700e-09 2.423223240090518573e-09 1.030935419048592810e-09
8.682928799959839244e-11 6.488512387889926219e-10 8.924792003452523216e-10 3.357269232082295268e-09 2.226627077536573431e-09 3.164802079802252788e-09 4.597847500905672844e-09 2.863874716876474491e-09 5.508636947932581146e-09 2.750571238838757210e-09 4.476294993438011354e-09 5.746284793719291655e-10 1.729150805589275288e-10
5.528508049740734473e-10 5.368180491386691448e-10 1.554282319493494696e-09 1.352131022773822961e-09 2.823077088647988383e-09 3.235379094943276348e-09 2.883634851621998811e-09 3.523000195439402554e-09 5.465847696802824708e-09 6.054260495946489392e-09 -3.057041797036341606e-10 -1.416407757487448838e-09 -2.923404315917489759e-10
1.269451719508782096e-12 1.594165671255852160e-10 5.353664522007479222e-10 1.700034468452866228e-09 1.501584479704275693e-09 2.403690096548270461e-09 2.611228318225678820e-09 3.213505663076724451e-09 3.039023851909409653e-09 4.001549203538548229e-09 2.966075816931150156e-09 -2.141582340022505923e-10 7.004723964040226434e-10
2.619519492509822285e-10 1.302320006866390496e-10 6.931545858213717197e-10 1.497055154219152280e-09 3.011504496702922991e-09 9.082374291793116038e-10 2.934530376385481115e-09 2.036245910598777489e-09 2.332218054165160685e-09 2.396580069431244375e-09 1.950868136062149869e-10 -1.676788013025997114e-10 1.410674969205735036e-10
-9.978244145798883836e-12 1.009266030242300088e-09 9.793929584070916962e-10 1.708292650420345806e-09 6.533287949342899773e-10 1.211118260963038984e-09 2.513718861416734330e-09 2.308271919896542250e-09 2.519492823419587919e-09 2.058904620000650886e-09 1.544082345742127534e-09 2.171459477550695072e-09 -1.248771232795998807e-09
2.609313977958045107e-10 6.996265139047330233e-10 1.121809042760249737e-09 -6.524638977135300117e-11 2.378248704723213014e-09 1.961759481137713123e-09 -7.837562228703781490e-10 2.420763577607151825e-09 2.594963617001719362e-10 2.197361780602457166e-09 1.158534553706848752e-09 1.388225571648341818e-09 -1.239599132979339742e-09
3.074437925220578199e-10 1.478268397670494022e-10 5.560242391289596618e-10 1.806127481395867480e-10 7.393002476372489476e-10 7.006919449961337232e-10 4.999973615502043755e-09 4.754100383038360111e-09 1.967273037943211135e-09 6.001446765905832207e-10 -1.737223618491237835e-10 -5.185361897578535624e-10 -6.700624928265536887e-10
1.109478291315698191e-10 -1.595366186989871324e-10 2.994585829602209702e-10 2.319012135872194630e-10 1.311104856269690568e-09 3.511997287729974444e-09 2.562936764163063831e-09 -2.535094558517054652e-11 1.925135667319838632e-09 -2.093672690445879723e-10 2.545547892165403409e-09 1.826775710461483899e-10 -3.468711969850411103e-10
-7.480263561066483874e-11 6.789249088523632306e-10 5.346049467014520994e-10 2.246568805155971501e-09 3.055473541758105853e-09 1.047506138639974664e-09 2.609585102370923771e-10 4.920279235165945971e-09 5.354171696681285677e-09 3.066569798764334882e-09 8.867583997511292226e-10 1.552592517512362429e-09 4.394432518797449219e-10
8.771677773334863261e-10 1.129846527703024110e-09 2.034214856186662932e-09 2.326228091546309218e-09 4.626348456273540193e-09 2.965845559378361901e-09 5.110809773221580279e-09 5.597982929335104532e-09 5.496196022583511863e-09 -1.002685139028327106e-09 -7.396745707551628094e-11 -3.847716836944435878e-10 -4.113435182144471681e-10
-1.450755257129911496e-11 7.590023768252699459e-11 1.120954646317553523e-10 6.682440932482493241e-10 9.508786665550047119e-10 1.463975117204026049e-09 -3.249406960566545363e-10 2.187565548451758554e-09 4.308368368667165595e-09 2.360569646591886567e-09 3.494555031338171813e-09 1.192312827849395531e-09 1.182142029277135300e-09
3.745264447728274408e-10 2.149492390346797783e-10 6.667484810119460327e-10 4.975308664615344270e-10 4.626129162507112792e-10 4.850494003850437968e-09 4.888480090637553433e-09 8.407216250586292892e-10 -9.427927533630482154e-10 2.436765159747020459e-09 5.473059186549391703e-09 2.525983619411909733e-09 1.884687193463983555e-09
5.824084099473026059e-10 1.802843083534772321e-10 1.554542545242259855e-09 1.806240572819603952e-09 2.905450572343001480e-09 2.702901311291360548e-09 2.769526050722200672e-09 2.258551325904037510e-09 4.412356599925469790e-09 2.928810650851813371e-09 -1.053086099089706686e-09 -2.470151830953176225e-09 1.517295136509882977e-10
1.372834751403587069e-10 5.460572448240369753e-10 1.427974213629151716e-10 3.746678125792110587e-10 9.171961338479433180e-10 1.282855753122436768e-09 2.691856592269799893e-09 3.820122818156348818e-09 9.129040926905818991e-10 -6.013697964423830403e-10 -3.077916935889794206e-10 3.018849442927071717e-10 1.245055744185133633e-09
5.770698762487849059e-11 -5.915972644804208922e-10 -9.469511328793487011e-10 5.850722069697841421e-11 9.342351792128620696e-10 5.449192645868950931e-10 1.166435488620023400e-09 2.970591186829507912e-10 3.979445621187238141e-09 -1.097966513432070432e-10 1.611261504614113690e-09 1.827391612985269312e-10 6.212622727112921451e-10
3.039877635472934893e-10 2.146257086589488429e-10 6.675562781459089763e-10 8.661802433572681657e-10 6.976036883839242586e-10 1.945511014047711120e-09 4.280263103028096070e-09 7.416802296669738779e-09 2.659929030457663271e-09 7.119285549240865496e-10 4.075024985063001419e-09 3.738168932953713609e-09 4.077989758878683850e-10
1.352479043230847305e-10 1.599610475691207595e-10 2.879783346502147344e-10 2.740979632454940108e-09 2.856503879044573436e-09 2.545654768656119098e-09 8.346408748335027022e-10 7.881837890776198843e-10 2.339370735572853619e-10 2.077704463280767040e-09 6.136838231976128384e-11 1.268500983541409738e-09 -5.170340845286028194e-10
1.218835227138138302e-10 2.376605955584482407e-10 4.728063544654583521e-10 1.606834230888006250e-09 2.051555845566784047e-09 2.700979323568620721e-09 2.613236105195314179e-09 2.932551399432583261e-09 5.708044142549248747e-10 2.200307280096797612e-09 2.358926945937683028e-09 -4.104565615926074636e-09 -1.626867680809059559e-09
3.001778277224141136e-10 6.876451883435662485e-10 6.452361698193849440e-10 2.372647873836593025e-09 3.070403128971125199e-09 4.336290405483102191e-09 3.941983770586161804e-09 2.684376332935999599e-09 6.530154457206329883e-10 2.374603514068158802e-09 3.566105227621949058e-09 1.474628449338664785e-09 8.767108697418765458e-11
5.444161529874727774e-10 -6.562900488950357033e-11 1.083119463149254180e-09 7.584914260972045968e-10 1.377472966390481795e-09 2.105814663205737499e-09 8.099625751676576782e-11 2.726223861571429701e-09 3.127034380561652509e-09 3.152880511649602012e-09 4.356640792437184655e-09 -1.195012519674308231e-09 1.125402313381694063e-09
7.391060065025394697e-11 2.832553726563201531e-10 4.472513531418647118e-10 3.531783782201489361e-09 2.011698099730985775e-09 -1.597921960188404078e-10 1.826613091100259687e-09 3.319600747859133971e-09 9.037208534611331869e-10 1.291374659243431386e-09 1.337497053397670912e-09 -2.631712913164593819e-10 -5.738152318130586577e-10
5.635251608991846839e-10 2.329293656395031598e-10 2.166652186842881345e-09 2.437522887259200243e-09 2.506680396519026282e-09 6.776930569113347316e-10 2.863931231996347007e-09 2.540584309152905322e-09 1.949315107319564629e-09 5.515178954527554110e-09 2.615992267264647883e-09 4.618242688405164406e-10 9.075348360679008194e-10
2.115345422609798682e-10 6.740154623524388535e-10 1.516545049917841086e-09 1.549849322176403439e-09 1.764242180313248016e-09 4.254627142168622201e-09 1.031320393176412008e-09 -1.934990645407796151e-12 1.065243365389765159e-09 1.467539368095870107e-09 1.284403306994158097e-09 -2.365079635333460486e-09 -1.599626028880988912e-09
4.221777700140604952e-10 4.722034599993655806e-11 5.265118036896160952e-10 2.101573173359979596e-09 3.887443004481959132e-09 2.338589252434248257e-09 2.627322725013163774e-09 2.846863420816355884e-09 2.133820315443046039e-09 2.119608022901586379e-09 2.518468866907434652e-10 4.129667953071948345e-10 -3.464676341652137251e-10
2.742012303729055245e-10 9.559192152427387734e-11 3.287506041803453182e-10 1.856539704883912760e-09 6.549473896308624760e-09 4.428873329755744294e-09 3.348164225010039748e-09 3.318417645253829839e-09 1.867578134077346141e-09 4.092528226427701726e-09 3.962133252085938210e-09 -8.060813170365828132e-10 1.316806815005970179e-10
1.635590991514132191e-10 2.383130105437084482e-10 1.321541866448214895e-10 9.248191219795191266e-10 2.711315427829004731e-09 2.636631817121226246e-09 2.457255133089188168e-09 1.857231869302212214e-09 4.768151812408152222e-10 -1.644357023818215929e-09 2.107941624649176327e-09 -1.517189995894754536e-09 -4.504234092774471088e-10
-1.000044397145711784e-10 6.587472822533446335e-10 2.936773386498495444e-10 8.899670118625238080e-10 1.826348528630462570e-09 2.367209391766436453e-09 5.374237733563382268e-09 4.051906117708523592e-09 3.532100211773336410e-09 2.553567534569169784e-09 8.710494653763681103e-10 -2.085896044492861423e-09 3.665533657365920190e-10
-5.659143856093490786e-11 6.070521693361581280e-10 3.951512625012708229e-10 1.783531714241591836e-09 9.985256401883590343e-10 4.802146323762533331e-09 3.898907309750596714e-09 3.800846896467494180e-09 8.891347385949968485e-10 2.441133531057092604e-09 -5.429053924997902470e-10 -1.613610058412475622e-09 1.375481890348531913e-10
-2.314894342733269665e-11 9.383573987326772582e-10 7.234877785484563125e-10 2.413922407278462934e-09 2.790496659088409164e-09 3.741655428795224872e-09 5.160845932718091385e-09 4.095804076313002726e-09 3.721381399893046640e-09 2.485960031748907860e-09 2.104999288666646075e-09 1.209463430354315842e-09 -1.700186993394773112e-11
-7.541944945124291661e-11 3.823948066467101521e-11 4.935913268384361639e-10 1.003785545167730733e-09 1.473888303586696744e-09 2.917431399687551091e-09 5.473767959615955987e-09 4.041419955633647848e-09 1.777930238850972422e-09 3.419369685310127480e-09 -1.724222999301524547e-09 1.749908359968472573e-09 3.750751355551157924e-10
6.656823493658044193e-11 -1.088462312924181626e-10 -2.135804352936013993e-10 2.642984569035481449e-10 1.172166378316430511e-09 1.683336008586884873e-09 7.749553088959123786e-10 6.640315409286990065e-10 1.828945277074304196e-09 8.944159892350964949e-10 1.699411788554926367e-09 6.263344688732884009e-10 3.431459767675608486e-10
-2.050674719503718940e-11 1.994020608729450563e-10 1.517935774884903380e-10 3.567148389311304513e-10 1.652052903802247553e-09 1.679110659684382877e-09 1.225477519684715877e-09 1.699549346284049491e-09 4.000011747468909075e-09 1.355190034989928457e-09 4.155663555921745053e-10 3.027849938736959191e-10 1.083077981679463902e-10
-1.068736063449823977e-10 -2.719127238946334961e-12 -3.714018604652781789e-10 5.471551460472402105e-10 1.103503854609813811e-09 8.654885934222351033e-10 1.295347408256123068e-09 2.330743389351813169e-09 3.510533419777452649e-09 4.661620097675652576e-09 3.097596100232197593e-09 1.044246520036670152e-09 -6.143416176479381650e-11
5.794306356774545087e-12 1.392485111055250178e-10 5.192795796907811516e-10 2.135222453020095922e-09 3.329094030936467396e-09 1.841217246882586774e-09 1.905973828857262067e-09 2.443027234554329745e-09 2.421697700471006270e-09 2.031061737047974488e-09 2.422830388824455041e-09 7.008528364796926589e-10 1.054063459630474313e-09
1.993915763816177668e-11 2.820945250287966903e-10 8.104468267093911208e-10 1.608990831260340998e-09 1.126300861655659106e-09 2.043249677653158913e-09 2.936656157048296898e-09 2.930754536901909577e-09 4.028819297043099317e-09 2.487669054529153060e-09 1.413212160936676970e-10 2.147223685373001103e-09 1.445229824550605934e-09
3.578932681989575432e-11 4.212924645947019415e-10 3.811170829149713398e-10 8.793572747364972846e-10 8.246009294523295406e-10 1.327249600814177353e-10 3.706233957656719532e-09 -6.804768795615994137e-11 3.128346675253894437e-09 1.488821555926621405e-09 1.331175803954178568e-09 1.485786392188498777e-09 1.275030046880087838e-09
-1.748846441288588228e-11 -3.318461095148781645e-11 8.385164009243203669e-10 1.665666301019351996e-09 2.025658380687231614e-09 3.334601815887317432e-09 2.080132076172367395e-09 2.577836906122492392e-09 2.833163872708624256e-09 1.975801762922652985e-09 5.689007003770740933e-10 1.850429421882472089e-09 -6.153247679833851085e-10
1.217445802690881527e-10 1.222773257587255914e-10 -3.274679820495759385e-11 9.653778819347137206e-10 1.206281294569268624e-09 1.908912365420234497e-09 4.432194569994285075e-09 5.743360712699436478e-09 4.229005093213321544e-09 4.475974313026116267e-10 2.432006524960450313e-09 1.500365743145559117e-09 2.062197366710341418e-09
-9.581422861283210269e-12 4.055540932524058553e-10 1.805923443349326123e-11 4.947348557915662722e-10 -4.950467961981754120e-10 -1.156215568743239141e-10 3.922762862012420548e-09 5.803371965055571601e-09 5.585751030517800906e-09 5.038231312691996568e-09 2.602683608952125640e-09 -2.032203056398588020e-09 -8.669748153661166531e-10
-2.900530028281619174e-11 1.282941667290113519e-10 5.222369650465684819e-10 1.852892221855946136e-09 2.576623497088462817e-09 2.874780610309751740e-09 4.354347228011087053e-09 2.354796883352836234e-10 3.016473696496021119e-09 2.183796494528707690e-09 -7.122731078890406199e-10 -1.757098212163872584e-09 -4.888992914604033756e-10
4.845102094216448485e-10 2.690268168902885716e-11 1.572061717657948171e-09 1.123235505121689512e-09 1.033588473977308503e-09 1.919262261182435645e-09 3.263537190022605374e-09 4.806487491519644316e-09 4.462754267709064478e-09 3.927146962089875676e-09 2.874406472131440120e-09 4.734237973094845013e-10 1.739439149556730071e-10
2.070335126752674903e-10 3.098186334651049454e-10 3.089677722643470200e-10 1.484022551078604430e-09 1.126550803754819765e-09 1.896803517438229367e-09 4.340661795981144996e-09 4.486797993524082434e-09 3.482228349625598379e-09 1.585756241419970823e-09 2.366931710259145534e-09 3.248572401991470021e-09 6.530076618073911074e-10
3.621900089177137954e-10 1.070464341846613655e-09 2.001437491815213375e-09 2.828312818951692789e-09 2.122766490338678741e-09 1.660639635931222659e-09 2.471198997001868565e-09 -1.185544223361120623e-09 5.410346021644756923e-09 1.879438922059302554e-09 2.998389677434279139e-09 -3.599038176172326944e-09 -1.759864840294767892e-09
-1.590891821392846035e-11 -1.263843388123135313e-10 4.269364054466698667e-10 8.744166565664119489e-11 1.472019684315321506e-09 1.916851458290310673e-09 2.668445114507869801e-09 3.913157590573417292e-09 2.964250233304501312e-10 2.502294598587497151e-09 2.399279458484515042e-09 -1.604371890522549282e-10 1.339841068946703784e-09
-3.997010788430098400e-11 1.711205971502089181e-10 5.570046526241727699e-10 2.292981275238604455e-09 3.822954229887560865e-09 4.637981709438527700e-09 2.303948395540277231e-09 2.269069505499615508e-09 1.960103146940378912e-09 3.865984991887394879e-10 1.164262897020441423e-09 1.864224052603601486e-09 5.147472557116313181e-10
-3.602664138238163180e-11 2.829582100855336405e-11 1.758653609180498854e-10 4.647782887557127411e-10 9.862346429546482085e-10 2.244591004436163741e-09 4.722373230729238515e-09 3.611885450186956696e-09 1.862465681480589882e-09 2.783629911507058602e-09 1.685702901571301305e-09 1.585267257057749624e-11 -4.688174828666812495e-10
6.155061747531665212e-12 5.884480310473305785e-10 1.054989715625215952e-10 1.451683325617115326e-09 1.523144727068335169e-09 -4.474498656771988569e-11 3.575764440603218147e-09 3.743643240878114329e-09 1.599190694692459656e-09 1.354915844879283236e-09 1.263919655381537397e-09 2.390326332491742158e-09 1.731368288753937629e-09
1.125936397846070961e-10 -2.491361466910594254e-10 2.535135343756638910e-10 9.477954496800630535e-10 2.699188265330699041e-09 3.119187143360592814e-09 5.725309082038496031e-09 5.384299893375066713e-09 4.841600661642008476e-09 5.990910028788871382e-09 9.974959841392525231e-10 -1.082812819006166954e-09 -7.623518799048064613e-10
1.824659380171128793e-11 7.073419070446852847e-10 1.124500730321668144e-09 2.534491003315283968e-09 2.709532141272802112e-09 1.731165459872035335e-09 6.007586556686420462e-10 2.756768151158793198e-09 1.418395037909692686e-09 2.009428427554532330e-09 -2.150517233981777808e-09 2.293548149672485317e-09 1.541894573978854579e-09
-3.057475191515944182e-10 3.951929786050082310e-10 5.366476107071345847e-10 5.186071662261131925e-10 2.213578622322733268e-09 2.072880824282933500e-09 1.429083745055043313e-09 2.911358488912456699e-09 1.041861486736484602e-09 2.795609867460976623e-09 4.353828531416779976e-09 6.559676921615878681e-10 3.854763656023797909e-10
7.407320173489085874e-11 7.581378848177589981e-10 4.939410359420439582e-10 1.378769768704576426e-09 1.959790141699048122e-09 2.325590965413900124e-10 9.113952782793569382e-10 4.086763148824114194e-09 4.974972453854256534e-09 5.044764858188190734e-09 2.455427475562256676e-09 7.896705972217243939e-10 4.468383844875490702e-10
6.530721155197268970e-11 2.657626248228455507e-10 9.406261121320110122e-10 2.056372107492771820e-09 2.143720221699432088e-09 2.456838238678624036e-09 1.760879536278231157e-09 1.293237765772496368e-09 5.072019071858684783e-10 3.601102293693343929e-10 -1.388238027394573047e-09 -8.997025323691063877e-10 -1.387182433344699668e-09
4.870182715719839091e-11 2.739252363971733244e-10 5.380931936085289899e-10 8.072046706557574435e-10 1.345585335032379887e-09 2.727929545043810016e-09 3.398828583994903737e-09 2.827412690687423536e-09 7.850597013580926785e-09 3.268174440253520751e-09 4.985513847931782395e-10 -6.531794145083779127e-10 1.124491001100716233e-09
6.600517958343061986e-10 1.316164256163069690e-11 1.277211394146007246e-09 1.451599193282732582e-09 1.823308803009289700e-09 1.227010249801320484e-09 9.020951319187005787e-10 3.741299273911554465e-09 -3.290004639515280539e-10 1.532500802594883499e-10 6.314490320534049886e-10 2.478639915933091441e-10 7.038694119335381233e-10
6.724088173226233834e-11 4.510372331119972301e-10 6.001468027388029223e-10 1.249583312708036091e-09 7.513976959941745021e-10 2.855919645126603889e-09 2.587127828385453862e-09 3.037650252912806747e-09 1.875826967389162047e-09 1.944443065228783126e-09 1.124456719455235528e-09 2.344141710936064982e-09 1.572358466134610583e-09
-8.526883535611519899e-11 7.234883920615448514e-11 1.194715764727870441e-09 1.585618536861595961e-09 1.235125973877726233e-09 2.631987253027648628e-09 2.432555244738470241e-09 2.123778031303843020e-09 5.270055476883070980e-09 3.745013264258971533e-09 -8.352307784157376582e-10 2.342463017406957220e-10 -6.204469808720784788e-10
-2.495492777516657400e-11 2.706553537346085797e-10 4.091517671400532803e-10 1.991492252713554429e-09 1.417430889386826490e-09 1.054409806964615933e-09 4.723130329207115150e-09 5.460101679700307741e-09 6.171802668970812194e-09 3.468159759373892013e-09 -4.087424529031305485e-10 3.674195893608711165e-09 1.492851265380247916e-10
-1.995443440363282896e-10 2.808038132245819142e-10 8.692335315408316314e-10 1.422475918770477554e-09 2.012809556926905226e-09 1.839731256887923035e-09 1.708972617631539161e-09 2.446213762900584270e-09 4.158141518463461578e-09 3.600106246336561755e-09 2.812881593385576793e-09 -1.419545839739880237e-09 -7.008065506041949694e-10
1.033612064978647504e-10 9.825565117306995841e-10 1.150576206630595624e-09 4.425660213609942340e-10 1.676801601025438572e-09 1.338744842851467888e-09 2.947186958939860653e-09 3.718758414010629287e-09 5.581560229125011551e-09 6.115820445675773368e-09 -2.101678679305580261e-10 -2.646530763785478372e-10 1.817358897182829504e-09
-1.041936502256479092e-10 1.847472682568620771e-10 1.094872700686310510e-09 1.750922756062591828e-09 1.968281506379522747e-09 4.212797794060162734e-09 4.357861942794444454e-09 7.760019205112441891e-09 3.299488415636974793e-09 3.550382155070375783e-09 2.833703848239995644e-09 5.410118201181172734e-10 -1.218718410085489225e-10
2.684300000028260341e-10 1.091343675201928653e-09 1.696375086196172456e-09 1.188963755130672073e-09 1.651210488560515937e-09 3.004770833760904384e-09 3.411020795589109346e-09 1.820738359951677345e-09 1.693081389776570346e-09 8.198742992881412983e-10 2.177059002181204571e-09 3.035137238415138215e-10 1.147198407775352418e-09
-1.221124586054139969e-10 1.245412810785342851e-10 6.943014455329224799e-10 7.154623220859418037e-10 -5.500504756873366562e-10 1.558954839447819439e-09 2.197863171973481669e-09 3.507624264369150092e-09 1.217377675681176277e-09 3.234584004733428812e-10 6.619352439702445153e-10 3.566162186586262890e-09 1.975863807628135336e-09
-8.181414265108188611e-11 4.028080773928356446e-10 3.503557594997808784e-10 1.533590552262224250e-09 1.625962367052139278e-09 4.033980421835997650e-09 1.087006214026719796e-09 2.412998278477278811e-09 3.169010032684319301e-09 2.056868512142548677e-09 2.202694440946403705e-09 8.565151506722215185e-10 2.806888169055125781e-10
3.487769459655321717e-12 1.026134333172664869e-10 1.690603832912847286e-10 7.982435168029323444e-10 1.214577396540575123e-09 1.216791275214791804e-09 4.090339398011711314e-09 1.290004182065728380e-09 9.648162920572995130e-10 2.308288060875493895e-09 2.000891536926142601e-09 1.311684943656916060e-10 -6.463061833104338422e-10
-2.951807176178232455e-12 4.737442403691915182e-10 6.397790745414686113e-10 1.105750959653541545e-10 1.980677234419759701e-10 1.336396302237838626e-09 2.486463027720283788e-09 2.981506271625944371e-09 2.122180763055550879e-09 2.021873759185417315e-09 2.710744478964546673e-09 1.537922476790111917e-10 9.146548679471978904e-10
-3.742948878685355632e-11 -8.652763094857129255e-11 4.525807063170446122e-11 5.426103523832635358e-10 -6.386449066697294254e-10 5.146640812685508047e-09 1.201708609816068110e-09 7.078579465739273408e-10 3.006146552732276971e-09 7.581568693335289492e-09 4.457395689197848595e-09 1.691782950778485765e-09 -1.207719786685242996e-10
-9.362337602703686944e-11 5.852330499505098819e-10 5.194764614837488107e-10 1.082781208179572207e-09 4.060701172874238171e-10 2.844119412401500900e-09 1.403961980717860743e-09 3.789204055753069030e-09 6.199844804083931559e-09 6.748630349729612233e-09 1.173948768746660449e-09 7.696143215508723532e-10 5.992231049183383539e-10
7.630179406446498903e-11 -2.665277730252024516e-11 5.024406189033147881e-10 1.094675898894802664e-09 2.711449797415093795e-09 3.325287380052328390e-09 5.333534017773150387e-09 2.523959918843091644e-09 2.687738407690591362e-09 1.711848536046840106e-09 3.284399069191157304e-10 1.682602475964875913e-09 -1.303212618958801684e-09
6.544105393849294024e-11 9.360294747195028330e-11 -1.110346148284260924e-10 5.260841690553557830e-10 1.469446007992750846e-09 1.096255841104987954e-09 3.396649698628037573e-09 2.157311727124214289e-09 -4.941439624417079963e-10 4.475425342743617105e-10 3.939257937482643958e-09 6.293267470529761643e-10 9.052563805065020643e-11
5.416651857254451727e-11 -5.506386556442936967e-11 3.301255949161278650e-10 9.848592424991406992e-10 9.362609448188803288e-10 2.209188311089772839e-09 4.653682561907084166e-09 2.254530647031339637e-09 1.330563670304488302e-09 3.025101688772706860e-09 2.152926748765197734e-09 1.587344155256747992e-09 -2.063341957243352030e-10
-3.506224832747231785e-11 2.758436721560594107e-10 9.989015329297327994e-11 -6.441565740435031360e-11 1.405961252291998733e-09 2.554649725263218775e-09 4.196022948172685092e-09 4.448741679293578371e-09 3.473773193258463404e-09 3.458788035239748622e-09 5.270425424890410725e-09 2.222093356337391694e-09 -6.010350728319542443e-10
3.797092491820556667e-11 1.149535360330259668e-09 1.364889334050008775e-09 1.371124789393219959e-09 1.381884816166295540e-09 2.898114724205596306e-09 2.717969494356800277e-09 4.451509837634273557e-09 5.428002703554119542e-09 5.416950868093109159e-09 1.777291722717399756e-09 -3.334490480552852572e-09 1.956523780040469881e-09
4.082551916759664166e-11 5.535601323107866433e-11 -1.045433093616656837e-10 1.499772016395684335e-09 1.424486124896727240e-09 1.378568317413334145e-09 1.595147873221710537e-09 4.740318127504231243e-09 5.120353898345526285e-09 4.976514388931236870e-09 -8.709460572806672091e-10 5.845106133774237384e-10 3.717655974626668389e-10
2.903714095736380002e-10 4.889787092184739988e-11 8.058690523952220632e-10 1.415143538802016846e-09 3.676252135052397855e-09 2.692845651062188126e-09 3.661626379275860350e-09 4.963305082846434677e-09 5.049930604863008820e-09 5.018731515979768474e-09 4.055807434824038135e-09 2.466745605775741302e-09 -1.937306167434310632e-10
4.841082522135162492e-10 1.044311108107117980e-10 2.260985694908478068e-10 -5.460431040013080221e-11 5.761867495598729649e-10 3.128981041836950349e-09 2.593698592796492482e-09 4.358875328187086270e-09 2.738674019403244748e-09 2.636328581272466015e-09 2.861697651399758577e-10 1.882481845089077577e-09 1.211854916402793715e-10
-3.508897603135443814e-11 2.392436935722148276e-10 -9.548516591815789642e-11 1.916294822961991677e-09 1.273980500237287443e-09 6.377047570407303266e-10 3.055850559943646213e-09 6.695782426661605424e-09 5.371290468259148970e-09 3.558683406125708161e-09 4.494190962993693923e-09 5.689270211930412328e-10 4.879537816049360882e-10
1.086236385281610915e-10 2.387042222149494297e-10 4.343237578986817136e-10 1.138016591246931837e-09 2.432583440267943146e-09 2.125728163969847726e-09 1.657562056445297907e-09 2.680530323009461559e-09 3.099519659208544284e-09 1.998035881383512213e-09 1.123154676527763337e-09 1.234217951661083383e-09 7.612420911192804765e-10
3.943169698662822059e-10 1.450101121034698631e-10 8.915190226918276065e-10 1.386256250440394031e-09 1.056787670334638982e-10 1.697194369222200039e-09 2.717034198106958466e-09 2.054563368448525056e-09 1.001077745380702851e-09 2.344033556896759097e-09 1.610315046044630297e-09 -7.081479361920706430e-10 7.706043956785520157e-10
8.176411480164366446e-10 5.082031829330318671e-10 2.151667461674789827e-09 2.787653920205473394e-09 3.045980819290310254e-09 5.215477892666441701e-09 6.599928491642390341e-09 1.203990451230696102e-09 9.326905469118733652e-10 2.766134871741610811e-09 4.834353386235186667e-09 2.648100333129938536e-09 7.157978348496759730e-10
1.420723886261326480e-10 1.457272395520978091e-10 7.952323219117982865e-10 5.226771435075251533e-10 8.794840091972437800e-10 2.411420670853083173e-09 1.290899301057376439e-09 2.248220002965365483e-09 4.069997233693877258e-09 3.560699967094111188e-09 1.852102996661731867e-09 3.798653996881845427e-09 2.804080702776347989e-10
7.502715069883982572e-11 -1.094459956841621985e-10 3.702399543484203826e-10 2.240811153957579408e-10 1.181545057721557510e-09 1.861134149379996535e-09 4.421040646471284799e-09 5.168076198893762390e-09 4.161346594258299133e-09 -9.359346727374822859e-10 6.911865047670024390e-11 3.372538717037427515e-09 -9.534387248755281100e-10
-3.770048638572993181e-11 1.022642294991764056e-09 2.266557304443101446e-09 1.368593098412970328e-09 3.218276345159757868e-09 4.567845405347209272e-09 3.831656678743809688e-09 4.176703888855758598e-09 3.507548644412631882e-09 -3.770713862279413229e-11 -1.639380446123343941e-09 2.426625330518561599e-09 2.193263652660163952e-10
2.676293259877999870e-10 9.380805110570995255e-10 1.183074002387102589e-09 1.399806451010411720e-09 3.305572057317592515e-09 2.294077293592770613e-09 1.454729671883391178e-09 2.281431268472214491e-09 2.998311031256398425e-09 2.252431541763561558e-09 2.070362972535382682e-09 1.794426628626550404e-09 3.363838942274546270e-10
-4.834803684622046056e-12 3.465752651398146236e-10 3.176625541000268988e-10 7.793821697488219542e-10 7.670220521212140388e-10 3.863956874757864072e-10 3.272472382680315226e-09 4.543070068346495951e-09 4.770760171317269727e-09 4.259384844675521657e-09 2.091842815482625470e-09 -6.914223475488046286e-10 4.028965049384803206e-10
2.570951139175362254e-10 7.982042304750120270e-11 2.646642232927031413e-10 1.242119230454950919e-09 9.164662236627317175e-10 3.594369468321733445e-09 1.618642779350401916e-09 1.518376870355869227e-09 3.898563584708388200e-09 1.903626991725557077e-09 1.150451182957041419e-09 -8.393365442957214007e-10 6.071571535697159470e-10
1.365910775451412189e-10 1.361894696518086751e-10 2.547310486654969880e-10 1.375554938144330263e-09 2.175554073743923816e-09 2.493627617893435209e-09 2.554530294119513427e-09 5.321421481778559902e-09 1.130316346347634211e-09 2.493325482032624135e-09 2.430587020600572768e-09 1.390087534970970287e-09 4.265513084311810213e-10
2.407715822428060812e-10 5.872744502432370619e-10 7.088657172560879637e-10 8.733322011759862372e-10 3.277091402195442329e-09 1.980853606508208824e-09 2.839563488243690109e-09 4.689910046451450185e-09 3.887722574880054144e-09 1.928800172476245742e-09 1.633014393223501591e-09 9.583090683505261361e-10 -1.959325733410783560e-10
1.108218472753011253e-10 2.580678794650922165e-10 8.168072789868445528e-10 1.829835035932694603e-09 5.086466076872263039e-09 3.282788432767734572e-09 1.550613956853834613e-09 1.077805911860739482e-09 1.805131199830342124e-10 8.386535339043118291e-10 6.285862191567479012e-10 2.308597049475042605e-09 5.327363985456172907e-10
2.350186904858430203e-10 -1.462141933933238170e-12 1.079397571740725649e-09 5.057878377730028973e-10 1.575819546210638366e-09 2.399615976164774518e-09 3.684690216667935515e-09 2.277936459485588829e-09 2.668188092853117611e-09 -1.369260048620089548e-09 3.212656043559701546e-09 3.714554386765345859e-09 1.865014032486061053e-09
8.485763334270951686e-10 1.201896111806127357e-09 1.825884149571605834e-09 6.450686444528329380e-10 1.845171291290054863e-09 2.145807949304493125e-09 4.048251080234625860e-09 6.186886855765430416e-09 3.793822956832388346e-09 7.951056058203211372e-10 -3.341924266525352327e-09 4.695946243553053098e-10 4.282856028904675382e-10
9.981465302721706934e-12 7.476333392220305560e-10 6.583753803810081281e-10 1.050543064438011712e-09 2.190497253195017155e-09 -1.122873381010744639e-09 1.053601815269439072e-09 2.652597202286277642e-09 1.635299320852736563e-09 -6.024224296775069325e-10 -9.742124388885209281e-10 1.576223422187939142e-09 5.045506588768403332e-10
-4.500829454491721511e-11 4.502739565380037203e-10 5.045030763988245713e-10 1.213517999650910908e-09 2.597667232374384778e-09 3.575366087504669046e-09 1.780388368994054561e-09 2.412156395819765187e-09 4.952634325002724962e-09 5.133032295013186079e-09 1.488581398781978072e-09 1.814237493440569786e-09 1.716107907244943270e-10
2.468580489664239821e-10 3.468609406232112938e-10 3.854453756443593475e-10 3.937589328468769944e-10 1.024178796406578840e-09 2.661957658599792599e-09 2.452036570989864256e-09 1.041751118864246971e-09 8.998192783044233623e-10 1.367949479973876164e-09 -5.484296492699311456e-10 -2.861017216361893373e-11 2.326662536750820544e-09
5.015017417706503433e-11 2.327277422021681463e-10 1.036449825358928164e-09 1.496311070200661180e-09 9.710319287080195919e-10 3.282006786754829725e-09 5.560897386783297105e-09 2.446142007871737957e-09 3.495151284452551303e-09 1.044169635011873403e-09 1.669243481283015767e-09 2.513346708769121165e-09 -9.154685042852942400e-10
1.317204756909076550e-10 4.872568328530489925e-11 4.912538612887770326e-10 7.213306019202324956e-10 1.872918200709900904e-09 2.960930443556235492e-09 6.835189225341236208e-10 7.218355358899644737e-10 4.362602554213448553e-09 2.186787138907213070e-09 2.338586684142139574e-09 8.965293908148013136e-10 -1.462152068531875471e-09
4.011057876249555735e-12 4.262604156231942260e-10 2.799438504422851542e-10 3.070958950179243512e-10 2.376974976298331777e-09 5.489515545355610931e-09 3.406442269777137748e-09 3.267005166387268060e-09 3.518125165482499827e-09 1.754782288544507138e-09 1.195172609139688078e-09 2.041226054731443298e-09 -6.869474556265295772e-10
1.603962339124395658e-10 -3.731139247940859643e-11 8.745588426169457510e-10 9.490859665349332949e-10 1.202515093912696384e-09 1.482143541636026212e-09 4.902649045963557887e-09 4.165292467888371510e-09 -4.672900239213913821e-10 1.667163472664655440e-09 6.493679178977661139e-10 -1.939815601954906000e-09 -2.035943469534132140e-09
-2.605776491590393538e-10 -2.969435754733305955e-11 -2.101940123794769279e-10 6.470295908118007624e-10 1.214270924536510717e-09 1.204866741029053164e-09 4.017362380752957412e-09 3.184716272714769413e-09 4.471283208869176192e-09 1.147809827636268593e-09 -9.182395245418193636e-10 6.071649247185579163e-10 8.096101015657276747e-10
-4.596334757189394311e-11 1.578363042080433701e-09 1.991626766310498977e-09 1.932659845262004347e-09 1.394329329843681058e-09 3.543647470370703845e-09 2.965620842995749939e-09 3.208274174470338276e-09 7.170375836988716069e-10 8.303271283595365477e-10 3.131260909127575008e-09 1.650579436108346920e-09 -1.790200364061425860e-11
-1.181940527996467369e-10 -2.025687176957570266e-10 5.652428202558164132e-10 6.231463193370068646e-11 9.590465635975578847e-10 3.397634532047820228e-10 3.766745270141373714e-09 2.149211588793991879e-09 3.832502153071029220e-09 9.374110510842163338e-10 2.181518554091084022e-09 2.502703122190160739e-09 1.778306260645938848e-09
4.818702401622727855e-11 6.301893795787979789e-10 1.195732528503974654e-09 2.342002559021448031e-09 2.808237619804278272e-09 3.417276945468046449e-09 5.575715168599796062e-10 3.152390325030472723e-09 4.090274518783472974e-09 1.376198059597327346e-09 3.866750811009536508e-09 1.840091930115885022e-09 6.935101821855878769e-10
9.162453218994992520e-11 1.133527449881900221e-10 1.468063827609730572e-11 8.171298042387615123e-11 3.808557121176193673e-11 -1.039657091371846753e-10 2.506344484938159847e-09 3.309446936675848976e-09 4.893491594127541998e-09 2.549499718450305587e-09 1.030412434654569327e-09 1.058626429868642388e-09 1.138898429559887701e-09
1.724300918407620395e-10 3.978219401465474382e-10 8.512697845706903377e-10 1.951100608993317929e-09 1.490913017300147812e-09 2.271878079817731108e-09 5.746108821581692828e-09 3.612872024130110790e-09 1.478892046996882612e-09 3.302176876105716832e-09 2.640269156317301755e-09 2.515090501409084804e-09 -7.701052375185590096e-10
-2.252429720675896312e-11 9.612679523217978537e-10 1.049764822966661003e-09 1.380796227391252039e-09 1.167327119382668422e-09 3.125802481905762077e-09 3.099624222473778205e-09 2.807423201137076381e-09 2.851058364636892870e-09 6.478520766840775966e-09 3.847896263230942457e-09 -4.626932341162162133e-10 3.718687633259880740e-10
7.886711430984344892e-11 3.096219715084013796e-10 3.778007453134262179e-10 8.116412918114899303e-10 7.559245757378365470e-10 2.329756368667297249e-09 1.429471109811362712e-09 1.137129852857571459e-09 2.488789239339199706e-09 2.582001266207365361e-09 8.485932124496274442e-10 2.679729697822704411e-09 2.112603108177479081e-09
3.274688392278303333e-11 -1.937197337364872881e-11 -1.670370824783240988e-10 -2.342316944130247060e-10 1.044207382531317191e-09 9.428040568634963289e-10 2.568104470750541617e-09 5.954434627839423917e-09 6.810191728826660520e-09 4.602390075618905932e-09 2.354745657093776670e-09 4.490679234718740446e-09 5.828539982950978757e-10
-9.183034933321631555e-11 -1.890864587633132160e-11 2.552692233329178740e-10 8.188239334378008859e-10 1.533382918630301726e-09 1.202186722332162563e-09 1.771899651841801535e-09 5.427724781841666496e-09 6.555000005682801747e-09 4.363663017650127134e-09 2.999980824084249405e-10 1.751986488368467868e-09 1.640919378697331657e-09
2.083890378121638435e-10 7.929927310257631343e-10 1.415432344109568758e-09 1.216389242414966310e-09 4.142309979944955114e-09 4.096626149819499430e-09 2.694375888476339565e-09 4.477244962723638069e-09 1.379958945555188132e-09 1.896425396112185378e-09 1.618047383630694308e-10 -3.340529416804892274e-11 7.404114544598357365e-12
4.052807374993211927e-10 -1.522709731063159157e-10 7.556275373519653238e-10 1.937493962947292455e-09 5.084466659374324855e-10 2.707209561385446779e-09 5.477126110770878903e-09 4.475234992442032550e-09 4.252217565263489527e-09 5.378260106209181251e-09 3.426714448086824943e-09 2.586116902540897013e-11 9.591651508859571845e-10
-3.324579500758894663e-11 1.245808450486799548e-10 -5.430748387134569716e-11 3.920777399684815419e-10 1.844859207944006784e-09 9.315579063711886716e-10 3.299753497125300234e-09 7.242566106966434614e-09 4.862776250496240619e-09 2.595085774400876678e-09 3.166719268191711170e-10 -3.174259732980682878e-09 -2.619597428645809238e-10
1.820178993461753359e-10 4.186187279218618183e-10 7.407667014729660999e-10 5.741328613378759084e-10 3.650847838794830889e-09 4.245720161499391818e-09 3.230560740764158184e-09 -9.039251246892645335e-11 2.494127603317306527e-09 4.855895217677949295e-09 4.862881904713025166e-09 -1.473239717923046640e-09 1.133085596638066165e-09
-1.515459211780096300e-10 1.814180143249174843e-10 4.171556176986345549e-10 1.566211883167523352e-10 2.248968216391548522e-09 2.156386370310492579e-09 2.322584126178379300e-09 4.210706781592395427e-09 2.669208052801848843e-09 2.890240412892844685e-09 5.153297473785558034e-10 1.584659976892225634e-11 1.201009533770671128e-09
-9.127477221646843625e-11 3.759732612425052998e-10 -1.252762562661136349e-10 -5.188457529064324774e-10 -4.190909264937586627e-10 2.331436171390957620e-09 5.888372297623074087e-09 5.005935645168682518e-09 3.203478140680582465e-09 1.385030148861442104e-09 -2.657150096109333592e-11 2.972630307633448920e-09 -3.189022544617859080e-10
-2.232654214387056114e-10 3.547885680074290359e-10 7.390793758371998408e-10 1.813762458623720507e-09 3.062176658760372532e-09 3.535859728000359593e-09 3.469776907925812430e-09 3.933932771337041936e-09 3.150795895172406289e-09 2.231152829915796411e-09 2.401862276484904299e-09 1.575919394038778663e-09 2.178397204436520537e-10
7.855463322920562970e-11 1.318823922346899313e-10 8.903081182603014462e-11 2.634101622256520599e-09 2.184397179228085677e-09 7.815798956916025579e-10 4.335024267885784654e-09 1.735500790949893950e-09 8.847497847270764551e-10 3.740647063357997636e-09 1.103232758322839393e-10 -9.388848725516242495e-10 -1.084117560741427070e-09
9.675292395399024651e-11 9.212182041200554914e-11 1.876423828280683352e-10 1.101809354262275522e-09 1.303607687829486610e-09 1.364786216514458712e-09 -1.622210263675344041e-09 2.637401797623078071e-09 4.310160863115092743e-09 -3.531707330663700741e-11 -1.053666492517353402e-09 1.938925069912010941e-10 1.152364738656121598e-09
2.797587469365820325e-10 7.806809792172314992e-10 1.609458961073598608e-09 3.261078041538884463e-10 2.560739004801345548e-09 2.916031762587641289e-09 2.082706698307336921e-09 4.149234319907807788e-09 3.943430786632609250e-09 3.639572993235514441e-09 4.332098612229760646e-09 -2.309965045859593466e-09 -1.923891685303804022e-09
5.876506549724268952e-11 4.431683603636664049e-10 2.717715409303315426e-09 2.785329816074591616e-09 3.864989473731567073e-09 1.299039555853120248e-09 1.469198256023625084e-09 4.114426616806166801e-09 1.778445491156626969e-09 4.921122664558024828e-09 1.157328501721862173e-09 2.302421468691860317e-09 1.187184214573662932e-09
4.481975644954596576e-10 6.340731703942370930e-10 1.300514130517766759e-09 1.581230088320515765e-09 1.829959652330412061e-09 1.971825683514806219e-09 2.931898553356610967e-09 2.034025163604880203e-09 2.322424391699114016e-09 1.244817694139615342e-09 -4.045690230152647296e-10 -1.255739173601332497e-09 8.419522576870575371e-10
5.310419795665203312e-10 3.852604254573504896e-10 1.992805977626353687e-09 1.004941016840317547e-09 1.134515284655064975e-09 1.268926847702278901e-09 -4.556757843713261522e-10 2.723249882301591139e-09 5.777144709478282981e-09 1.071101897806617839e-09 3.190247536746331405e-09 -8.374742776704290703e-10 8.371435717012296372e-10
1.217517901089065112e-11 3.772476938240783191e-10 6.513866999047566087e-10 1.049173479238921044e-09 2.848199635023972392e-09 3.669582235410286741e-09 4.962584325268333021e-09 1.655109796598276004e-09 1.016680671718500949e-09 -3.143828510579074064e-09 3.118889616879144053e-09 7.201083065684653484e-10 2.537803225777802165e-11
7.092026271677272725e-11 3.842341694533605784e-10 4.609681547356429121e-10 1.631554469278369571e-09 1.736158472346657980e-09 3.015095919194668208e-09 2.893254406817612133e-09 2.679639393972460895e-09 3.444101259763211646e-09 2.161634218671196271e-09 4.607655634977692887e-09 2.907403063744048678e-09 1.216323667735594113e-09
-1.927475370608506628e-10 2.611843017744057054e-10 1.290752892497118853e-09 1.178774443366324602e-09 1.790799205912237045e-09 3.581212582465341710e-09 3.636591153095525856e-09 2.797353694641291557e-09 2.283416938915677862e-09 -5.615376436761240654e-10 2.745397222401971275e-09 3.101722959347012323e-09 1.487793021896557123e-09
2.183609043393710486e-10 6.365151123487092692e-10 5.922782333291972593e-10 9.719443370927465106e-10 2.655319822425128856e-09 1.454114641779628265e-09 3.584989990400033024e-09 2.458529578662669371e-09 3.199709094280666893e-09 2.677393079680604953e-09 2.118985173812580631e-09 2.112704843435042449e-09 1.515568407569439081e-10
4.481106441906998221e-11 7.390478323539408506e-10 1.194327246967760294e-09 8.638086591423811726e-10 1.458118207837975094e-09 2.227701729912841761e-09 4.276679034041218781e-09 3.658692358660680102e-09 3.413156486647311770e-09 4.304809233484533308e-09 4.161984816093830739e-09 1.396679958515560292e-10 5.858160972775840439e-10
9.172199447632417034e-11 3.556028379021385771e-10 2.263996548517369251e-10 1.613822767243626422e-10 5.255095785388794037e-10 9.187423390758983818e-10 4.636794647960035509e-10 4.946070363472366086e-09 3.437203003819753191e-09 4.481408423883769033e-09 4.209826008788296972e-09 -1.776028572511043189e-09 -9.672129196380939991e-10
3.061039371176161904e-10 2.379499635259004964e-10 3.092362846021402432e-10 1.749758455240526501e-10 1.888547732165322764e-09 4.287057213823283757e-10 1.555474177590187144e-09 2.634959687507465172e-09 4.538444412431603180e-09 6.353118185166966157e-09 3.855254763112724079e-09 3.237371123283858625e-09 -6.265541317454199974e-11
-6.469192639707666508e-11 -1.320590124284346398e-11 7.142343037690567322e-11 1.179953122917433022e-09 9.671004380917232738e-10 1.681554699563817631e-09 3.210741069996920023e-09 4.205675686041964684e-09 1.849686320676926144e-09 1.541898503241478827e-09 6.255897487817383516e-10 1.589415042521396546e-09 9.405162543329559089e-10
-1.004682045833480600e-10 1.155964669365877813e-10 1.008067708347937250e-09 1.214432892020965154e-09 2.611331602923695529e-09 1.761735470438739328e-09 4.306199835787131906e-09 3.394845954514833745e-09 6.010868388504840034e-09 3.507509644355838050e-09 2.119001889779027143e-09 9.983104804375623177e-10 -4.798110492886640100e-10
1.406196531241379428e-10 -1.324797558394671738e-11 2.328792470841942810e-10 -4.376003408114171695e-10 2.746824968090346172e-10 1.024565214446184253e-11 1.523324557639125320e-09 5.729788352931342195e-09 3.696770195531468491e-09 -1.258937492853434159e-09 -2.013254533277257294e-09 -2.221972820806354355e-09 2.798313529770376250e-10
2.688812318890687145e-10 2.157065809069092050e-10 1.148130888778198689e-09 1.280749431640037033e-09 2.143741257990859470e-09 4.744832177514958604e-09 3.686658534051108811e-09 2.637687548181208775e-09 3.047735038627892543e-09 -4.549291392907088008e-10 -4.451358691585271872e-10 -1.238002076252425847e-10 -3.723482307582631145e-10
1.083217242803426060e-10 1.861742216945564852e-10 7.774506175436565753e-10 2.284796307752870510e-09 2.247873909652858207e-09 1.380393590016212216e-09 1.602359691093710304e-09 3.450839932471040310e-09 2.480058641008472087e-09 1.084686914859292145e-09 2.738032663788790537e-09 -9.457155719383480787e-10 -9.616217715858163454e-10
6.727642406265059790e-11 -2.347905185060606972e-10 1.938903147799935023e-10 9.024586963562223591e-10 1.501758506742147475e-09 2.753068980141415513e-09 3.250923619910135693e-09 3.192905471376129692e-09 4.104018522155301477e-09 1.802818659169089849e-09 1.816107171100201970e-09 7.696180098189822785e-10 4.166483495295622694e-10
-2.810393536032678623e-10 -3.551769864377733193e-11 6.958690488252883495e-10 6.015702438407924784e-10 4.211223063201747984e-10 1.254158612467602139e-09 5.142647493527634358e-10 4.096554758676774468e-09 2.207352868602626005e-09 1.584756472599871272e-09 5.427407673979389260e-10 2.237675859466086590e-09 -8.677379097104441234e-11
-3.745714089001262107e-11 3.825945253234508470e-10 6.437224056034225571e-10 9.256473593810863323e-10 9.415853088771304906e-10 1.782582980206023083e-09 3.039743040493864863e-09 1.217805982836764250e-09 -1.139747933207740655e-10 7.836704181346922641e-10 3.342453243998004745e-09 2.591289497746402564e-09 -5.013184763205006987e-10
2.631354525909385731e-10 6.212946948618180926e-10 5.461018291996638699e-10 2.587932549544932440e-10 2.653058472396347142e-09 3.922544389230921686e-09 3.124193014405283229e-09 1.182175832898826932e-09 -1.467815980284118843e-09 2.060684856615536447e-09 -5.004648699367413916e-10 -1.280907185630658057e-09 4.334169485301407366e-10
2.130037029654127414e-11 8.708069460032135162e-11 2.585221474700769530e-10 1.305891395905315923e-09 1.906143836123135928e-09 3.964173692467322674e-09 3.048299623979418143e-09 3.383212897497324978e-09 3.465339855717963638e-10 2.301770494091649225e-09 2.186723183138859436e-09 5.025804255635042466e-09 1.566144625084470192e-09
5.573774667978660195e-11 1.039535416851182707e-09 1.129585152852171205e-09 2.869319380277994209e-09 1.512003293596209201e-09 1.529917601369670356e-09 2.707321110531560217e-09 6.285752100372916574e-09 4.348606480843167919e-09 3.712915360637497805e-09 7.167396561267031693e-09 1.501816622198447677e-09 1.281023884835528190e-09
2.192047180779801511e-10 1.131688187059880526e-10 1.129157621893817815e-09 1.328839735557018557e-09 4.300396853620638597e-09 3.371929815228004540e-09 1.116546157540599608e-09 1.499397558890982926e-09 3.354130104425337186e-10 -5.460392059685843292e-10 2.987586877134749008e-10 -1.288191713401030887e-09 -9.951158421649064567e-10
-6.624901578769664276e-11 4.055283378392236488e-10 1.018125953588787846e-09 2.443495997141360641e-09 1.906703227381729920e-09 4.392088034375098044e-09 4.111132286704752027e-09 2.100135641190088491e-09 1.949323725331655993e-09 5.645189245991939554e-09 2.569815326356283674e-09 3.150145681760037387e-09 1.602894271334632168e-09
1.696666603708744716e-10 5.522077315262926961e-10 4.569087615675361446e-10 2.000097550869833969e-09 9.851958477742211569e-10 1.282213467439572440e-09 7.092296304832177652e-10 3.002039282162545636e-09 2.330994237589427673e-09 3.501465270636448613e-09 2.287964042401599208e-09 1.127962725199281189e-12 6.578702201075492702e-10
-1.299163323859641164e-11 -1.508590109913231993e-10 -4.001925821836420002e-10 1.031398002068578285e-09 1.361007617877100705e-09 1.025064395296682192e-09 3.028187424356312521e-09 5.139337818772872149e-09 3.576685909283890058e-09 4.415812193708454493e-09 2.965896799638437781e-09 -2.399299332540852746e-10 -4.868237959739532968e-10
3.767370249326186599e-10 2.776816054388962236e-10 1.061236161508494959e-09 1.361930278588051422e-10 1.280546505608014075e-09 2.720912018340319351e-09 1.941171756694119546e-09 4.413943423670209161e-10 4.651799336324426216e-09 4.267736424114850246e-09 2.994859053466322528e-09 4.110276311382417300e-11 -2.320176172376888802e-10
1.151381000623889000e-10 6.333261449156506769e-11 1.151296517609813387e-09 1.026286763374878516e-09 2.960643016984200025e-09 2.764544268529190820e-09 4.439269147489354487e-09 2.010147440756970248e-09 4.250720726676016196e-09 5.349961465465173095e-09 6.631297363813909226e-09 2.256127848112299687e-09 -2.962605337774699889e-10
1.641103186030074855e-11 3.949312203780386974e-11 1.471282260662720663e-10 -2.042503490010913164e-10 2.392034788885209616e-09 4.106780923620346328e-09 3.511543493805028016e-09 3.197172370560257332e-09 1.427218254299953678e-09 1.407736034295438737e-09 2.221171222013898327e-09 3.554324745550827561e-09 8.003164572235408030e-10
1.484638530574665554e-10 2.350075308666339810e-09 1.651285934350004348e-09 -3.307210400076518364e-10 2.455262511695242840e-09 3.390989323847860123e-09 1.171321628386330546e-09 3.743774720566968744e-09 4.670482323801040686e-09 3.173477893713895775e-09 4.083747191136263452e-09 3.421915223122511184e-09 1.142466946411961348e-09
-1.815723715410856234e-10 6.219549923239096537e-10 1.610780224321727990e-10 7.785480216063315354e-10 1.777954795452306294e-09 2.186309691455094383e-09 3.395716785620831707e-09 6.788685780227548157e-09 4.577980092000719255e-09 1.638974248742046562e-09 4.224641608881073033e-10 -1.498043747518656153e-09 1.540917298475836856e-09
7.863406176878962539e-11 1.867339116095226135e-10 3.316342555366099028e-10 1.226037621541932680e-09 1.688769686184884005e-09 1.848097938217330016e-09 2.359548563222102972e-09 1.219485518640335716e-09 3.931414931865355160e-09 3.308524204697416590e-09 -7.988748817912901730e-11 -2.038048045532031698e-09 5.081955154492307685e-10
-6.923032273549807970e-11 9.803490074022169169e-10 7.573602993144306932e-10 1.015328499608242698e-09 7.354846649075486346e-10 1.866462836711899183e-09 2.310119606599580857e-09 5.339722697185328205e-10 2.907071660606439116e-09 4.804562113737444260e-09 1.798955445487720822e-09 1.451906564094578757e-09 -1.523556945846650994e-10
1.239836186275536539e-10 2.970494083505857089e-10 4.360822756424813757e-10 1.525993245190427835e-09 3.066918172090363896e-09 2.212818206353765427e-09 2.144245587460571561e-09 4.576919193003898392e-09 2.723505334140217965e-09 2.886433864572512316e-09 5.780481134510891690e-10 2.910511605589251754e-09 1.045223596875982581e-09
-9.900214483491157579e-11 1.173463225675413591e-10 -2.821632218978656285e-10 5.121238602023126776e-10 1.191541030845229890e-10 -2.841868276027626739e-10 5.754182253297074062e-09 3.119669122985277099e-09 5.143356509966150399e-09 2.214699075425050768e-10 1.826002998775477624e-09 4.875816562743127161e-09 2.310906909495739245e-10
-5.348933287153875106e-11 1.417302381050163236e-10 5.844183114231252146e-10 6.985948818459189755e-10 1.167937719562470858e-09 4.414153507946525603e-09 4.056599365967809378e-09 5.689338724593608365e-09 2.178336169487723165e-09 2.500702989261300974e-09 2.772821871302087545e-09 8.420183739778338432e-10 -2.216809324681492514e-10
2.501466078782881957e-10 -2.403601828033122119e-10 -4.000234127543362547e-10 2.967160675781178438e-10 1.036492764256817116e-09 -8.474922274947099559e-10 8.354338252234319867e-10 4.484540559785544242e-09 6.585313588262304409e-09 6.731091279927416226e-09 2.921116060381214215e-09 1.733263420697706998e-09 1.529717307666993721e-09
4.880582411994570966e-11 3.530264923220295669e-10 6.194067918095749511e-10 5.058837238137940119e-10 7.575287483710211053e-10 2.838023135821675823e-09 3.337582884727915374e-09 1.974899561432535351e-09 1.634900259173537721e-09 3.314321306950015541e-09 -3.535540857972763208e-09 -3.896328191843476559e-09 -1.059889463526429791e-10
7.449351870577353800e-11 -1.281392163587946275e-10 -1.968134833794975316e-10 2.399449013604930716e-10 1.497022336184712709e-09 2.564098448550958019e-09 2.199124463694955533e-10 4.921624042792351245e-09 3.945749220162419588e-09 4.725662944044216566e-09 1.658631084414972856e-09 -2.702287290077421424e-10 9.973874017148304072e-10
1.251693500206545113e-10 9.089854251405627971e-11 1.075276371237107562e-10 -1.685353716185655752e-10 1.894417730758765517e-09 1.338442977577978792e-09 3.233848689746411768e-09 4.727051662798710677e-09 4.038549862530846842e-09 2.887671459436441132e-09 9.751309564085462427e-10 1.614952106477784697e-09 6.482261355998905010e-10
6.145664963582328177e-10 5.389990244177967833e-10 3.406117788045877309e-09 2.964766371171103338e-09 3.700732305477708105e-09 3.632791727696746064e-09 4.651197217915721008e-09 4.961219705835108504e-09 3.670820144496047316e-09 2.749003363980653251e-09 3.666360232138883235e-09 2.226502820772582415e-09 1.631137099968782742e-10
4.127099765729811357e-11 7.638082080146175187e-11 7.493225425964179892e-10 1.263964566511124163e-09 1.654288042308673743e-09 4.129140149951912804e-09 3.734574749100973915e-09 6.663011391976961993e-09 6.423366987599218649e-09 1.801814907391992131e-09 2.825051884555385769e-09 3.516916154212128070e-09 1.937087610409668520e-09
2.415220389624259452e-11 -9.507342179538548777e-11 6.570895090633706139e-10 6.056830419892934984e-10 1.379814166603366842e-09 2.919229107817324334e-09 2.233491811800858950e-09 5.530901425919230551e-09 3.854446347567146982e-09 5.683915546611333212e-09 3.121791223077887244e-09 1.033812385044577327e-09 8.960090142423110860e-10
-4.143397510236404010e-11 7.024658497523827345e-11 1.768672017568620004e-10 7.683129287172556935e-10 1.666442377080462244e-09 1.697234384095015536e-09 1.303244813435967553e-10 3.229989472206101288e-09 3.566772247192120907e-09 2.150746798317927455e-09 5.842117736858604760e-10 2.144325203789526866e-09 1.651315385715813418e-09
1.881381969574336626e-11 1.603786028711942212e-10 6.164693314193743666e-10 6.154141431059939072e-10 1.833014668491697138e-09 2.826857878505242823e-09 2.026351476269666191e-09 1.599440804919192290e-09 2.774715162091009250e-09 5.030727920960055904e-10 1.172933000129611061e-09 4.311614404149899289e-09 -6.433864852675816005e-10
-5.320879238507486727e-11 -3.092882488070067459e-11 -2.765550107962201027e-11 4.830585029751726446e-10 6.029996165101682665e-10 1.713788864463914319e-09 2.716219724471767703e-09 5.014672467625695568e-09 1.771175586144129296e-09 4.753252094980136732e-09 2.626466694867176497e-09 2.596163068491097332e-09 -5.394512207774360276e-10
7.503268959890213747e-11 6.956699119611223184e-11 4.143989993661096567e-10 1.170731790700989103e-09 4.832431551032265268e-09 2.986446732878066449e-09 4.675030534975905615e-09 4.149508988432246160e-09 1.530648206634849120e-09 -5.026654051968575971e-10 -9.088384682724296149e-10 -6.231046822080765856e-11 8.523102515584864463e-10
-1.445407582202026496e-10 1.221007080009643297e-10 3.841496431328980363e-10 1.139916264326112434e-09 5.753959032145453880e-10 1.369573680229070622e-09 5.638215071785671345e-09 2.845588328981600561e-09 1.039754655341706458e-09 1.541019278837475008e-09 -1.736941618725673290e-10 -1.243289179224725821e-09 -9.634589734877957440e-10
4.864670352809826064e-11 8.876716516089559424e-10 1.083891992259693487e-09 1.484634253864406650e-09 3.170160420189683630e-09 3.023201148276057187e-09 5.378807218808074078e-10 1.467396547542574671e-09 2.518678502619771752e-09 3.370018254088500414e-09 2.891549034944197517e-09 3.212049849266611579e-09 -6.799173932590038502e-10
9.020964780404861104e-11 5.386337683641985079e-11 1.695071126823768866e-10 -1.300624928560552439e-10 1.646476968825185600e-09 1.915286042187391914e-09 2.337545519547671954e-09 2.280375679933280569e-09 1.638767537135769173e-09 3.349053007566088564e-09 3.060987511941428121e-09 1.091933238480615968e-09 7.616685605318127309e-10
1.178846236685205185e-11 -3.995441485296724142e-11 8.877979833896706264e-11 2.532352376672423520e-10 1.570180184364380300e-09 2.439971273237130251e-09 1.152822961892281642e-09 2.612177282931347612e-09 1.055404360020052388e-09 1.326731140088605457e-09 -8.673640499200498296e-10 3.817561250463704820e-09 7.409081786222808909e-10
-3.754047768440000846e-11 -8.875118710732179640e-11 2.380420815785913758e-10 8.088239193125018550e-10 5.060151159797309465e-10 2.028212789977865256e-09 1.907541275283519261e-09 3.616243072079147980e-09 3.583318691139188740e-09 1.149743580857333234e-09 2.155779585694835319e-09 -3.612306068304114284e-10 1.500826079952833322e-09
1.872702188157516840e-11 -4.419434431901966673e-10 -1.510295744691928124e-10 9.667997740831268926e-10 8.312563523235462632e-10 1.325966493297362779e-09 7.035112221566082734e-10 5.338676018885829557e-09 2.134773820549192629e-09 1.986736231763161185e-09 6.419020632232798642e-10 2.394973192888690884e-09 1.343851749530225939e-09
-8.913714997667023163e-12 6.391748487101330648e-11 1.980527829831883435e-10 1.463146511517331749e-09 3.341751465345056093e-09 2.348103061619601205e-09 1.243176755250235124e-09 1.460383350919838189e-09 1.288980866561448427e-09 3.208528655468480449e-10 2.784157405123330509e-09 2.098460240652644721e-09 9.172414329760333955e-10
1.545047384950223516e-10 -1.853890033352940411e-12 1.286773061571265997e-10 1.211455252234470441e-09 4.906559764130443079e-10 1.560773960626287640e-09 1.693676818136548182e-09 4.522482190962394776e-09 3.590929425381299190e-09 1.415275555292985560e-09 2.429638490342636813e-09 1.513658728812217497e-09 2.479902233804119570e-10
-4.907473894846092906e-11 1.405577966944793336e-10 1.443618527727887205e-10 1.414256134419517406e-09 2.158678765708287889e-09 1.551113103156115887e-09 3.865112183222540153e-10 1.199123446992549710e-11 5.492202442790082511e-09 4.868255344077647857e-09 3.376910929743149130e-09 -2.671662354761309940e-11 -1.370463093712898359e-09
-5.865903153409525472e-11 4.395034936773486330e-10 4.149022290918600588e-10 3.101874288870280916e-10 1.086635933132904123e-09 3.762608869312976279e-09 4.476853314799067371e-09 3.603040445271027605e-09 2.564101944219952703e-09 3.710476122716640915e-09 3.988437873239785378e-09 -4.122329738881866415e-10 -8.194143018473454523e-11
1.058471781870423396e-10 4.897963699362102766e-10 1.480206521159991931e-10 4.538716111891655415e-10 1.194438091578325164e-09 3.742362711126803799e-09 4.878895652977021406e-09 4.252621391689012991e-09 5.183468359389664189e-09 1.444877102320321425e-10 9.958658795855877294e-10 2.968925055618949059e-09 5.783652386371523518e-10
2.130129883126615108e-11 1.341942688490490931e-09 1.517080378842583177e-09 6.283409096631005490e-10 -5.891036778838236498e-10 2.674629020731164873e-09 4.424859107130890468e-09 4.075942972591183889e-09 2.077719009727265391e-09 1.756536961138197130e-10 1.000217859326536290e-09 -8.827965265286993796e-10 -6.627376781239678469e-10
6.125897337224490995e-11 4.394534531280317146e-11 3.137004962540004784e-10 2.008592128503176321e-09 2.069106954826634404e-09 2.050318725683703256e-09 1.941844595368187069e-09 2.875545295322712823e-09 3.920720427387961874e-09 1.310541629332010842e-09 4.095659097530004386e-09 3.439678198089394456e-09 8.660980323448499830e-10
1.531904671976483268e-10 1.350437148937906673e-10 5.129268853434817714e-10 9.151793564988850382e-10 1.410543248029249194e-09 4.155301511325562533e-09 4.315615618031158729e-09 3.219366768111820152e-09 3.417886022620122017e-09 4.358740584616627227e-09 2.519652305253598181e-09 3.184486606577747452e-09 3.636804737335491824e-10
8.327474314640414899e-11 7.594172867200406351e-11 8.786633698458431442e-11 -2.288262263091921568e-10 1.601472484850898274e-09 3.943551473628948289e-09 2.454544276367443499e-09 1.446788838735881213e-09 3.007461118988783177e-09 1.636850638837284889e-09 2.167501841693895638e-09 1.291618554826414294e-09 1.451168921217643736e-10
2.318492780775933311e-10 2.814827217124353658e-10 1.018187529751178815e-11 5.683935637943668195e-11 7.622960843435787037e-10 1.553742456734633861e-09 1.906896377272879101e-09 4.027191573106676752e-09 3.821779787003109447e-09 3.455098701100062316e-09 2.682960559323817093e-09 7.624877384200387945e-10 9.975063134616510889e-10
5.361981028328178325e-11 4.246226797017556090e-10 8.630141067297850902e-11 -1.030186978900967559e-11 -3.443377706414677233e-10 9.431443951255487983e-10 2.513284066028144601e-09 4.055604130222885396e-09 8.423994375888399559e-10 2.720060982443491980e-09 1.611037028718745472e-09 1.330315268079105915e-09 -1.893256080888179027e-09
1.671004157875242659e-10 1.504797722604947147e-10 3.995937955736266583e-12 1.695210565881293647e-09 1.694157809465897579e-10 1.238587508095397235e-09 3.358922913455763891e-09 2.883203104457087665e-09 3.733639523158708567e-09 2.815218305750344138e-09 -5.324668857933605084e-10 -3.927311554771636274e-09 4.572498864623706429e-10
3.593925025089780692e-11 5.892930904252582591e-10 8.515140913908572679e-10 1.563917060961499076e-09 2.172203766305515717e-09 3.615902799478923319e-09 3.362356751739013810e-09 2.818767612892255293e-09 3.451253269689669479e-09 9.389291764251833182e-10 2.432311920236152746e-09 2.204567788382817076e-10 -8.514688105945939994e-10
1.407890135754796122e-10 -4.940165619374917542e-11 -1.167376442289045657e-10 8.242819859054413315e-10 2.227602234022188732e-09 1.185519914285799635e-09 2.496003664959694129e-09 6.902977331516673266e-13 9.766736507469931289e-10 5.672504154471711596e-09 4.431934918997155191e-09 1.830585143082778526e-09 9.371423293755817720e-11
8.817164265227201394e-11 2.480749714153027346e-10 2.958701345811757234e-10 2.206567473019465932e-09 9.369841283566737758e-10 4.154448828556409999e-09 1.977299577535562579e-09 3.899925023826213196e-09 6.703935698733623071e-09 2.710255628124548989e-09 -2.301262105643738155e-09 1.359519985514156765e-09 -7.211175275134085826e-10
2.580801588576144061e-11 1.285456644406218345e-10 2.755080077125117762e-11 -3.581209874929845307e-10 1.993339463557445464e-09 6.870332259917119533e-10 1.414439351095187056e-09 3.569896606195971148e-09 4.497613381831627999e-09 6.266858362528566376e-10 1.691832183674325663e-09 5.826562135117117491e-10 6.709162128322777568e-10
2.448842863991990609e-10 4.793156499912822418e-11 9.512704340263279117e-10 1.521950666330772168e-09 2.026331707681995842e-09 2.724647709292161728e-09 4.234858677708591734e-09 4.413032458984086353e-09 1.438780992250420682e-09 3.542989714106378645e-09 -4.342634722446939798e-10 1.536023609392598990e-09 6.803668969296240267e-11
4.049486169369297961e-11 1.622328802426331410e-10 2.610972669892407722e-10 9.555614357371695470e-10 2.926685579229489645e-09 2.782392155837691730e-09 4.190337727812617079e-09 3.176516523709417749e-09 1.845621905368127828e-10 2.963383969885827839e-09 5.291020963219295883e-09 2.041146684184076639e-09 2.871589737015071803e-10
6.046280988295839965e-11 5.423117755763972446e-10 -3.009545040827602159e-11 5.912653039429739561e-10 1.058476976376279560e-09 2.377014576509253123e-09 4.590274186175778553e-09 5.858948460478873554e-09 4.439427567313239174e-09 2.702972404851001285e-09 -1.708344215776187798e-09 2.751457731244554804e-09 1.478291115451014825e-10
4.226808027362891817e-12 2.262289224115089276e-10 9.224040593747838379e-10 2.269474841708093299e-09 3.393457856871403123e-09 4.990449876908330726e-09 4.068355845458833570e-09 5.439007952578651173e-09 2.249589208476250470e-09 1.717203765600709051e-09 -5.278592160409333814e-10 2.447098097923364077e-09 1.363205643299625848e-09
2.376641103719852322e-10 1.903816952503347567e-10 1.600497051545903728e-10 3.556025465986646802e-10 2.286446367251675726e-09 4.634641785154883804e-09 3.867906820285755369e-09 4.250638785001922762e-09 5.799860708411254801e-09 3.551907639890458356e-09 5.994201778831909005e-10 -5.315511082679974023e-10 1.268225586975962174e-09
1.133695759026560472e-10 2.484029171867336324e-10 1.160412162565676894e-09 2.582591877551503998e-09 3.655456826596475881e-09 2.267419040982701194e-09 1.688132386978420000e-09 7.334484555751543231e-10 2.779819174617517235e-09 8.955632545641401879e-11 1.209840506063038247e-09 8.689511628967238261e-10 4.446312111996701310e-10
5.165263931493057427e-10 3.476104693251865494e-10 1.654378178284627988e-09 2.126754700410873609e-09 3.255013358563442035e-09 4.600585672738781026e-09 3.059721922093512373e-09 3.253142534439332347e-10 2.552898351841418231e-09 5.051229151573153882e-09 2.866779832823242567e-10 3.395460145444468858e-09 1.259281347354179715e-09
-1.337237493818936150e-10 7.789944918908541884e-11 4.783749099651486341e-10 7.998468277568115239e-10 5.694623884696967516e-10 2.545207307508155166e-09 4.426358666451734394e-09 2.489501637107284879e-09 1.965606208412646422e-10 3.454715609135199549e-09 4.379961664349585106e-10 7.526643822324170967e-10 1.412220629208038281e-09
1.903210024700032923e-10 1.516427991703674884e-10 7.105931475307813905e-10 1.832023402081653050e-09 1.715422382383671803e-09 3.595664843114335028e-09 3.794615671552204231e-09 4.678286648165684960e-09 4.533933165070505786e-09 3.926985934756738681e-09 7.869295733936978041e-12 5.242081792842734459e-10 7.846974082769740271e-10
1.225996342465372563e-10 -1.957812737301439511e-10 -1.447756183682134852e-10 8.949252526525466080e-10 6.116701096584952706e-10 2.619191597349766694e-09 1.774692696486935434e-09 5.224101890832319602e-09 4.131649942539806411e-09 1.369571175311526165e-09 1.713225794626644246e-09 -1.795746435160234210e-10 -1.235540650446802907e-09
7.882066434980461371e-11 5.237218144448548405e-10 7.639507526418268633e-10 1.699126910873556899e-09 3.315446228368673397e-09 2.493561308387173234e-09 3.095323162120624772e-09 5.468807247855543992e-09 2.677596949139002793e-09 6.403918296454307907e-09 3.848777793969267424e-09 2.417995480703430103e-09 -1.217782601102267082e-09
8.262862254413270576e-12 1.487219484013282500e-10 8.789910160642653406e-11 3.638756850424394820e-10 1.749087924597662623e-10 1.500730592421829105e-09 4.002490354858641377e-09 2.483335564356320536e-09 1.737733128099707060e-09 2.233406481832539319e-09 9.411414679488979847e-10 -4.308864367278045639e-10 1.529451044485186495e-09
1.898892075051526771e-10 -1.339412630888120984e-10 2.589280806265032172e-10 -1.774466456203828362e-10 -7.367186840304576492e-11 2.207945758094019680e-09 2.990244644506335009e-09 2.404208120624453755e-09 1.389480420168475652e-09 -2.333433180221239938e-11 3.309870411361388155e-09 2.023580091838619370e-09 -8.223433003417085881e-11
-7.093029280933352665e-11 1.057888300267597198e-10 4.290478296948101445e-10 5.491675204012890887e-10 2.366841724804599879e-09 2.734409893089633736e-09 6.312929414376176380e-10 2.926287228613540345e-09 3.414102188883479532e-09 1.581990565234979645e-09 1.621018825500676388e-09 -2.790555118807953022e-09 -1.492479565972090068e-09
3.681949838000605507e-10 5.121672471457657492e-11 8.204150595304594690e-10 1.191615153910315784e-09 1.588384161040574156e-09 2.319740145442999285e-09 3.038883002490702325e-09 1.710763347582012959e-09 2.265089233323423688e-09 4.395825734394843177e-09 8.020632317738881361e-10 -8.638968486055298385e-10 -2.583806495874505431e-11
1.383246313195183234e-10 2.010015395726043217e-10 -7.512220637195222029e-11 9.707616156147409069e-10 2.137997637593873555e-09 1.872978636792911597e-09 4.121057275282356985e-11 1.141691059674707689e-09 2.713766924516386456e-09 3.074392556558690836e-09 2.751266043537396832e-09 -8.383641324031023488e-10 1.925781066572126269e-09
6.846682583081711151e-11 2.318624708469788692e-11 -3.094961400385247338e-10 1.013814058849961415e-09 2.866738088294044975e-09 2.178554293611001514e-09 1.930969085486097195e-09 9.692060992386075469e-10 3.951889021173763774e-09 3.988977127047273593e-09 3.641182306420074584e-09 2.399042136565428264e-09 7.662307438770830448e-10
3.528026753559863779e-11 2.270218543397846771e-09 2.069848777116187188e-09 2.598359144049041245e-09 2.890514064841081639e-09 2.704937863309533447e-09 2.350043096607322480e-09 2.398551581138919510e-09 1.947169264413163685e-09 2.377061469220539636e-09 1.195441877037251692e-09 1.027341458117313332e-09 9.936313648045421754e-11
1.417100702143094648e-10 1.963336780710334557e-11 3.853233890275772503e-10 1.719992608332374486e-10 8.954380646847017305e-10 1.390852864050246578e-09 3.664719188763218208e-09 4.039848401525373751e-09 3.985954719633348273e-09 -3.582276941115996283e-10 4.174454660044537751e-09 -6.548310126158268071e-10 1.197888821500288706e-09
-5.752951027734708284e-11 6.353128758555446746e-10 3.339154838187402479e-10 1.087933164208204025e-09 1.847400045911853657e-09 2.042051614742021654e-09 3.291459195575329714e-09 2.998301374417242884e-09 2.828781275812542638e-09 2.667650604814127649e-09 2.987797113318956029e-09 1.354777484994245112e-09 1.348383911758485786e-09
2.640963034944545422e-10 -1.939141790280079941e-10 6.581907870191923991e-10 5.944707750458453011e-10 5.524519969348150385e-10 1.525439301370409603e-09 1.991153109452129426e-09 8.005634818228814825e-11 5.419159231419961620e-09 3.270938649640659364e-09 2.385296801873093667e-09 1.324111817852075749e-09 9.100334868616308947e-10
3.396323374906989386e-10 2.051283486678488468e-10 7.829754970451712980e-10 2.946772468999504153e-09 2.711823347623063507e-09 2.274813760805674046e-09 5.593250751028699725e-09 2.608712607631512271e-09 5.915694016395901682e-09 2.987660348086256139e-09 -8.211267933535762228e-10 5.468401426683935099e-10 1.662327900256451363e-09
-1.754606053844472997e-10 -1.863712685773205306e-10 5.048613356522705873e-10 2.570379802485313027e-11 -6.819031569706394040e-10 3.074787110763607271e-09 2.620163884046616043e-09 5.059238354166613680e-09 3.501817128229697465e-09 3.194557644759660122e-09 3.851695468062230701e-09 -1.610697828877605329e-09 6.224156938005719405e-10
1.455760236349820319e-10 -1.192129537879155991e-11 6.057208229095874207e-11 2.138109922221656814e-10 1.444656344734987262e-09 2.020252077725123127e-09 8.870753971042739230e-10 3.896467553657785154e-09 4.149299808422972628e-09 2.213715064161734672e-09 -3.735254330128399478e-09 -7.757028204042791154e-10 -2.059827306918244867e-09
-1.642940073372342221e-10 5.317842425138508560e-10 9.486393030109454202e-10 2.131017086579377809e-09 2.654574246631831363e-09 2.724395951519042927e-09 3.575245978369506157e-09 2.941763967500869084e-09 1.526414958784956750e-09 2.469742956385527758e-09 -4.342095458307668361e-10 2.401607750394044079e-09 7.128809142800640417e-10
-4.621643542508833657e-11 -7.428884799507128644e-11 6.749276523855670081e-10 1.248217994256014441e-09 2.078991496548823127e-09 1.707692336118577610e-09 2.240835795853906272e-09 2.516475901912772361e-09 4.841952805492736807e-09 2.084756302615080433e-09 2.354586926467862691e-09 1.083016427195384233e-09 -1.438844563326432607e-09
-1.273113768612044903e-11 -1.178257921606401771e-10 2.713131058375823510e-10 1.008180013026344672e-09 5.693492186946853185e-09 4.620085037230460496e-09 3.658135084751444085e-09 3.906073908909726923e-09 3.009667029792258360e-09 1.662975589705866548e-09 5.486914510768786271e-09 2.596975007628644164e-09 8.347923070162639096e-10
-5.875033680382820927e-11 1.397064425463576517e-09 6.324007556406247706e-10 3.392401906236096312e-10 2.097416786641574698e-09 2.891794935865609108e-09 3.435662666498160869e-09 3.164333444707386423e-09 2.879514605703596785e-09 4.617231569681894412e-09 9.936825143960290720e-11 2.415475124009489798e-09 -3.819765896205454906e-10
6.079589682255438080e-11 4.253244611429524176e-10 4.107378739298994631e-10 1.618967756384796166e-09 1.449229116725445049e-09 7.301630715383125579e-10 4.825096119378205748e-09 4.942511173904459754e-09 4.064966009155994622e-09 4.757406983238322146e-09 4.521469763150163783e-09 1.793656876788311983e-09 1.948588167857149286e-10
7.536078339201064238e-11 4.592083648489080323e-10 1.476521163418012636e-09 9.238897993943514247e-10 1.177627099606581219e-09 3.113604813115015573e-09 5.272426065383325326e-09 3.972290872606331637e-09 1.283333939142858417e-09 3.737613254195681009e-09 1.746412435598183478e-09 -1.766459528881137816e-09 3.498956855352447010e-10
-8.030558390375472005e-11 -7.639704508596823103e-11 2.717861142228437156e-10 1.169366948108685780e-09 8.929782482993258755e-10 2.192798213141863789e-09 5.116998679672153089e-09 2.484736562525532774e-09 2.708719924285297449e-09 4.154580152270589259e-09 1.156643201550247554e-09 -2.346471593298028881e-10 -1.226348925505274207e-10
5.746543882134560903e-11 -7.309093940455288854e-11 4.785006268368826025e-10 -3.481301705343538147e-10 -4.662822862619392061e-10 2.063156360564459422e-09 1.878845969420456188e-09 5.327548005371686554e-09 3.771359712989932670e-09 3.629224678061483383e-09 1.542722601718091588e-09 3.140415673947319679e-09 2.147414694629854934e-09
-1.444448941726688237e-11 1.396081639141836270e-10 -1.854283740222091578e-10 2.117576109905505195e-10 5.538117923947094682e-10 2.033661694449324761e-09 2.795952264326997691e-09 4.024367046937227836e-09 3.836319696350205083e-09 3.465631153155006349e-09 1.106385489651242959e-10 -1.285520906445991711e-10 7.983525740953566451e-10
1.895209033615552364e-10 6.139145431423954153e-10 7.725938629373617271e-10 4.477499573878661001e-10 1.915259325908787825e-09 4.461696854224230895e-09 2.803957003165162958e-09 3.790355541997524251e-09 3.894188844468137647e-09 1.502728813963446362e-09 2.193610019336663108e-09 4.996242623361395444e-10 2.397007720388527411e-10
-2.692330876037144053e-11 1.130769641536708264e-10 1.300156157336825680e-10 8.797000218391014251e-10 2.703243433060960806e-09 3.640585579189787649e-09 3.286960269976977654e-09 3.092170384887442269e-09 3.109900286340027331e-09 2.040142382032410685e-09 4.100781928380095804e-10 1.298464449040475714e-09 3.862064065592770358e-10
3.844109305735301506e-10 2.227208678563991624e-10 6.971401262959085784e-10 9.143237490028923551e-10 1.040833479442177111e-09 2.072482341717566865e-09 5.639318936058132370e-10 3.018920610123764605e-09 1.603931642802945065e-09 4.253025641336983771e-09 3.778847028097770629e-09 1.102610525908317665e-09 4.696594277321965183e-10
-7.536303505211585481e-11 2.651018603171784851e-10 7.178471740009438568e-10 2.997635816392728103e-10 5.854048430693211991e-10 6.872298257773725109e-10 3.289221430514632798e-09 2.938807697169304604e-09 1.854338224487563349e-09 1.619763671016700936e-09 4.746097075666477491e-09 1.961513254260825155e-10 1.429579263271576200e-09
-5.539153989626948896e-11 -2.328618758294835747e-11 -9.865017327676332992e-11 -8.332591502719048274e-10 9.387303489716708088e-10 9.531628695905170689e-10 4.308708824036775619e-09 2.683123983482889962e-09 2.471761797196012725e-09 3.707217855655179988e-09 2.993865217149942922e-09 2.726207541739084827e-09 4.124390300450485617e-10
-4.008916368393891770e-11 9.877981379443643892e-10 4.745128123225849739e-10 2.060089645252265310e-09 1.615583910575327860e-09 3.354583353317206887e-09 4.452366933998419622e-09 3.654673399791271729e-09 7.183491333093628510e-11 3.166212008002613208e-09 1.449557531276430121e-12 -4.451147004950417218e-10 -3.011119939472771188e-10
-1.866027157253861935e-10 2.658497177361837947e-10 1.389740999223200796e-09 2.853957442191855853e-09 4.694224825805878061e-09 5.251839047974356730e-09 2.936179441292578146e-09 2.986651398981545298e-09 2.261819502522075547e-09 1.134851182462130544e-09 -5.321087462849041364e-10 6.111598637282753677e-10 2.132453085108301108e-09
5.946330096167111921e-11 -5.086324604208369163e-11 5.005225059690213426e-10 -7.751874430710563312e-11 1.367488744485763623e-09 3.902334270495645282e-09 1.331942732370293506e-09 -7.801304587414788764e-10 1.989066803130478523e-09 2.479038596209690641e-09 1.024450909025537847e-09 1.367699421909988824e-09 1.325800054733631970e-09
2.320113558506877371e-11 6.596570435224237315e-11 3.712260636126461404e-11 5.664814224912587385e-10 1.668133828701615754e-09 9.640147238672343848e-10 3.482553061065185825e-09 3.041957366132941987e-09 4.163942742447862559e-09 2.340311451204957518e-09 2.463575981498733983e-09 -9.030536121212485898e-10 -7.314931698265746376e-10
-4.692459250619051259e-11 2.327688567970248385e-10 2.165898457514310112e-10 1.198705728801240440e-09 1.103233244044160340e-09 1.503745320556625075e-09 3.388002751311449297e-09 5.456763472133681819e-09 3.602740885579580663e-09 3.316686620150856225e-10 4.418133180042468305e-09 5.824633003381637285e-10 -2.630850170882301862e-09
5.185697845716442849e-10 2.174200225861314549e-10 2.005394974205855919e-09 1.844686665244130258e-09 1.320856386108088514e-09 1.919331901201952175e-09 1.529106905952856926e-09 5.831721691172537287e-09 4.087512102439662437e-09 2.012876790472095707e-09 3.099339012677535362e-10 -1.492537319109918041e-09 9.295353026773762568e-10
2.673491283252776351e-10 1.917125797257319602e-09 9.801500873061719354e-10 3.478685257399618042e-09 1.389866050475087940e-09 4.251403117766074951e-09 7.128837994880307198e-09 6.875362491033417681e-09 2.911244638292577165e-09 3.700223831248693416e-09 5.963987872899009369e-10 -1.160267901852185107e-09 1.384460513144334770e-09
-1.657885833553967475e-10 6.788113666401438895e-10 8.273998946932792361e-11 1.797746890703812748e-09 3.250952446912062998e-09 3.133773599407330814e-09 2.927714845078931630e-09 2.108178850554572590e-09 3.064014614184337084e-09 4.224666335996848138e-09 1.905949457928517744e-09 -1.600589855319475999e-09 -2.369724882354590796e-10
4.986798736854547448e-10 -5.970913999463435693e-10 1.069503411272246350e-09 2.665706498793665552e-10 5.418811317481983129e-10 2.550551785044301350e-09 3.203854922315241572e-09 3.471672986291206423e-09 5.303616994379034983e-09 4.431957819438659390e-09 3.054558798592605413e-10 1.337953850440126781e-09 6.271667694448384304e-11
-3.944984116990425049e-12 1.854750702482544273e-10 -2.571283989221079445e-11 1.200295610571192168e-09 2.221608355074845738e-09 2.713435006821366995e-09 1.979115463019758201e-09 9.632878974354491842e-10 2.356737354449173994e-09 -7.566904220008398964e-10 -1.492576471185565113e-09 1.114029263070107665e-09 -8.466934325030632954e-10
8.102797519968557876e-11 8.973781247527244670e-10 6.614704593466016317e-10 2.017593472225222356e-09 1.726672765642075176e-09 1.762814049077200498e-09 4.240113319469283044e-09 4.834479262464861792e-09 2.321078981251089188e-09 3.364500128262471631e-09 1.119276767076741616e-09 1.257260484680068096e-09 -1.402674890568737071e-09
6.891548772576121772e-11 2.401857115941734361e-10 4.779750750895772696e-10 4.146208660101926046e-10 1.579548138056220869e-09 1.823467964378434819e-09 5.628413899044404155e-09 6.245927815904220953e-09 2.537672595293495743e-09 1.555663056735254210e-10 1.395746858655573358e-09 1.507298019468297634e-09 1.510460719153727310e-09
9.480384475013637775e-12 1.848810688364762696e-10 -3.603128642562960642e-11 6.981183787576680725e-11 1.260587733191739990e-09 5.014162250143713817e-10 3.526578539244178755e-09 5.442333601986759280e-09 3.260028965238791535e-09 3.095622772983760660e-09 7.219810827258362682e-10 -1.821488598798183758e-09 -4.002542342818639543e-10
-1.341588077754512491e-11 9.039849358596374234e-11 -1.710452386895857585e-10 1.211039302226207904e-09 1.871617398693175601e-09 2.574095707070870475e-09 1.642095047363207755e-09 1.543783046301292660e-09 1.217759645007990680e-09 2.486506992579636732e-09 2.451836996420535502e-09 2.192103086615546912e-09 3.029333788238888274e-10
2.061736021977873847e-10 1.103451543987046545e-10 8.198479248077900854e-10 9.345647062609972398e-10 5.139199095729571850e-10 3.125756090143480602e-09 3.888445984283918792e-09 4.262667071851962371e-09 -7.247463202783986470e-10 1.625201243418539439e-09 4.504424321346992753e-09 1.608895202519288795e-09 -4.694796865242887891e-10
1.122097499501064047e-11 1.737009100947352641e-10 6.097022406900219946e-10 1.712633925796059099e-09 1.958780932097065744e-09 1.401916729765279608e-09 1.662326823877847410e-09 4.029670905971931845e-09 1.802398845762811304e-09 3.293690193088698865e-09 -5.578482790119587955e-10 -8.626858170611030090e-10 -1.433090835204654160e-09
-6.621141170081952340e-11 7.984454892073596973e-10 5.786942282987842855e-10 1.163226958833216899e-09 1.143404126091776948e-09 1.929633105619018711e-09 3.346086734011189956e-09 2.943748271613152576e-09 1.773338888103458507e-09 -1.898945433306676888e-09 -1.229152310859178432e-09 -1.269140763620435225e-09 1.176578951739738838e-10
3.251916553483532299e-10 4.728015837469005638e-10 8.040255763853240391e-10 7.195065195734006626e-10 3.389414882986740854e-10 5.959690034179033141e-10 3.906621439288721560e-09 2.647393053145042883e-09 3.247972780906317685e-09 3.361695371151126394e-09 1.117449476651603964e-10 2.454277148660381255e-09 -7.534993359647583968e-10
1.686404805637593545e-10 6.618444567270090397e-10 9.086807348771631370e-10 7.450638035362878823e-10 1.782787013141351471e-09 1.589900925507167331e-09 2.304822449284655306e-09 1.885027858436441321e-09 3.540847833799259869e-09 -5.466663195200527281e-11 -2.361649524444238296e-10 1.815083406553180774e-09 8.225360532817183297e-10
5.606959974394667609e-11 1.434407679544482408e-09 2.032226706905311513e-09 3.467977547480733656e-09 3.283402835425372634e-09 2.371891590671639241e-09 2.369375183455468401e-09 6.005549353023584615e-09 6.939854777818309450e-11 1.348229080738990382e-09 -1.111346279000299152e-10 3.525344394596287867e-09 -1.381384074405992965e-10
-2.972434112009273767e-11 -7.219980305504153126e-11 4.211781612378590984e-10 3.210399805626659064e-10 1.402571681772672180e-10 1.766468035505433447e-09 3.731050076270825159e-09 5.999961596912602257e-09 1.484301894637297273e-10 -7.218996096995725291e-10 2.380123182031367346e-09 1.295682458497011809e-09 3.601674489639234251e-11
4.101600701173777016e-11 7.145569284270981103e-10 8.536655083511033013e-10 2.966685483860508524e-09 1.970969311535875353e-09 2.963646228957077195e-09 4.014323913634262787e-09 4.743025057565918710e-09 4.963419066437498954e-09 2.999660646222552513e-09 4.229485126168465964e-09 -4.029630490915326718e-10 -2.055593325335614685e-10
1.112198536403422683e-10 2.260243015271336730e-10 3.176400997779247344e-10 6.668739732273294266e-10 6.413982248644166507e-10 4.101913932040102309e-09 4.781142322813813971e-09 3.332169023180789725e-09 -8.270502757736801604e-10 4.645314386889441768e-09 1.720961919468372150e-09 -1.930089757617142119e-09 -3.877167949691914751e-10
2.456775956625823137e-11 1.278395544903286102e-10 3.952095838191645567e-10 2.394066880847649242e-10 1.595345741614286727e-09 1.843389256783650869e-09 1.292172729944413315e-09 4.196589421920398829e-09 1.080784588523291155e-09 6.269156098872919978e-09 2.127025980276886019e-09 4.667510400394075738e-09 1.129694821039132430e-10
1.299118278088721023e-10 3.945841270844918534e-10 4.050481227506003361e-10 2.345108459198390586e-09 2.469571938217575232e-09 1.653860803010769058e-09 4.908751714345214911e-09 1.953106529195179879e-09 4.132130345816617997e-09 1.941581089769345986e-09 2.584136152545761808e-09 1.699999568987542997e-09 -2.194961890092948559e-10
2.551439166292142385e-10 5.480764197066803174e-10 6.692819813199943686e-10 2.192111653550835631e-09 3.236718397968895098e-09 1.688667660890668213e-09 4.473824526585836714e-09 2.414874215818556650e-09 1.156283569748601038e-09 1.706142895294407059e-10 -2.972559578254981962e-09 -1.402080707970281625e-09 7.307429724012306622e-10
1.481891710037816893e-10 -6.829205787339098881e-11 1.161435321936695867e-09 1.677089946565430737e-09 1.435871678536482126e-09 7.286474102315288905e-10 1.614764542608706252e-09 2.805112048273066370e-09 3.207012788340516348e-09 1.474049034454150787e-09 6.239230560138002247e-10 1.665965218913504256e-09 -1.093853248068809035e-09
5.974378709688780784e-11 1.329258963953251180e-09 1.834761043448835949e-09 4.113685372539600756e-09 3.150195885524373272e-09 2.455613289728616037e-09 2.664871497723052378e-09 3.908457462975992587e-09 3.705961239706080015e-09 2.324055853284731583e-09 4.024106274388899359e-09 -2.280531039283457962e-09 1.121916873607109145e-09
2.288623964519556269e-10 1.056559658837087823e-10 8.916840637853775830e-10 1.643039100336285591e-09 1.813340966090651207e-09 3.712117150834563323e-09 7.248157636314791829e-09 6.616707789080306963e-09 2.202637213156013676e-09 2.211930242384798997e-09 2.591896314952498262e-09 1.479182686048435215e-09 3.172363118407364062e-09
1.811188371644359170e-10 8.613330891069165639e-11 5.687594335253168530e-10 6.969001504561751036e-10 1.297765226194161860e-09 2.199422599343499672e-09 2.244630835424184866e-09 5.168319058394263703e-10 3.716741246693154541e-09 3.025901036512303112e-09 1.309899428204407342e-09 -3.328640579121718024e-10 1.041108675895888434e-09
4.658691467040695909e-10 2.621144077180046151e-10 1.687758030772091091e-09 1.574663887878914086e-09 3.527036829275286381e-09 2.562460070500206416e-09 2.982303619568685618e-09 1.103808025783212579e-09 2.992022030711462511e-09 3.888674974618842109e-09 5.516187843848603434e-09 2.598918638265647201e-09 -5.994608768893585695e-10
2.662376539858667784e-11 1.577382871849039992e-09 1.036470751317325937e-09 5.863468551367217854e-10 2.020356424051577807e-09 3.502649765474857283e-09 2.144125367905248614e-09 2.393305989586049874e-09 3.308649688632350545e-09 1.355745721017626704e-09 5.113042923186110436e-09 3.726896795902025791e-10 1.198026604982993292e-09
-2.601866011377649190e-10 1.049955439327174304e-09 1.155575159223399003e-09 1.141035217132870843e-09 3.435126802114596370e-09 2.399583401590971012e-09 5.047549548724395956e-09 3.254396829832246938e-09 4.004978874042775440e-09 1.069819957267006176e-09 1.909706094713348511e-09 1.129939251929303547e-09 -7.195581153027265186e-10
3.924586270878370912e-10 4.064830352976042838e-10 1.244947735372702840e-09 1.648453881562566868e-09 1.550895666812350358e-10 2.723234029756325699e-09 1.609074740385147627e-09 1.004071323545466830e-09 4.551306199842479687e-09 1.795809866028934093e-10 1.269637909082397966e-09 2.106765250408920345e-09 4.512170159145489889e-10
2.592737377642007405e-10 3.014897169100388050e-10 7.533735023942596357e-10 -1.252988138148840119e-09 7.207036028728445770e-11 1.373455156181648761e-09 3.846393562883648942e-09 5.307081931729580847e-09 2.058973426809633604e-09 1.518009530118590184e-09 -2.053217065347852737e-09 3.286802492823606240e-09 -8.960562630978926123e-10
1.972851389105327296e-10 1.439836582587170880e-12 1.231249088825154903e-09 7.084724618116681612e-10 1.656496232090358174e-09 2.945151494357851884e-09 3.222027597268780258e-09 3.012222240272805631e-09 4.696175101905899301e-09 3.037765989100279028e-09 2.328254304555981179e-09 1.893987626699758199e-09 -3.229356312982403349e-11
2.996179871657065100e-10 2.342066326609957163e-10 2.960592404725552403e-10 1.242093818050085132e-09 1.285162630737493417e-09 3.223843357166158611e-09 4.459771492060842758e-09 3.489655989858455591e-09 5.677074376952364073e-09 4.147844077145814534e-09 1.239949987943866812e-09 4.537555998187417901e-09 4.782441682208322755e-10
-6.610748270339992163e-11 -5.554566734393496920e-11 -7.884946454615443142e-11 7.857971610699772303e-10 1.362706486328593820e-09 3.240309969726143683e-09 5.355177323112241994e-09 3.220748806271349739e-09 2.712580440795752764e-09 3.457137887679696990e-09 1.778239694916691993e-10 1.133157051892404298e-09 -7.648465580841355104e-12
2.280239954045493164e-10 7.327399239895672128e-10 6.378690388460019349e-10 4.556398204691861128e-10 3.205549264296430252e-09 1.999774828498366323e-09 4.042491646454834873e-09 5.455575425827368469e-09 6.099107231844367413e-09 4.560861967358750879e-09 2.694960273073384738e-09 5.416279124039148826e-10 7.763548022264003476e-10
1.765651972347198437e-10 4.206720919072900128e-12 3.696468389461385888e-11 8.643252931465623354e-10 2.505993196911440494e-09 2.225205816412826638e-09 4.006901171967606591e-09 5.922586205655715860e-09 2.026096304619792888e-09 1.637029943888374872e-09 2.216554718514496631e-09 3.646934130422015071e-09 -2.277462627463284019e-11
2.215491227992555611e-10 1.004299904186760303e-09 6.795648565122352541e-10 3.304594979283994753e-10 1.070262168697285385e-09 3.057211886697446637e-09 1.405659823350041061e-09 5.509966779337633342e-09 5.914520433172907681e-09 4.229741780581856611e-09 -9.410992013369099238e-10 9.131201567305667013e-10 3.019212931473850959e-10
2.222307121155610496e-11 1.514486530490685048e-10 9.673944787514103966e-11 1.061621197517366977e-09 7.931627475835467578e-10 1.512119859666853776e-09 3.510292642338480183e-09 3.039896924722938821e-09 4.362356356199668123e-09 4.155352367682589136e-09 3.231865435584664864e-09 3.354176712769774181e-10 5.807421823579698373e-10
2.078624075469176169e-11 3.060025449901401029e-10 1.789276003036526329e-10 7.664860440910595041e-11 9.814559349521898156e-10 8.946156723188980735e-10 1.009494323970795132e-09 1.675353950948030695e-09 4.549575460192617649e-09 5.358572849088240701e-09 4.009179515015347938e-09 -1.851604336826628228e-10 8.285037291119702786e-10
2.288213996266715710e-10 1.103639060532408883e-09 1.264479374742862809e-09 2.323708317965903725e-09 2.632204792815841201e-09 3.995106324798656729e-09 2.036883446077499573e-09 2.504810790027176772e-09 4.032786025286232268e-09 2.359447751492441304e-09 6.944565787064063243e-10 -6.370390022312983985e-10 1.416303551577196083e-09
-7.127701446275262934e-11 6.390104357439478619e-10 1.885180510300847703e-10 7.947018410492488111e-10 3.977617794976288001e-09 1.411143637381210733e-09 2.844746960393207570e-09 2.704150449686464791e-09 2.145424042083163410e-09 1.159845606918899216e-09 2.274583553249261101e-09 1.523466649533971696e-09 -1.936378283532925647e-10
8.619434147320350072e-11 1.456494378870677010e-10 -3.312242203255394512e-11 1.185905512444482645e-09 1.075846339172469690e-09 1.570270481533827015e-09 2.548989648476059304e-09 4.316197981098534051e-09 5.443695412929523165e-09 1.213338862117845162e-09 3.422563002385381308e-10 -4.783692166055907506e-10 3.428769362860009132e-11
3.020492178078471919e-10 3.033249543151107799e-10 4.145587755440986610e-10 8.027273247118014376e-10 2.596125082555817085e-09 4.286520944002388098e-09 4.588375710272781778e-09 3.276550103178316034e-09 3.324867865206911598e-09 2.528490390614349215e-09 -5.596318536145111854e-11 1.352564548046994865e-09 -1.053152223155335860e-09
-6.905702366203175338e-11 3.511854706521380668e-10 1.662925613790705757e-09 1.606383748695553695e-09 1.286909684265962197e-09 2.555958604933182647e-09 1.730361083374696165e-09 2.118352278350510096e-09 3.945041273856801910e-09 1.768010065016072076e-09 3.360382607935416103e-09 2.553469548591084081e-09 8.439578948539450092e-11
1.516360602490641402e-10 9.478644075206138694e-10 1.535113100005881711e-09 8.580550769746802109e-10 2.196170321425075915e-09 2.008991562743837117e-09 2.197533044333316599e-09 2.876696863095825469e-09 3.370866133731853241e-10 2.021162997695142083e-09 4.243197648590224154e-09 4.710572303267223738e-10 -3.367862730302259501e-10
3.553123760829661124e-11 2.789636340114196447e-10 -5.264998978105266005e-12 7.703345005077866913e-10 5.975826693619669745e-10 1.332194978654650687e-09 4.236081768436941257e-09 4.857946957906648092e-09 3.350491202752001823e-09 4.547943782811750992e-10 3.022963503973558477e-09 4.007391492760498545e-09 -1.144955472088266082e-09
1.495765150538266329e-10 1.619805572188582927e-09 1.128053190216668992e-09 1.623009484120531692e-09 1.592824547294027611e-09 3.001617179425614542e-09 4.657457577260971455e-09 4.299568810693659749e-09 4.806480822294033294e-09 1.060070177752695049e-09 3.056693101259613963e-09 1.427204677211838187e-09 1.057135894283612523e-09
-8.120529327606842764e-11 4.089010643840848239e-10 -7.728561261239522977e-11 4.229188237167821646e-10 2.032637387651668857e-09 1.686049116918284440e-09 1.904775095405760504e-09 2.252492833836061606e-09 7.249292209259216146e-10 -1.925685653048104779e-09 1.451897411802352483e-09 2.209044644992069785e-09 1.205763953212922526e-09
1.928930846606911940e-10 2.668509149991981579e-10 9.641483412906061449e-10 1.652503745631551638e-09 3.543655396776107325e-09 2.730445684243144552e-09 3.050824627339163626e-09 5.981585165297567564e-09 2.544130661791564459e-09 1.628014564415199244e-09 1.563804907920912830e-09 3.027837281686829037e-10 -2.292656067377853267e-10
3.553252024391393419e-10 2.237718583860262375e-10 1.445308724395165539e-10 1.435574800352954986e-09 9.658398491560150066e-10 9.127627598626035947e-10 2.071107337224511297e-09 2.190492326443445749e-09 1.337357898585502721e-09 1.767612940512430662e-09 2.528346382209557681e-09 3.874582157896374526e-10 1.346703179790513628e-09
3.470331349329956784e-10 1.557641849139215982e-09 2.482134908119993564e-09 1.202340328401863511e-09 1.788520225942792557e-09 1.930043669373533623e-09 3.305673209918793457e-09 2.695523474714653382e-09 9.176708294891301487e-11 2.010257316036458731e-09 -2.018995142587099616e-09 -6.997150718446465762e-10 1.163889127724052303e-09
3.583899131747549431e-11 3.071310261846082186e-10 7.775417252808396229e-10 1.275200673549467978e-09 3.550206347948313694e-09 2.094367213293490184e-09 2.218261791162146224e-09 2.898695208268440378e-09 1.720044801245132091e-09 1.575748555789517980e-09 1.476582573041715585e-10 1.373632747771655035e-09 1.570039061923385836e-09
2.973316040253272017e-10 1.245367438455777597e-10 5.764610500940567599e-10 1.058728209441925241e-09 5.434807801737300861e-10 1.958366895720619125e-09 7.245533442749401657e-10 2.822869904725366197e-09 3.080346218674731891e-09 4.309127185418106050e-09 2.271868789212355437e-09 1.514546788672403786e-10 7.409930187977568311e-10
7.398930524140271040e-11 2.015528071263527526e-11 4.021823095055022305e-10 1.399428144722353212e-09 4.714365225145411583e-10 2.420203785787496399e-09 -2.367772680914161580e-10 1.389102058781274236e-09 -8.420568834922965175e-10 2.248529224701654617e-09 3.644562831399822519e-09 3.968959016508318113e-09 2.676712274989832559e-09
-6.157974599010187210e-12 -2.674481064774468627e-10 -2.366141865509215171e-11 1.371101883224741130e-09 2.692964892742501027e-09 3.237440934387017050e-09 2.580096652740167280e-09 1.270161011826451641e-09 -8.138629666207488381e-10 5.064325044738914892e-10 9.884749347220441130e-10 2.910279903312887277e-09 6.871683981251118267e-10
-1.312605886392203081e-10 8.783924536069859520e-10 6.638107113570469375e-10 1.044954073390671781e-09 1.100212317247166976e-09 1.039251554924098634e-09 3.324122499898080042e-09 5.640238049391264711e-09 2.781502473603198750e-09 4.083204218010689671e-09 2.382432463390563918e-09 2.295427092986665744e-09 1.176045103939356653e-09
2.821232201484094642e-10 7.388780139236528218e-10 6.413397686582029168e-10 9.506398647101181272e-10 2.159416525100477735e-09 3.072623791735310580e-09 3.786683973239574392e-09 3.515237518989610532e-09 1.801562469313753565e-09 1.196386790019516718e-09 3.384377428484753368e-09 -2.016110025751156497e-09 -6.365491915262860068e-10
3.282181059125614877e-10 1.073597308831933713e-10 -1.979151638118822491e-10 -9.062014689310935000e-11 1.404496698192144909e-09 2.307781075899943967e-09 4.425812373280190150e-09 3.195810020518365176e-09 1.464549959665747586e-09 3.407873520481278604e-09 9.502784679118060754e-10 4.754130038125705692e-09 8.968603073234333533e-10
1.702319950961935939e-10 7.842611864612542248e-11 5.350943751621786943e-10 1.291403087587143816e-11 3.207157316513334840e-09 3.547923332929176865e-09 1.738681674096088412e-09 -3.289818551461584867e-11 1.522806465819872583e-09 1.182164474888894299e-09 -4.655964627765356133e-10 3.037603970227069390e-09 -7.802257722010256384e-10
3.164495705414345473e-11 3.493581393055739222e-10 1.080412983484332102e-09 3.627940501226435816e-09 2.280079429236302184e-09 1.974346727057025821e-09 4.157461665879922482e-10 4.454911632469949209e-09 5.083270047195306800e-09 3.656945022472040031e-09 2.720511867013244786e-09 1.748069752421532434e-09 2.104555177669852897e-10
4.077585438036122093e-10 2.651878921634217200e-10 6.700482506530690587e-10 9.685982192327100311e-10 1.398188929659534629e-09 3.100846011500796704e-09 4.084426377382646823e-09 4.383932272266912620e-09 3.090550791594973014e-10 2.334313628726265744e-12 1.725502860213265369e-09 -2.443457163691933744e-10 1.868193722364098284e-09
1.137034160342623766e-10 6.123957046445119669e-10 5.926669877036798388e-10 -3.508409566803881293e-11 -3.110366619705321478e-10 1.527132291596626650e-09 3.987494699221041534e-10 2.866177792660375805e-09 4.436729901781561141e-09 1.819263104332949828e-09 1.532887505097010520e-10 -9.779930081193023005e-11 -2.834242747353314732e-10
2.242216860327326545e-10 9.526883452099613058e-10 1.706136375902821054e-09 2.289463714748270511e-09 2.841580537294927026e-09 2.811023173814763771e-09 3.571135457566717819e-10 3.786067475993182070e-09 2.268070189863988992e-09 3.525188085350916437e-09 3.373868298031494530e-09 -3.376861203292255693e-10 1.029078588368388984e-09
9.946390409456281760e-10 -9.854744385225136044e-11 1.638197972163739298e-09 1.599328426177353682e-09 5.710962241061870514e-10 2.996055734128549733e-09 -4.245239026390174847e-10 2.037342571305219032e-09 -2.887054090056036931e-10 6.952996626455807519e-10 5.732703362070832203e-11 1.194565209472910282e-09 1.781322717482438867e-10
1.104204761431824778e-10 3.476559935723415930e-10 7.840715672123235046e-10 1.955890958343175525e-09 2.124978935671396601e-09 2.892476713985533569e-09 2.491498236210898557e-09 1.489833160588439773e-09 4.559653668037521522e-09 1.724613401310210199e-09 8.437210919735026381e-12 2.598373559386124484e-10 4.312637507890875224e-10
-2.280502085652090689e-11 7.238271105201848797e-11 -4.154700854167467418e-11 5.001218277697980357e-10 1.433356640277468663e-09 3.085021062343454301e-09 3.118614169468264741e-09 5.604978442932757585e-09 4.329469037329900073e-09 2.834745473829346868e-09 1.940394635229656746e-10 1.486079500691612893e-09 1.391801474809829467e-09
1.249823605776874914e-10 1.533465984603447062e-10 9.839002232095664819e-10 3.240237577762790300e-09 2.990536871285925271e-09 2.196081787597488282e-09 6.042901915063198086e-09 2.681866228865515092e-09 9.044174859090388507e-10 1.909343836785183321e-09 2.107932108303084333e-09 -1.417936800281604313e-09 3.198615787583323418e-10
-9.821673827253559268e-11 1.186529944823209841e-10 6.023161520362843252e-10 1.972537817524813083e-09 1.724252539716927275e-09 2.606802321222108617e-09 4.753900844895521953e-09 4.729794776379568034e-09 3.046426695068835960e-09 1.058900592786227070e-09 2.285147384577560874e-09 7.281861555133393749e-10 -1.582429115532839529e-09
1.238588959496638344e-12 -2.726019586217918476e-10 2.337472942275520575e-10 1.358655707283776122e-09 2.170995200331587518e-09 2.421536615387962401e-09 1.998075149587831509e-09 2.514304809453368462e-09 1.583377034509928049e-09 2.177604520664341300e-09 1.536263076345688207e-09 3.435597819224048145e-10 1.432397593424091970e-09
5.363437073987784681e-11 -2.903135123889156784e-10 4.936834749217092850e-10 2.091957739371964097e-09 1.645054684938048830e-09 1.644781507992133510e-09 3.196386349416819198e-10 3.507956558008234628e-09 4.857102935920183065e-09 3.698490642286879431e-09 -1.006085156140785476e-09 -2.673389652552332162e-10 1.070268368731411844e-10
2.182351776886759804e-10 2.692235429262090386e-10 1.227131671593284148e-09 6.074260720338996165e-10 7.293663970475248269e-10 6.908737512178039077e-10 3.593410936092178293e-09 3.123810071476102037e-09 3.107641498683191223e-09 1.096938585514227728e-09 -5.764211068862740500e-10 -1.666881604512529801e-09 2.322964776095488930e-09
-7.833358571164755725e-11 2.021510016814389599e-10 4.112701190090910666e-10 5.524800038614844872e-10 1.231880579715620670e-09 3.713041813554138179e-10 -6.835079291841781614e-10 4.345807794887689252e-09 1.742406126171715182e-09 -4.872554464898518617e-11 1.544898721804530691e-09 -1.222936203351699804e-09 1.965209925985916217e-09
1.066128451725050545e-10 1.147038065029000295e-10 1.603936882642502761e-10 2.045434247672543866e-09 7.509547667359538100e-10 2.522033887210325511e-09 4.058906011365911566e-09 5.366453093059160948e-09 2.778593960762363027e-09 2.953378558717742858e-09 3.089099912450207642e-09 1.445234753628443108e-09 4.946054891316455219e-10
9.754155365771157564e-11 9.334414474877499936e-10 1.543682594807718629e-09 2.303469015057401334e-09 1.840086415913618563e-09 2.318752334648378178e-09 -3.070573829464864474e-10 2.542932016268602659e-09 1.507726443388692810e-09 4.215425076523580943e-09 1.784620391163879379e-09 3.010560674008914585e-09 9.472871183012559187e-10
2.677867345487087102e-10 3.425758751740274769e-10 4.338972559198843926e-10 7.362205227105603431e-10 1.979354406956828783e-09 1.559380808976193940e-09 3.638313144010162873e-09 2.737802997933373117e-09 2.024910394928984055e-09 5.154187370877062946e-09 1.968508345320245278e-09 1.672341722709749850e-09 -8.211762515359743038e-10
-2.894101773787809476e-11 5.260215244438676345e-11 9.607694350533850457e-10 1.741141844268885968e-09 1.238097930761439582e-09 1.342785099573282505e-09 2.538461602520799450e-09 2.713033442270522385e-09 1.583169904927630914e-09 3.151235619893253476e-09 3.783432462278029177e-09 -2.810431565415671726e-10 -2.611759049317885559e-09
5.758332777968208757e-10 1.174902491252587684e-09 1.141324804997391843e-09 2.653817199442911414e-09 1.172484829507061233e-09 1.438382338590966102e-09 4.032916111691424715e-09 4.071112429576004057e-09 -4.664952196581206676e-11 2.234327280025925038e-09 1.365663832945397964e-09 -1.542704394956177928e-09 9.128276895971794697e-10
-1.008295898663502586e-11 2.427417648428241591e-11 4.754550243542830611e-10 4.789854425249181255e-10 3.734035654354583478e-09 4.521199629081171773e-09 4.137637798045314222e-09 5.402356282274744119e-09 3.478731172749452488e-09 3.153876285045001692e-09 2.602722195764751472e-09 1.522437729901014178e-09 5.790161842025393624e-10
-1.776730638461106501e-10 -2.755269580227111670e-10 -1.434627614995622883e-10 -5.143773764629542440e-10 1.381938820834280100e-09 2.218119831313438793e-09 4.383929360753175473e-09 6.407722463559359080e-09 5.152507950281093542e-09 3.828523303262337622e-09 2.552010519625362043e-09 3.808782799699877901e-10 -9.280038225939590520e-10
1.240317861666349211e-11 -5.843802726964392151e-11 2.181037504314521164e-10 9.474009552134869102e-10 8.889329144470778496e-10 1.131223447094712985e-09 3.642639569672831140e-09 3.062278874713108896e-09 4.712662155680856832e-09 1.509021858391371771e-09 2.712640961893602939e-10 2.572604991013262839e-09 2.905514091311586627e-10
-6.523691943041186343e-12 7.042695419859483683e-10 2.858398406259295114e-10 1.452158301518322847e-09 2.328152421616659259e-09 4.367588520505076310e-09 2.380243466209374938e-09 3.477371712989457126e-09 2.796105556710721925e-09 1.976092818748649955e-09 1.309966663330228098e-09 -2.724693631255700667e-10 -7.697404543250544638e-10
8.333807405014089016e-11 3.236776491505023528e-10 3.170472571434345332e-10 1.912756233728999144e-09 1.889138775077539471e-09 4.667521485658781452e-09 1.610456742314052233e-09 3.728786671258734963e-09 2.826917198649168494e-09 2.105471483524657686e-09 2.377767318710234557e-09 -2.135146729390363056e-09 -6.644322576686112821e-10
1.309451064583129406e-10 7.928610159929375394e-10 5.593339061927844084e-10 9.293248194936899004e-10 2.422108761851333899e-09 1.938218521161424835e-09 3.030977846288496786e-09 4.748058323399937934e-09 -2.390559106176265832e-10 -3.615974730095712606e-10 3.735003629927032604e-09 2.172580529751369817e-09 7.912847998082849296e-10
1.438652673785244864e-11 -4.453414119077002900e-10 5.742298705648751585e-10 1.040997197517502107e-09 2.963213204228353248e-09 1.157622439900400932e-09 3.606801807429548232e-09 3.037364957054345849e-09 9.051855841879094704e-10 -9.416671718934115868e-10 2.656749757777366230e-09 3.731404476687810690e-09 2.291560696860363721e-09
8.512662015039215784e-11 2.302313194709255888e-10 5.580447460917318023e-10 1.577236082020249820e-09 1.311551629204342524e-09 1.365530940578803285e-09 4.835440102158017886e-09 3.642651675498403353e-09 3.788457872407647921e-09 3.656404625259506963e-09 2.097460815535940580e-09 1.320563883395067030e-09 6.982734221119192501e-11
4.281858038220369295e-10 1.533442326047248083e-10 1.629775583998302900e-09 3.299675704975710379e-09 2.206771999504648306e-09 3.500255944117989822e-09 4.230733096349539548e-09 2.720290643401659789e-09 4.008681146673506206e-09 1.494147804182300426e-09 -6.853710801498582798e-10 -3.203497985197563373e-09 -6.402644705611067786e-10
6.405192274840194637e-11 -1.642823787450546735e-10 1.377314450861517754e-09 2.611334140256245410e-09 2.449733386385696334e-09 2.041145258105930216e-09 -2.808295935016540405e-10 -1.063281477654391698e-09 8.031486949762273879e-10 1.330475451864913161e-09 1.099352196027157202e-09 -2.300992313369286634e-09 -4.584616994008331305e-10
4.497320989051290117e-10 7.940196698741925160e-11 5.971978091043009467e-10 7.404136488239904529e-10 -5.207711386998152447e-10 3.150937106360184063e-09 2.517241981632681251e-09 3.332704508218017535e-09 1.044477665674453847e-09 1.718290852564694510e-09 -1.256775638823203739e-09 -1.609746802797334955e-09 -4.173651702603569776e-10
2.860434062859741643e-10 1.284262200932867150e-09 2.589098639451153901e-09 3.419127996018497378e-09 3.709602536004601251e-09 5.060564555392150479e-09 2.977940701766493387e-09 1.508700919016607089e-09 3.800778389269387186e-09 -1.122271948735250867e-09 3.924920691620872922e-09 2.591301292249104596e-09 4.118756897811214025e-10
-1.404149053044993367e-11 2.124010279944190546e-11 1.072892210113486208e-09 2.284340899578297399e-09 2.836483563577185002e-09 3.414885628942360411e-09 1.926646338085825059e-09 1.393273634534170807e-09 2.200235673853300724e-09 2.411810064411682625e-09 2.247211872492906466e-09 -1.314679478828228779e-09 -1.560763183261117581e-09
2.259791658379003117e-10 8.909613769395445794e-11 3.504587738207565534e-10 3.438840158609056485e-10 1.100398356626440837e-09 3.897531075138062455e-09 5.424439571710015884e-09 3.724978795081142905e-09 3.010488271905506865e-09 2.322987838258419975e-09 1.215864943021933824e-09 2.562839709323178865e-09 -4.989969297068762529e-10
-1.526121117309507247e-10 2.266745115811343990e-10 3.168436902697911725e-10 6.317868639166229820e-10 2.156951735095673422e-09 1.790798507818646184e-09 1.447409706966539496e-09 1.225350043336290814e-09 3.710968778357519571e-09 3.075425685757659502e-09 7.307497725763391073e-10 8.849092084807860188e-10 6.260008252573892041e-10
-8.589704683199980186e-11 2.679241445497284202e-10 1.988637953522893199e-10 7.302066923807316239e-10 1.419000671938747003e-09 1.791651987189863440e-09 3.671426451670536859e-09 2.782235524773042237e-09 1.936460416649558241e-09 1.686181560584243233e-09 1.480795678595089029e-09 2.678352527015281156e-09 -3.717862396249104184e-10
1.759645999171896032e-10 6.511321676512181209e-10 1.547327373787987320e-09 7.187935259807855120e-10 2.671223295226016039e-09 3.748927664020866349e-09 3.215537766438038310e-09 4.719812302280500521e-09 2.672408694151262187e-09 2.043243895603047908e-09 7.998864199872990469e-10 -1.570959164251953662e-10 8.329038360393907853e-11
9.463972547923609499e-11 -1.653111724626061603e-10 5.109764787861778627e-10 7.027388760350132034e-10 1.674918305855496287e-09 2.767937294620540307e-09 2.030251537947344619e-09 1.948449848640557802e-09 3.418483960714145377e-09 2.189026366810543345e-09 1.223190900542353241e-09 5.201010991470766087e-09 2.745599391069549994e-09
-5.147554180079422064e-11 1.685079285808239837e-10 2.079955851583034570e-10 1.019001658025468927e-10 9.810243962681092635e-10 2.438631834257570959e-09 4.868161492467059238e-09 2.452116816235625012e-09 1.773103780156328961e-09 2.713809118994970560e-09 5.822211866599753484e-09 3.189711040230363411e-09 3.302036485531009277e-10
2.699841760882100895e-10 -2.583536139805682064e-10 3.281438874230091973e-10 1.140233143715305326e-09 3.158494980590969028e-09 1.947189299374516169e-09 1.739051093460289652e-09 2.500951778995948115e-09 4.287913617340359071e-09 4.026832982981370147e-09 1.376884578683298282e-09 -1.881072253144815622e-10 3.163082165085986901e-10
2.013829382160400951e-10 -2.602171011262915135e-10 8.683949527169625456e-11 1.224849075713143094e-09 1.307737880704143639e-09 1.779700550047701372e-09 4.563637338306429494e-09 1.080636038450116279e-09 4.697731547813287405e-09 6.536428642626608720e-09 3.438084540584601359e-10 -2.546931360442816533e-09 9.636868463710308920e-10
2.624379812991624490e-10 2.791765651016141947e-11 5.963380965385323885e-10 6.511604074505892542e-10 -2.762719411192751748e-10 1.551396661087981611e-09 4.910424979270445665e-09 3.584639121720696921e-09 1.604971919730366586e-09 4.193573086533600317e-09 4.283221939404868343e-09 2.271696690839291635e-09 1.029618070915756035e-09
-1.679496994271943898e-10 -4.109500303839158783e-11 -1.160514350025713657e-10 9.879061998492281169e-10 1.880792273143895604e-09 2.563453379664110941e-09 2.411726580816051694e-09 3.214533349411251610e-09 4.821956628216808543e-09 3.644633211961562132e-09 1.037757174497137127e-09 -1.701908376260902497e-09 5.706688499485220695e-10
-5.747841629537448845e-11 1.483762028455720434e-10 4.742512551827686562e-10 3.682150102031540569e-10 1.903974236014337193e-09 3.254306613646326807e-09 9.074927500852724819e-10 5.092918918163560579e-09 -7.542741471694335436e-10 2.126298774664205628e-09 2.509652702502984785e-09 6.696237533913752322e-10 -2.038820663348863085e-10
-2.598089167376333160e-11 -1.305690331339789337e-10 2.725966671743272181e-10 9.559100452154393501e-10 3.052377707544030134e-09 2.692126512205818812e-09 4.265377445173653439e-09 3.153621945629484853e-09 2.640735377876666057e-09 6.256364583980030622e-09 2.427142271078112402e-09 3.191879789525224425e-09 -4.668495805333962369e-10
1.787661011429900192e-10 7.032635224021655597e-10 1.111419113131740582e-09 1.467854697441584237e-09 1.031160684010764816e-09 2.599873456959352460e-09 2.971282766924299534e-09 2.417205753894131880e-09 4.923262660657437852e-09 5.961980238472651899e-09 2.062877457191306650e-09 2.618574684790820985e-09 -2.681924812613177915e-10
-4.975601171780813182e-11 1.468579616988310324e-10 -1.140512726515652383e-10 1.375402997113501503e-09 7.097701734928170304e-10 1.553441980484318896e-09 3.118223816624140748e-09 3.698907980565323041e-09 6.756088997606248986e-09 2.942899707162433828e-09 4.377552645612097255e-09 -3.725114702740281060e-11 3.257304877405825565e-10
1.500526306957914195e-10 -2.766597309987157350e-10 3.504562832857367897e-11 1.794665839436202219e-09 3.326493195080545081e-09 3.468167168504503811e-10 1.702053706921972964e-09 1.336390307139072094e-09 2.448553489375465634e-09 3.273731349303340259e-09 -2.706211731525433917e-10 -2.627392000348508334e-09 8.901455321176827817e-10
9.414201739343915768e-11 -2.222042345701406936e-10 -8.883315439181366843e-11 2.723919783087138539e-10 1.856486667030234162e-09 2.163501366343012516e-09 2.834496757372607427e-10 3.012213685269526110e-09 1.558416962852626831e-09 4.014107516139034011e-09 3.900208634584011631e-09 -2.405171407017652158e-09 9.816322282875966053e-10
3.497783563952560682e-11 1.044081304729863698e-10 3.088907297455612086e-10 1.040144576657382010e-10 6.111847698293567583e-09 3.179905123998499066e-09 3.219051480292752806e-09 2.402333273777437111e-09 6.633196574882928250e-09 4.098498335553440894e-09 1.695547464672967507e-09 9.672017675861783591e-10 -6.304087061029472415e-10
2.251459742192205773e-10 4.770937860250824993e-11 2.538599212036311251e-10 -4.089138860184014799e-10 1.402326374322142381e-09 1.606767096202683397e-09 4.278099731341173459e-09 6.481649790375917961e-09 1.067806314406601598e-09 4.735762935739016535e-09 3.748012153738228982e-09 4.209486483559525828e-09 -4.893060874915062459e-11
1.757593905498902510e-10 3.704404384185021790e-10 7.897255292285394764e-10 5.060781584762349253e-10 3.132823314345071401e-09 1.770762428278573931e-09 3.295838961644937140e-09 3.510507152273935665e-09 4.541656164382702807e-09 1.147376512165399597e-09 1.972214278175930881e-09 3.723229566580712165e-09 1.621525633230859997e-09
1.449179688079375404e-10 1.388953510179161291e-10 1.147508612604598305e-09 1.372634899631125791e-09 1.543837251619798381e-09 2.190405931607697850e-09 4.529739927759579669e-09 4.049358595873090595e-09 2.967918583292300543e-09 9.039861578846783723e-10 1.633895664109263313e-09 -1.053081102720717375e-09 -1.986982684836498618e-09
1.452985080256098703e-10 -8.473016895234033633e-11 9.266362267745291166e-10 9.127513511210550259e-10 1.476833246703165333e-09 1.307930919172454823e-09 2.043287069532948452e-09 2.886654558434371887e-09 1.307874058792463176e-09 9.108720971070967215e-10 2.008620551657219348e-09 4.059821072665669096e-09 2.144209330046300047e-11
2.527045148461331026e-10 -1.587736697192614629e-10 4.995426702231904072e-10 3.275033216473608057e-10 2.699953971152244469e-09 4.217436899395193775e-09 3.780111995135735358e-09 2.901024293440497140e-09 2.875182906238072418e-11 4.087060464244556266e-09 8.011160548249460668e-10 -1.145424516944262917e-09 -8.671392233553471115e-10
5.451398701983521142e-11 1.877120592010102881e-10 6.343380735227522164e-10 7.846113524734486599e-10 2.067708446141502719e-09 2.052380503144117700e-09 8.396116258631376987e-10 7.036654685296553326e-10 3.245750204678348201e-09 1.424423890249048250e-09 2.158564302586095983e-09 1.216617822041957061e-09 -8.064243198029018899e-10
4.037095065278021515e-11 3.448048125044983603e-11 1.777088434509494376e-10 6.239719721520114393e-10 2.124892803091081464e-09 1.852942990119273132e-09 3.152983901512211484e-09 3.396807664512882249e-09 3.641877136514717419e-09 2.132688571132733731e-09 -4.856244681254706778e-10 -6.102470222037327101e-10 2.140182317666555278e-09
-1.233230340488216317e-11 -3.252363189209792365e-10 -2.366736726985540486e-10 6.431077701021524192e-10 1.940970732284431639e-09 1.131608130324612480e-09 2.306790500258025971e-09 5.019361293304126306e-09 2.994406326212089123e-09 2.325942553295108215e-09 2.871145280044029088e-10 2.939960615569010304e-09 6.289022081757180833e-10
2.691608780811488291e-10 3.133222145130500463e-10 1.790691104139718108e-09 8.356240552366163846e-10 2.145380202474461534e-09 1.944684217214636099e-09 1.500211252116542569e-10 -4.281629444901335590e-10 1.804371301861791700e-09 2.590173119484691917e-09 1.426913680270496582e-09 1.825343415663901817e-09 1.340932754166529103e-09
-1.589497926265030422e-10 5.421843772512350393e-10 -2.252644832179626495e-10 4.501595708830661466e-10 -1.154003529967118076e-09 3.302133048572459341e-09 3.933827335369848654e-09 3.574783006544152624e-09 1.650043807451328977e-09 3.272887050909726772e-09 2.732042126130845091e-09 -4.432524938420953565e-10 1.300591143219259625e-09
1.406222951411785743e-10 1.569559245829234040e-09 1.264633923971843052e-09 5.717185399359215817e-09 1.294709820710625067e-09 1.214314130206961066e-10 5.684363260125143792e-09 3.627892225290924650e-09 5.689011340686317706e-09 1.366343751269085327e-09 3.049882870518682758e-09 -2.511575992835474896e-09 -4.625130531040932474e-10
8.512370519182016893e-10 3.648395055974305470e-10 3.052711500712802999e-09 3.382794395584992773e-09 3.336445226045130007e-09 7.935069668986448314e-10 1.765321540349618944e-09 2.857159275453871792e-09 4.457072264194445460e-09 2.600924026251703135e-09 1.078419386704932499e-09 2.263106987861289047e-09 1.390650294629498691e-09
2.717421519507114464e-10 9.827008580913446705e-10 1.646885869492844289e-09 4.407892719005588163e-09 1.691798522783441785e-09 1.181102840016888568e-09 3.945317054981383464e-09 2.048913648360324576e-09 2.437780917964628834e-09 -1.234993199901743639e-09 2.585451611573602689e-09 2.402720877686288500e-09 1.422048187054041813e-09
9.453056594061073188e-11 -7.321671319372986389e-11 -5.108840774172204972e-11 -1.931669792873232646e-11 1.220676686413169405e-09 -7.345647035537452836e-10 1.364613501265082775e-09 1.399891293064076515e-09 1.727252411433584847e-09 3.316990582704659992e-09 7.337631581199222754e-11 2.548090151457446830e-09 8.049356887656664540e-10
-4.795626589194784389e-11 8.559560846783784697e-10 8.156903801161734224e-10 3.483516412964299968e-10 2.203822872997562447e-09 2.755995708903956440e-09 2.953504529685696496e-09 2.787042621172403626e-09 2.285893045424622074e-09 2.225741885635056986e-09 2.022432467826070560e-09 2.120512342306675269e-09 6.968814171287960140e-10
-4.178335802727238052e-11 2.900296551904309812e-10 -3.478374939297162844e-11 4.848689900898307291e-10 1.329695770158687616e-09 2.635107262117499451e-09 4.424800795879825062e-09 4.529046460685615411e-09 4.337170305928850043e-09 1.001001982883651795e-09 2.185427145179828621e-09 2.790334163165356895e-09 -1.503208080055752284e-10
5.580356430857707889e-10 5.281192385796048031e-10 8.212175484068856345e-10 9.183124225220495259e-10 1.916822339290011117e-09 2.694859323785660117e-09 3.206667235643660915e-09 4.532527579300130172e-09 2.220835204874127509e-09 -2.901904061411907939e-09 7.065319500539741714e-11 -1.877117523946426362e-11 1.529616348615033729e-09
-4.552959261111400432e-12 -1.048179969504578494e-11 -4.342909121659329637e-13 -1.355126977394339186e-10 1.999954105582986443e-09 2.541519052754530294e-09 1.784860742726372167e-09 1.593829771793779907e-09 1.952831219029606116e-09 3.513305964872854746e-09 1.695666529450195224e-09 -1.021204293178563753e-09 5.631472002634079123e-10
8.943458731770741998e-11 7.608617708514063779e-10 9.489363628362223575e-10 1.674064839800762495e-10 2.094649144218628046e-09 1.932718361679547278e-09 1.962837997461563853e-09 2.093091448346539475e-09 1.885886832284525336e-09 1.218754082774302287e-09 5.539396616516985174e-09 6.298821449457653258e-09 1.423098222809068042e-09
2.441939778468170278e-10 4.587860418860294551e-10 8.861873340689072381e-10 1.397340354559233796e-09 3.855185948922507248e-09 3.182029762416289062e-09 2.501656919262295259e-09 1.977931735396469310e-09 1.800419015482024333e-09 9.493951824330621088e-10 2.406900669942637835e-09 -6.303293784129756843e-10 -1.818238563613266276e-09
3.362304462292183627e-10 3.313164097993046656e-10 8.877433630333277127e-10 1.544384261230550430e-09 1.096001440308399757e-09 1.997935490042820451e-09 6.652942565123503580e-10 1.614823038980479743e-09 2.414685170729627329e-09 3.969720268495749186e-10 3.024937213270709240e-09 -1.812080897334289800e-09 6.613305022117759934e-10
1.087856513830041496e-10 8.626689918433031359e-11 1.815378739977916423e-11 5.631605462768116901e-10 3.424850817649225749e-10 3.760730274545891269e-09 2.191319757393466212e-09 3.946283602208051581e-10 -5.296742900666345420e-10 3.382820840059520740e-09 5.437227885391409084e-10 1.759798087196485589e-09 -1.232444511794824730e-10
-3.008838724583900059e-10 5.630956385810303530e-10 -3.317557783553787945e-10 8.199475780507367068e-10 1.151911001378819416e-09 -6.693932523221658506e-10 -4.101634285760885386e-10 3.485879404797792079e-09 3.841926814485128217e-09 1.853900082184085335e-09 6.300194822187416163e-10 2.395660773976233521e-09 1.889456522893785509e-09
1.333503649779688531e-10 2.129556879144761415e-10 7.489771367699331315e-10 2.492861615673215387e-10 1.268541744645235536e-09 2.895195295211038921e-09 3.134472952366327926e-09 9.563656802536268780e-10 6.573437116044579052e-09 1.607325954476995768e-09 1.741345095194354726e-09 6.668505742437875602e-10 1.764436887667312323e-10
1.430436324326195518e-10 -1.643766703903351918e-10 5.176403080211302565e-10 5.222292839783530351e-10 9.144572167125648225e-10 1.538040880713842586e-09 3.323179622198968729e-09 4.700407086544715174e-09 -1.245881365964693055e-10 9.824284732049773505e-10 9.637593915219550047e-10 1.226198059709195564e-09 1.321606307950431784e-09
2.753770832914666397e-10 -1.024097836027112035e-10 1.012306822291397305e-09 8.902185332637118511e-10 2.471841103841829556e-09 3.378012145590270235e-09 3.768333963379118637e-09 3.280160764228272303e-09 3.374877636304056174e-09 2.875159825102541209e-09 1.176295869513836763e-09 2.764422915009958854e-10 -7.900136545948226286e-10
1.600239819478181819e-10 -6.195567001867948942e-11 7.729793441033642683e-10 1.186010052648576422e-09 1.997540853993534911e-09 1.528720495777739720e-09 1.632823681038763701e-09 6.892843161951398232e-10 5.055575657565725880e-09 3.731410135700339003e-09 -3.353306151624312532e-10 -1.504285931459864850e-09 -1.516789198137604138e-09
1.000131121439062515e-10 6.436406801359063868e-10 3.351532000771002768e-10 -1.113363572618046259e-10 -1.158296526495892083e-10 1.803735466651693960e-09 4.458249039847148861e-09 2.259849607709551284e-09 1.360580886909654373e-09 1.590302537275514102e-09 -1.231687426596818943e-09 -1.178405186899177552e-09 4.106845287387935211e-10
1.825191562297255150e-10 -6.430962265696669191e-11 -3.541498323412954119e-10 7.475740363815997036e-11 1.094007146633859790e-09 2.122282753791366915e-09 5.196634463823582089e-09 3.107194933971384842e-09 4.442488863013615343e-09 3.442829616443264973e-09 3.143701661016706574e-10 3.722386564723903144e-09 7.758770866215435106e-10
3.267806198153040665e-10 2.677517720173729591e-10 6.342641350008141055e-10 7.654037609450469873e-10 1.098512570205659472e-09 1.832488865806339546e-09 2.247698792608932398e-09 3.280691729068574596e-09 3.816852819798866337e-09 3.990866929072864605e-09 4.662415073966476078e-09 4.238059455124040175e-09 6.142731053353313345e-10
1.564663273977352537e-10 1.428960965233440298e-10 7.700329174515746722e-10 1.403395402998678939e-09 3.382329113123122361e-09 2.093208140946850526e-09 4.126933928500690749e-09 4.166544243502736664e-09 1.256491854037566426e-09 2.232534867020062985e-11 4.471839163665009115e-09 1.061335841125283120e-09 3.473309136745286000e-10
9.792095791510253116e-11 3.198491065863217742e-10 3.157593109181865383e-10 7.409321182649065448e-10 1.621851723864971374e-09 7.802447474978687586e-10 3.014929106190821715e-09 6.108604028548807714e-09 3.040693871556998598e-09 -2.950201618732065593e-10 -4.435292320103453297e-10 -3.543160449963207144e-09 -5.087188114415917084e-10
-1.208716237895890552e-11 5.025494061953336015e-10 4.955778558173975656e-10 3.930304007796606990e-11 -3.460137630376245268e-10 8.930772917134700068e-10 2.100116620379102893e-09 1.329984544685144736e-09 1.836224858191712903e-09 2.658328683056272897e-09 1.001831280694737372e-09 1.015317798218378575e-09 -6.738323566848846908e-10
2.051665866029202204e-10 -1.271405093273697940e-11 5.627879918883401365e-10 1.538986317519703713e-09 2.586019050344916776e-09 1.154196759641462541e-09 4.315969941446667835e-09 3.510954980442032513e-09 1.923592283785986427e-09 -4.377932007706734559e-10 5.665976365792060747e-10 9.340634008534419702e-10 4.983167377893067149e-10
4.441009349446903875e-10 8.610757055541008949e-12 1.414981182242137459e-09 2.572578914427327608e-09 3.476836110381278565e-09 3.465805750030983640e-09 2.295514354662205214e-09 6.039648207972089813e-09 5.713673838836948823e-09 3.974460716988703415e-09 3.243833685053353285e-09 2.329550533889422026e-09 -1.151718847670546562e-09
2.873419960854782096e-10 -1.011080099269524445e-10 9.401110735196412881e-10 1.851212588705432789e-09 3.056583016329903451e-09 1.888360318798356441e-09 3.890440517873833874e-09 5.618021124943295890e-09 2.735245107510748397e-09 1.715246437847234444e-09 8.835699546796183554e-10 1.804427300470332322e-09 3.924751212863000758e-10
1.757262469473853049e-11 5.085823416421504851e-10 5.382710325019564286e-10 1.746956451609365122e-09 1.944215403191633292e-09 3.143259295816538130e-09 3.308206042547114754e-09 1.257253929526028515e-09 2.744651100190312719e-09 4.186902813311903780e-09 3.717905965761084489e-09 2.110231737249174847e-09 5.432048062747523744e-10
-1.161604123727627341e-10 2.583324538689610033e-10 -8.304604201217698049e-11 -7.751868556773461643e-11 7.428157774378328103e-10 3.407682264721586744e-09 1.820203071112816839e-09 2.066082417611464272e-09 3.172571014925270030e-09 2.759895571942089660e-09 -2.572427447283597900e-10 2.539229206198809911e-09 -1.372167271516481298e-10
-3.799326553590095444e-11 8.842145531960596419e-11 5.732517237383325264e-10 1.691034715217868325e-10 6.926319124963486236e-10 1.130995926677472307e-09 2.053734848320764208e-09 7.225292307959484114e-10 -1.464352926039842871e-10 1.781636991089991707e-10 3.845536865247321556e-09 2.386124744642878388e-09 1.159753746123196357e-10
-7.004046649678590484e-11 3.315919316242268333e-10 1.330490271208465987e-10 6.175688739476264932e-11 3.619711683839008365e-11 1.477758331821563665e-09 2.145084847895428868e-09 2.248631522192148221e-09 3.257073073846862613e-09 -4.975368636486057861e-10 -2.542233759237953779e-10 1.481920088445697359e-10 -4.210958238399063705e-10
2.097810564340885532e-10 2.876597809044917762e-10 5.073919428086937350e-10 7.699422018104641745e-10 4.074672216937912531e-09 3.681213859963720870e-09 2.120977054330425483e-09 2.260310725004381418e-09 3.162776514623535727e-10 1.444855443913798727e-09 4.163394095373207943e-09 2.794984471014073860e-09 3.402248649803713656e-10
2.621662298929299929e-10 -5.977562539999414591e-11 6.567180152784902373e-10 7.218610181858682415e-10 3.360015516542098052e-10 2.578862400841895189e-09 3.086044085820102143e-09 1.750391373548233107e-09 2.251132123348737513e-09 3.081423316156935209e-09 1.212615726340919307e-09 1.453347755144789466e-09 2.231782922098762459e-09
-1.025671244548039906e-11 -2.987634426649100786e-10 -3.066194126698422974e-10 -7.729490167476969352e-12 1.655598454829519104e-09 3.332941975769503045e-09 5.116883409112391679e-09 5.174673096985539644e-09 5.941319218954846287e-09 4.499160320553749217e-09 3.740789481243984953e-09 1.766327460546622556e-09 2.651943426878941796e-10
1.347970725797982194e-10 2.444883561780597854e-10 -1.396339895168440656e-10 3.277015086401019116e-10 2.041797783954622457e-09 3.133430929157339747e-09 4.704610248103768297e-09 5.068491964071427419e-09 4.761917912800008057e-09 6.070975770912266669e-11 2.172807550153314733e-09 2.928655619483882752e-09 3.627368684490699511e-10
1.903651875292950424e-10 -3.310738132086767542e-10 -6.754975615847489688e-11 2.807269282264061128e-10 1.435604863621425077e-09 3.216895236619844113e-09 2.948213853065957435e-09 4.093160303659057893e-09 4.585534086345395498e-09 4.725655665538997111e-09 1.489385310374873453e-09 4.169533091021747230e-09 -3.883237851388544833e-10
4.183540838233350303e-11 2.545468590180352179e-10 1.364622594880054333e-09 1.023791505625969985e-09 1.407540178153750716e-09 3.267490163755584177e-09 4.328429762922370663e-09 2.561645154709551830e-09 3.421869036161324600e-09 4.785642417461769464e-09 1.679744212473112009e-09 4.171298238339946093e-10 1.000849355189408679e-09
2.519244275445908391e-11 3.364955764048401894e-10 9.027681496944485865e-10 7.019694757357830948e-10 4.582271453048555830e-10 2.530652916719786250e-09 3.032675598114346005e-09 4.115557030211238775e-09 4.178422733459846376e-09 8.683367208088780945e-10 -2.540828255212587884e-09 -5.444245189990413979e-10 3.674640080176662291e-10
2.553523160596873059e-10 3.569508396713187102e-10 3.992748462839449194e-10 1.216830017726027258e-09 2.749243725338040032e-09 1.720735929400513735e-09 1.503846538636924664e-09 2.507082777208559049e-09 3.779240599756356489e-09 3.770052991660940315e-09 -1.441650105355204624e-09 -2.848620414189346374e-09 4.383465257666449707e-10
-2.265108983850870160e-11 2.072945726739004439e-10 1.054301311949057980e-09 1.263480911877020446e-09 1.511621971521989047e-09 4.103412012650349609e-09 5.328642975632059493e-09 1.455713647521323161e-09 1.710715144741065477e-10 -6.565873120259799888e-10 1.844000222116076940e-10 1.908617943094782831e-09 2.595003281679872266e-09
2.193619424796661937e-10 4.689959610006211841e-10 4.410410171541410442e-10 1.369321673810867588e-09 1.203591066571726363e-09 2.902522216340668865e-10 1.194540767010979558e-09 3.248781527207023851e-09 1.624629967377317031e-09 1.121673814655281631e-09 -8.805535107102055345e-10 2.344232714693329071e-10 -2.508178016051776553e-09
3.567737214703398807e-10 8.436724100568935356e-11 3.717081502109346040e-10 -1.639180464274361053e-10 1.321873012906796088e-09 2.530165033286156703e-09 2.598194285625786184e-09 7.265485892143594298e-10 5.073564906293055181e-09 7.210158737904028573e-09 1.647405204795115265e-09 3.505751174858143673e-09 -7.226112670477778366e-10
1.092939098412028161e-10 2.996025140387563409e-11 4.141699749695112290e-10 7.713428343481822563e-10 1.896863636000497867e-09 1.778134308702537544e-09 2.350021228464534838e-09 4.295786311001745927e-09 2.286426924851507209e-09 4.955679590167690631e-10 1.857062551614794469e-09 2.215671329796166558e-09 1.567305116074248183e-09
-5.398757337789278942e-12 4.350476141278246258e-10 1.458126781848531882e-09 1.817527291531220660e-09 5.756123695538823994e-09 6.705849864691435655e-09 5.601178481140766581e-09 3.318002568554151146e-09 5.641943139719023690e-09 5.022421816603257626e-09 6.151844793557837159e-10 1.753522072291894839e-09 -1.872003899123350006e-09
1.235863040251360499e-10 -7.415071319602130833e-11 5.492572762352508153e-10 1.064791675492972469e-09 3.799629136699043363e-10 1.338280299180193027e-09 1.975619299914407933e-09 6.477115674888538168e-09 9.624803920822336833e-10 3.504059063719824127e-09 1.610746892635911159e-09 -1.535250548964141175e-09 1.191939946531528817e-09
-1.032391877469428042e-12 3.909201464422587831e-10 2.651179282434234383e-10 -3.094635842845548202e-10 -3.881141142356842821e-10 1.130227399068228120e-09 3.092034384666373775e-09 2.510135161329874118e-09 2.427986295892315033e-09 4.140078660463931964e-09 2.177454057780244339e-09 1.656221100782993693e-09 1.458322624303313328e-09
9.575983115709288167e-11 4.536982805798004470e-10 7.016759277805474089e-10 5.700715764284659160e-10 7.653986019138886585e-10 3.598887063394439353e-09 4.026505401196873857e-09 2.508585360491611562e-09 3.703315957803012617e-09 -6.628540105676020487e-10 -7.278795518744772269e-10 1.580922238435869711e-09 -1.552963105505625584e-09
1.700748802921896477e-11 -3.051291792657593095e-10 -1.107860680452073894e-10 2.864730390444633331e-10 -2.506521475687127147e-10 2.648269810732895338e-10 1.951297728978716590e-09 2.787219393925138466e-09 1.899061819168958622e-09 2.816708287184422281e-09 -1.077641708318126934e-09 -1.444570160928033984e-09 -2.245851368799672533e-10
7.404994861675597303e-12 -1.161810639449365512e-10 2.326031508123983450e-11 5.795589096189829458e-10 1.633364775220911513e-09 1.291541330330556881e-09 1.828259571998984313e-09 2.127838128265461925e-09 1.650854497363936201e-09 3.492824441056114706e-09 3.405005857394684413e-09 8.928879431251360514e-10 1.623759417732226537e-09
-2.969017186405494603e-11 5.851193482251614608e-11 4.259816648394280455e-10 5.578382389227560076e-11 1.876409705244058777e-09 4.337507638577619178e-09 4.485959678353441887e-09 2.590742481370116297e-09 2.885844313400925381e-09 2.530390259216306657e-09 2.295607044553647619e-10 6.414125922302292915e-10 8.416690089117542428e-10
6.239294834611262077e-11 1.674971023661828123e-10 4.709018891536248061e-10 6.601203600351964754e-10 1.208567504375967755e-09 -9.737066749560964491e-11 5.379446751435059791e-09 4.526742825150443572e-09 3.356114992469804975e-09 4.463836692463078860e-09 3.020393792565487309e-09 1.840112856953350846e-10 -1.135186113184888060e-09
1.467616829572237130e-10 2.315872357942253762e-09 1.574154082054048864e-09 1.540633028877613245e-09 3.943152563635958208e-09 2.985517354999582842e-09 4.272503900993054606e-09 3.701772506354542602e-09 4.868384307651182666e-09 3.519883954708040386e-09 2.891309370046861749e-09 -1.268287370345270399e-09 1.031987704093272409e-09
3.055849029610657067e-12 7.594059820777678361e-10 8.625178819476519684e-10 1.658818365340222407e-09 2.089549718065305280e-09 4.405548113858003887e-09 5.334323762245031503e-09 5.051005130374273101e-09 6.177660380974328168e-09 1.950259247877877665e-09 8.964904839231284701e-10 -1.078742582840966346e-09 -1.438492727312141352e-09
6.398994504420104623e-11 1.705325116785339431e-10 3.470441139228422027e-10 8.846817987403746823e-10 6.073213954026517089e-10 1.998032294063147608e-09 3.754690330372964581e-09 3.091954574023323934e-09 5.705391424292541292e-09 1.826014712794553471e-09 3.995982471397653714e-09 2.234089655486281594e-09 7.587274823872157111e-10
1.068972958819501760e-10 1.795838077792864631e-10 5.513173022129054029e-10 -1.938036705956437420e-10 -2.474534416533966592e-10 6.865711198760247168e-10 2.951303793278223124e-09 2.063479946790381622e-09 4.377448408121860534e-09 2.835342010305999247e-09 2.032201780957026609e-09 -2.399361894304668812e-09 8.229839850151579338e-10
1.755039943598624504e-10 3.223114181531485362e-10 5.458768397773326640e-10 1.644948092344722817e-09 1.937710259868581930e-09 2.672116933237389129e-09 3.234957771112843256e-09 5.052051765736443083e-09 -3.968851774944240243e-11 7.409038546813493527e-10 2.292336128829032674e-09 2.272911594674677241e-09 1.380361936539143459e-09
3.089902363804208722e-10 -2.495810230854621894e-10 3.739621174888402912e-10 1.335440901681336380e-09 1.094246595443959468e-09 1.581052112164460270e-09 2.510209460387457017e-09 -6.202944470400908329e-10 2.263119082979265484e-09 4.622429531290044317e-09 2.440761568786260434e-09 4.332923772935160249e-10 9.583725805195829404e-10
2.576781002439399998e-11 1.000077396632952654e-10 3.756373507030400247e-10 1.541813332418055953e-09 2.042716865337891438e-09 2.467736866242265628e-09 3.340874795770676961e-09 2.969142685746803280e-09 4.219609911514102291e-09 2.514081659608537622e-09 1.630864464961868657e-09 3.689208609345692415e-09 -8.701231803818709184e-10
1.738670543295517629e-10 -1.469965048571677526e-10 5.877174501789144381e-10 1.093564549902532997e-09 3.585831297594923270e-10 1.740159149069398085e-09 2.976255892448679514e-09 6.841481100698253941e-09 3.921022203769366563e-09 6.734127441214008689e-09 2.380977872836035471e-09 -4.188280727272876594e-10 2.422419404267335249e-09
-3.817826110904135685e-10 2.120285681006795814e-10 -5.111465390459960882e-10 1.953201452710054911e-10 6.814330188720586925e-10 2.607807159986096002e-09 3.320292052546632835e-09 3.050964085223488772e-09 3.164485005657293512e-09 2.352364887400464569e-09 1.280185116778948435e-09 1.355278273674687258e-09 5.476475683157706368e-11
2.062152681682099646e-10 1.099013234802126326e-10 9.731138304194277600e-11 7.518643312337229077e-10 2.625805771814824471e-10 2.769736021133738343e-09 9.088176942514968422e-11 1.859790071731589441e-09 3.508733633485020674e-09 -1.283230679165630415e-09 -2.423038324057091260e-09 8.941551014967426119e-10 6.060009902564576723e-10
1.233651253730161987e-10 -3.192026882333275861e-10 3.377002248899651278e-10 4.437422712775828754e-10 -4.984695729022846932e-11 1.145096938032400699e-09 1.678358538808242523e-09 4.899702878994189687e-09 2.085850482840825934e-09 4.121577792422222263e-09 -6.689105943518064680e-10 2.880347851431696635e-10 7.397707475680537938e-10
1.702925598133320046e-10 9.575824248819138294e-10 6.925143352486792332e-10 3.142597136840424276e-10 2.093980058587645209e-11 2.154139724330211264e-09 2.875260507659650709e-09 5.796354364137738298e-09 5.260261380182254085e-09 3.863127224701837807e-09 2.305722843810443899e-09 6.591744448330874220e-10 1.458662529578666618e-10
9.427984318206404538e-11 2.306317174296211814e-10 2.359360392976424961e-10 3.015132939956805430e-10 1.762158456106330998e-09 3.198018871701300641e-09 2.509434232966660635e-09 2.504068362331152288e-09 1.927409812377676746e-09 -1.496831441428518164e-10 1.613705201144247134e-09 1.727664899986850846e-09 2.959201850688994350e-10
-1.168688148959171564e-10 -2.565596242444062866e-11 -8.040002398000845585e-10 1.260756720558644198e-10 -1.236416214254060879e-10 2.046105669797722106e-09 3.350465143912204653e-09 2.507105780868669778e-09 4.297562747811593852e-09 1.557986224946596547e-09 -6.063142605075183207e-10 -2.861197182420663262e-09 1.407722225300401249e-09
2.623514021674080167e-10 6.838220676308688440e-10 5.604202493638259285e-10 2.014877331812821187e-09 1.076034355507160272e-09 2.248099368167573732e-10 2.789804666181347112e-09 3.926268196710534494e-09 6.530568407516017432e-09 2.526926487960263142e-09 2.712653309319929940e-10 -1.282560454340438620e-10 -3.488803200332442518e-10
4.027980419633739822e-11 2.547850771378402671e-10 7.272149309851499351e-10 2.515493204587830866e-09 1.896075079995239094e-09 2.779548438605046400e-09 9.781465202532374003e-10 1.984613156895561640e-09 3.383728121334595698e-09 6.104295550209320878e-09 4.778220858720085006e-09 -2.077475923477073472e-10 9.022936409140970039e-10
1.370651350167452772e-10 6.106684276228202909e-10 6.635517660528094823e-10 6.923119463569157007e-10 1.741758269261813371e-11 8.218858157611066783e-10 3.702209324412265397e-09 3.447661750006019190e-09 5.711132867732667821e-09 7.665644518227098284e-12 9.145749231236227694e-10 3.503886323761044486e-10 2.873150850760221595e-10
1.118228784937396247e-10 2.275727444655664874e-10 5.548826704964877147e-10 8.736708762268567203e-10 1.309360133969983738e-09 1.363469011462477845e-09 3.327673917880556099e-09 2.094007858516736814e-09 1.854391211323517783e-09 1.038012792576928828e-09 4.170307567792266087e-09 4.426635100302198047e-09 6.469627604581468017e-10
1.232600787578871264e-10 9.304355995646111975e-10 1.589266480572083145e-09 3.484897138201045029e-09 2.780853019344420672e-09 1.167047035728267123e-09 2.295497048421300235e-09 2.215552419495989642e-09 5.494586784210518759e-09 3.426408383871709620e-09 1.227462043558637916e-09 3.248825314336916878e-09 1.661393242013256434e-09
5.915244786790520584e-10 1.177533658286677273e-09 2.820116997708260599e-10 2.253028655020088836e-09 4.105607948028418752e-09 4.095420778528476367e-09 3.320377027878768389e-09 1.323708456210899996e-09 2.161444555231443541e-09 -4.582189267916063750e-10 1.626491176629931270e-09 1.669728347208136882e-09 2.103158413882196175e-10
1.694957758350653564e-10 3.154697534155978253e-10 1.004242841205582111e-09 1.394080369075933586e-09 4.169778606193134350e-09 5.325541282722180786e-09 3.493069406238719874e-09 4.328437221212208392e-09 2.849364142426560392e-09 6.349279900822982038e-10 1.095134864093174697e-09 5.124080393698039173e-10 1.655509067720635784e-09
-2.767784511785594161e-12 4.215374995711035343e-11 1.232137078324596403e-09 1.400125460627717840e-09 8.555932518539588124e-10 1.734458036228228441e-09 1.288404416034514403e-09 2.570052956639195140e-09 1.519572231948077306e-09 3.434790311305590675e-09 1.276528999912594955e-09 6.279374042987465978e-11 1.618254688884908501e-09
1.713013943853657495e-10 -9.763275280928713395e-11 -1.154271513667425921e-11 1.592658142051687036e-09 1.488243684987100323e-09 2.714869577942522172e-09 4.711499596126953007e-09 4.697783212762110246e-10 1.485096538175449738e-09 1.665809956094194272e-09 1.759782500100485557e-09 6.084911041783554958e-10 2.644429777461395821e-10
8.236381680612706260e-11 2.807415043302678801e-10 1.107592427363237066e-09 2.635650070724066546e-09 1.194069719273517033e-09 7.569841808438957764e-10 1.974140470992961456e-09 1.744364144470139863e-09 4.366627506621967794e-09 2.973250893974591138e-09 1.186775237183702928e-09 2.106667921770546563e-09 7.872705800629782340e-10
-3.565833869779026793e-11 -5.517797162872724831e-11 1.255737617105012348e-11 7.888365559174811235e-10 -2.879161696933387291e-11 1.611106766899215160e-09 5.675230739896288553e-09 4.545255598266338543e-09 7.900485939255835016e-10 2.311415065886345228e-09 1.530400155252237537e-09 3.893131035544651631e-09 5.212396004944179784e-10
-1.395331530984241915e-10 -6.690484257200746508e-11 -2.672856503739585045e-10 3.000956362663121076e-10 2.404003154017814079e-09 3.204829232603309098e-09 4.435921268176856803e-10 5.080548043118672072e-09 4.160605040637200385e-09 2.676120596192330728e-09 -1.128040998182210502e-09 -2.014917246030296815e-09 -1.294798345754824318e-09
7.308079383949044964e-11 -2.243837041011388734e-11 -7.951609735568240578e-11 1.055461536731767449e-09 3.290423486319446560e-09 2.092914989704742494e-09 2.664164125712600900e-09 2.805676006429874811e-09 2.640553631319269723e-09 1.492655551376512210e-09 1.873474586953902554e-09 1.010237445167311455e-09 -4.843140782428961531e-10
-1.300423474529728165e-11 9.348005979726358462e-10 9.409676452522138439e-10 1.725803033280423599e-09 1.618829811659033621e-09 8.344511831048951507e-10 1.901073220253643152e-09 2.001782695734171390e-09 2.061842228947496002e-09 3.874256859582410576e-09 4.242071520325763745e-09 2.012805442198191279e-09 -1.809847945656513769e-09
1.678121101583384766e-10 3.505070812351081770e-10 7.355305366897496117e-10 3.991943718018085692e-10 1.899706395214596311e-09 6.099153661034749742e-09 3.173730390396736336e-09 1.112902615286252178e-09 3.274125031594589290e-09 2.177300036086475440e-09 1.563862830844947840e-09 1.559239165011132804e-09 -2.158110956069317750e-10
1.363095327059124615e-11 3.730172337812415647e-09 3.109662961146951830e-09 3.379800709919383713e-09 2.460560766670266695e-09 4.821349401963258091e-09 6.084260677827005596e-09 3.632696878922828279e-09 2.052815069539419331e-09 2.349458063553539181e-10 -1.435997524898336030e-09 1.790715043720235113e-09 1.339690653121482625e-09
1.499561754297049095e-10 1.858064161769689864e-10 1.289472320057682499e-10 1.300138478578966440e-09 -2.026757736237233151e-11 1.286513495400015956e-09 2.333034866668337493e-09 1.343664097927657954e-09 2.547041866260379091e-09 -9.373349861710649105e-10 -9.129465474162710326e-10 -9.884215460502707494e-10 -3.826466847380849792e-10
2.805045720232182975e-11 -3.070162589698974714e-11 4.846240979672183312e-11 1.265784649474126936e-09 3.071061461595507977e-09 3.677833989566272908e-09 2.715056330910448251e-09 3.572673526813091514e-09 9.493941983446532524e-10 2.061422511571124020e-09 1.150642179623270373e-09 6.379069271929233995e-10 -6.929670755256069341e-10
-1.371108971644801340e-10 2.350571993551108656e-10 -2.117081333519708176e-10 4.767828958268970490e-10 2.090392771655146622e-09 1.154141378187728396e-09 2.593505504590502486e-10 -7.067677912614834275e-11 3.632913543605850763e-09 3.725001999239717698e-09 -8.785976560809399197e-10 -4.040934439004810167e-10 -2.360734631703428878e-10
2.770378872680223727e-10 1.878306538072368434e-10 2.209967654791753111e-09 1.609071586774708183e-09 3.834247759165612286e-10 -6.455400961486519864e-10 3.174806741025957568e-09 3.435497739439672237e-09 5.428281559516346788e-09 1.614429797213159980e-09 1.298549591631196303e-09 2.518869495196215030e-09 1.242745787049143114e-09
2.767088271168604014e-10 9.364611882088712769e-12 1.898912734213686136e-09 3.176064288632496919e-09 2.783194523930616744e-09 1.641940406973227422e-09 2.238577404716927894e-09 1.792736642014964284e-09 6.403045361315115162e-09 1.579638073625484464e-09 -9.847138699747563889e-10 1.635742719356811547e-09 6.775387195947028045e-10
-7.927380999810150765e-11 -7.235073690218662264e-11 -1.872368332268137173e-10 1.477146830201726970e-09 9.496113818160621484e-10 3.767231389866075546e-09 3.338039246250391475e-09 6.288336029127925521e-09 1.375347003138606436e-09 -6.534001401220099065e-10 -7.341291400594321226e-10 8.412636122297570562e-10 1.238797037210906776e-09
5.730588710926613642e-11 -2.990489081261543819e-10 7.189888539491341189e-10 9.449186621215148955e-10 2.069207349271282124e-09 4.522929738288382463e-09 5.477421057957709327e-09 2.509317409290149598e-09 5.491684962138252756e-09 3.060562224894943009e-09 5.530780352445553185e-09 -1.797527273507737281e-09 -1.303860628625292821e-09
2.935983959533745988e-10 5.173081052147813556e-10 4.970276198854455512e-10 7.773009692023899291e-10 1.848785777701853618e-09 4.173475631064836342e-09 6.262557307478170065e-09 8.952301439777264038e-10 2.681919704100426617e-09 1.374947981101134756e-09 -1.786440611941813482e-10 -4.056881338605583517e-09 -7.000524936069864131e-10
-5.642879588369052398e-11 3.577301552722666481e-11 5.547745936653592137e-10 9.627464535301062933e-10 2.077499600429862384e-09 9.451064174785895384e-10 2.057559229793200875e-09 5.315446009048358993e-09 3.906060275783293860e-09 2.809332952191583979e-09 1.892133509136477499e-09 6.041170146903612674e-11 1.460999570708254755e-09
2.333910699425115341e-10 4.963393044760089684e-10 1.036609963289716144e-09 1.828192856287241379e-09 1.644854579510159041e-09 2.605693230989797332e-09 4.143505040112930136e-09 4.693973874220431975e-09 3.918294691128660056e-10 4.321287097832058133e-10 -1.541225631192637728e-09 1.568364711968361304e-09 8.109068448009266317e-10
1.044784712128433816e-10 1.849450096316278710e-11 8.574232086043778224e-10 4.656569332913094673e-10 1.685162211705940404e-09 2.097910381745705419e-09 3.183431247053834144e-09 3.103511571332809581e-09 4.792355436773022988e-09 5.367406415570459766e-09 1.043649761109939045e-09 -5.472518733445240719e-11 -4.908942036877211411e-10
-1.313333031337817856e-11 7.445942926315907390e-10 4.777503990893421323e-10 1.848239530199929341e-09 4.682311493397384378e-10 2.895412310717370096e-09 2.969884626421290588e-09 4.084467681096236063e-09 2.453976326141393342e-09 4.541563619273254599e-09 2.619335409236475277e-09 1.792931266253568934e-09 -5.144144391010566239e-10
1.457617069240607929e-10 4.714228425525695074e-10 4.961464106574421388e-10 1.325872992046300673e-09 3.891008572713697342e-09 3.245618793139860966e-09 2.942440365299794136e-09 2.733586779067989956e-09 3.458217527996379582e-09 4.808336200341088744e-10 1.836590535958902061e-09 -9.223050253943522141e-10 1.661841400138568007e-09
2.516081596235467381e-10 9.317976018168661433e-11 5.867295166414504970e-10 2.391783966798181431e-09 2.811209354102530930e-09 3.935228186802438494e-09 2.704171547201470824e-09 2.820850414320573823e-09 6.456323612059671088e-09 1.524107574094352078e-09 -1.369489270551384584e-09 2.708982421027761895e-09 8.225627857870469460e-10
-7.484702292427824448e-11 5.010571436687233077e-11 -1.938252891045463032e-10 1.299326318006949926e-09 2.493496247938415450e-09 2.597872115800663122e-09 3.825151946478213992e-09 6.134868887941676592e-09 3.417460019520128529e-09 3.905050781330382738e-09 3.795703668309260245e-09 1.004123876595194689e-09 3.328749514477154146e-10
-7.381746283403735047e-11 1.544775393152807852e-09 1.326744317507268190e-09 9.782963343121194283e-10 2.715564469911189275e-09 3.543787176234570529e-09 2.249710618847138477e-09 3.342715290700135307e-09 3.881074160131297181e-09 -1.156179624212736640e-11 7.422938452340088714e-10 9.220439435864199348e-10 -1.038366524841819422e-09
-7.615893903317821441e-12 1.476536238620304099e-10 1.205654886511206313e-10 2.477769549739812176e-10 1.600441711126211857e-09 1.556284984843557712e-09 3.948630310348958319e-09 -6.641505949192186688e-11 5.408289539093247262e-09 3.622105968999983776e-09 3.577837497283981981e-09 9.888035371412517975e-10 -9.610606393138728576e-10
9.900509523503094539e-11 4.605497761506022428e-10 2.949353173842980533e-10 -4.046571760791685774e-10 1.234611080967804825e-09 1.296436805756400895e-09 2.317177482137315173e-09 4.832087722984873988e-09 3.542095394958334768e-09 2.561296106791386335e-09 -1.051383454853295721e-09 -8.735959243418743280e-13 -2.130747372871559128e-10
8.102061859338834229e-11 -1.464000763375653495e-11 3.374186954714448556e-10 1.285127112016918661e-09 1.529395721447608540e-09 1.522450005003239831e-09 1.585956570990533267e-09 4.000009550067211718e-09 1.382752259427233616e-09 1.451583219331332152e-09 5.220859005189170121e-09 -2.467861059531044906e-10 2.120784866724079989e-09
6.070449188993012885e-11 4.111193089478072359e-10 7.098988046558817506e-10 5.694076457314380293e-10 1.656695230130500487e-09 3.099232714885317256e-09 3.785855764480351127e-09 4.097643462875151631e-09 6.219230663112018985e-10 3.130276922491589601e-09 7.575291280046294530e-10 1.672217381974341314e-09 8.875573036751693049e-10
1.809446307213600380e-10 5.404752615810706008e-10 7.185595396539490594e-10 1.476706869205589881e-09 2.076000859879439637e-09 4.916319219021906567e-09 2.957429156531699699e-09 5.284966348903403224e-09 -7.074241038341078576e-10 1.644090589682206099e-09 1.090137807350480410e-09 -1.697452952516559573e-09 2.440554871460811504e-10
-5.305936979076374026e-11 -1.667099403732473665e-10 1.484713459828270523e-10 -1.964515558802566600e-10 4.921965173596742918e-09 5.011486822424599065e-09 4.073319454515240215e-09 3.683433806828113263e-09 2.590016866354822695e-09 3.049587247765087815e-09 1.017690157197045469e-09 1.276353896084764576e-09 -9.788787782401601966e-10
4.722296455837436355e-11 -3.739270911750508846e-10 2.002955955714083466e-10 -2.361819223058763108e-10 8.555172722983114028e-10 4.433863854665856295e-10 2.953067369954875734e-09 3.054737067664310904e-09 5.405350079314802145e-09 2.023442566425731342e-09 -6.740105202229535387e-12 -1.092093701951008914e-09 7.880157047889578225e-10
-1.847206636558661419e-10 5.372195319777915530e-11 -1.671214225135506054e-10 9.507832497083376676e-10 -7.750841146740710939e-10 5.119535167290252550e-10 4.802060007424779651e-09 2.169101557372860526e-09 4.993791316648991318e-10 5.204650509135569180e-09 4.995576758126612382e-09 4.437328613735892406e-09 -3.667378303397637316e-10
1.700709569962224120e-10 3.992792469230467428e-10 5.399394122953152096e-10 2.893126962926154642e-10 4.979127341902432990e-10 1.436030661464769254e-09 1.323539365180347838e-09 1.601567414699152597e-09 1.399508783641407258e-09 2.965084249125079456e-09 2.915709898410906246e-09 4.852576857569759366e-09 1.621316522422552588e-10
1.081229789399650838e-10 1.515226913617805761e-09 7.444344824024014194e-10 1.287688451178879248e-09 1.837704453484548938e-11 1.148017155887031860e-09 2.951881676991238038e-09 3.960384214265818670e-09 1.873099950800377954e-09 3.876226590904394482e-09 4.033075874837747099e-09 1.256141764478625445e-09 1.564424518403327938e-09
-3.190735817572994984e-10 2.596043956319810819e-10 8.262250205719081976e-11 1.430042898338569741e-09 4.068800661388090850e-09 2.772518160230590171e-09 3.144314117929378766e-09 2.816167925244555086e-09 1.682321417315186752e-09 2.699643730562576149e-09 3.629236183792123195e-09 2.012054932862467748e-09 2.571344182543497607e-09
-7.888167953503261769e-11 -3.299619930530564217e-10 -3.649723929584836105e-10 -5.967888621097401297e-10 8.314609938647396160e-10 1.741136310090574777e-09 3.623571684385495473e-09 1.748532411064285258e-09 8.602456334588892061e-10 2.303463717864382460e-09 2.446269951271124783e-09 6.893988353672372744e-10 5.793020611024366767e-10
-3.234599127009862884e-11 1.772227987924498409e-12 -1.212276632679164133e-10 8.300557469457641274e-10 1.685451795651303237e-09 2.337901469343762563e-09 3.624897595126393510e-09 4.024825585677052011e-09 4.025708683179248068e-09 4.207329532131294089e-09 1.389931583838197849e-09 -4.161546411031796558e-10 2.640756883300992185e-10
-6.314862944666597602e-11 -5.878849128955091515e-11 1.355362537557909771e-10 -3.910532840207944597e-10 6.381665625029704261e-10 8.800242350747800975e-10 4.339051013064454749e-09 1.913849822046142902e-09 1.406863316671896442e-09 2.466418204050967841e-09 4.703247161489979791e-09 3.968040365674402579e-09 1.899945143227662164e-09
4.861878509870107024e-11 2.290661660001548513e-10 8.242911793971723671e-12 1.211351710864437785e-10 5.281879864412687788e-10 1.258138715952605930e-09 4.092307040214424191e-09 2.612756198310185411e-09 2.387414136743008977e-09 8.544824787706488418e-10 3.596053089914233073e-09 2.537829941400206109e-09 4.521815947930422082e-10
3.132177440923495278e-11 8.572202788798540065e-10 6.813060062354130487e-10 2.347275910389608648e-09 3.828432548292729169e-09 1.832264570452908607e-09 4.162822144619625384e-09 2.472273439530267916e-09 2.685849177566347217e-09 1.269361505908131436e-09 2.408901424769978302e-09 1.186669216957845019e-09 1.182544542467015814e-09
-1.156729019285796406e-11 6.996780396269833815e-10 9.233989217905912371e-10 4.429607839877230643e-10 -1.716722482757477582e-10 2.678245180022625007e-09 1.275607428989666742e-09 3.212645722484497381e-09 2.834096357222300085e-09 2.442556410767990694e-10 -6.577630288030501791e-10 -1.153832913799340511e-09 -4.768380560984519093e-11
3.181459206268604272e-10 2.335345449443660553e-10 6.374268175567096199e-10 8.071872005283516053e-10 1.348788298493082611e-09 8.488379239209245868e-10 4.008225115235620822e-10 3.069238897989461113e-09 1.326233532755201193e-09 -2.968351255202461242e-10 3.828341342731722417e-10 -3.532650542024588266e-10 6.579990611039820799e-10
8.318125627989207498e-11 7.749604579597593931e-10 8.355234914835741348e-10 2.186105022935309295e-09 1.023976643862809940e-09 1.471984666101711845e-09 5.286795547949812804e-09 3.937941880408441365e-09 6.814651638073786798e-09 4.053583882637791594e-09 6.493704051772303192e-10 5.303010119019814124e-09 1.699245018200674540e-10
2.886829896550878237e-10 7.334913285723054402e-10 8.868859885119002672e-10 2.232634419804716528e-09 2.258285955473622461e-09 2.941566257112315060e-09 2.253626778448892763e-09 1.916949893035188927e-09 2.049230702999875730e-09 -1.128496783148621755e-09 1.409778788479835442e-09 2.127593343171659534e-10 -1.721484766069894805e-09
-4.985919796773594167e-11 -1.045851075310108790e-10 9.323616754041441007e-10 6.110299273644128408e-10 2.711246580703529711e-09 3.933728278582214509e-09 2.595321062367531798e-09 1.342367109283243591e-09 3.613393685765631184e-09 1.815482096019448558e-09 1.237846382301898500e-09 -1.326990244696294373e-10 9.226475221024610195e-10
-1.157940817790753088e-10 9.484454743175703826e-10 2.791619715099048152e-10 1.804086976816685690e-09 1.812150402255608947e-09 1.973829413118205441e-09 2.951278411758410534e-09 4.084866565950749071e-09 1.232837821418321993e-09 9.502662766633937468e-10 1.454401356639601842e-09 1.597834083450016304e-09 1.009906397627046680e-09
5.219204949716233887e-10 -1.131423519759504834e-10 2.265392762522596065e-10 1.471836131755657384e-10 2.071178800179243739e-09 1.597809327255765659e-09 9.748790838773246295e-10 1.469677157954389583e-09 1.066244037145722137e-09 -7.684944324389439864e-10 9.655403921749957725e-10 1.917516100219787069e-09 6.900746130601801508e-10
-1.476807498900492280e-11 -2.855733534177850353e-10 -7.221348214215404710e-11 4.456964266736574042e-10 1.541206561132427500e-09 1.475171614725243731e-09 3.316289627888799059e-09 1.188576221732228243e-09 2.761921645807798632e-09 1.710289913242101021e-09 1.863931212695730338e-09 4.499425464923642962e-09 -4.849548296162276672e-10
5.766900117004659270e-11 1.660705489945678549e-10 5.424600600267891383e-10 2.557940619464492195e-09 1.764496517189768293e-09 4.351328014993809127e-10 1.681441491344230902e-09 4.662604532261474700e-09 2.013755384693803690e-09 1.810086199386032149e-09 1.801644123181610790e-09 -1.357513300720586620e-09 1.178426995199283512e-09
1.461416650377350720e-10 3.118748786266749430e-10 8.637697824961043093e-10 1.182060330724353555e-09 1.733219359117435489e-09 4.196652850191349683e-09 3.113507877950121539e-09 2.379891303186661755e-09 2.778156803557466065e-09 4.106304808377348639e-09 3.644484915927724713e-09 3.313699762224902858e-09 -6.602317024193543249e-10
1.155467032395459293e-10 1.501868553570079996e-10 5.303114288408393023e-10 1.977798398609482756e-10 2.148768601153621840e-09 3.457115217273658151e-09 2.425525204764715134e-09 2.543877397849156810e-09 5.133048294461493144e-09 2.563421339929492363e-09 1.511740953171794162e-09 -1.059188083751721786e-09 -6.475227886420012242e-10
-1.906649576716992494e-10 -3.403875771234449100e-12 8.357222288536171020e-11 1.035408548964411644e-09 2.845420460562902057e-09 1.168314394310036353e-09 1.788896873160190602e-09 -6.898550490916417774e-11 2.436552744930195835e-09 3.279863426480727474e-09 -6.495130519380684630e-10 -2.435147382447345079e-09 -6.613853799480395370e-10
-9.756876078365596851e-12 2.906822727314255041e-10 4.676777027333105660e-10 1.268400252000083596e-09 2.663398038149744291e-10 2.200608333399532115e-09 4.260124683297108970e-09 3.801461689796822628e-09 3.304316788491943338e-10 7.952668290839019455e-13 -2.007366360182279779e-09 2.204851958236264803e-10 -2.331527605984829133e-11
-3.718520283340118430e-11 1.500076091245009091e-10 2.775227829955850324e-11 6.399195880110505579e-10 1.962901578490110285e-10 2.544492996743369449e-10 2.084093760842564710e-09 3.568934645257533907e-09 1.199433135786131020e-09 3.511043062723964373e-09 4.022067713794739328e-09 2.769518051331382729e-09 3.776914172865597665e-10
5.293950425790023076e-10 5.046092338059211333e-10 1.306328465293084425e-09 2.841253316756151040e-09 3.726933229908652571e-09 2.420542970700189150e-09 5.468200937918945356e-09 2.402832554433029699e-09 3.477502193034578325e-09 3.442163248912589332e-10 2.412209426710038865e-09 2.426592863571563551e-09 -1.198642470357960704e-09
5.259990494025548960e-10 6.102450467556597164e-10 1.220327628986849802e-09 1.727368104752526935e-09 1.945156732537798022e-09 4.137289321897874264e-09 4.004544220311811614e-09 3.964987765813305739e-09 1.441696273442265823e-09 1.207360021495976964e-09 1.040888597957665714e-09 -2.517103994270491256e-09 -5.344491270491157813e-10
-3.944136498362575412e-11 6.315104773913107486e-11 5.869501841749850722e-10 1.016960135248631522e-09 1.380317371161831124e-09 1.805301881613470648e-09 5.058691202689607542e-09 2.950958292860715997e-09 4.223713059691319015e-09 3.203293279074693991e-09 1.484337213831088707e-09 2.040918416536833430e-09 -9.776626717418820945e-11
-4.906475196551043261e-10 -7.872744984847219302e-11 -3.521587410128365173e-10 3.701662408274406063e-11 1.426722062203605725e-09 1.479282529026587900e-09 2.780099584189393251e-09 2.697449265718211209e-10 4.603809561638383148e-09 1.177589112199167843e-10 1.252751317800683634e-09 1.339893282211185447e-09 -5.858645487227179329e-10
4.643467168559986501e-11 -1.082701610780309721e-10 2.544145021586944240e-10 7.556939572264027779e-10 8.167786231795686414e-10 -5.981899463921365360e-10 5.309450949235751077e-10 3.564932451330619244e-09 3.442121602638427181e-09 4.003208989748542183e-09 2.023914197020265465e-09 3.332896799552580232e-09 5.609514260137338815e-10
3.511312305104906563e-11 2.410491698500049449e-10 8.893408703945521241e-10 8.955648111732636543e-10 1.715795601095981486e-09 2.004401165724712316e-09 3.318640238231410367e-09 4.741564666524190615e-09 3.432912622261253689e-09 -7.256739054069058198e-11 1.382140884907574001e-09 -7.571562266479406858e-10 1.456339244216263539e-09
2.297318979072973144e-10 4.865648981585448240e-10 1.344933503432899534e-09 9.323614699162605851e-10 7.273340673506689640e-10 4.096162158732244024e-10 3.071550348096902064e-10 1.709695245914361121e-09 2.286459910079841328e-09 1.149628394568877678e-09 4.489852039209820985e-09 1.785212601749265396e-09 -2.964101073617770094e-10
-2.329005550230767708e-10 5.250025430712169654e-10 8.917464492347551069e-10 1.456604407229823946e-09 8.814135713267228840e-10 2.534331009644658539e-09 1.511429332107991348e-09 3.165980530663818587e-09 3.498050226928415676e-09 3.681790270691464390e-09 2.205293352164430336e-09 1.605555106568177946e-10 3.958304869953282340e-10
1.625212576413589793e-10 1.040209491643356928e-10 3.216492352271644498e-10 9.208489714849249006e-10 2.276948139385093027e-09 3.323975279255391449e-09 5.467333589867132508e-09 4.435571707666197360e-09 3.852672781167736734e-09 5.939443821890740259e-10 -1.733123834035700067e-09 -1.249013432684510235e-09 2.853424485502514165e-09
3.576921033886412080e-10 -1.227633218073669701e-10 1.619820647825027527e-09 9.563528589489103149e-10 3.958826154404327287e-10 7.023454239923565457e-10 1.785122762505864282e-09 3.723151234201390342e-09 3.859662923859247614e-09 9.291860245603271879e-10 2.807921913625015210e-09 3.112571008687712583e-09 -7.905725416735285858e-10
2.975375422302253319e-11 3.519152326746142300e-10 3.604860964480796365e-10 8.249342974208642810e-10 1.041464316304321892e-09 6.239183032619585730e-11 7.574453402802286586e-10 2.714583589310442404e-09 5.358021706718329705e-09 2.594720562334912414e-09 1.026090653791888697e-09 3.110243063629766329e-09 8.156119944600875655e-11
1.240649758190792495e-11 8.023032558491213291e-11 3.426865242832454258e-10 4.307546647868074678e-10 8.466243900446101936e-10 2.713995447267023518e-09 2.503360513358816017e-09 5.402988530949707195e-09 4.449767753439546582e-09 2.439265921754096890e-09 1.117240775971276095e-09 -3.518031723942237964e-10 9.139855010695927951e-10
-1.065382110736424255e-11 1.770595544047672051e-10 4.432818157245422979e-10 8.431654335906480465e-10 1.989059167321480381e-09 4.040269709076458531e-09 3.855042967385124664e-09 3.145143723256947752e-09 -3.339108063178277751e-11 2.161800578541356138e-09 -1.321131859879877225e-09 -3.085136827387950259e-09 6.810550478432826804e-10
1.056328202519167447e-10 5.694341479218576517e-10 6.866262295526413827e-10 1.276548958208696151e-09 2.517260824475534306e-09 4.995770884154909810e-09 1.611788027441777472e-09 1.945423927015976153e-09 1.498160132185925359e-09 1.838687900263448276e-09 1.320457496167145844e-11 -3.079910540267441444e-09 -3.892606258439084283e-10
1.362080296193855081e-10 1.448191508713414696e-10 6.619265409804922335e-10 1.852095576011604077e-10 2.301032842672166540e-09 2.586586556764024195e-09 1.832983125860596616e-09 2.438329179210490705e-09 4.127729641263539709e-09 2.298329128326802544e-09 5.101899522266001796e-10 3.214996498785323717e-10 1.591638570591251264e-09
1.421897728904617128e-10 5.119983485331041454e-10 1.609169945736353131e-10 1.269379457658818602e-09 8.130822353472258927e-10 2.739618378857169661e-09 3.327549743437713234e-09 3.249021206350709329e-09 6.959477506881830508e-09 1.625532278055955464e-09 -8.245722441856648295e-10 2.013040357371377912e-10 -4.685832503101703452e-10
8.925475490178803201e-11 6.775349448527725430e-10 1.095770613439178820e-09 2.920184087809759289e-09 1.496534179460071927e-09 2.095854261612230754e-09 1.702210158050842303e-09 1.511729604817204777e-09 3.020164540695304036e-09 5.105370091046999629e-09 1.980222077128046050e-09 9.584234377217097830e-10 2.607129006372154378e-09
1.220056720750929260e-11 8.824085981012560429e-10 8.661311500227815269e-10 2.091683338187340754e-09 8.685019435874178043e-10 1.201569495715224966e-09 3.418358956960745790e-09 3.690767357231200557e-09 2.035245232316267043e-09 1.351050795302633465e-09 3.374488715337405484e-09 1.117316972119853155e-09 1.394110748836373484e-09
5.652760187923375297e-11 8.342446227154814501e-10 7.606023264782022120e-10 1.239960184089925575e-09 2.309584752540236987e-09 1.816594791818916262e-09 2.567122411296731244e-09 -1.874465718359830042e-10 2.562172905504215459e-09 2.456476742944266812e-09 4.168297148747851305e-09 4.272678787368596673e-10 -7.407906572143810130e-10
1.060022367845459472e-10 -2.399215614900140917e-10 1.443692573931556238e-09 6.190600220552840013e-10 1.153199982429237990e-10 -2.882888982661159625e-10 4.561265811293902958e-10 3.362512857326439479e-09 4.100726056130776646e-09 3.222128551073723315e-09 1.517187851474793701e-09 -1.225814620459289019e-10 8.728046342289210451e-10
1.115963979388816887e-10 -2.145345661765388190e-10 6.953587819038418028e-10 1.280626167008929434e-09 3.823821390486456981e-09 2.719348785275990040e-09 3.451870746336723769e-09 5.417359958043445112e-09 3.933479023662215319e-09 1.778763354596360182e-09 5.555339897722880690e-10 1.952990602322206254e-09 -1.025641211969168459e-10
-5.570585219859860481e-11 -4.229115799765272485e-10 -2.724664613761064968e-10 6.774766710564758794e-12 2.161489818392169517e-09 1.324065615940996702e-09 2.136386026836242811e-09 3.864943914150814171e-09 -1.028337616380925106e-09 2.552663557759617180e-09 3.899574457903848354e-10 -7.585169714458829958e-10 6.261818271165083417e-10
3.616026435616615597e-10 3.194715197237552203e-09 2.310194794197702862e-09 1.014163952048645507e-09 1.774559292330291307e-09 5.032612088068442341e-09 5.320390658928105563e-09 1.659876821224031223e-09 3.575480029387618001e-09 3.127561375395005136e-09 -1.357279732978089392e-09 -8.863789336269701446e-10 8.077413455373299488e-10
1.672229089170132450e-10 4.256956002503841404e-11 2.575679994008753097e-10 1.218235217644737136e-10 1.052425957786144612e-09 1.887669838968440085e-09 4.137704548507614484e-09 3.492928945563805073e-09 3.957824481081916247e-09 1.002285647228621850e-09 2.422302377482392730e-09 1.845758320548089673e-09 1.919632339395271828e-09
1.209470035892954674e-11 2.869882448259173365e-11 9.496983897136027769e-10 1.223000067030919064e-09 1.910586193899935629e-09 8.122117654545719715e-10 1.430904686644274766e-09 4.884627502951666573e-09 5.589106651188132158e-09 3.964752607079107620e-09 4.405396763372187209e-09 3.443648633518558828e-09 8.965635176341162295e-10
-6.483083455462714751e-11 1.316775738474608767e-10 1.597348686973286402e-09 2.256354183496027965e-09 2.298616265930764592e-09 1.608141950128848055e-09 2.910385643658620607e-09 1.730916774949391085e-09 3.389243587845523143e-09 2.590690808068027826e-09 9.106912444513491419e-10 1.657149356368454241e-09 1.318324210533647912e-09
1.629857551320381975e-10 1.046166184711615040e-09 1.352920946269461770e-09 2.293674870206350525e-09 1.945020918258077916e-09 4.491848058902603465e-09 6.610492862229522147e-09 3.692831361318391702e-09 5.104113165795102551e-09 4.034642759303296715e-09 1.248821920717226293e-09 -1.034742265404667038e-09 5.646083505002372362e-10
1.373352202826342198e-10 3.593254280843294726e-10 5.387572489534187885e-10 1.688370253634472492e-09 2.503592510217061963e-09 3.755217201129964411e-09 3.539333454346118072e-09 3.321385999424445880e-09 2.384753207408580960e-09 1.853035042446520535e-09 -2.882100845151878369e-10 3.507500991192474532e-09 7.646572398257782199e-10
3.427068123883578271e-10 -3.087214437818600918e-10 4.438235792330507091e-11 -9.455011961494509450e-10 -2.064965190876714754e-10 1.115118018193226033e-09 2.589435717805707450e-09 4.189013905618082296e-09 2.713035774730775736e-09 3.489967644606135728e-09 2.514801119424861802e-09 4.206120093508404818e-09 6.182171652820970721e-10
-9.602896701360840870e-11 1.007061106113893893e-10 1.793338060001431048e-11 5.391970169309690767e-10 2.234225171686401485e-09 8.622709091629000255e-10 1.117672278557457345e-09 2.277040324875078282e-09 1.460224602336765965e-09 -8.560864958331748413e-11 1.286179399810184397e-09 -1.792867491912191995e-09 8.853334414963621829e-10
2.094533269002219840e-12 2.925660681366234533e-11 7.200476670993398823e-10 7.285937322328149695e-10 -2.499644757379981998e-10 1.484029176681749422e-09 3.388749185682940472e-09 2.715640686439550685e-09 6.492552606643339255e-09 3.121485068732864666e-09 3.543297643423305358e-09 -5.691167443517535174e-10 -1.665801362373140941e-10
-1.230169336837111621e-10 5.958676030512095357e-10 2.483326990681811351e-10 1.639890420214731765e-09 1.504828545788665527e-09 1.483584872707769056e-09 5.008383958224348339e-09 2.316387274375844314e-09 1.666037536372924859e-09 7.997424495357969175e-10 1.081068090289185280e-09 1.731971598603495229e-09 -2.501215394156390787e-10
1.880860107993531491e-10 7.733619720745159514e-11 1.255030184145792558e-09 4.126144083769204033e-10 1.287282371506038576e-09 2.822042628881851822e-09 3.092015399510329779e-09 2.007521722513234768e-09 2.262128796650904471e-09 7.016752270701016720e-09 4.650693272964196021e-09 2.802716360200309575e-09 4.710783428179270749e-11
1.581238062298049710e-10 -3.451898076946269074e-10 1.210383825559148080e-10 3.857937154857370757e-10 1.391482090159336122e-09 7.033774468694080189e-10 1.372906268658153088e-09 2.781244299257460570e-09 -6.463798682447013732e-10 -6.307172713829533481e-10 3.891240733983967398e-09 1.279367432511526334e-09 2.985306216169226409e-10
2.115837795750588877e-11 5.001015710426258248e-10 3.215313044539770411e-10 3.436317389852268474e-10 -5.433325983573875453e-11 2.754660246680055351e-09 4.329165204040078297e-09 5.167576785402848233e-09 4.292719287472298155e-09 3.118060040554580819e-09 2.214475543232938616e-09 2.018319222008245174e-09 1.212240683074271209e-09
6.371204569317477168e-11 4.633775835947814931e-10 2.444668773964352935e-09 2.260015234828862731e-09 1.681254069198830180e-09 4.063534396080235596e-09 3.981515433689558296e-09 4.011361190938408609e-10 4.004858760231365334e-09 2.548138602118768359e-09 3.049969825939766006e-09 2.678686819248600588e-09 2.799220667394181954e-11
9.702835634174210355e-11 2.372441665811077062e-10 1.197250712422903868e-09 3.970147340655553173e-10 1.362653326262697480e-09 2.045364376496499395e-09 2.249711483679716321e-09 3.709287946628975016e-09 3.766697189486633849e-09 4.668910690765462529e-10 2.159249795032038753e-09 -6.349302633935928547e-10 -2.604931156003798558e-10
-9.240399920173556104e-11 -8.329558159430262036e-11 1.308018156565365844e-09 2.127882179073181853e-09 4.209061843205684561e-09 6.086995761438018240e-10 2.293691220578678002e-09 3.166820802665710164e-09 2.531498422810412914e-09 3.999185351772836120e-10 -6.965508205443029082e-10 3.441402673114896072e-09 -1.579170204069048566e-09
3.214155920026963519e-11 2.165960800864703198e-11 3.481559712750891461e-10 1.471569945026534330e-10 4.863950991704127932e-10 1.968910641369589756e-09 4.295914239120846981e-09 2.483262799209867181e-09 3.451644628109639216e-09 6.499225057452745921e-10 8.697977975358941544e-10 -2.905437651638118318e-10 -9.575813923716545168e-10
-4.832331227606247564e-11 -2.777003748384489878e-10 -5.260055050416389904e-10 -5.010524543639517914e-10 3.995545954246484984e-10 1.704827353547549116e-09 2.730795130685605899e-09 6.437259908417324699e-09 3.234164809366092257e-09 7.211913929324204708e-10 -4.395426115359589114e-10 4.902182109018399462e-10 -2.837263395312435639e-10
1.251691511482789234e-10 1.093590866163261171e-09 1.056031120333900499e-09 9.297925404552227147e-10 1.766553651375215301e-11 2.557784865806085327e-09 3.468927985680816744e-09 2.598730222114443970e-09 3.397771748549727065e-09 4.045752245830239511e-09 4.191746601854887050e-09 -2.346386343208433555e-10 1.417447603492231809e-09
-1.431649895987069176e-11 1.715369063225276863e-11 2.151987037348949651e-10 5.706681939500746190e-10 2.546235217625225564e-09 3.378096120186927755e-09 4.028332797250318415e-09 -1.381493472873054955e-10 9.009950143775856878e-10 3.949822903353267376e-09 4.254051583145651045e-09 2.719752778895235998e-09 1.343835121721193861e-09
6.359619926456484147e-11 1.081677023287071921e-09 7.399262843657881572e-10 9.510556049382813524e-10 2.213415989265920341e-09 3.991035713731780273e-09 5.450389939028060687e-09 1.794362393229672203e-09 9.910300598097005836e-10 -1.052016722570936613e-09 2.577223100721703994e-09 -1.686740033990159668e-09 -1.942704415148590375e-10
4.148104220832085129e-11 3.045899057937743243e-10 3.462523291171647702e-10 1.273810231116762855e-09 2.061189876297101044e-09 2.301991207018103271e-09 1.420070647786566050e-09 3.388948707671951254e-09 4.451710687460511367e-09 3.113266153125271116e-09 3.121530815153824249e-09 -1.029462194783773397e-10 1.646202628648807596e-09
-5.428974500978560048e-11 -1.116313013981482285e-10 1.200074230380227007e-09 2.489047545328427849e-09 2.970568295071828605e-09 3.546499051337021875e-09 3.004361752901798283e-09 3.092212875137194214e-09 5.367308304498280160e-09 1.715317213550829486e-10 -1.737964417302303570e-10 2.390170982954953484e-09 6.872128827003598085e-10
5.433390294465232321e-11 3.634404152716225138e-10 4.575616074463883001e-10 2.118267511772993234e-09 3.672857930460838608e-09 2.700112985236391733e-09 6.844458913458159724e-10 5.088123631579976845e-09 3.395297058004870745e-09 3.447324057894425745e-09 -1.126494025160861137e-09 -9.529260998914829345e-10 -5.040124311335735525e-10
1.428979499916361327e-11 2.233871235669673669e-10 5.841714706898732767e-10 8.558293080298290318e-10 1.888874648285717135e-09 3.397793363492706635e-09 2.470409052774509833e-09 4.094162230886789793e-09 3.726862227937701730e-09 4.174091567736192542e-09 3.157680301060940500e-09 5.221053972427941756e-09 5.389468140251593382e-10
9.878843977518623574e-11 2.078148529067955965e-10 1.563453885946779867e-10 1.177709769437269307e-09 1.903477852709580089e-09 1.006229529285487718e-09 1.780164879525675412e-09 5.212458041433660716e-09 2.494936466697295145e-09 1.904802999874246216e-09 1.832717185997889833e-09 9.967123128052886624e-10 -1.559981976395982916e-09
3.719305374183563999e-11 7.576402074847236033e-12 5.685159189564543124e-10 1.550336889797635894e-09 1.566618366520318230e-09 2.742377856565633132e-09 2.063057348436283388e-09 3.661352563292589746e-09 2.818193281877893030e-09 1.199878071970695649e-09 4.775665596326856674e-09 1.527452344473480243e-09 -5.887719805546924865e-10
1.831060748402099967e-10 -7.897283307393102517e-11 3.761341245746322388e-10 1.602566891814313947e-09 2.627672429147472665e-09 9.400675643471471336e-10 4.543636263133469063e-09 3.394766656660797871e-09 2.568901933706448886e-09 4.020875602262558301e-09 3.078221937612144746e-09 1.451265922949391176e-09 4.627009478946618773e-10
7.524805073547338571e-10 1.317016531821905487e-10 1.606600239553958828e-09 9.290038353921814448e-10 -3.140909245182969364e-11 1.300188340033312717e-09 1.123870660419105544e-09 1.416898168538909994e-09 6.143338939813353145e-10 1.748152838539317369e-09 3.774673152012182110e-09 3.964028918392067241e-10 6.922507046305056328e-11
-5.507003520416662298e-11 -2.496101452813876683e-10 3.834440944316128343e-10 2.602456157582264892e-10 5.770519047301407987e-10 1.023158488101603026e-09 2.446196653799315266e-09 1.649904855215266389e-09 1.288645147019598352e-09 3.432882969408603948e-09 3.000165518966024121e-09 9.197467782079686039e-10 5.233973238360691425e-10
1.111670770120094621e-10 -1.009191109049667763e-11 8.671317831975362204e-11 4.768735874784181696e-10 1.373617108407106574e-09 2.656183761182868299e-09 6.956724794139330877e-09 3.694385240953371969e-09 3.835541236559676335e-09 1.647980142768494445e-09 3.997957573856182681e-09 2.358558836189674785e-09 -1.414419607005209014e-09
-4.507824762473851393e-11 3.162157973783845090e-10 2.299703273407021459e-10 1.436328439213372973e-09 3.140787450211977317e-09 8.504060567610858944e-10 1.481464567074897096e-09 1.649316911861601748e-09 2.579797380636641664e-09 3.198363299339466837e-09 -1.151799825789522015e-10 3.313354651828716188e-11 -1.697052249011918015e-09
3.002663016103376880e-10 8.559613366315864984e-11 5.303936283621237656e-10 1.326727394412369554e-09 2.015897773569609456e-10 1.684681017931099291e-09 5.166793159980947048e-10 2.201516930967696923e-09 -2.281700767993937716e-11 8.965037068606255538e-10 7.501603809368337009e-10 8.107731240501635435e-10 1.280738756061396235e-10
-3.046015023959990194e-11 3.349300818192718760e-10 2.829687066770399602e-10 7.570991479168845310e-10 4.797311478030490434e-10 1.669406078072842921e-09 3.232099042678576569e-09 3.233113369168613726e-09 6.213907438130695759e-09 1.944786930174351512e-09 1.819213905241443155e-09 -1.454849984702244429e-10 -2.365056634169365910e-10
2.731625175783921257e-10 2.610965401365187168e-10 8.231135961538604501e-10 3.731817871653286165e-10 1.244849396704057193e-09 2.732265450912163404e-09 4.187452755907833224e-09 2.707794758904394234e-09 2.341877182042727520e-09 2.862315090290724975e-09 2.334000878407280891e-09 2.191412769358840435e-09 2.028294122634231090e-09
4.003024304176242823e-10 5.135534991435718618e-10 4.878668318087338424e-10 1.233017598009257929e-09 2.657854954275543769e-09 1.817624777057889963e-09 1.876361922764850984e-09 3.558736279631700758e-09 3.309583757512167723e-09 3.535620288340719622e-09 4.355817472390504468e-09 -1.168598160395573640e-09 -1.153555946614213730e-09
2.445178015794665565e-10 3.967586791354073483e-10 1.033415278268130503e-09 3.327524788137435905e-10 1.859252941479070313e-09 8.758911139991300347e-10 3.729960553915348567e-09 2.493107164254573341e-09 -1.730894032548558945e-09 9.451619738352826312e-10 1.306026260542307234e-09 3.149003425615417453e-09 2.148666092898981780e-09
2.497619932582938984e-10 -1.849369218946521160e-10 3.904539266481096433e-10 1.662042095487455785e-09 2.398051877046629901e-09 3.620258739119825895e-09 3.283673504365276574e-11 3.538703933728728910e-09 4.172304543086318932e-09 4.562532473279380289e-09 1.339732162694220303e-09 2.607574146473550379e-09 1.424699155522409546e-09
3.986402864387585201e-10 -3.136968983798517473e-10 5.393576846739039092e-10 1.026160307143731941e-09 2.086080549415080805e-09 3.082889966733677548e-09 3.972935919579122393e-09 2.897577720114836672e-09 3.012121198927587743e-09 -3.276766998984381256e-10 2.362761283417237102e-09 1.639414408939095811e-09 -9.003364939707086765e-10
2.560396882378525826e-10 4.160409431413443582e-10 6.601390823036873494e-10 1.559383216690436016e-09 1.784859536872391842e-09 1.253944599062335285e-09 -2.241803972047425413e-10 3.866612467841838830e-09 1.930178884549282048e-09 1.739649597075326922e-09 7.147864646546210129e-10 1.687980744443826407e-09 5.590830837361780265e-10
1.911485469939367678e-10 2.022051048941736697e-10 3.303764816821879277e-10 2.722928726006018012e-11 1.575262048314329398e-09 3.137196799458036739e-09 3.012545502815014445e-09 3.431024096868202044e-09 3.092351404216713655e-09 6.061370904436158256e-10 1.800394000979449733e-09 -2.788172508241053070e-09 -3.036787968630832317e-10
1.963389976810314016e-11 6.206868804179033420e-10 2.006513689737391434e-10 9.658229766596322243e-10 7.159789112996871131e-10 4.566712889793640866e-09 3.989245705680927478e-09 2.708486000872294617e-09 -2.436262077841576024e-11 3.788207593653021396e-09 4.104581528227770808e-09 2.019849389922367632e-09 1.347247063873312519e-09
5.594727758784401556e-11 1.325816369035711139e-10 7.131613822170327336e-10 5.356666420546173759e-10 1.668214456885236294e-09 1.134448182039840941e-09 2.372828065574649741e-09 5.865357965279900168e-09 5.220373766052659663e-09 5.462474208568085008e-09 2.126007186738550380e-09 1.359417766156914364e-09 1.831932596577191458e-09
1.161071768038683867e-10 1.065757276240384221e-09 6.668042537963231115e-10 2.311862894126161117e-09 1.416133074453774485e-09 2.582338793139450468e-09 2.868695400571796468e-09 5.684631976391868540e-09 -6.251560726104087277e-10 1.235959322658267952e-09 1.719300186194213208e-09 2.085987742026111923e-09 -1.107618081105734175e-10
-3.326312196550905250e-11 5.095459676181079815e-12 6.370690633868986732e-11 1.032929896727583089e-10 4.731796655730851734e-10 3.492695460047170580e-09 3.010026046661847062e-09 3.130583595115777314e-09 2.991578576596439643e-09 3.688955916389510554e-09 3.276406166327828823e-09 2.520979274135625512e-09 1.598412173695295604e-09
8.822319333316421542e-11 -8.054155293939711266e-10 5.380813890805742695e-12 -9.753832968830751314e-11 1.695393456325310287e-09 3.592216559093205123e-09 2.113066819210147074e-09 5.004535710411180611e-09 4.593539784066724803e-09 2.846610797309775593e-09 -2.185788965788734962e-10 -1.779356549200135095e-10 9.619484972248327331e-10
-9.418062784301008180e-12 1.965802773384566960e-10 6.023484733145666897e-11 1.524072837394874046e-10 6.340721585309505682e-10 2.547923615385714838e-09 3.571210809788686999e-09 5.356348060707260990e-09 3.069009578740108516e-09 2.790534391794572054e-10 3.147274598261884926e-09 -2.388600721192790829e-09 1.229251335658450782e-09
-8.732042600137497033e-11 2.339372272689831642e-10 1.965090317895970586e-10 5.618890521127299380e-10 7.710875770353929002e-10 2.434330749942000205e-09 2.938695868595450424e-09 4.412720540973244129e-09 1.856640035318150375e-09 -1.875135569192745511e-10 2.085624006094496058e-09 1.845130034661742549e-09 2.446441905093747056e-09
4.358945858000202765e-10 4.575566236661230059e-10 7.356125913308831111e-10 5.258899076032179565e-10 4.185032253077206452e-10 1.666179897440153832e-09 2.556760462571085536e-09 -5.316072780575508640e-10 4.945084113079170272e-10 -5.452879578375046166e-10 -4.692952956716196329e-11 -6.838874644566742537e-10 -4.260172868743605550e-10
-1.187072758744609964e-10 3.945726220218222029e-11 3.057033567583141949e-10 1.100577779901973901e-09 2.676724927821047940e-09 2.015583096216868984e-10 2.662813517837786890e-09 1.314523041809040094e-09 2.723388497467606385e-09 2.494744661781948134e-09 1.993010343201008430e-09 -7.422263032833719126e-11 -2.323721514216997028e-10
-6.898940724313446331e-11 1.909950748818990231e-10 5.141968715098921229e-10 5.009435483466354484e-10 8.372135355569936219e-10 2.255789112130030287e-09 2.848671719834787379e-10 -5.354911304128431006e-10 1.127216166689753739e-09 4.102780960289197963e-09 1.711133808132858638e-09 4.040569480963765498e-09 -9.009182234552604771e-11
-5.022180960965315879e-11 4.571605039678971024e-10 4.016717356271728325e-10 -2.108931381167988301e-10 -2.493778058514333562e-10 -1.247560945357872612e-09 3.043486568972754202e-10 3.991398827976540910e-09 4.015610380914498200e-09 4.537684520202837779e-09 1.550703005535562717e-09 -1.665291941011921790e-09 1.195205597210191414e-09
-1.257261973461871066e-11 8.359565246823773322e-10 -3.846034509143104640e-11 -5.058406773190382676e-11 1.556240892138279905e-09 2.269990267380415469e-09 4.909506931095437880e-09 4.928916828187762377e-09 3.831647359264997835e-09 4.282297021619021535e-09 2.641036124638273315e-09 3.865221146141585811e-09 1.130367438943407531e-09
4.302937551692766679e-11 1.655109597772759241e-10 6.889050102497573154e-10 2.605939078549275168e-09 6.775811634423610765e-10 1.352673743465366425e-09 3.283087051404332208e-09 2.269401023922351535e-09 4.814594982888432677e-10 3.012179951915200036e-09 2.550301271156619192e-09 1.331089726062259466e-09 -1.017153028045028521e-09
7.913499503285902312e-11 3.718312411833717079e-10 7.696740926362943140e-10 2.197549316375520941e-10 -4.390485049875136779e-11 1.873539441848670203e-09 2.531814608379914894e-09 2.115046658129364196e-09 -5.112422963053297519e-10 3.184124263236715463e-09 9.637568916584814019e-10 -1.523426920559945142e-09 -8.900998551929598414e-11
-6.846223929528009339e-11 3.690028448494732132e-10 5.373375365758323244e-10 -5.872051787563110112e-10 1.188949734555088575e-09 1.632819127069459774e-09 3.792164932169286226e-09 3.815061732006507635e-09 3.302666528069284537e-09 6.247624275395364724e-09 3.422571146090888411e-09 1.177053288540223872e-09 4.326485645782626550e-10
1.317551865102664384e-11 1.223518738973000522e-10 1.741949591183265789e-10 2.292977873511772439e-09 1.934186979172380678e-09 1.039427719165040348e-09 3.238372004109590109e-09 1.490373713726476036e-09 2.118717469504367439e-09 7.850517436183252859e-10 4.132879543960297085e-09 -1.386845139852961289e-09 1.586611456019736144e-10
1.662805532747994768e-10 -5.568212011504222884e-12 8.339508209385628939e-10 4.831190187127197763e-10 2.371084350001729103e-10 1.711537967666368520e-09 1.779847343770710423e-09 1.005770761008836926e-09 4.539681327735830590e-09 4.583057022806616428e-09 -8.171079359669723653e-11 -5.418389272655391494e-11 9.579391365204825352e-10
2.032234064341918974e-10 5.615265494104853967e-10 4.226910944250366647e-10 1.356417074081305144e-09 3.062051831345937703e-09 2.599025410701047867e-09 4.240426419793542526e-09 4.939406575499586226e-09 2.714294746261065056e-09 5.316624112081298604e-09 4.204090794629071566e-09 1.464459560140082035e-09 -7.597135603057155043e-10
3.940542266417087237e-11 3.074761986941408088e-10 1.232394834305712624e-09 1.889127787700634713e-09 2.288782968095387922e-09 -1.514452342874589432e-10 2.996472680389310942e-09 3.145195613774219107e-09 2.124751561535708835e-09 3.967023099700616011e-09 2.116075861061481755e-09 3.585795930305829382e-09 -5.501499181726860239e-10
-2.785734469861133243e-10 1.619545318992762324e-10 1.630294508628270731e-11 1.148155103737044205e-09 1.640593968806779478e-09 2.607128806893113905e-09 3.128750746897530700e-09 2.395089124279871839e-09 1.079472150343238656e-09 1.334470605879328509e-09 -2.049963896402409768e-09 -1.192338301659905316e-09 1.129419102346916680e-10
4.485667448888573989e-11 -7.058881658499430288e-12 6.339247063638869193e-10 1.000113522827101231e-09 2.919407565613649482e-09 3.671665894797133968e-09 4.031895280754358288e-09 2.107890996253588324e-09 2.204690502684302333e-09 6.243383479444560001e-10 6.010716422406186798e-09 5.117750367592296054e-10 -8.920923363070258396e-10
2.640121417204082066e-10 -3.712435837154933511e-10 1.873226122303683930e-10 7.449642503904680132e-11 8.929090324917562690e-10 2.446723903616097396e-09 4.302497025355166812e-09 4.400335352713397143e-09 3.755560138759357717e-09 -7.434520300205144906e-10 2.117828799668080488e-09 2.137550310283817933e-09 1.051297536254519885e-10
-1.608670290858925414e-10 8.663308785597458293e-11 1.198065090692030701e-09 1.683170777804090711e-09 2.047493917291087323e-09 2.640065411883545251e-09 3.224490166886730847e-09 5.114286064354447853e-09 3.642492547323274028e-09 1.890486418692077245e-09 2.908886455323805950e-09 4.393853552731144389e-09 -9.183808923445498934e-10
1.594623992471657092e-10 7.718588590141829467e-10 3.279701056706240754e-10 -2.017051928924763735e-10 -1.606294059720735278e-12 4.191810958625797775e-09 5.990372819490134570e-09 2.623774403301467750e-09 2.228698626332099871e-09 1.238690870918276088e-09 3.871167499323361308e-09 8.736782312689725049e-10 1.143173403344138127e-09
4.568276274669851454e-10 5.496396637211417908e-10 8.984706513804841032e-10 1.976726403202934474e-09 3.249213647520485289e-09 2.841085763833920815e-09 4.169723961302041646e-09 5.633957973989072410e-09 3.780605746230519881e-09 -4.462678562184941273e-10 -4.754470584219716023e-10 4.962704111071779722e-09 2.036981651379804925e-09
7.943717247729795052e-10 7.701295565173480518e-10 1.010692797668966792e-09 1.327202547411487076e-09 1.957296809132457016e-09 4.022061909128897849e-09 4.435780171294575597e-09 1.698878531320360063e-09 1.524002918888001964e-09 6.032378013898438776e-09 1.187264863881059450e-10 1.763393219132150350e-09 -2.791623547154055548e-10
-9.191825677556496144e-11 -1.402353997627946688e-11 -1.967997849816792486e-10 -1.141040893708312181e-11 -2.755307227754462238e-10 2.364073722906841829e-09 2.792347406019277282e-09 1.678921545767340077e-09 3.654406904158307500e-09 4.825272715341172115e-10 2.039028917826230857e-09 -1.138717441311318200e-09 -3.971158317460120658e-10
1.065420359940642428e-10 -3.901464082458643789e-10 1.394268113359512675e-10 9.617172843688507154e-10 3.878182712403061647e-09 4.664729587140178453e-09 2.940968718300289957e-09 1.445138461437784662e-09 -1.140414586289731996e-10 4.477168378412157723e-09 4.041132116871438331e-09 7.347621647799982689e-10 -2.637666759829183887e-10
-1.730804415220955431e-11 1.748246062888686403e-10 4.081391129623832869e-10 1.032832014738401051e-09 1.869615739906725510e-09 2.161011293418712991e-09 1.167954907541324369e-09 7.395976214131657563e-10 2.010125924734899273e-09 4.254764578371464626e-09 1.499083000917947847e-09 2.526821005546289512e-09 -6.675252338965645761e-10
1.241407649131362835e-10 9.129493064216526144e-10 1.015054938697934179e-09 5.592765477097294024e-10 1.137273760426742832e-09 1.893120612088186645e-09 3.408089483377547728e-09 5.186276245574793255e-10 2.829344294395688600e-09 -1.804219054302496522e-09 1.800772427788057671e-09 4.324136492077394727e-10 -4.040985268393271084e-10
-5.991368437415322689e-11 6.859825317118010015e-10 4.770333012279945696e-10 2.893598078509776890e-10 2.288906875139337690e-09 1.979883789358947557e-09 2.394049214745555870e-09 4.313088088370854976e-09 2.888537848657641967e-09 3.575047745084821747e-09 5.646023376999966875e-11 1.385002711344512137e-09 1.349566885198176762e-09
1.235758350529536804e-10 -3.107642507488401259e-10 1.928434464967311751e-10 5.540402767194454153e-10 2.505441291853877749e-09 2.273164163348571834e-09 4.532022901885786843e-09 4.037967795391617975e-09 3.545335442776697701e-09 1.681459292693578672e-09 4.521427814467782124e-09 1.671595160237417012e-09 -1.181833639115974630e-09
9.069045622285614810e-11 5.719281279196425713e-10 2.156284793067752753e-10 6.909080694427954545e-10 4.873118965573726333e-09 2.507359344053699374e-09 9.899914424882058266e-10 3.192112234474350483e-09 3.701787564812800862e-09 -1.252714350753404839e-09 3.063769742209694036e-09 4.538662068036833680e-09 9.927309581116261531e-10
3.572952720838472735e-10 1.945647373079773969e-10 2.388429814131381563e-10 1.127222520490593396e-09 1.082708472216989300e-09 3.324335322401567903e-09 8.312709019596044599e-10 2.689588967772675349e-09 2.849326373044988613e-09 2.789764534185854233e-09 2.712384347520934158e-09 -8.931026580477792123e-10 2.161190383353427940e-10
2.032395015670212563e-11 2.123969268359348014e-10 8.900873527618649279e-10 1.261076069937931904e-09 2.272499275778785932e-09 2.834561572527183953e-09 4.939598392763372453e-09 4.478525402559583044e-09 1.887027174383551689e-09 3.198363770927236947e-09 -4.863365144784127689e-10 2.567649142608103588e-09 -1.221883258348618453e-09
3.296285782596250817e-10 3.088949669828479289e-10 1.198699686007510070e-09 1.236974634721167589e-10 1.846427731537823081e-09 3.890799143515900320e-09 1.972578534000270354e-09 3.496130382994682131e-09 7.899947188877354293e-10 7.242699237122811003e-10 7.287387320444516783e-10 3.189247047227793734e-09 2.856041900256427002e-09
-6.318313220851057743e-11 8.729753190670087757e-10 7.323701749531717329e-10 1.849603787226407810e-09 1.374015866885892865e-09 3.013018052371245370e-09 1.608852936409906634e-09 1.900635146566285461e-09 2.192815124020403067e-09 2.376509999882524736e-09 -1.456200986579553224e-09 -1.435514341443353486e-09 1.338923389223238909e-09
3.005071445873749532e-11 8.541153892813869278e-11 -9.642587056211295429e-11 1.128291723527575052e-09 2.349204438337764474e-09 2.593209030022681709e-09 3.822583038856044104e-09 -5.070467281881068113e-10 2.497363176711765415e-10 3.427938889029207465e-09 3.639425830470372997e-10 2.048513790929023627e-09 2.411927315804328710e-10
4.100625203526189633e-10 -2.511496314028629695e-11 9.309596205854103210e-10 2.019612917914793893e-09 2.305716310569843977e-09 2.822614161055857338e-10 -1.719255371348599308e-10 2.594643947771660696e-09 5.928756940652019456e-09 3.712010908389219619e-09 -2.843148980851060236e-10 1.345725487350517993e-09 1.894592451077995552e-09
6.338954980828207112e-10 2.736915846021432807e-10 1.318767106360594042e-09 3.083884207943025406e-09 2.925838451694436702e-09 3.894688295091657685e-09 4.170084984326597551e-09 2.401618658997738806e-09 1.414036129819143511e-09 5.321534218449525740e-09 4.933559772487033986e-09 -1.277985996827366354e-09 -6.749691239307967079e-10
-3.701411496954762418e-11 5.548269797804015643e-10 4.038592524065584404e-10 1.219205032577560300e-09 1.349093537375947963e-09 2.330784250279990504e-09 3.243972446112574830e-09 5.874513394414728503e-09 4.519962787461262751e-09 1.541727690459544592e-09 -2.193666278274085644e-10 1.866836480616325835e-09 6.629844895745205896e-10
8.538230473015639557e-10 -6.364817787910796987e-11 1.784523129520522112e-09 1.022701648802002077e-09 2.425932173389617060e-09 5.329537964492925996e-09 2.955864382840713417e-09 1.558324174302340092e-09 1.093007056027051380e-09 1.327958633230826573e-09 2.350765766946711456e-09 -2.730862196409612207e-10 1.307208931686272475e-09
1.279430565244119383e-10 5.478333405821642858e-10 7.906873083978525834e-10 3.805503832169663874e-10 1.126653036253107059e-10 6.107229045814419850e-11 3.102035322861465489e-09 6.933112727808962980e-09 1.849378518727780399e-09 5.125929908299830042e-09 2.350705760790022600e-09 2.584355266793817938e-09 -1.214942298758024606e-10
7.892272115066319148e-11 3.915359525816968282e-11 4.204877180414096966e-10 3.837146319163386401e-10 2.441527076227864774e-10 4.021485831939486836e-09 2.259358354689412866e-09 5.019658927379201896e-09 3.483947809237119150e-09 2.593321799538721129e-09 3.994302983721043229e-09 2.443306066201427789e-09 1.913162779542135281e-09
6.170501821634811259e-11 1.961452856306102403e-10 8.566870976361459786e-10 1.186104093977182912e-09 1.964355527922463688e-09 2.280827023579860915e-09 3.413227968545141983e-09 6.726179542192887700e-09 2.596256002512497680e-09 2.461899850317726175e-09 2.824003659096696786e-09 -9.986142631343795376e-10 -7.545844760955138400e-10
-8.854693216702474243e-11 7.536711654252524808e-10 6.373221958443933976e-10 1.686819131496960360e-09 6.960779125999543294e-10 1.227089049848429757e-09 2.760611585500687846e-09 3.685191311891535013e-09 1.638444816781012322e-09 9.266639879285060400e-10 1.708642188411005111e-09 -9.603813815651997288e-10 1.301142854113412430e-09
1.051834027082783059e-11 4.590134834330082944e-10 5.304922701658128776e-10 9.963892173275235241e-10 9.333780241838148179e-10 2.234570812653922305e-09 4.163378171352284032e-09 2.120983439645140625e-09 3.027740038531825449e-09 1.120418456069816455e-09 7.458479740926359521e-10 -6.134248759784048832e-10 -1.638148344977365799e-09
3.064918505036590318e-11 4.041643599283052706e-10 6.974116916799735853e-10 2.329293908080800124e-09 3.472176473442693128e-09 3.032128909278223969e-09 3.984162702559526000e-09 4.683797668527180578e-09 5.476448341005603153e-09 2.009022397907626061e-09 -1.065895746275897121e-09 1.212797213498284918e-09 9.670713435479863287e-10
3.063532750330274519e-10 -4.313922928488326476e-11 7.796257717078609677e-11 2.274180980687427539e-09 3.710783569965777740e-09 2.646853804448296700e-09 4.651219687595611735e-10 3.959598098473446110e-09 2.880868967134537131e-09 4.866617746822750049e-09 2.236744239624477103e-09 -2.793949159362461539e-09 1.447814648679258522e-09
4.085531102226315770e-10 1.638876433854453877e-10 1.512002692517211458e-09 2.945433027426259666e-09 2.766423684173990906e-09 9.055823106877525392e-10 3.832111582404231389e-09 4.514790325022788804e-09 2.220814679288190475e-09 3.959763363134017830e-09 3.271038930952064927e-09 3.227425093173051322e-09 2.100543883109210398e-09
6.534963279571563791e-11 2.815277475375792850e-10 3.722150767321877688e-10 6.682287918680949390e-10 6.287072750246847788e-10 1.241908666400967115e-09 6.641809201142983068e-10 4.122696523348572340e-09 4.560801581660385804e-09 1.652823605497844563e-09 2.995753641173264504e-09 3.408612330459938185e-09 -2.832576585947567138e-11
7.651958420799471050e-11 -1.687806501007085463e-11 1.016847193334625562e-09 8.691455254051373089e-10 1.156613495008232058e-09 4.457031876584296175e-09 5.211437596832248986e-09 3.467898489853131272e-09 1.903751355158405196e-09 8.943183622783359283e-10 3.265950188138743219e-09 1.664359928086256574e-09 -1.356285210325123795e-10
-8.005720061674007951e-11 4.112563568282731373e-10 5.472888517706217959e-10 7.244809557322274942e-10 4.571288292113146791e-10 3.449204185170366089e-09 3.607961343417864167e-09 5.612590455285242907e-09 2.186396724077993892e-09 2.817647881894436906e-09 2.021129371064435363e-09 -1.097918273501619124e-09 -2.892102705031458325e-10
2.249764673156394402e-11 9.228007144988763437e-10 9.676489068874132061e-10 4.122628709272807845e-10 8.112422096698883517e-10 2.406065143554828128e-09 2.979634258489752591e-09 4.152355478587146611e-09 1.225417785937043278e-09 2.503627466606550337e-09 4.074592027860125047e-10 -6.834296504561047827e-10 8.230007851131820204e-11
1.359461153465527648e-10 -4.875393654783098278e-11 3.406309037673185874e-10 1.829818224592967424e-09 2.813826917640287724e-09 1.284596590815053316e-09 5.270779265846175579e-10 -8.562985594939410613e-10 1.509139274367033535e-09 1.329772611008243515e-09 1.237736376000521263e-09 1.202196182857670362e-09 -4.293380677727064164e-10
1.694791415865311098e-10 -3.593523611469961126e-10 2.932947467247578318e-10 4.781252693880039138e-10 4.187819724513174984e-10 2.791478012768455624e-09 3.194275604495755683e-09 2.415814154926279757e-09 2.846176548865398462e-09 7.154414640997863438e-09 1.340713204207345620e-09 4.163487563002933164e-09 -4.035956766882998239e-11
7.415449269757489643e-11 -3.915885573773938253e-12 3.213476922007388140e-10 2.986494041846005219e-09 2.837982514584532708e-09 3.368757502597258498e-09 2.507582817011367794e-09 3.928940830567812813e-09 8.251873147833838899e-10 5.851277647327127727e-09 3.357112462294507615e-09 2.264047237098038201e-09 1.376542975547571234e-09
4.205175259186768163e-10 1.023901646380327597e-09 7.350905828614541995e-10 4.635731620054695101e-09 2.311361123201899306e-09 2.192781052526637113e-09 3.256726881464445458e-09 4.334773998191332726e-09 2.972750794934087376e-09 -2.179774353740976797e-09 6.433878375904105530e-10 8.149484110870431378e-10 4.428688264626335077e-10
-9.363316260585388039e-11 5.779005959518630361e-11 4.709112380611171923e-11 3.496739603646389509e-10 1.360795524237700659e-09 2.615630719337434839e-09 8.021181892128878293e-10 -9.152484403289700371e-10 3.318049100372882945e-09 6.108774304873038774e-11 1.943723500563039782e-09 -6.759436237946681219e-11 -1.565783193121966614e-10
1.362317772323370066e-10 2.825931452579009528e-11 6.023494222289175642e-10 1.594631218848696067e-09 3.753263064706047129e-09 1.459273332978697666e-09 1.581585107834309890e-09 1.971065454175732735e-09 5.144922058708477341e-10 1.615821827539445382e-09 6.634819731729172354e-10 4.500439387226424729e-10 -4.342075367960474003e-11
4.904538393833536460e-12 9.011137278753541282e-11 2.028155869898603902e-10 1.115766938640719723e-09 2.206177221265813345e-09 3.802078878147916698e-09 3.506448839905087877e-09 1.941260682311996390e-09 1.445891080750641912e-09 1.626587477077071700e-09 2.616407827555536653e-09 6.210048498362319092e-10 -7.352780012522150161e-10
3.701853853625579623e-11 1.925212529375500520e-10 3.643261519920922944e-11 -3.865327897460706255e-10 1.292586768814821061e-09 2.681584105116817593e-10 4.339212374910591995e-09 2.736634104371337228e-09 2.842232158872094694e-09 1.141472502937349746e-09 5.796375421175088294e-10 5.563241531855101523e-10 7.853080447621254250e-11
-7.678870700993371593e-13 -6.462017573257071499e-11 -2.336514460713629750e-10 7.783825197205594790e-10 1.615319950645157395e-09 2.382260078572251466e-09 4.658058455563517397e-09 2.071121719306639001e-09 1.084373553357773789e-09 -1.480211597517856484e-09 4.773330690765362583e-10 -9.915926184275395538e-10 8.868335430328411243e-11
1.205610397946833040e-10 3.050945324448642302e-10 2.762419072321940599e-10 1.915382628985442700e-09 2.492429166412095479e-09 2.954402953782013858e-09 4.952443144491443736e-09 9.039391955876334652e-10 1.731853881148199986e-09 1.862121273258318043e-09 4.536565198631528008e-09 4.205321575871265097e-10 -1.801826245280100784e-11
6.343313191096057357e-10 -2.065277137087752473e-11 1.023529187803390234e-09 6.968875240919099530e-10 2.826423153780379716e-10 1.953468761753371988e-09 3.813118165168204029e-09 2.108020188752989807e-09 3.830558251510959866e-09 -4.413898946757697677e-10 4.376835853347731331e-09 4.469014295951863885e-09 1.565840840566174174e-09
2.759580199523855359e-10 2.291271205025150458e-10 4.833396948640524463e-10 1.101885073256074852e-09 1.021982736733152561e-09 1.429966099553433697e-09 3.005033222468671099e-09 2.062744342610139214e-09 5.014068702909185771e-09 2.439541065685061184e-09 -8.274597782701689165e-11 4.922624617250752541e-10 6.351619579982206956e-10
2.616618423345368309e-10 3.617686694379186791e-10 1.164243097819482277e-09 2.754565015461104548e-09 2.272476686615216983e-09 3.316123624292433156e-10 -7.652609261482224233e-10 2.288300962127562078e-09 1.822099423253950320e-10 1.911452196020826497e-09 -9.219897715985691820e-10 1.354921123042593857e-11 -1.287776785000254898e-09
8.274935371776950393e-11 -3.139435740828148531e-10 -3.411783737079964128e-10 1.327876082533187770e-09 1.562083610395734992e-09 1.327372443853996240e-09 2.738794098205459241e-09 5.196839342013976727e-09 3.167027405570981985e-09 5.202146709673151675e-10 3.909837517699564321e-09 4.889503963081819551e-10 -1.599142122659506856e-10
4.596476992628325621e-11 -1.806593539047695410e-10 -7.318857083155493409e-11 2.930718344242074420e-10 1.408041940767672606e-09 2.599222785671455532e-09 5.667124236834585388e-09 3.958915014263825837e-09 1.197315573519426726e-09 3.065912163501720561e-09 3.375589847948534465e-09 1.447768676043240651e-09 -4.776593671150167222e-11
1.118733030539408072e-10 4.198716683965219642e-11 3.904226406319619488e-11 2.769470191123614700e-11 2.426922423353066524e-09 5.487153434481865767e-09 1.513634360644017449e-09 7.973084987763459789e-10 3.262263400988273738e-09 -6.911200468621296407e-10 8.713269484009284459e-10 3.267783525205742511e-09 4.598638671773540295e-10
-2.209266342338400902e-11 -1.380674869267846652e-10 -2.405070162519944357e-10 6.100712447490885206e-10 1.584689625391436464e-09 3.806395114389195217e-09 3.982369039141954833e-09 4.735460497763568587e-09 5.257452141660748606e-09 -2.370720191947373390e-10 5.301777526696560779e-10 -1.684452026985496652e-09 3.316867675830156836e-10
-4.132071217527935519e-11 5.465731393726540638e-13 2.476808837628340683e-10 1.001476452424640957e-09 1.484722681773273364e-09 3.183211649457438919e-09 3.849848761964334912e-09 2.023201169252969305e-09 1.988455925853840562e-09 1.597022702050006432e-09 -3.536365002148599489e-09 2.009753877463925380e-09 -1.701757643008008957e-12
6.668982477462146959e-10 -6.503058062894865865e-11 1.851176969119115637e-11 9.430354630958708076e-10 2.085978523155804766e-09 2.728666530044117986e-09 1.956859459008244645e-09 9.721130237943116710e-10 1.000233504578302051e-09 -1.623442887442898296e-09 2.761112231929964156e-09 -8.467069362464907283e-10 -1.715011977183719040e-09
1.112223779569095585e-10 -1.849281395953498752e-10 -1.294046203070307979e-10 3.947347805881118543e-10 6.335386099998477756e-10 2.018379075394227588e-09 3.757175212629293262e-09 2.168005456645235315e-09 2.762277708800191926e-09 3.851429816150214814e-09 5.823933751084000883e-10 -9.233706404649542358e-10 -6.486160611541412291e-10
4.839800426855596052e-11 3.967689090093141318e-10 4.632147226513262741e-10 7.480330076564251870e-10 1.800836362267828844e-09 3.215473421650918289e-09 1.577904183319067077e-09 2.653578771576895712e-09 1.752836522078800755e-09 1.297437398700375819e-09 3.194673217180824092e-09 2.711563476866305436e-10 -2.859704913181047071e-11
2.371641380142282134e-10 9.180756101021398323e-10 8.184969834210230806e-10 1.108113961494616594e-09 2.775475481607341943e-09 1.696784998508925415e-09 2.885969989584742376e-09 4.187290359835402921e-09 -7.847969140823593581e-10 -9.279163001501919037e-10 1.817967592889472467e-09 3.765749451979316625e-09 3.974491906833341810e-10
3.908667348402413728e-11 1.356463259687543207e-09 1.242355082498782807e-09 1.174993567060090371e-09 2.270347300177311221e-09 3.134358791519625194e-09 2.885019782705716762e-09 3.045979048430645198e-09 3.344067324123382098e-09 -1.143004841422986539e-09 7.812482184921303904e-10 7.331105304734214670e-10 8.441033142790987505e-10
4.676596310321774849e-11 4.520994404341956932e-10 4.681129745774113819e-10 2.826768189840160842e-10 1.518086809973083474e-09 1.107352964679860817e-09 3.655751971060052017e-09 4.331049217248869754e-09 3.985188158747365698e-09 3.660811491838803183e-09 1.434022064780028194e-10 1.077066016420385346e-09 1.289000617375979007e-10
-6.052501173781238649e-11 2.636196346364728544e-11 3.292649010517642010e-10 5.535420689005304014e-10 1.278443017801743527e-09 8.947178982400953268e-10 5.700609811267392285e-10 1.794856437933218522e-09 7.745879165184843266e-10 3.422568923310221557e-09 4.191493019916354441e-09 1.080594185294269522e-09 -1.722894329197918982e-10
7.885920499771258663e-11 3.310604279380196217e-10 1.045539870000508230e-09 9.672567605008401475e-10 1.715048842851945033e-09 4.075228313452330018e-09 2.055409582774619610e-09 3.981153118839438191e-09 3.470798192363839465e-09 5.150390911264707206e-09 5.135781894555930245e-09 1.113809583664390151e-09 2.793724352224785272e-09
4.681577754457692642e-11 2.339553805267712398e-10 3.693612838433400531e-10 1.668690241070184757e-09 1.449908596251836380e-09 1.577564154070134303e-09 2.044787791913350034e-09 5.771487995469365599e-09 4.022558566993627214e-09 2.432964383586648428e-09 4.092047724803066750e-09 4.393720724116094056e-09 8.638891398990794123e-10
-2.453935036813651477e-11 -2.614695975330034659e-10 -1.819254807415160439e-10 -1.329824003598311970e-10 1.736100716462452854e-09 2.553947210861142203e-09 1.394680288264868347e-09 1.942368594870445143e-09 4.265060624130880034e-09 3.488085560951928722e-09 5.343029550364870780e-10 2.901506733703905873e-09 4.395928581103458673e-11
-1.101973471265569065e-10 7.787193295997769207e-10 5.527575348032985617e-10 6.461247860250300693e-10 1.827796628996197422e-09 3.356512027547158609e-09 6.197027695515212569e-09 2.375058190856755492e-09 1.097398691106009663e-09 1.565939384218281774e-09 2.000751915028474135e-09 -5.183853059754395834e-10 -3.315325858556856480e-10
3.972497815199300038e-10 5.589721795257166359e-10 1.686610505634542145e-09 1.490923624056002640e-09 2.034912082188092981e-11 2.224874722406103716e-09 1.664468042488662103e-09 4.577987502299671970e-09 4.626677859920607590e-09 1.386434482476339326e-09 1.995342225598354066e-09 5.603060829149690860e-10 3.493580474372841578e-10
7.963586320836843008e-11 3.769926399756375993e-10 3.542696863587664245e-10 6.856716563295396008e-10 1.943175686593593657e-09 2.734217858729350154e-09 3.466232081600891127e-09 5.096484007676637470e-09 3.999103276688280783e-09 3.052517375256427450e-10 1.303286603878465127e-10 -1.970568361633795327e-09 -1.254665172724423533e-09
1.363672430608710659e-10 4.359855131925866196e-11 2.884414437634063062e-10 6.840790121022706492e-10 1.218237310541672745e-09 4.030342596968609251e-09 3.944938551061971052e-09 1.830693092397684465e-09 4.841751587431353567e-09 2.068960802261068638e-11 1.154138420218337735e-09 -2.074512286352245344e-09 -5.279461414873963609e-10
1.872443652391408592e-10 1.223528690644859065e-10 1.975382476346197642e-10 1.175124342317641034e-09 3.230331376530072762e-09 3.536890890970945646e-09 1.774535721299144761e-09 1.268403248376652553e-09 5.318481280345434694e-09 2.618713086286959793e-09 5.110806927281487075e-10 -1.124369421617700598e-09 4.042528045909008292e-10
1.374045016306409406e-10 3.251107494584823950e-10 4.745500034803291127e-10 8.818503046304804539e-10 1.420050993186497972e-09 1.571670948389166161e-09 1.524177960645592770e-09 -3.699452032794550627e-10 4.471018078925725093e-09 4.500715030638726258e-09 -1.056188779063271923e-09 2.594357598390170750e-10 -2.307411970227950591e-09
9.934683292297712774e-11 1.042632652940665091e-10 -3.905990669541724217e-10 1.757254247108777180e-10 1.999911863584226107e-09 2.175688081583632825e-09 -1.468158575592954533e-10 3.439107022314398919e-09 2.458720320036193022e-09 1.085809271599398435e-09 4.428194029611992891e-09 2.692711649866307356e-09 1.089185243967480127e-09
-1.160068556436119243e-10 6.020981673383491068e-11 6.430185015054220112e-11 7.037769070768520872e-10 1.756637028877761839e-09 2.663944231939539423e-09 1.937689108302120101e-09 1.666828392677834936e-10 1.228245258331296240e-09 5.525186742795538749e-09 3.642215418248721052e-09 2.508276007708590338e-09 9.095134199241558663e-11
2.889855727921242701e-11 6.642846243039022145e-10 1.421425833352026551e-09 2.427695697251669746e-09 1.439917217212967489e-09 1.449608169603031306e-09 -1.265080451898439641e-11 3.937145868062483894e-09 4.294792511167217633e-09 2.057310935703740791e-09 4.405832865499749044e-10 2.433719611158349265e-09 4.921656906057241985e-10
1.357725888552670048e-11 7.652137066115045319e-10 7.959111223890313229e-10 1.230103184857593355e-09 1.742396235629931103e-09 1.504037950310367551e-09 1.772498631937761087e-09 3.262439934605663125e-09 3.795539438885546481e-09 2.175256417426432220e-09 2.551992773890690879e-09 2.424028675773470374e-10 1.912358900421082714e-10
2.821444439991682449e-10 7.514107776990690724e-10 5.770374804125797479e-10 1.961716468740970171e-10 2.588406197059639881e-09 2.070676046058678469e-09 2.141907003642062562e-09 3.630850615041642421e-09 5.338767486316062165e-09 4.039435038596724996e-09 1.278226264058859385e-09 1.316731084592783778e-09 8.873579869608656011e-10
1.646165079579179066e-10 3.024995776929456883e-10 5.201400690620320134e-10 1.664700227330464040e-09 2.690409167788752085e-09 1.457249242788521212e-09 1.313337973729827475e-09 3.372304344369935128e-09 6.048834073811739069e-09 2.288832592420535203e-09 3.284169886085838798e-09 2.897253207403475227e-09 -8.837579384443421856e-10
-4.032957721252808123e-12 -1.193486289106391973e-10 -3.039692232736606684e-10 2.391467740226561231e-10 7.390943777946675714e-10 1.218794787941984896e-09 2.123030653828605940e-09 4.372458021731466333e-09 4.696728635709876881e-09 4.566954850754942235e-09 3.862850576309247754e-09 1.030740388377352238e-09 -8.858738003920405286e-10
2.278565330457820340e-11 1.128480049827901409e-10 3.368011626397396777e-10 1.461302820990515964e-09 1.315594538073488870e-09 5.280853321164517814e-10 3.769373315579538623e-09 4.446770774460106016e-09 3.041777985019051452e-09 4.776400553235905263e-09 2.541847253471247950e-09 2.782858662775410024e-09 2.094927835864423897e-09
-7.979232202032442155e-11 3.214883379341811641e-11 -2.300105395875720286e-10 3.894523723290151042e-10 1.380291544913578810e-09 2.278496584595308014e-09 1.704325620138230128e-09 8.076349630273525196e-10 8.368120588540927422e-10 2.947721313592695287e-09 5.793080875232855981e-10 1.402534041913874998e-09 -6.996199210645075861e-10
1.652796608177791113e-11 2.531147308452523851e-10 2.404062227297957740e-09 3.659437185670829934e-09 3.319793283161571466e-09 2.190131620942392338e-09 4.157338859632601864e-09 3.889632022262566700e-09 3.872158708881921305e-09 3.155552487836402871e-09 -8.055954429536859265e-11 1.324685462064451465e-09 1.797471470269597736e-09
2.148182503529037085e-10 -6.837011011340756479e-11 9.149238180105607436e-11 -5.290274342932797679e-10 1.411158261806159433e-09 1.306223847973156295e-09 -1.216518905815867662e-10 2.140574907016617958e-09 1.712954317164624599e-09 2.196459568060439338e-09 -7.043433976109145360e-10 7.147963829783144155e-10 -8.373120967122276814e-10
1.141815629561475539e-10 1.595669919446719503e-10 3.765438390957906417e-10 1.677244226301888909e-11 1.523920531019401598e-09 3.680186147302229324e-09 4.873002642379763260e-09 3.924720505240619131e-09 4.142281053996761578e-09 -2.058276191293144103e-09 6.150757130954954789e-10 1.178001500372228099e-10 1.948332470573712697e-09
7.423693678593174784e-11 3.474747661026721535e-10 5.385706873867050464e-10 1.525249365272790151e-09 3.857365719894382114e-10 1.955249559184846128e-09 3.876406560729606218e-09 3.444262147835198562e-09 2.128366083406760387e-09 -2.913460012139881742e-09 6.914004161564744924e-10 -1.019924029793105887e-09 -8.929118603070183045e-10
-1.291903904970326037e-11 -1.266903581898593448e-10 1.760520545223760301e-09 2.198712035026409206e-09 5.262164429625646220e-09 3.113802712855415083e-09 1.249372209493692797e-09 1.928575700548110809e-09 1.461217197828832233e-09 4.824129275014336016e-09 5.934847479071470920e-10 1.751344941779206309e-09 1.441103715497522071e-09
3.826349413282636569e-10 6.695880226024441383e-10 1.395530528244932763e-09 1.476577540409446218e-09 3.532435780225144163e-09 3.658082009938221506e-09 4.650798590485113546e-09 5.323282543364921089e-09 1.560458869962870073e-09 5.135458676703740142e-09 3.529883793564517243e-09 -4.072494391659424169e-10 9.987121048922073301e-10
-2.510440334112923419e-11 -1.728068339074956329e-10 2.844366972010441817e-10 7.992899463190435053e-10 1.560245930838624376e-09 9.254792730861680051e-10 1.671126366508456736e-09 5.154682410783241618e-09 4.230484631503502302e-09 4.584399741449883924e-09 5.992939845953710522e-09 2.786685550048456497e-09 7.709834812297926315e-10
4.642341188923779365e-11 2.229834876108243034e-10 9.160159535439384519e-10 2.722701927331760843e-09 3.343011259060882253e-09 4.278216407205589990e-09 2.138159650855580080e-09 3.233532783846590933e-09 1.919350319260396901e-09 1.895851812456051669e-09 2.093021848467340252e-09 1.226489334659046290e-09 1.001468373803641163e-10
-4.532944439608195167e-11 -8.433556899550561522e-11 -6.483340037042579441e-11 6.401077100819252181e-10 2.530073711442079295e-09 4.423597122996705682e-09 3.167652437453373966e-09 1.557669631565929894e-09 2.646259973619957418e-09 3.798947318224329482e-09 2.967741901351019739e-09 1.531623335805583546e-10 4.303189845173145691e-10
-5.928722277273245911e-13 -5.816005759172624578e-10 -1.524879952093357294e-10 9.611189063844206224e-10 4.947561838367461611e-10 2.734870462101365977e-09 3.778426470500728760e-09 2.061977578387656160e-09 3.548529813370705709e-09 2.510311299578292767e-09 8.876518000563915756e-10 2.204005764858845120e-09 -1.091788112685168132e-09
9.025733461747634857e-11 -1.030418679650357923e-10 3.502477291485734575e-10 1.391416882978656393e-09 1.159778114460108602e-09 3.311814219082931059e-09 1.449301901439472457e-09 2.899900156054447093e-09 3.504972423305603329e-09 5.372899575950678052e-09 -1.800476556937637062e-10 1.743988786661898451e-09 -2.574634811328305191e-10
-1.587458362505767839e-10 1.184351771507092445e-09 5.353481514140317012e-10 1.469497969256320785e-09 2.608862658966202787e-09 2.506538213733994614e-09 3.302327532632072650e-09 3.427773596501060702e-09 3.151847849278800834e-09 2.663468394168555779e-09 3.862472671435600806e-09 2.685609847241108378e-09 7.927734682109630107e-10
-4.506145175352045828e-11 -2.247444130378130355e-11 2.449399024856761413e-10 4.398978825361080654e-10 5.060704722559829358e-10 1.614576210595888809e-09 4.767803443930640300e-09 3.242932964654615246e-09 2.365730971974642081e-09 4.442086469235164097e-09 3.375739070351961588e-09 -1.049990652712271059e-09 -8.327811348134171940e-10
-2.099961804656922582e-10 1.486407245103465219e-10 2.059659085992226158e-10 1.354120363994925249e-09 1.798903819821121076e-09 3.072523290642469144e-09 4.315325959746577111e-09 3.912249993238469345e-09 3.240749706849893312e-09 6.710957364540277110e-10 3.370381710881640597e-09 2.032244146578422077e-09 -7.813482388199921279e-10
1.431521655645436020e-10 -3.469633038207697610e-12 1.033282415712692899e-09 1.722081569385501871e-09 1.884184851352337211e-09 -3.721448617701460976e-10 2.031237769922141057e-10 4.501461661048912824e-09 5.646232344002755453e-09 1.160027418763310452e-09 2.457101738976188547e-10 -1.148779919654486961e-09 -1.295769783832202269e-09
1.755129299728587838e-11 -3.351596857674921400e-10 3.428067326520939585e-10 1.220394938732639199e-09 1.568267812359125071e-09 8.114469159189629540e-10 3.701194144573236712e-09 2.649633717565203490e-09 2.854356178192987140e-09 3.418366908741578021e-09 1.413316398994234119e-09 -1.471419567853374927e-09 -4.298551537750839401e-10
1.701962141121397800e-10 -1.491303472602136819e-10 7.094177637458251236e-10 1.647235645847976479e-09 9.585180278086110225e-10 5.357241853688542250e-10 1.675520908175726717e-09 3.909121379396066942e-09 1.270527129163523109e-09 2.349064548083028323e-09 2.142670960766703102e-09 2.635486468339361050e-09 -1.420099529387156890e-10
3.650117647996799320e-10 2.801411131894643664e-10 1.449302462052316937e-09 1.807948890261249244e-09 3.222383418893040565e-09 1.934668823989994209e-09 3.760769230439420793e-09 2.699083142227828667e-09 2.153784156381630659e-09 5.751078842428202915e-09 1.508140402039197543e-09 -3.715996666488617620e-10 7.621440652516013864e-10
2.569886467408230499e-12 -2.235785680564779978e-11 -1.938166689171489620e-10 8.404540517808353589e-10 2.254158995076620675e-09 1.221032976482972492e-09 1.760698565403862298e-09 4.818884537267125713e-09 5.104428220354633269e-09 4.484108598214862870e-09 1.383763693196258234e-09 -7.538409237670543540e-10 -9.178566328025081333e-10
1.998834691066783475e-10 2.903242407148035288e-10 2.455815353387692939e-10 6.972917595752946205e-10 3.086561126892886289e-09 2.372406354655947124e-09 5.035501782034282697e-09 2.165069846200862228e-09 2.421601926106786463e-09 3.347561977245349282e-09 4.349935958756205187e-10 3.846861998476159818e-10 7.839917041001266718e-11
1.219155572417470155e-10 1.339234522153782025e-10 1.162763453108198115e-10 -7.748151341902098087e-11 2.126346736033035920e-09 2.415224039235731917e-09 3.836415607651703269e-09 6.159267998407077774e-09 6.321134356925395980e-10 2.625011648518302827e-10 -1.602617904104534664e-09 -4.004341441117134251e-10 -1.210683004523442686e-09
-3.678790962442409558e-11 9.026332943872738301e-10 4.424625106006846064e-10 1.080343015632454545e-09 -1.373517472031333826e-10 3.401935847400702137e-10 1.082946873127551474e-09 3.915449800436236130e-09 8.789296975174837964e-09 3.508840703103291596e-09 4.408371634995025431e-09 1.855469603037998520e-09 1.617042112927710365e-09
4.157916514370419715e-11 1.032913616936048254e-09 1.677165612241544064e-09 2.314062960735466675e-09 3.474549638002057530e-09 4.822102248158050362e-09 3.628971904007518342e-09 5.551970707463923248e-09 6.147945003274929342e-09 -1.088101849709435197e-09 -1.014065865655444532e-10 1.283418237299414240e-09 7.500935425596928210e-10
-4.917084011489909337e-11 4.551013546315756011e-11 -1.414419702338229612e-10 5.076523256813495147e-10 6.808882871609555052e-10 2.769958224271554633e-09 1.521755823728828166e-09 1.737447655185059772e-09 3.976751772518604254e-09 1.783493918277492223e-09 -4.539048715478472306e-10 -2.503012999492059559e-09 -1.943382386339679995e-10
-1.911773987016128278e-10 2.558856434713912898e-10 6.651405854115398919e-10 2.883349843490572820e-09 3.490960513687438932e-09 1.045322991751229396e-09 2.453702070483947635e-09 3.753390419785313245e-10 2.094602938502416023e-09 3.664586345615098753e-09 3.008748681369052378e-11 1.101086226942422123e-09 1.090496397866678244e-09
1.985696198541831373e-12 5.882292174267924718e-10 2.571091502217001126e-10 9.428635897740536055e-10 1.636215698788769185e-09 2.050555000758346424e-09 5.026177896741634093e-09 4.066481199646607114e-09 4.061555151724740117e-09 1.857894130173722689e-10 -1.584461915699283680e-09 -3.491771373933903005e-09 1.191832602032593707e-09
2.013893909253772252e-10 8.841655596660636239e-11 7.838491012683003785e-10 2.401033890957677546e-09 5.138391530571139745e-09 1.693565759874517846e-09 1.660348816208067045e-09 3.510016635723629435e-09 3.195145843124566560e-09 2.209976744994909251e-09 5.245434684917807028e-09 1.091187434360410180e-09 2.512515949761278856e-10
1.492248329462338169e-11 3.498051149520657714e-10 2.997286459855298344e-10 -7.655536237265738009e-12 1.575681184331454107e-09 1.389541356246288916e-09 5.040024446367630216e-09 5.755926593855066460e-09 4.010655465257910205e-09 2.424849255545932222e-09 -3.360004247580423905e-10 -3.001929116455776646e-10 1.339187312551206849e-10
2.031352673961238163e-10 3.567646279306069140e-10 -7.832849304623928488e-11 6.346265688990383542e-10 7.185070506627710459e-10 1.728004125963029209e-09 2.309925955051018409e-09 3.734013172243871620e-09 2.346695987094555702e-09 2.834520867833699793e-09 9.399316330856040275e-10 5.718534084887093155e-10 -4.552436864737344452e-10
3.459946343883218888e-10 6.770845816890610741e-10 1.234832746004001730e-09 2.389814395572193376e-09 2.849936777498642959e-09 2.421477476330478468e-09 2.324042113727390261e-09 -4.686417942221215029e-10 4.326720190948790994e-09 2.992970448502076820e-09 2.656859099396165171e-09 1.797951800163157587e-09 -6.671266528851782848e-10
2.140683092593872352e-10 3.712212777950014441e-10 5.412661813846456229e-10 3.674741383210152728e-10 2.503790415822155473e-09 1.738123861786915493e-09 4.214823958412427809e-09 4.802544451786076931e-09 2.688505042739365851e-09 -3.902140470968514816e-10 -9.928006492329696090e-10 4.379422583301847830e-09 -6.730422180538229467e-10
-4.422817045307382982e-11 3.091960991561595305e-10 6.011431172837410843e-11 4.525710992961612798e-10 2.319696901892006086e-09 -8.022007377123355140e-10 3.253016255568579104e-09 4.565113914039356622e-09 1.111244034746205339e-09 2.987243762747573788e-09 1.641766099099724338e-09 -1.094953318801223316e-09 1.630407679139159095e-09
1.076965228415995427e-10 2.485404313634398851e-09 1.602132166814080450e-09 3.652686119348767126e-09 2.917298469534572617e-09 1.494005630294401300e-09 4.116527259486760327e-09 2.664833078425933051e-09 3.663970014660488555e-09 1.448930891181248568e-09 -5.221401360570080926e-12 1.344963424145076507e-09 -3.424688950424282614e-10
9.391352978184601318e-11 3.505032166946741624e-10 4.416521254600922032e-10 1.604073694872992252e-09 1.685464245926827419e-09 2.124938287222161176e-09 6.319911112953522129e-10 5.437558743987838518e-10 3.066532997067223572e-09 1.761944156411385004e-09 3.748791983978616703e-09 2.961778654504759096e-09 3.110031002024907710e-09
1.095212895800990764e-10 2.189044556803278339e-10 7.231393811491661210e-10 2.024952568350911425e-09 1.980164299044710659e-09 6.722669504360444916e-10 -5.335679889067826981e-11 -2.184516768654784454e-10 4.626537602158219777e-09 1.550127128283450651e-09 2.344649889687587831e-09 -2.744126548212350769e-10 5.707529752447117021e-10
1.949982692297768425e-10 8.739062030407908565e-10 1.153492506578454590e-09 1.843841189840841393e-09 2.721338819579683216e-09 -2.392874555180173021e-10 2.485019235922879382e-09 3.569905375577761571e-09 4.167134386588854573e-09 2.441571429884053512e-09 9.882398325878477390e-10 7.761060870322130421e-10 -3.686864525027973304e-10
2.440565955273255344e-10 2.023331634823854875e-11 2.641610773940995692e-10 -1.185628450094316262e-09 7.380384582842120659e-10 2.177985304520827832e-09 2.091218524167926291e-09 2.052510994293442964e-09 2.198823799722064868e-09 6.396717906730840366e-10 1.169519106099870994e-10 7.703386495813920503e-10 1.782707768473320236e-09
3.741016947806473489e-11 9.989720916790536976e-11 3.605604659075119963e-10 8.110451500456886088e-10 9.463234317513014917e-10 3.255630205385944523e-09 2.945567860127290041e-09 4.332668441079317020e-09 2.805992388975370799e-09 2.440159355328392357e-10 2.608443523495893266e-09 2.046923408199959335e-09 2.489749187595521121e-10
1.996630590383047634e-11 -1.517982322075232424e-11 1.824275525487428224e-10 1.350117959996522220e-09 1.439498486203510377e-09 1.303000561411358061e-09 2.247233349625907296e-09 1.218566341617838195e-09 3.247696223886740110e-09 4.305728154004922330e-09 1.767976029383092448e-09 1.018328629167472529e-09 5.378410174633300592e-10
2.117755268535781497e-10 5.270756123721177879e-11 -1.415208687512291244e-10 5.291754515459332778e-10 3.762528390075880479e-09 2.641225479302519358e-09 2.894759237652331519e-09 7.479828154948530092e-10 3.072833366495325437e-09 5.748686855605963646e-10 2.164892972347174363e-09 -6.276362340370735638e-10 -5.511776552893389380e-10
2.188389221347297066e-10 4.795490078907507509e-10 2.559779115971426862e-10 5.682191027134015465e-10 3.141722872083251838e-09 4.378430731955778283e-09 4.442057687525736225e-09 4.705974789652137952e-09 3.286933825812541915e-09 7.379084624254025927e-10 -6.188520846947436474e-10 1.075012899757745772e-09 4.300691235667550739e-11
2.494352283970883940e-10 3.444277172582539689e-10 9.068561310228513612e-10 1.015307453846021025e-09 7.330979211084358971e-10 1.357262734342483032e-09 3.291614576954849658e-09 5.626829362241687315e-09 -2.072429074389408113e-10 3.977332967273332857e-09 2.794255510728808036e-09 3.390027466025057834e-09 1.008013873011320610e-09
1.584278339258104739e-10 -4.137955443346288033e-10 5.587901860319044928e-10 2.818872869553441967e-09 2.179525688261582181e-09 2.363844780675277342e-09 1.454950254177723767e-09 1.371759149470305139e-09 -6.639628605097906590e-10 -2.092581610441959460e-09 2.581934392431226932e-10 2.451983527235523777e-09 1.820228794806724430e-09
2.438635890672864858e-10 -1.184990905668010444e-10 3.634046157200741537e-10 1.211909290156043018e-09 3.026508490156771219e-09 1.862028073204214503e-09 2.125406199362233856e-09 1.289211964494122087e-09 4.774467990276956505e-09 1.515288340472760494e-09 3.073433642373416393e-09 3.213245140985441466e-09 -9.766854310474472045e-11
3.628214662803954095e-10 4.464273143139147488e-10 4.481752325939495789e-10 1.922714417975825053e-09 2.350937060278314723e-09 2.154666168989811533e-09 1.611191295908585913e-09 3.298399839002405514e-09 9.150080397245778930e-10 -3.781745477192399200e-10 3.270370554852724359e-10 5.945444314392048085e-11 4.601174084874699036e-10
3.033702851657278957e-10 1.311401347457149662e-09 1.216596765765439520e-09 2.359815379569217696e-10 -4.306561682079373348e-11 2.521729445716584544e-09 1.959355651442370967e-09 3.604507605846997354e-09 4.154324875924594452e-09 4.280028160275143978e-10 1.436305994077323269e-09 4.417849090980037985e-10 7.083387238859674853e-11
8.859617874809158681e-11 -3.694903741849406839e-10 -2.488342892175201146e-10 4.414709032558203768e-10 1.846028456488369576e-09 1.623548252030619943e-09 5.431558371207673546e-09 3.532012176166406924e-09 6.602418251127110818e-09 7.405354760917654713e-09 2.555786492761902504e-09 -1.526859310409533054e-09 -9.608830070816406895e-10
4.584802219439195215e-11 -1.140506838625655216e-10 2.247343840941298771e-11 5.350066321968703980e-10 1.826032102860978630e-10 1.658828098189461867e-09 3.297698513248194416e-09 3.636691461830536707e-09 4.174219367543314910e-09 1.077592946530962200e-09 1.702241628880573509e-09 4.057584081165425457e-09 -1.448366494442119651e-09
5.977003142908231600e-11 -4.240102631071257520e-10 2.557922257058152655e-10 -7.128871919657326870e-10 1.989400114525285980e-09 2.595907331846105703e-09 1.523806246856181152e-09 6.008752806884646593e-09 5.938654848113734820e-09 -4.591088557329345970e-10 -5.129859912772743243e-10 3.168603347150278656e-09 1.677765330630861669e-10
2.977928025618514211e-11 7.387274447641687230e-10 8.042560963258534222e-10 1.161403842059627080e-09 2.939320015717951624e-10 6.608014731324020435e-10 2.423096016992303144e-09 4.273438137461437776e-09 4.804530202351029916e-09 5.668666376071380161e-09 1.661906255030680820e-09 -9.133188699022879846e-10 -2.609683496436740848e-10
-7.836645132169597802e-11 1.306561047244870871e-10 2.609228741984294172e-10 7.074051950103658542e-10 1.121662049331292783e-09 1.234815581221711477e-09 3.903473597793927374e-09 2.580428214014603684e-09 4.675708792601270404e-09 9.855514686112455459e-10 -2.830798547636650835e-09 -6.835151386588590837e-10 -7.797789786098362045e-10
1.234548542951906928e-10 4.825506481516239280e-10 3.812800981695809620e-10 6.403360331053519070e-10 7.925460259282886489e-10 3.918935814505658961e-10 2.348149850783200202e-09 2.804664953979419554e-09 2.126027721132262737e-09 3.760027256577161870e-09 1.141115654598037853e-09 1.267965767585993212e-09 6.354045518541284457e-10
1.517667495693516407e-11 1.939336462459216692e-10 1.012745474799287776e-09 6.296557608245946473e-10 1.155499342481157351e-09 2.601258613026512395e-09 4.301401273739365215e-09 3.985767832347225108e-09 1.084287998940722609e-09 4.994489829942664032e-09 2.927614270885817566e-09 1.995367128764087260e-09 9.792064754069144272e-10
-4.791422914853965727e-11 2.457404212794535867e-10 1.393713684207981713e-10 1.237463979541575814e-09 9.366190461561104343e-10 3.333070159337704984e-11 2.211744586326114150e-09 2.794727368739945014e-09 4.961314293711720694e-09 3.148242934873333236e-09 1.000246693359561047e-09 -7.666475611497040433e-10 -7.471940875061419626e-10
-1.224430427754017210e-10 1.037049831830002708e-10 3.926929661770677646e-10 2.137384035014276930e-09 4.731480752161512600e-10 1.176592479830397009e-09 2.013915009980705507e-09 1.775234607969333367e-09 9.392303143242868379e-10 5.124801689231163130e-09 3.697613051330802657e-09 -1.041450668718598221e-10 -1.387412273594174672e-09
1.159943530909231280e-10 -9.023777714462674581e-11 -9.200121954689466723e-11 1.481731238637229404e-09 1.648981883721127124e-09 2.227778891462335538e-09 3.390564947262228473e-09 1.447202816474826176e-09 2.846520618811369253e-09 2.560937587660185082e-09 2.363568903354175196e-09 1.290851648056747861e-10 2.984839925770369207e-10
-4.034672562230227400e-11 5.417244879812214723e-10 2.968159671990690477e-10 8.266465991044532055e-10 2.156460245716108838e-09 2.693106629240113528e-09 3.258980671403027914e-09 1.633018172506137565e-09 1.112550977369092785e-09 1.713743516462172595e-09 -4.443710054456599091e-10 1.609380136938029075e-10 1.065997387283050413e-09
2.141767241161936726e-10 1.249595750929968967e-09 1.387968875431973743e-09 8.235048049865232644e-10 1.111497047560024638e-09 3.190011740012313954e-09 3.325232874304423192e-09 8.323785423675704981e-10 1.936222431501952813e-09 5.436079101164461885e-10 -4.612090980045609566e-10 -1.012899263947703213e-10 1.567047378893890925e-10
-2.623226696021982277e-10 -5.570675996010024321e-11 -6.412997818168012998e-10 -1.727783216959293660e-09 8.466815283133131852e-10 3.618477689622853562e-09 1.995456219593209706e-09 4.046217166768770849e-09 5.418035951881521553e-09 3.479205581547408613e-09 4.437116177991437989e-09 1.592576896227395427e-09 -1.651596550553346090e-09
2.168777946324543974e-10 5.914818201455790829e-11 5.981565946813944925e-10 1.183919521103355864e-09 1.295126798745871011e-09 2.529753546668065384e-09 2.217540623855179518e-09 2.306562779646770636e-09 6.297076156479158031e-09 1.096959680246032182e-09 -1.219245111511464777e-09 6.041783877805865698e-10 -6.129297638791684704e-10
5.303727789529781244e-10 2.136644006909250656e-10 7.816106953462742931e-10 1.438696307078650064e-09 2.826896618182428251e-09 2.297990252357731428e-09 4.062112897054005493e-10 1.590844406425187463e-09 3.114637592042890158e-09 3.081668189405498026e-09 1.554991456147883078e-09 -7.949268748634432349e-10 -3.327476866978401025e-10
-1.349829075544201707e-10 7.652880380193911228e-11 1.973986243417833699e-10 2.542078169249784668e-11 1.993680165868476670e-09 3.293901978272177381e-09 2.726153671636526541e-09 3.836481041714790958e-09 3.916529874589810937e-09 2.031547555089047282e-09 2.625940565538349063e-09 1.508761548953879307e-09 1.241659847812956985e-09
2.082591703235664427e-10 2.124203694583314989e-10 9.058301362711303554e-10 1.222331542505152769e-09 2.279987081340844390e-09 3.040280000829894768e-09 2.612372628011851212e-09 2.184221081547252486e-09 2.399739541991256426e-09 2.990818943305005153e-09 2.482452113988070931e-09 3.481818590241417214e-09 6.503467923528013117e-10
1.680605697124185547e-10 5.112695745814334811e-10 5.846519809838064063e-10 1.520343331734935328e-09 2.498666731197519431e-09 2.904565812173032192e-09 2.343619485420902066e-09 4.061514325983950056e-09 7.824589084879893088e-09 4.446784622150062160e-09 2.116413903255356621e-09 1.937120728771171679e-09 3.117168372589058130e-10
5.121851630955817379e-11 4.172284317655566866e-10 1.399236616922995662e-10 -1.821590814002250324e-10 2.017925189043283893e-10 3.371412134684802974e-09 3.302234696629147527e-09 2.236347613397964009e-09 2.904220377164473006e-09 3.480970885180778605e-09 1.346628780257230708e-09 2.856039518541735511e-09 -2.463609723895079073e-10
2.897540743272531172e-11 -4.401740019295060787e-10 9.173377378822185104e-10 2.422420987847257556e-09 3.347052846328578719e-09 3.816088129317042821e-09 2.828611585078622840e-09 4.838564289302470613e-09 4.372065604529710955e-09 1.962679117155826626e-09 1.654112679497054268e-09 -2.347433568461546228e-09 -1.929187275236237452e-10
4.896595029899332341e-10 -1.253947726633462554e-10 1.141844500785965145e-09 1.953112892779028599e-09 2.109844324295453007e-09 1.763979143589761652e-09 3.226747456626976360e-09 3.629758216733556836e-09 3.749994990284277049e-09 1.234545118147559849e-09 4.620062452463464036e-09 4.198867365335544725e-09 8.412558102565255583e-10
2.569510145511858098e-11 8.923873260629104731e-10 1.093545373780795114e-09 2.285391487644302447e-10 5.092355797219861973e-10 3.133171403860748751e-09 3.120339670475731401e-09 3.403559840418677769e-09 1.012307940907759085e-09 4.386805561661774979e-09 6.332888827823580271e-10 -8.158315382805433821e-10 -1.570123055884660374e-09
1.190347346857698806e-10 1.198832110179945466e-09 1.232411265817024734e-09 1.291931912357870615e-09 2.124895553565280170e-09 5.430346337892083445e-09 3.657729140431418776e-09 4.000541421594817083e-09 4.714992696220411296e-09 4.871160758953925098e-09 2.343252141974091108e-09 1.509429825128034349e-10 -1.249975345512858912e-09
-1.408083970408402866e-10 -1.533269119553179293e-10 -4.606242989041289285e-10 9.176281587180988043e-11 1.530116704976453466e-09 2.892950162364768660e-09 3.753752482102072807e-09 3.551090261848094273e-09 4.548690165850737213e-09 -3.078870348243029446e-10 -7.394481130002937067e-10 -3.828313770115361431e-10 4.983848501838415992e-10
6.681193072957394897e-11 5.995775453473647889e-11 5.295002898947359224e-10 2.143450066590826161e-09 9.217421859106835413e-10 2.501966039115367904e-09 3.939737253474892940e-09 4.736310024255402786e-09 4.386495774169351017e-09 3.876387633622175182e-09 1.727028009672481773e-09 2.572187339981402215e-09 2.489014204997493526e-09
1.147843594163265996e-10 6.668360588851138421e-10 2.930419217457360678e-10 8.145151612726705638e-10 4.945614085599689964e-10 9.706161078044196132e-10 3.871189533942837374e-09 3.142685558722524598e-10 1.749142924385558993e-09 3.888445122397221449e-09 4.140356027253736229e-09 1.695481740915010152e-09 8.312896653051021438e-10
-1.934264592050240843e-10 3.427743519967208761e-10 1.184008558424105877e-09 1.994811091421506736e-09 2.695600125951624679e-09 1.146185077676485179e-09 4.856954661327267893e-09 3.022278535076859781e-09 2.814548039665764357e-09 3.904871566789858602e-09 -2.293676798718262648e-09 -5.158334228884366345e-10 1.020507254318891107e-09
1.969073182033212639e-10 1.591555064234436558e-09 1.197866492180620146e-09 2.014474129092894267e-09 2.290978117926364686e-09 3.695689315504957402e-09 -1.543068956950766948e-10 1.045642705124759825e-10 6.050604361384717051e-09 5.976665730871375222e-09 1.826132323474768800e-09 3.551136039703592588e-09 -1.756155980425443746e-09
1.459084300764611396e-10 7.118505073330545976e-10 9.037776174984433920e-10 2.928623773259561873e-10 1.405779013635657950e-09 3.213688171059406410e-09 3.599756944846950001e-09 4.283818204427157124e-09 4.692943142261116047e-09 2.970244630795722540e-09 5.575801276905457599e-10 2.558075146277204196e-09 3.653329706298554517e-10
1.455822915720523404e-11 2.105338283065386418e-10 3.468266978726020620e-10 6.077380251219343874e-10 1.868970759954080809e-09 2.488446158793719907e-09 2.295695635739464661e-09 5.124222346000626237e-09 6.591698497513948614e-10 3.807872436779620559e-09 1.261918471051983001e-09 1.369783977018876430e-10 8.101830553379652671e-10
5.944542888653120554e-11 -8.002612962075770548e-11 1.081279840529280742e-09 2.490380910185712343e-09 1.842912535136208750e-09 4.301138954269690814e-09 1.917027624723511586e-09 1.546335860566219627e-09 1.358000581208711842e-09 1.822432038420583480e-09 -1.213133688305765180e-09 2.037896182000694413e-09 -7.153221265372340242e-10
1.891122349845712054e-10 1.130847239038407565e-10 -2.717561369018729016e-11 -5.885291650262611347e-11 8.640640168734406411e-10 1.072313041366611626e-10 3.041087325146782234e-09 3.584753339668865583e-09 -6.112241654810966492e-11 1.690226491296172521e-09 1.259879777493634729e-09 2.930207226528765741e-09 -2.030773465354246701e-10
2.512161403934596842e-10 3.606041375021532041e-10 2.902141209548082986e-10 1.562429707629573232e-09 8.672907889970291495e-10 1.234537253965142287e-09 2.806186945351734715e-09 2.119797743317050012e-09 1.170883456939531719e-09 4.614333182214641082e-09 3.349555264502555150e-09 3.014056067864293071e-10 -3.865943995925301710e-10
1.329836591216509597e-10 2.935939795848291723e-10 3.427708272588851867e-10 -1.722264463361135065e-10 2.026186137480626002e-09 3.219222386060212435e-09 4.213171304468903065e-09 3.050380965606659249e-09 3.584561433925769654e-09 1.181146142163643683e-09 3.070332110990123794e-09 2.767148131171173231e-09 -9.985518538249588399e-10
2.904753457232912345e-10 8.474940530420154172e-11 2.435597090187329366e-11 1.179169642988662306e-09 2.229642935635709508e-09 1.578307479639436153e-10 2.530159043204986703e-09 6.593609160817923141e-09 1.417889533612503420e-09 1.959731356643928153e-09 2.615700998030073799e-09 8.919100261402909964e-10 2.420550631515322912e-10
3.849336196779111511e-10 4.666804464326622446e-10 2.159819099548899343e-09 3.126357061003498793e-09 4.776113605881089414e-09 6.610489360157802520e-09 5.241757604271270717e-09 1.990500746838998703e-09 6.757959165903267995e-09 4.798164752493243722e-09 1.173825393777498532e-09 7.537882242174508400e-10 2.172346275607272063e-09
-3.894037532294833949e-11 1.098741812956836168e-09 9.212666044142345695e-10 1.777916695472292894e-09 2.293424532038078569e-09 3.355742543343151339e-09 5.243464063007195159e-09 5.050241714155669053e-09 2.834857111385924179e-09 1.733691465851634190e-09 4.087972984838883268e-09 -2.066231436328197851e-10 -8.660231154680185776e-10
7.611018120732167284e-10 3.606955419971497077e-11 6.852550053089409464e-10 6.693003959550031332e-10 1.612201327129670666e-09 3.116527510973310405e-09 3.116101735655111326e-09 3.800612624790520417e-09 1.146563215754632292e-09 8.022810250403236699e-10 3.342003827021840573e-09 -8.797985493649246966e-10 -6.129077529964122543e-10
1.881724252142410765e-10 2.033274400793056886e-10 2.507848249321853800e-10 5.831521363022453231e-10 4.249196008868794198e-10 1.149400651952983747e-10 2.207579223767211066e-09 3.776131666811301935e-09 1.462733242462832390e-09 1.888733742560805245e-09 1.397819273015554020e-09 -2.202388427261318851e-09 8.758253474397204222e-10
-6.111947776378465664e-11 1.761880937199455566e-10 1.073712039130518814e-09 2.089950580175684791e-09 2.385579554840589609e-09 2.203265284536804881e-09 5.542044361242636218e-09 5.278781214403101485e-09 2.213367125305261175e-09 1.821928304778623857e-09 3.990278933113394903e-09 3.678338468691973037e-09 -4.517013506182443206e-10
1.304474406849275658e-10 1.497299013986431499e-10 6.236538270317122229e-10 -7.240728456305476781e-11 8.813537153551761213e-10 5.707867506103039359e-10 1.000970866292027512e-09 5.613266880530328395e-09 5.353994328206977342e-09 2.165468482580796294e-09 -2.153852302511471167e-09 -1.535675462145351913e-09 -9.001343572488069575e-10
1.195236008772967250e-11 5.124509977515635855e-10 1.452659666037567884e-09 1.053950695382898968e-09 2.222314856558398935e-09 3.483065952104029427e-10 2.333997784545012677e-10 1.906890944069286763e-09 3.039520161238141057e-09 -1.744332869138716052e-10 2.452649499141301957e-11 -1.180160366630059547e-09 -7.666444209810805581e-10
1.267973150225207922e-10 1.878740385301463985e-10 2.713077467402983648e-10 1.134488015145735602e-09 1.013736677951179660e-10 1.178957773967406758e-10 3.704073344017864803e-09 2.453164213411982066e-09 8.776245668549530224e-10 3.455652074823035455e-09 -8.113709040350377328e-10 -4.933990192148060931e-10 8.189072933757705493e-10
7.291601368368513038e-11 1.749544981761993960e-10 6.730762859984608709e-12 1.660854327062177026e-09 1.637402303089048158e-09 1.881673401575149608e-09 3.659158419781359621e-09 2.131305627920614276e-09 -2.927616302967864096e-10 4.166106715725015273e-09 3.747065883114245895e-09 4.106830797010628637e-09 -3.113167815912397897e-10
1.783375641907473233e-10 -1.849661890962939039e-10 1.107056234309160859e-09 1.143132191965370378e-09 1.495239012120339602e-09 3.484500148471580496e-09 4.911557875212720754e-09 2.249137081589702347e-09 1.852557611563266889e-09 5.334332738297022401e-09 1.310895506420424649e-09 -2.150347111139599567e-09 6.980496452380143497e-10
4.616829762825140397e-10 1.272780811725824422e-10 3.180739329792202234e-10 4.372022984715911462e-10 2.490038619687222610e-09 1.797148140717673821e-09 3.447227696616622418e-09 4.630562521167462389e-10 2.222509171887578424e-09 2.938874161754602827e-09 7.745310497769731189e-10 1.029005905820771208e-09 1.752769528076064814e-10
-8.854933558913523942e-11 1.290052050473744109e-10 4.764726031915159322e-10 6.494456330013957346e-10 1.246285320793802925e-09 1.842507041943971971e-09 3.767915841958213646e-09 1.425476433902750981e-09 -6.068423917594893071e-10 2.093421812193563204e-11 5.063268267776585226e-09 1.867518615115255947e-09 4.607577323260560148e-10
-1.536410363047222765e-10 2.763294175401084954e-10 2.730187220293050220e-10 1.141537971833742190e-09 1.717949089054376768e-09 -1.026454324894426153e-10 6.192993686312136867e-10 8.826806228710127641e-10 2.342252794573871698e-09 1.717790578043686851e-09 3.759414846380034965e-09 2.476967538826116746e-09 -7.130776081514077566e-10
2.433096313577337573e-11 -2.448675442930917859e-10 -3.700690792059066444e-10 1.045464092267904089e-09 3.214845929253532139e-09 4.280103533403840304e-09 2.992615876788465690e-09 3.917206434514038319e-09 2.973934125548797898e-09 2.555652931818717859e-09 5.095364115299982529e-10 -3.910075131199881131e-09 -9.265322063694429002e-10
4.586583188682704550e-11 4.360695933634659825e-11 1.190835299599521536e-10 9.459989134154690169e-10 1.156943364944020692e-09 2.265836673575104343e-09 4.745543590186171266e-09 4.264259154202851809e-09 1.358276945598179926e-09 2.129758092220730825e-09 3.960162765017932360e-09 2.358529282562764584e-09 1.364157928952623137e-09
5.840905028135644070e-11 1.107458937400420946e-11 6.617959074276099587e-10 8.277655450379958518e-10 1.877225306379271778e-09 2.583598220737753685e-09 1.579593093396144309e-09 6.199613051062787292e-09 3.797839594199390645e-09 1.507006386758817257e-09 2.499473036212429053e-09 2.281672089770988063e-09 7.765166602640259526e-10
3.794128906404831430e-10 1.021935430905511592e-10 1.034915503046972511e-09 9.228775339853648563e-10 1.310473975972402250e-09 2.530046185170635190e-09 1.429903194256363657e-09 2.036309941987999680e-09 -1.019753527499834943e-09 -1.036763810999479088e-09 -3.461306102633761693e-10 -5.695683040850236017e-10 -2.064066174388444185e-09
-8.320511177046160822e-12 4.987482819332302267e-10 8.497425423277926886e-10 1.466049395476593151e-09 2.185810390221340921e-09 3.085680870652837809e-09 4.180030356725776399e-09 4.286994092783955885e-10 1.384938914186130173e-09 2.744020195454162628e-09 3.689474696720673406e-09 2.234602073029508084e-09 -5.344861329240004462e-10
8.537776469589159967e-11 -1.093974693798995220e-10 8.186167038425660970e-10 3.671133178322951298e-10 1.463623789939583851e-09 1.887761582527522441e-09 1.690776143402704847e-09 1.364925314326967675e-09 2.839260984254025486e-09 3.010164442807111238e-09 -1.050928766187460564e-09 -7.561323895208817386e-12 -1.753698893522845876e-09
4.316683698942589270e-11 2.691064496865057544e-10 1.190582138053863695e-09 3.089621209687641029e-09 3.732055260454896410e-09 4.940315258978268301e-09 4.236368083185563581e-09 4.335682899981221923e-09 1.435953496705121936e-09 9.039883908704308485e-10 2.097601839573675870e-09 2.923854520983536219e-09 2.850194326268447546e-10
3.547923022044337684e-12 6.645383379534096695e-11 4.231145486050833952e-11 1.201151791362518510e-09 2.845196779027073250e-09 1.666341065527053994e-09 2.199005477787707484e-09 1.653889206190927329e-09 2.335244688367681793e-09 2.429539965861781182e-09 1.366285449965073375e-09 1.089416674929025549e-09 4.848375949115560821e-10
4.908602705712819109e-11 -6.876280437756930874e-10 1.054620424427083882e-10 6.043815618172224961e-10 2.302474856871139650e-09 3.359395720917914220e-09 2.051321474776122285e-09 1.827518479153381846e-09 2.852170240724220531e-09 1.555751213635883696e-09 1.726002111593371054e-09 -1.667620856255529693e-10 -1.168961142665505746e-11
5.239969914998142964e-10 -1.062196368546185999e-10 3.410054067538141815e-10 -3.312428885013157034e-10 6.560063945783796939e-10 4.000740870445497484e-09 -1.792246581099006345e-11 3.446685831895510895e-09 -5.272015824970433123e-10 2.182616291553974868e-09 3.844383873184648965e-10 1.516817486874749649e-09 9.348722231135833712e-10
1.229852625018422043e-10 1.191854355818532891e-09 7.678991599737385525e-10 1.476337678416678386e-09 3.423788914439406100e-09 1.733556803357894586e-09 2.405896935778945881e-09 2.644381136488510801e-09 3.454580586283318088e-09 3.174342554353587642e-09 4.281768175595527884e-09 -2.319531784543142918e-09 4.813347475058235817e-11
-2.889403796208695654e-11 7.783361832192917819e-10 -5.603759958781925982e-11 2.489790659214810886e-10 1.038092252405712509e-09 2.693003238100683676e-10 2.423811375952482916e-09 5.019795832210690034e-09 4.691162497884608142e-09 7.830237212057065029e-10 4.593260552244157222e-09 -8.497792206769792704e-10 1.323925433072238863e-09
1.641509845623239939e-10 3.470269823977314626e-10 7.736890083787024018e-10 2.712298355681861568e-09 2.172571934440001736e-09 2.137203817635713992e-09 4.228683909986021647e-09 5.251188497264065255e-09 5.701801328486496288e-09 1.260311579966223290e-09 1.658408619938729201e-09 2.265795847218185906e-09 9.464930218655442788e-10
2.699134562153228487e-10 1.069237786756012291e-09 9.874628388993268579e-10 2.001141249581254667e-09 5.043784932601779125e-09 3.391297155323004834e-09 1.897798415962089503e-09 3.709088016492943140e-09 3.521579132140807743e-09 4.475884814514723844e-09 2.833276380247333068e-10 -6.466091638666790218e-10 -1.301678652834432783e-09
-1.136530857340894030e-10 -1.125668019090880630e-10 -1.260003054826619742e-10 7.602777117600824749e-10 1.723033669196692860e-09 3.479441632991773469e-09 4.147091214453783412e-09 2.824774102700350156e-09 3.493850232040769422e-09 3.727740731756766947e-09 2.699151820337325879e-09 2.285606967418427496e-09 5.087599674777931152e-10
3.156973780014130616e-10 1.941510875004162340e-10 1.832162086041122081e-09 2.256404105771650086e-09 2.308489805669741690e-09 1.009664041796531250e-09 2.213061889706954879e-09 3.053686408353954382e-09 2.179438652740697996e-09 1.422650899026257997e-09 5.439490777285519512e-09 1.820691147181800617e-09 3.989195152567260126e-10
3.158094814153076467e-11 2.052678418115499170e-10 3.611376773565494074e-10 1.426595175736757910e-09 2.804945217678150470e-10 1.765191816258343028e-09 3.685296444386882424e-09 5.669693569158138661e-09 3.205063399046135376e-09 2.210797532721381011e-09 2.818468293497244481e-09 2.276153218298890782e-09 2.372771831367658513e-10
1.543562376646521039e-11 -1.909209212443696322e-10 6.925984717914231658e-10 1.643303773183923792e-09 2.014500048386322038e-09 9.389042599698102730e-10 3.657030930665720687e-09 1.983089525517280165e-09 3.386379102605874701e-09 7.605093133968670441e-10 2.963794384512161290e-09 -2.763622207870605738e-10 1.070831608551024902e-10
3.886972029511046628e-10 1.875945711240250867e-10 1.213894943094685864e-09 1.426497333537154045e-09 1.296756376308387619e-09 1.825752027044866422e-09 3.077949070166480747e-09 2.049507070440370966e-09 3.086661163417592206e-09 2.188394773745372152e-09 1.781869748407981406e-09 7.649641461643415717e-10 1.115738760385278575e-09
1.968751460083796488e-11 1.851289637301593453e-10 3.556328603631660617e-10 1.047198388559751091e-09 2.098022757245528317e-09 2.215317752323711086e-09 5.240034111379651292e-10 -4.585217243251903126e-10 1.793797410244487489e-09 9.734201578299301520e-10 -2.046425321969651219e-09 2.384341651408248696e-09 6.170562614671141326e-10
-9.526614899055603146e-11 2.802536906100598534e-10 2.528395560447116502e-10 4.008193389494915552e-10 1.455601695834590053e-10 1.622969027216442166e-09 1.402700156649792596e-09 1.557109469349402936e-09 5.488411330000784170e-09 2.911672797906888323e-09 2.417763753649427484e-09 -1.072198385790204007e-09 -1.010422381925092027e-09
-1.709879293862737093e-10 4.893626938801998664e-10 3.191296798664095913e-10 8.540015586448531312e-10 1.278227640052517772e-09 1.757733996332667997e-09 1.877765801918006976e-09 5.430825777815473254e-09 3.476361788279430504e-09 1.043607815136404527e-09 -5.722286360551838671e-10 1.487613697949065989e-09 3.693254940036610521e-11
1.007614309140259378e-10 -1.026210411806009185e-10 3.061980886371408505e-10 -2.753443809227120352e-10 5.403115266730100520e-10 2.531076721086482482e-09 2.692815010630247225e-09 -7.118240015810148740e-10 1.464292136177057347e-09 5.565073877293466624e-11 1.183445178944044305e-09 -1.522553946405914815e-09 -1.163093944784300308e-10
3.490850942511557685e-10 2.312805896509512815e-10 6.656870478025835299e-10 6.989660741949296218e-10 6.405208470259363576e-10 3.635036617526460855e-09 2.770561159624571043e-09 3.292560182434364343e-10 -3.109655545525865365e-11 5.026187635684186212e-09 2.547310940513286266e-09 3.948557797815278672e-09 6.145914328957590489e-10
7.322816935426276563e-11 3.024450352489755578e-10 7.847431984829946051e-10 8.397487074811428690e-10 1.257848466791154400e-09 2.103335070696350891e-09 3.746195711569308308e-09 1.710083959930730255e-09 -5.206690524946636407e-10 2.727454258952304699e-09 2.425635274560121123e-09 1.614620322526878296e-09 -4.580406460380879712e-10
-3.934917467417417760e-11 4.374345904358774168e-11 5.012093734114189445e-10 6.506216144868571949e-10 -4.384540474297645554e-11 8.039982316626931974e-10 1.564728067650473208e-09 2.633607312565336659e-09 2.919068634039918089e-09 1.806488329388209401e-09 3.706472484383446174e-09 5.373309087408796974e-09 2.463774312452542986e-09
4.544276620239018450e-11 5.644370659888039722e-10 1.126444045517820044e-09 1.976204184507950155e-09 1.445169414429613539e-09 1.155876054812784675e-09 2.223001059508476916e-09 2.380842590222353572e-09 3.077909930132524335e-09 3.921770417116112966e-09 3.831713843920585406e-09 3.241250205791753018e-09 1.260640353903734154e-09
5.423996875540320318e-11 5.064819993255160073e-10 9.134113768891287070e-10 3.049198132507569406e-09 2.070058223003337000e-09 1.985933432645547521e-09 4.493039351244566257e-09 4.901902826212533320e-09 4.143479193584669237e-09 1.815374401502331699e-09 2.794890638874600935e-09 -1.001067698733157619e-09 -4.825458850562642305e-10
8.775655649932326470e-11 -1.444486595843590142e-10 1.348515123071532791e-10 6.116994273615835777e-10 2.120174755900962968e-09 3.644794751757637256e-09 1.737979451296310576e-09 3.611517731511658067e-09 1.587384615247234706e-09 3.959651928102431737e-09 3.178963686220910857e-09 1.718894811964155636e-09 2.348508734184364492e-10
1.338156786745877704e-10 4.099589596351659609e-10 1.274071324709028192e-09 1.276342063007463720e-09 1.145864807698890588e-09 2.143420217230538693e-09 1.632445638216410311e-09 3.780424835310769058e-09 1.980719277455420650e-09 2.867152385648099882e-09 1.831782017863512583e-09 -1.565830545134237980e-09 6.690401804531366461e-10
2.022624973458532307e-10 3.941914536431851322e-11 3.348489169356057479e-10 1.627576677511978830e-09 1.590895624996655924e-09 1.989862050154448914e-09 5.650326855825178028e-09 3.455153463174783827e-09 2.589515219756039388e-09 2.271300338154219740e-09 4.265660264801734602e-10 -1.472514546164465365e-09 -1.220666770530415680e-09
1.395467356031108339e-10 1.366848160960204451e-09 1.542554265879085253e-09 1.428505411031781346e-09 2.375347998714572345e-09 2.422412783414392798e-09 4.210946051256666646e-09 6.894410169384907783e-09 3.040534473817921500e-09 3.704581717077538075e-12 3.289643610791720184e-09 3.032556833476902189e-09 -2.919101449479475432e-10
-7.032746458849998697e-11 1.343426016646528356e-09 1.060018382645892127e-09 1.043348388007852938e-09 1.804874982217460548e-09 2.515096362447399180e-09 4.387088239075754719e-09 2.757267041306516867e-09 1.351770364738487107e-09 4.554207162084098404e-09 -7.885515188137786234e-10 2.018584779730861553e-09 5.972916778312322644e-10
2.258752359363127692e-10 1.274654425885691391e-10 8.461157115921911446e-10 9.041667493488938688e-10 1.464225437103183482e-09 2.299268360294478155e-09 2.143518171664874663e-09 2.524834269192241230e-09 2.957834829071959725e-09 3.662728735433066766e-09 1.909156294282053746e-09 3.831952970013262583e-09 2.506967250932455093e-09
2.325897053628023384e-12 -4.077372090071322778e-11 -2.753313628009028602e-10 8.933287161741480545e-10 1.464524879097080093e-09 2.043887517472630884e-09 1.954422386899691553e-09 1.444407019948311697e-09 2.054922661697320678e-10 1.710878936287595237e-09 2.224777014151978451e-09 1.809803315059034306e-09 6.837142778861626394e-10
-4.605610742718430436e-11 6.310458046858190801e-11 1.052870968083952416e-09 2.187106231148121589e-09 2.545190353422184421e-09 1.704755208008519225e-09 5.241883518999357610e-10 1.657141267328304021e-09 1.304239076901222475e-09 -4.255034518275247061e-10 2.694983016870060588e-09 1.415001908827715503e-09 -4.180985978598610907e-10
-1.462388464721973419e-10 6.708725526114317000e-10 5.778531091183859648e-10 2.281727400960839079e-09 2.346244000442574704e-09 1.979873690110766728e-09 3.340352916395592461e-09 3.855504564806795156e-09 3.422332588646536753e-09 9.014602954928803018e-10 -2.505575318555894214e-09 1.595855862483325520e-09 9.687262731922096704e-10
-6.141036955614384475e-11 2.366313583107444172e-10 1.886112123736243871e-10 1.624291311537227721e-09 6.452041796642790175e-11 2.937252140262024333e-09 -2.794396917060443312e-10 1.670897311878587245e-09 5.075923713241853756e-09 2.083270877162881108e-09 -6.352120084615676789e-11 -1.515437488181483001e-09 -1.202420939160622733e-09
-1.123010087079267361e-10 -1.674018878827911335e-10 -1.088950878079326021e-11 -6.573976970803966899e-11 1.208023744863700866e-09 3.838782128710245958e-09 4.157240290718561311e-09 3.103203646297541772e-09 5.162463330931012586e-09 -3.853067015609188900e-10 5.977776180278299077e-11 1.504492808475088972e-09 8.165868908441174158e-10
3.583685396749040828e-11 9.719849666302568496e-11 1.437132580012846058e-10 2.158726867338494643e-09 2.277520820639275103e-09 3.989524910500915501e-10 2.622816252820313130e-09 2.334281937152306133e-09 3.050068502774447249e-09 3.257989746763645678e-09 3.893926894695946540e-09 5.855232323567669944e-10 2.070743659526059418e-09
8.824513807927928102e-11 3.369496376762997418e-10 2.517846951391157530e-09 2.769614575797142917e-09 3.605711363710433006e-09 2.385202730981918349e-09 5.628878404218727636e-10 2.371846518864101149e-09 5.328981505637418680e-09 9.777124918033267913e-10 2.284148971016384921e-09 7.946076695513250047e-10 -9.923113375455916066e-11
1.837557636956104056e-11 -2.082612634682740005e-10 7.713969661394824130e-10 1.197813386201766981e-09 1.905690827254913496e-09 2.876495024351778062e-09 1.584255951343714392e-09 3.061975367646153818e-09 2.357798568068940558e-09 5.430156256211875595e-09 2.971846820549905669e-09 -1.245738905482014132e-10 -6.807081088015975585e-10
5.617769635172033980e-10 1.446527642412253106e-10 3.706053239376043728e-11 2.029706935356072002e-09 1.454901206021561959e-09 2.094080216973043823e-09 3.399988751725144700e-09 1.278863931436238866e-09 4.325033460602803333e-09 8.574230259676854649e-10 2.530389868408007393e-09 -4.303420741300783701e-09 6.731360878725922445e-10
-8.272920196690542101e-11 1.025998946135029839e-10 -3.230907736779873893e-10 1.035479571502728238e-09 2.308006397831423462e-09 1.239755006951788539e-09 9.597081944234349622e-10 4.100825153062767221e-09 4.628536515218495322e-09 1.688873395353122894e-09 -2.814088734454536010e-09 -1.040301560196496275e-09 -1.879290496270872293e-09
4.802327697643347330e-11 1.982669446550488483e-10 1.211669388865025881e-09 2.307706599326671091e-09 2.457889754138189391e-09 3.110137400976357439e-09 2.768720655720339949e-09 1.735427436924369234e-09 4.221450646451806216e-09 7.127895762766488082e-09 3.896363936354738445e-09 7.017643424140252233e-11 5.673766035759302336e-10
5.195718770629337233e-10 9.320197923411406968e-10 1.411723649088426375e-09 3.227063479213128326e-09 4.702520352365104709e-09 4.485144024134051524e-10 2.757222595537514988e-09 3.899003988151478463e-09 3.113477676255030240e-09 3.072377674646674533e-09 1.673161158953430448e-09 1.160921023147064013e-09 6.988694240347625396e-10
-1.923971725227965440e-11 -4.815601198306835931e-11 1.782857538071855987e-10 3.913519259261348245e-10 1.330771115580173212e-10 2.576469599226141696e-09 3.590007753970297575e-09 2.436926777882001878e-09 1.410860598526213555e-09 7.625881408723984580e-09 6.851516355804677505e-09 5.306387271107888027e-09 -4.439348004058487397e-11
-7.874808970465849236e-11 1.005937548636590359e-11 3.512786688543083442e-11 2.065606884416490660e-10 1.889947427834270344e-09 3.407667626439622396e-09 3.876720600537851046e-09 1.966955550067243401e-09 2.052998805195391843e-09 7.528687145042970774e-09 1.926421721357156330e-09 -3.024045485405474076e-10 -8.797469812197057055e-10
1.007037548844730748e-10 1.976496843566896205e-10 2.613430749582261871e-10 2.549790492375952183e-10 2.378568821527626922e-09 1.091950885660799903e-09 3.024398816801243080e-09 3.743121152788701864e-09 3.281557195873253749e-09 5.313134706675133390e-09 -1.097655629119526503e-10 1.007345372747610575e-09 7.215389572735425888e-10
3.431520766306763958e-10 4.463073525029039351e-11 5.493873807229573179e-10 1.877410717356542040e-09 1.543350716450564841e-09 1.559693599305632880e-09 1.844592681782217998e-09 3.430297729003582839e-09 8.049672063477239202e-11 2.391601314344710887e-09 3.089489872479041569e-09 -3.789865412171512361e-10 -1.089845685937477522e-09
1.003999110423057815e-10 1.596523695598144902e-10 3.897749602356704861e-10 4.955626267661096058e-10 1.534672375178469561e-09 4.376654221927033413e-09 4.670093457232774439e-09 3.076063178249475229e-09 2.475972052389347506e-09 -1.059148888219755851e-11 -4.116852977812681803e-10 -3.164592506119732082e-09 -6.056046844097542536e-10
-2.208575035391454730e-11 5.060409023396553605e-10 4.637023444917985995e-10 2.598297945898536375e-09 1.859631786200143435e-09 1.229095105428970940e-09 2.063491191856451377e-09 3.992811951686934966e-09 4.996051705431677825e-09 6.852699528405800343e-10 1.540819991598975710e-09 3.417194447747788234e-10 1.633463211136450924e-09
-1.247884995443450034e-10 2.537446468413421524e-10 -6.731083755871649182e-11 1.616448178888699696e-09 1.607342825121970495e-09 1.626729902905490301e-09 2.101116240705774983e-09 1.841556401053428870e-09 9.145282069024557601e-10 3.092740262050513461e-09 -4.167354158019946758e-09 -2.683047141291523239e-09 -7.199298143933056387e-10
1.290754054666817423e-10 6.956236838519984197e-10 1.095674392456087335e-09 1.330617591379306837e-09 3.227398305379631997e-10 2.656631633504767336e-09 3.712064951709319960e-09 5.924454019133712220e-09 2.094437804684370729e-09 6.000575630386310041e-10 3.904590480737594186e-09 1.966801744123841702e-09 8.948686573437703961e-10
1.868552727342316706e-10 6.775216715247960464e-10 1.186228854743738530e-09 2.844718581899567707e-09 1.177801119725074769e-09 2.963221957271834339e-09 4.086107171836691761e-09 3.619535899990018442e-09 6.064542335723749936e-09 2.247078948824069428e-09 -2.337489939383399824e-09 -7.951005201928410452e-10 -7.454202330079749727e-10
1.672424283534497407e-10 3.333428271244886331e-10 4.787694787709652766e-10 -4.410350308709665878e-10 -6.353996663078226494e-10 3.056368876273611971e-09 3.194754442805501214e-09 5.936822100916305214e-09 5.628429333761275326e-09 2.862392219983527568e-09 2.058981895968079375e-09 1.860090313190169912e-10 4.405803391348475140e-10
7.550408096843302490e-11 1.781877613845695540e-10 -2.156922450432624547e-10 1.159928655921912284e-09 2.973686350917236149e-09 2.017111193298011705e-09 4.518304565067469366e-09 3.044907015556415471e-09 3.251184436997195684e-09 3.895471503329119125e-09 2.867024050030984469e-09 -8.969413003937384960e-10 -1.623193788024438582e-10
5.125631664329356994e-10 3.139162335562802319e-10 -3.044867894996510314e-10 3.051594231850309383e-10 -2.945938243837397858e-10 8.976553933185500991e-10 4.050585167822516479e-09 3.051489944426981631e-09 -1.269055392307146417e-09 9.831299924016358312e-10 -1.799267031246299521e-09 4.545065312178295973e-10 4.740756514828666659e-10
4.810076536074916627e-10 9.165018280092017481e-10 1.309741276198942733e-09 2.265356520029993082e-09 2.162505998083624536e-10 2.907363365765505380e-09 3.271811610373023748e-09 7.593968778425002136e-09 1.107346294864694598e-09 -1.895311507188713001e-09 1.387717792604151635e-09 4.774181527295540785e-10 4.150983973070327110e-10
1.935622614115057673e-10 -1.267884565631614209e-11 2.266707618521958443e-10 1.330977672973303866e-09 2.404517203600722399e-09 3.195268611395765624e-09 1.185244330328625611e-09 1.285865388295672067e-09 6.070252558228275113e-09 4.905497272591025091e-09 -1.140845732227696701e-10 -6.891140902289617660e-10 1.256678663693540389e-09
1.667202333876411521e-10 9.610173391949803795e-10 1.207087753684439591e-09 2.347710348121789288e-09 1.651955489917018813e-09 1.048225019003695231e-09 2.675128158791594712e-09 2.485448490386258221e-09 3.246298547022463918e-09 3.626510141140263433e-09 4.703599431481768662e-09 2.492637617599767880e-09 -8.463081583462422489e-11
-4.483138575749015483e-13 1.440108232406747543e-11 1.908502211721827469e-10 7.035724189491083984e-10 2.169484460954269731e-09 3.237939830559149646e-09 1.869324080872877265e-09 3.118374008119780968e-09 3.491613023900753309e-09 3.238652546667773797e-09 -4.420900756752668702e-10 -7.940444897673590968e-10 -1.817414675927860202e-10
2.755201211715745338e-10 6.056264845686866901e-10 8.407927022223158221e-10 2.124787895533506568e-09 2.875746704969988052e-09 2.175793674345324930e-09 3.869129355575400460e-09 3.913486696770061209e-09 1.608395320489891913e-09 5.352453698359578836e-09 1.194949038594240627e-09 3.818221723566286521e-09 1.053778665262642255e-09
1.351541077124475264e-10 1.282627901680724762e-10 3.489827671465681529e-10 9.560132013048777024e-10 1.252474204858305754e-09 1.515323060834078346e-09 5.538586989231917339e-09 6.132537032578356923e-09 4.631514516991187740e-09 7.189710364084025947e-09 2.386978660566503110e-09 1.048957852489894916e-09 -5.528288699636124017e-10
3.810662316284281989e-10 6.459646904599113779e-11 1.191473956963424296e-10 8.823475093195278622e-10 1.845098652149794799e-09 1.753405704650743090e-09 1.349260586192975567e-09 2.582606534811141027e-09 2.643940580633851929e-09 2.146398873088164338e-09 -1.289004068029636890e-09 1.719354692932950499e-09 1.919350276732797882e-09
-9.153219461882249463e-11 2.343631863980633213e-10 1.257585869044589904e-10 9.765866827489953154e-10 2.178501923048950252e-09 4.976147849120391194e-09 3.365340745804710036e-09 6.377456260503336410e-09 5.622282923762521517e-09 3.211373607304682844e-09 4.178905735102755500e-10 -1.285203527781473758e-09 8.454071680784693498e-10
-2.095372815548729117e-11 -7.153062911551294723e-11 1.311736104316171835e-10 1.213663825466047520e-09 1.352046851855838980e-09 2.662755617333566695e-09 4.303761578762433208e-09 2.865668937265078186e-09 4.158032335340358892e-09 1.063148576879838206e-09 -2.136686827472146112e-09 -2.392048591470872249e-09 1.299144968301910219e-09
1.006901679688682662e-10 3.025892001995073712e-10 4.155633402709852991e-10 1.228642020097100573e-09 2.681434145335755166e-09 2.847194688471098472e-09 1.485293728964078722e-09 4.460698153460529058e-09 3.365874545775311385e-09 4.290686122092127416e-09 1.862482019217143929e-09 2.488874460936117739e-09 2.729781701982750048e-09
1.324227572773341190e-10 4.846915765941345085e-10 4.090794234488169630e-10 8.753237435622368116e-10 1.726157881056121489e-09 7.225398886676598720e-10 -2.125584711940468427e-10 -2.235123734058830407e-09 6.744413288059524086e-10 2.651293053850750323e-09 2.502889197862336149e-09 -4.703531337244788521e-10 5.951948284046831320e-10
-4.404999040396590455e-11 1.991674050116652792e-10 7.715572453089765693e-10 7.882725199406686769e-10 9.275179448051471271e-10 6.304785127371141347e-10 1.987552788966986708e-09 3.272537603602482423e-09 4.037144879287540450e-09 8.521446038623290338e-10 3.820597379146010601e-10 3.454952923486108155e-09 7.552373110683545090e-10
1.616579050597022128e-10 -2.457983529438627604e-10 9.503679457157397059e-11 -4.894356535064561254e-10 1.439672050625494421e-09 3.342780652051018845e-09 -2.975611027738972588e-12 2.090630168689049402e-09 3.132324518836836891e-09 2.482122508772145424e-09 -3.746169319895608845e-10 1.718615145007872681e-09 -3.747349294773301074e-10
1.833694858389376367e-11 -6.875273294225285670e-10 -1.901490489550732337e-10 1.273941976238492715e-09 4.925281560215048989e-11 -7.641697777271278215e-10 5.483430321775688494e-09 1.503583012882848574e-09 1.883320383728747915e-09 -8.671261371710928437e-11 -4.602600708094595836e-10 1.120160154098156364e-09 -1.788789698291078914e-10
1.015658469694667907e-10 1.348872496308583098e-10 4.703801510174963936e-10 1.258381212300958347e-09 2.469725287897861320e-09 4.277755359051807755e-09 2.174976676604244880e-09 4.912426751218825777e-09 4.089929423155670939e-09 7.660290138991168484e-10 3.975249775524250352e-09 5.253871206027286011e-09 7.555553700904378041e-10
2.321416023099605438e-10 9.507554586755778289e-11 8.018485675532946837e-10 1.393326595608823766e-09 3.595303538469127492e-11 1.177546338669758966e-10 1.729021294166372518e-09 4.552899819742556877e-09 1.535979033173461179e-09 2.845899169310212112e-09 8.623606745503119619e-10 -1.451393287622477431e-09 1.011281993180026196e-09
6.970282088564606304e-11 1.301728217459705222e-10 6.423353665312828585e-10 1.102226434103250984e-09 1.760517759527289426e-09 1.158797315366813555e-09 2.801070288685798165e-09 1.746847932414096532e-09 3.028515695484095205e-09 2.840644327142413873e-09 -1.743352185627947024e-09 -1.720678560966641499e-09 2.770937943385404443e-10
1.438093807993372701e-10 1.413108091196609777e-10 1.275919852131404275e-10 -1.896204367079730617e-10 4.120976077539638310e-10 2.157668882001414394e-09 1.986960122419376370e-09 3.461810366547216452e-09 2.003414537123120187e-09 2.292852244885346118e-09 3.479635848397999836e-09 -1.483714972672880139e-09 -1.456332567541921086e-09
2.668162685848853556e-10 1.814382929519925238e-11 5.525291889970027314e-10 1.631253595009527999e-09 2.387008960506628614e-09 3.547610566807579734e-09 5.520280091123370080e-09 3.231012021656286793e-09 5.865733852865285974e-10 2.663491228370973426e-09 2.867675574612996522e-09 5.780502652328108376e-10 9.948336434562600890e-10
5.783148699305715109e-11 7.864702227418682139e-10 1.394278739043704392e-09 1.198335321485483677e-09 2.191897772671890616e-09 3.174397360097773932e-09 3.256971769297374589e-09 1.740583899726856900e-09 5.209496734669982527e-09 4.583302792782679734e-09 1.571966670334319887e-09 -2.927269150300183744e-10 9.596070287066931473e-10
-3.890684671276519669e-11 1.439778670737757462e-09 7.515712890804700266e-10 7.332908249830347452e-10 1.209316941014492078e-09 2.543527033228916074e-09 4.308774757169803921e-09 5.314085342413016254e-09 4.831581481884237151e-09 1.947575578186584110e-09 2.826628988715076287e-09 -2.478820878872659654e-09 8.810494469195488996e-10
2.434792357474872147e-10 2.239120975613750353e-10 5.973393828555507822e-10 7.143505303215541615e-10 8.543267413857912319e-10 1.980911036417003502e-09 5.680167776400850380e-10 4.262554188300895108e-09 2.558029563144246074e-09 -2.698613993618084112e-10 1.461970853860081270e-09 3.125642075667018814e-09 -3.637978021502881039e-10
1.165926003650707186e-10 1.396247959163862906e-09 1.047071753576166614e-09 1.849736236603444064e-09 4.367067951826625376e-09 2.879823336349262435e-09 3.446553497351193695e-09 3.016479343967932734e-09 5.623376060897814287e-09 3.560171734527181179e-09 1.681808599288455075e-09 2.763962977151917554e-09 -4.686565628593763104e-11
1.008627931492924048e-10 4.200583508857107096e-10 4.856448622634387413e-10 1.335211682603688312e-09 1.641532587957812844e-09 2.292892373421526663e-09 1.173247165270513437e-09 2.397271410502267180e-09 5.061311200995129440e-09 2.639309555674752155e-09 4.306769271319851725e-09 2.444294799628323270e-09 6.880714369657273781e-10
-2.438567310530370422e-10 3.110861444409127804e-12 3.990745241351712889e-10 -9.021721610372795291e-10 1.168559454771433761e-09 3.697523075414656971e-09 4.203980554041532057e-09 1.703077865976629793e-09 3.174096633016048693e-09 3.169741093206190468e-09 1.713285363677138931e-11 2.320331925963299162e-09 -1.098139123104914146e-09
1.876353268425638076e-10 4.571178105780635225e-10 1.097172364119883071e-09 1.691982882740906377e-09 2.082906930344788287e-09 2.187273186295565904e-09 1.166939158774209204e-09 3.742747498145208523e-09 5.025129944802908150e-09 4.463748907254051866e-09 3.104266950155634790e-09 4.415295795654768698e-10 -1.190124971481762580e-09
3.805559908874206101e-10 1.173791216776441835e-10 1.132059373352136407e-09 1.796675101536395688e-09 1.912187586521755577e-09 4.251193230734487782e-09 3.581154087862067340e-09 1.230181593690992013e-09 5.752725902331444727e-09 4.212410186148884627e-09 -9.866920028127855108e-11 -3.553865124189460968e-10 -2.956370180357122665e-11
2.068451484051402547e-11 -4.289603318326072807e-10 5.150287586393001958e-11 1.432357929609527413e-09 2.783675943301861975e-09 1.794667840570722840e-09 3.015958214854776455e-09 3.039736912637397324e-09 2.388613109135072328e-09 6.173127862188991105e-11 1.078205657474742953e-09 -2.445236463175706094e-09 2.586491414498812120e-09
8.736562884404959199e-11 1.585856185707168137e-10 -2.535172047923026799e-10 3.727610695416055830e-10 -3.789147612307576339e-10 1.623584497388267253e-09 3.652627478490365989e-09 4.886797497323968302e-09 3.468007822452699816e-09 -1.318743593117271295e-09 1.254568091591686486e-09 -1.419389635857872037e-09 -3.921675689449747439e-10
1.901085972535927810e-10 6.628868811733155354e-11 1.223020273211734846e-09 4.942410743710544339e-10 1.591742216379584201e-09 1.405792177065281426e-09 1.824718668832013274e-09 3.127730769978019154e-09 2.459909756068151024e-09 4.838659690798769835e-09 1.514601882544504780e-09 1.137128316588547449e-09 9.392039880398998063e-10
2.578082326710883480e-10 2.622275400861508451e-10 4.553742901649133265e-10 1.654868396531996272e-09 3.917588189120523701e-09 3.746264557638417955e-10 2.232304554436858292e-09 5.595146750522931441e-09 1.032167832181524479e-09 2.908902071184045391e-11 6.658906182717415963e-10 -1.667427180617435062e-09 -6.373689785463332103e-10
-4.407412446053694709e-11 1.228962416183974597e-09 1.047684614369166865e-09 1.674291159082928029e-09 1.918249581351282516e-09 3.648928667217951513e-09 1.912651586099431328e-09 4.324291781749274652e-09 2.241759513069965876e-09 7.910024329578147817e-10 3.647120622148664493e-09 4.027431626457811654e-09 4.895181886214988388e-10
2.333358132251638090e-10 -2.765564065903319512e-10 -2.876002198784915803e-10 -3.763595557713199827e-10 1.297989072397041745e-10 1.170035707181589832e-09 2.509571151914416888e-09 -5.291535141868991610e-10 2.044293385183511532e-09 1.409549053457314554e-09 3.533967908890632867e-09 2.802813201714424101e-10 7.247440202197020047e-10
-1.159184893419350609e-10 8.488998552686634138e-10 4.619839716942567096e-10 2.466432152072294224e-09 2.150284770904985731e-09 2.563278038886890573e-09 1.720095635094291331e-09 1.006462831050685278e-09 5.053753555937268491e-09 1.025340928207976176e-09 -9.819774162043664079e-10 -1.059566123623322994e-09 3.414991806852077025e-10
-4.329921850290402403e-11 6.129267866126978911e-11 -5.833617140969400972e-12 6.369963756909624273e-10 2.036792250142549326e-11 3.740577538896803510e-10 2.905403960720940717e-10 2.552140238588122710e-09 2.363995185047369387e-09 2.894678471312687019e-09 2.882643433215186999e-09 2.430366466794731319e-09 4.928043934858389912e-10
3.637778849141071260e-11 -3.887459455373738592e-10 -3.637234215147409009e-11 -9.233950617036502843e-10 -2.278279961441598318e-10 1.138092328753377176e-09 1.071909061528936680e-09 2.513575190446794366e-09 2.925780894797316098e-09 2.911347374190728129e-09 -1.242730937480335226e-09 2.855393349155128200e-10 3.460212840584483259e-10
2.652394188828431663e-10 2.677910168561761156e-10 2.884822841465873344e-10 1.423163731233165970e-09 1.165234287717107448e-09 4.759689835091940215e-09 2.718761283136523446e-09 4.019677286672837671e-09 5.181114006054071358e-09 2.346321329415258322e-09 1.909409870809861897e-09 -5.785365180259172936e-10 4.054337209185410484e-10
-1.234676929165747452e-10 3.883018078052146331e-10 6.263038162602558142e-10 2.724215835583310484e-09 4.711561691366648466e-09 4.805231085786807721e-09 4.908988082116323555e-09 2.828318178120195837e-09 5.699292681964881952e-09 6.361523514825514743e-09 4.026812018968881706e-09 -8.064072774696829314e-10 5.827403130216453151e-10
-3.440623684390377705e-12 8.034313737436488341e-11 -5.087512190370746359e-11 -8.147814423672159197e-11 9.850042866401626403e-10 1.537312564711819673e-09 2.717537115571431025e-09 3.733238965002708256e-09 2.170614412634802496e-09 2.708338257090312662e-09 3.215651213404407362e-09 1.907748964740927026e-09 2.389276361017310726e-09
8.242560038793948687e-11 3.537446932484861411e-10 3.773777106233769350e-10 1.513838933848451189e-09 1.883163954082515127e-09 1.606587446876956173e-09 4.204581724557108168e-09 3.469121496317540570e-09 1.248240476365893742e-09 2.533763044599592435e-09 6.497537214967946734e-09 2.419654635333261228e-09 -2.025589534801536963e-09
3.826430401829661025e-11 8.031479336951089001e-10 5.243569302719446326e-10 1.335825843379489618e-09 1.305702786536561656e-09 2.161033876925103567e-09 3.424981049259220283e-09 4.662767646328075461e-09 4.006415698640921346e-09 1.701124816648550756e-09 1.106337675407309535e-09 -2.129244011788821767e-09 8.949730213529890305e-11
9.514331573745280437e-11 1.053790433562427135e-10 2.035486978208606182e-10 1.881474836843912814e-09 1.962674323678293945e-09 1.886596732672084744e-09 1.605093782928154406e-09 2.402722217816639522e-09 5.222026082537960436e-09 5.618207529981764739e-10 7.184820860651397614e-10 3.021333950964962812e-09 4.497503140577809292e-10
1.581948205472044956e-10 9.919228239895243261e-10 1.424200051154330047e-09 2.264935195362896166e-09 1.362441570465502989e-09 1.874387278573465883e-09 2.254378324922914737e-09 1.627327712318798744e-09 3.065267635041150183e-09 1.025078540191917328e-09 1.727808025846521174e-10 4.018271790947296577e-10 -3.144415436965048109e-10
2.554723572773353593e-11 8.439580479996183177e-10 6.338090740186958088e-10 8.988499697017280015e-10 3.515777110747062981e-09 2.596643346567996281e-09 1.419205757074928091e-09 -9.751031278609063434e-10 -1.872446936736344933e-09 3.307635705415286607e-09 3.619332250602210280e-09 3.477711825794742457e-09 -6.377158614003400662e-10
4.608373854549883351e-10 1.168707921132404550e-10 4.807956424509735333e-10 1.078518878708293666e-09 1.854018332839598318e-09 5.878043372464635941e-09 3.462059331604453747e-09 2.610503948449891294e-09 5.016460517723974602e-09 8.442957601434747906e-10 4.161112223364253856e-10 9.867456455733437671e-10 -1.520945738560190041e-09
2.050774880380718166e-10 -4.168483318388134730e-10 -1.890797814227764872e-10 2.154727576255049830e-09 3.616581126184388512e-09 4.358016495465483907e-09 6.641768214485411271e-09 2.598775049482690415e-09 -9.972851507381725469e-10 1.842353773230687673e-09 1.683328426584073550e-09 1.237586658789939892e-09 3.597916182566557354e-10
2.394057879644908702e-10 -1.762054135173137660e-11 1.477248507830030238e-09 5.734321695002046556e-10 6.269208311940650115e-10 1.570660286514828429e-09 2.099299976953965186e-09 5.880843936827595163e-09 4.590783397476785620e-09 4.391838947403495443e-09 2.987984339271603936e-09 1.445390528807831312e-09 8.005424059986625670e-10
5.223986627538331540e-10 2.445972202445538867e-12 1.014659641526290235e-09 6.791218673640316943e-10 1.955692662092504481e-09 1.497210426426444815e-09 2.227807774524283980e-09 6.839921806101206906e-10 5.096840827010270784e-09 1.867033235613045835e-09 1.972823579350121872e-09 -1.957636057245834424e-09 7.706389867178706691e-10
4.737824979373890180e-10 2.365438943765206502e-10 4.625750870830632359e-10 6.857221761047687326e-10 8.870982927988986754e-10 1.790040044579482312e-09 2.248146569281730701e-09 1.522486905992666105e-09 3.301322519043826762e-09 2.862443009938139567e-09 -2.382025156297048896e-11 1.071373258339512094e-09 7.319750083539185333e-10
1.348440361440163839e-10 3.717555657761637924e-10 4.811296844726304990e-10 1.530066792583856678e-09 1.654713397229453886e-10 9.860534900418327547e-10 1.043245867504348009e-09 2.198218259551149867e-09 2.416354571800956369e-09 3.736547111053993573e-09 2.500404648687665967e-09 3.134629491636698813e-09 -4.699655809717956051e-10
9.574862389641982280e-11 2.692648149638391760e-11 3.430224588635579275e-10 1.286598367268861231e-09 1.403293355721939431e-09 5.372208214862425193e-10 6.624694654416413280e-10 4.169776942700171117e-09 2.286163912310361916e-09 3.135345303691943735e-09 2.442292670452731618e-09 -3.031656024064721902e-10 1.243542642293330954e-09
1.492885950406553897e-11 -4.654699125511450110e-10 7.179363613319676817e-11 8.856928251706447133e-10 2.523578138740262732e-09 5.358074419523266788e-10 1.882557999712902922e-09 2.722875958954390564e-09 8.302124122452262145e-10 3.122576190431418086e-09 2.564097224619221685e-09 4.425277664371265481e-09 3.503828830284535910e-10
2.284910279551170278e-10 3.176947571576563757e-10 5.356896098296421091e-10 7.953078038812082984e-10 2.429978336399504030e-09 5.624277947840962347e-10 1.574814984840608335e-09 4.046940999492580937e-09 3.220312286363071395e-09 1.853552491015682876e-09 3.878510231378963921e-09 -2.287237537560424607e-09 7.994435667761481032e-10
-1.327051682803586795e-10 -7.544653625622988251e-11 -2.523765158555404447e-10 3.416721889567698980e-10 8.985700881240108441e-10 3.072769141562678825e-09 3.888666654330102469e-09 4.925101697523591237e-09 3.508392386994603250e-09 4.121615664367996070e-09 2.948962377106953978e-09 1.329365740366156232e-09 1.091757051125767432e-09
5.780176332153432586e-11 2.128415822852391017e-10 1.380342191489262176e-10 7.513112755365879863e-10 1.528962429052663680e-09 1.945047471212120814e-09 1.106517201178379743e-09 1.848494178284151857e-09 3.355460162035012166e-09 4.061495302158044566e-09 3.146519844289216148e-09 3.717513657972712756e-10 -1.690239506865206114e-10
2.183804506727208029e-10 1.683305096178640627e-10 1.955133048883838091e-10 1.216013739327258490e-09 1.674375635388945759e-09 2.129231692138154742e-09 1.957606196941855221e-09 4.768682632650726379e-09 3.541985806824069233e-09 2.256772229807137941e-09 -1.506253992089543217e-11 -8.739894093831387758e-11 9.421166207950661654e-11
-7.015622696930276496e-11 -3.046231289190218297e-10 3.544331675607404223e-10 3.929905761845125888e-10 2.086974927187139778e-09 3.314388228428685581e-09 3.094175600724898493e-09 2.527696117308329008e-09 3.919252845201572999e-09 5.228070561718470755e-09 1.614024697271699458e-09 -1.060868491244684902e-09 6.590308650385849509e-10
1.037471925970815568e-10 -3.675049244722855916e-10 4.763172889990478457e-11 -5.524339111807767182e-10 1.802652970444461690e-09 3.144755660064769800e-09 3.565992877951824719e-09 5.232585185702206833e-09 4.115691321301502487e-09 -9.886830701800821499e-10 -1.954883872755097754e-09 1.628656098087758019e-09 -2.007218247180261939e-10
2.547928160176653500e-10 -7.632573027213380414e-12 1.070243871223968079e-09 7.853822043558652865e-10 1.786281952113286984e-09 3.589605344192004414e-09 3.267789135343244299e-09 3.649702974717500076e-09 4.891960712408086327e-09 3.985216698940338828e-09 2.109933261913568214e-09 2.205592871974017103e-09 9.705229961117316770e-11
8.758213794394362698e-11 5.362735689942094113e-10 2.622339969800106981e-10 5.107318178103545817e-10 1.672080655755083759e-09 2.622847739606562873e-09 2.584244971711431490e-09 3.174425925501418390e-09 6.305604688009424005e-09 6.127285317471297784e-09 2.295098965379831314e-09 -1.269191416916651961e-09 -1.388763243552408234e-09
8.460658976364207261e-11 2.066068619503773405e-10 -1.666771412510528481e-11 1.294932224187647562e-10 1.311112839559260457e-09 1.807134050157941031e-09 6.541389541452933759e-10 1.212652280837593956e-09 2.236306474094737898e-09 5.079404877897348118e-09 -1.781352259016060175e-09 -8.390206191105762539e-10 -8.080366711855532905e-10
2.056400772752391138e-10 6.247819059229937646e-10 1.665154184156004785e-09 2.299954054615489718e-09 1.258613025694031409e-09 1.893172716601451222e-09 3.938132014110310080e-09 5.422498821376620814e-09 1.211642759202019955e-09 -6.291848276708928686e-10 8.063750042872605913e-10 1.826588344667862754e-09 1.561392556550619572e-09
1.318028747534817842e-10 6.130736269192510832e-10 1.150047420923144998e-09 2.295640487477302935e-10 -1.181017282220883375e-09 4.919834409573029978e-11 4.752698855343480446e-09 4.275575382550785468e-09 6.857058867074099455e-10 4.170506897532155186e-09 3.690528263457690417e-10 5.034231749506222842e-09 4.561512598840887834e-10
