-5.148295811891735632e-17 2.747928407666850943e-10 -1.091463091176068423e-09 3.290234162333144853e-10 2.262878481216575625e-10 1.137084886259795776e-09 3.976850124351293129e-09 2.945617744616694216e-09 1.085553222176117300e-09 1.315827169181998406e-09 -1.690173908374107500e-10 -1.708870712950537914e-09 -1.788260897637775050e-10
-6.605844667856492531e-18 -5.731124621524694315e-10 -6.183516694983498394e-10 1.756533104671045377e-09 2.921035161288957937e-09 4.240019084308131208e-09 1.525489619206683371e-09 3.758332809250679100e-09 2.783075123313878727e-09 4.681082703735641700e-09 1.919708184664729907e-09 7.474356060056298585e-10 9.640623074548914317e-10
1.745165652595724370e-18 5.958763159545860081e-10 2.514768324813445415e-10 2.336608776285985316e-09 3.064661593126419591e-09 3.039801596842190739e-09 -8.418808432729581707e-10 5.089235048550312798e-09 3.742210075307647565e-09 2.557922073703296816e-09 1.390356736838609893e-09 2.005861609507109827e-09 -5.669309411329632034e-10
-3.233670329810540075e-17 -1.332164946267622580e-11 1.224766198774837906e-09 2.352735183398117429e-09 1.106249769577457314e-09 1.427718367860073245e-10 2.734344027477066305e-09 4.394801762142175425e-09 3.920392024991341247e-09 3.462206936471270871e-09 -2.142631954448211177e-09 2.110888969454412864e-09 -2.353624283185610394e-10
-1.526409303782322789e-17 -3.541861471241582840e-10 -2.277961080631429678e-10 1.677337409765629358e-11 1.095263417737383024e-09 1.420337491018302001e-09 3.350914500909059240e-09 9.553272810862597531e-09 1.972530418565695102e-09 2.005854191046264679e-09 -2.526109558292202267e-09 -1.566689187213917149e-09 9.595047707884954392e-10
-1.023357901244508374e-17 -7.467948191308891151e-10 -6.493530436733201243e-10 1.220213842750996555e-09 4.348917764815701453e-09 2.134909374028348809e-09 2.242062537667885603e-09 5.822490307238332369e-09 2.540552650313067903e-09 2.275996941840808113e-10 3.972327904663889372e-09 -2.447656857453107456e-09 6.184723413569762673e-10
-4.539775193508577856e-17 -3.892499203666806666e-10 -6.266974429829117107e-10 -8.009533331687601370e-11 2.579544705663607029e-09 1.646913810536051364e-09 2.356696643259168400e-09 4.940936007164168755e-09 4.648703987403351094e-09 2.140431979651905804e-09 2.533961665637317101e-09 5.951656158454116023e-10 1.524482514420707662e-09
-2.878922091569065854e-17 2.256768257198400073e-13 -1.581398522924395739e-10 -8.187976511615972034e-10 2.014769427689007302e-09 5.544804219213511196e-09 1.426162219689325778e-09 1.517671155311904444e-09 2.735265190311769422e-09 2.509833983476638206e-09 -5.870334978280024522e-10 1.855008142562127401e-09 7.236954253053993034e-12
3.900216304185316471e-17 6.863096079664703497e-10 6.472974060386310846e-10 2.087332939083817994e-10 2.684805896853980970e-09 2.465247015964521113e-09 3.515101030556625373e-09 4.694079398943406844e-09 2.257861546206826791e-09 2.815633420088821475e-09 -1.692143244563121862e-09 1.995317857190758643e-09 -5.973856930431749051e-10
1.392891113645019129e-17 8.272166949825131168e-10 3.459330429116544676e-10 1.584763502040748760e-09 2.362282657807695610e-09 1.107816871720053967e-09 2.473132246730033870e-09 1.682490028844199738e-09 3.950435494595431494e-09 1.400495748463952033e-09 -6.514603555788984967e-10 -1.219645056145513644e-09 -1.317793874530630269e-09
-9.555496623341020923e-18 3.315809812558889667e-10 1.527440548668417079e-09 1.168848421855560444e-09 2.377321572745211841e-09 1.702214011308385008e-09 1.662248356207516538e-09 3.944831587490030616e-09 2.242635184082333664e-09 6.135009928995860010e-09 1.895647538152930058e-09 -2.689555199633997586e-10 -3.515050296207742369e-10
-8.057428695653037741e-17 9.772944808796901611e-11 1.170951502924663977e-09 1.126603929280788739e-09 1.288911774494561622e-09 3.644985353404938041e-09 4.574516888234981488e-09 2.456571962993947110e-09 4.531829161691694817e-09 7.903267627785518319e-10 1.183859123952919227e-09 1.799518324687326235e-09 3.364491373310837171e-10
4.113927201564479977e-17 5.261155528098172184e-10 1.039937342530532404e-09 9.526908082354792398e-10 2.209688979735691861e-09 4.066705429833306586e-09 5.598836536220497182e-09 6.843385990071434910e-09 9.230122249880187917e-10 4.236800401479176173e-09 1.422509624010513489e-09 3.208344532850991950e-09 1.029680822883101048e-09
-1.610764596892568231e-17 9.689074635642225913e-10 1.806295284496589298e-09 2.521238685584255561e-09 3.253861893783448139e-09 3.407903001352366179e-09 1.342649415551564540e-09 3.086327196027097807e-09 5.228471555452678146e-09 5.350639974275198740e-09 1.984240543998004550e-10 -2.161867711818646362e-09 -4.714515860811354925e-10
1.288734440843052856e-18 7.346194611284632278e-10 1.246603699972729982e-10 1.151807541875452104e-09 6.126739986295946260e-10 1.725744778440671769e-09 2.225041100801219073e-09 4.135242996281283004e-09 4.400217115471420882e-10 -1.302612517867939665e-09 -1.672603533416299773e-10 3.482790641658396194e-10 1.064824477519069398e-09
-1.707655676119523936e-17 3.579472243715587284e-11 -1.865837414489433576e-10 1.970994835624232433e-09 2.527458114200347395e-09 2.933418000213081077e-09 1.978410101521222397e-09 2.708276634097713540e-09 -3.383428354703316459e-13 -1.760189449177619236e-09 1.887503250462415209e-09 -1.766182430092193068e-09 -5.382311594586596191e-10
-1.767486574222477429e-18 5.853148241352944483e-10 3.337064660909452958e-11 9.276178062660583381e-10 1.785180820699353874e-09 1.343210068539858569e-09 3.665808494695149819e-09 5.089168235647245886e-09 4.600827555897467483e-09 2.876538307218810738e-10 3.245022299355325972e-09 1.361509635787780049e-09 1.937993494417860272e-09
1.031426790553630641e-17 6.763225610403919229e-10 1.259114433753325922e-09 7.943566209195994065e-10 4.550861199728767590e-10 2.147320154761277694e-09 2.463233549695244615e-09 2.767768905099442650e-09 1.388417624572178999e-09 2.142416205609575120e-09 4.416538233858490990e-09 5.948190592694238152e-10 2.267994541635816769e-10
-6.840424932750697313e-17 4.233614860537030120e-11 1.216900435677368670e-09 4.674403700236250899e-10 -1.465940210036050507e-09 1.510378053547870197e-09 2.315112877266114608e-09 3.795011374588311519e-09 1.433339171030791492e-09 6.868842933900590088e-10 1.112437135281436513e-09 3.336907558858389111e-09 1.792491302980640783e-09
4.468011108422635148e-17 2.119258388637844404e-11 9.330583270617745244e-10 1.416656409010340518e-09 4.330306615651532560e-09 2.737425216981297757e-09 3.887603542745123920e-09 4.473994482027570514e-09 5.341889244527379907e-09 4.334192721729959764e-09 3.589452780471655308e-09 1.969115872683221630e-09 -1.104926625687732244e-10
2.628647591235486837e-18 8.012986286429139538e-11 8.594586354572868116e-11 1.592338486165661965e-09 2.349359770453565309e-09 2.397873322060942433e-09 3.673792169330376135e-09 4.857714788484872924e-09 1.481438875937166742e-09 2.045030074052712703e-09 2.375745761834626135e-09 1.307891170575871313e-09 2.516630345367996018e-10
2.799608374850176352e-17 -4.816466713869317062e-10 2.231240888739761928e-10 1.089233538805244955e-09 1.253980352801029755e-09 1.488431024447037737e-09 5.008503580522130099e-09 3.722687657899459220e-09 3.152258196871036176e-09 1.200742622691194920e-09 -3.678514585093208781e-10 -3.577475897705035571e-11 8.601918062377085728e-10
-1.870499289238276696e-18 3.559966463137729752e-10 1.107844280867273681e-10 4.924875692109340638e-10 2.231933073421102372e-09 1.167522286139965376e-09 2.532615271576598502e-09 6.435445675883564974e-09 5.352890845982990886e-09 2.376098916976251447e-09 7.679343929534525830e-10 -3.245409955352092499e-09 -1.928996911017110685e-10
-4.889965981316574232e-18 4.753706047886488290e-10 1.800664882630000015e-10 1.799187712160255171e-09 1.888527511716953738e-09 2.768757973122451008e-09 2.515805017762105417e-09 2.630313528601934067e-09 3.325439710484800420e-09 2.345906328751269750e-09 4.656173338069015981e-09 3.127778961597326344e-09 1.059295395338168922e-09
-2.235875644799169672e-17 -1.758590824941967570e-10 6.844145738792591171e-10 -1.603797704435059161e-10 8.439877507432551826e-10 1.037282836728199579e-09 1.484488197814789986e-09 3.337107207939850072e-09 3.003762006836962704e-09 1.397940842749517391e-09 6.461722742775669789e-10 2.180163715090648399e-09 -1.906907904243006602e-10
3.513628814134732940e-17 3.570143382401567535e-09 2.732129289920186269e-09 -7.861357304371633408e-10 1.454200430260091905e-09 3.822326890204255269e-09 8.574840471535498844e-10 2.912868892659541500e-09 4.246372731294328021e-09 2.685115948938884728e-09 4.193194769745190759e-09 3.431903661241680690e-09 1.008073390481449122e-09
-2.770278099465616635e-18 2.388227022416379438e-10 1.310817646117185154e-09 2.866830352160146004e-09 9.763653173372653321e-10 3.652420881004399798e-09 3.425649953349798625e-09 7.266152426744954589e-09 5.553890863108964374e-09 2.387854991616427837e-09 2.284085605518976718e-09 3.015474411888965497e-09 1.842616918558277259e-09
-9.839059876267145614e-19 2.637052441970902380e-10 1.064883602721581232e-09 1.977316973665431990e-09 3.488255671468662955e-09 2.253516687967763883e-09 1.192219323497249852e-09 1.335395305497388699e-09 1.035142498764768478e-09 -1.248325631627852509e-10 2.565508695406783688e-09 2.014328910646592108e-09 7.154060294503036481e-10
9.775388288580903065e-18 4.841906736847792775e-11 1.409799268548642842e-09 3.047034308734454961e-09 2.982018502114575923e-09 2.175701923858158266e-09 3.282182206302753353e-09 3.667081534699096540e-09 2.853379445313168753e-09 1.126162741163882384e-09 1.926555780784690653e-09 -3.762844778879993624e-10 -9.532158514792899612e-10
-7.028453228594401955e-18 2.848215426600416128e-10 7.638016061315593006e-10 1.377082155612632450e-09 2.312199093409951797e-09 2.821478669699567723e-09 3.961697388222742725e-09 3.659358259099768762e-09 4.771259997957622746e-09 4.450524427805592962e-09 -2.282676318891741674e-10 7.150210397563784130e-10 6.642076060763441700e-10
4.878517279578209003e-18 -4.224243426371041360e-10 6.072179781825370029e-11 2.943043019127721722e-10 1.831817871544815020e-09 1.781717853246476967e-09 2.270927346222957374e-09 5.719107717713599881e-10 4.598627794629672140e-09 2.329382903857847715e-09 2.419743362581678499e-09 1.057203216870314075e-09 8.339705525107820884e-10
-1.443700800248018817e-17 5.904035557953408686e-11 -1.701574054169287604e-10 -6.517657475823437292e-11 8.335417935459686136e-10 3.215155623471137109e-09 2.368753474439202962e-09 3.572357966242387840e-09 3.750802322609329154e-09 3.753396530622962060e-09 2.394693531893747643e-12 -1.046876538739907875e-10 7.284260847349858790e-10
-1.030349644154493399e-17 2.221219431714077929e-09 7.800153478517881960e-10 3.500914210737556833e-09 2.266866324687124845e-09 2.948458716250868452e-09 5.589496331255627259e-09 6.719861558566665070e-09 3.586275578028001320e-09 3.987407849883218355e-09 9.499784323362091997e-10 -1.727769447086118723e-09 1.597040063710797324e-09
8.702449129574066385e-19 1.188450394999304721e-09 1.334834093644348142e-09 1.176738577721251927e-10 3.302988675054174103e-09 5.976083869374162364e-10 2.741023796817789947e-09 2.391461421968470292e-09 2.782272758016171951e-09 -5.382126934712901532e-10 -1.325907778709827798e-10 1.542079351639490703e-09 6.331174973451377790e-10
-1.921577878667279593e-18 3.570261018605307239e-10 1.374911794375107900e-10 2.284225029319750309e-09 3.284275270353951388e-09 2.831816787024564561e-09 1.893006350086008519e-09 2.207125502617614103e-09 2.740251285480239722e-09 3.495249277781810135e-09 5.526644010128709438e-09 3.003696849550487419e-09 -6.155156579814873605e-10
-2.581812387993318275e-17 4.502573591871512535e-10 2.607787899257680260e-10 2.398251817564674404e-10 1.868785708083780104e-09 1.344120435435724916e-09 4.601440560017090479e-10 1.718594687337996680e-09 3.798762213799108972e-09 5.025877528503310129e-09 3.881941105825698923e-09 -1.449450117897978875e-10 8.865804076781053848e-10
3.085453633686834581e-19 2.447371490189044495e-09 3.007047377773832996e-09 1.033610937180603232e-09 2.362607542307702981e-09 3.272315822964789663e-10 2.803156154061480878e-09 2.120528020695869192e-09 -1.011152663259614188e-10 1.266613400339804225e-09 -1.981718207352980004e-09 -7.301347274808292187e-10 1.242291823789719600e-09
-5.750764275125477500e-18 2.218784341038143062e-09 2.424706860960654959e-09 2.313673504554461222e-09 2.301751343622855466e-09 2.433818699518437137e-09 8.298479038330042422e-10 3.888449187572974389e-09 7.850659045630620211e-10 3.688290521077533990e-09 2.622122598637404444e-09 9.503768976118919599e-11 8.506851042400018561e-10
3.189571626091231814e-17 2.373174447084291280e-10 6.076788756601516169e-10 8.757245135564539258e-10 2.084857351857346961e-09 8.498897017359321482e-10 3.121224970283378547e-09 2.859218836058123916e-09 2.501569788080914273e-09 5.583786090554553011e-09 1.853854450625865671e-09 1.233113663937138658e-09 -5.933303137002543238e-10
-1.244665601468462890e-17 -5.118490696712378295e-10 1.435046510247056604e-09 2.824188397742415505e-09 1.538785993171419921e-09 2.641796697593417993e-09 4.367261279171961071e-10 -1.309386197376348939e-09 7.025067637292197435e-10 8.030962395678255806e-10 1.227449207797070720e-09 -1.943522179053896166e-09 -5.253173901469410432e-10
1.608198448881619402e-18 1.031635999579932801e-10 7.306862380053194939e-10 9.267191976624925730e-10 4.739547579237891835e-11 1.419465380121620940e-09 6.023974380118041468e-09 2.448391258861923439e-09 1.349888701603351042e-09 4.258280984016695298e-09 3.701360553550812465e-09 2.338962833909093395e-09 8.497743121179848140e-10
6.167986161356391420e-17 -4.073502588521321808e-10 6.388348806245137937e-10 8.730023809957641967e-10 2.348970443240702460e-09 1.753467475838784267e-09 2.132261355960627773e-09 1.953808669268157710e-09 1.139632345156154666e-09 4.470913642303814228e-10 2.445138597243938077e-09 4.129229608489092922e-09 -5.757208382039856043e-11
-7.456822456197761051e-18 5.740680138747896370e-10 -1.910964991542829810e-10 7.705504784247590756e-10 1.656288928676985062e-09 2.579631054671536462e-09 4.745124975350536998e-09 4.373536439752419505e-09 4.018706181439628047e-09 4.523808917908123470e-10 1.883251978037898032e-09 3.046768919570036442e-09 -2.568824112041278300e-10
9.297641505924004402e-18 5.642940068625168599e-10 -1.734829980125903774e-11 3.467031473071611027e-10 5.237638373077397977e-10 1.393598250590349173e-09 5.041222183653825802e-09 2.014366610237646031e-09 9.683961066266000149e-10 1.670779058657158762e-09 -1.390407031054347326e-09 -1.374271584884869880e-09 2.876255793190274647e-10
5.769511398340974036e-18 7.813438126975869660e-10 4.127516834728577117e-10 2.350295677260788019e-10 -7.130709615018546960e-10 2.075270493089551353e-09 3.376365505748577908e-09 1.429503284995697139e-09 2.982032546972683852e-09 -7.297523559618032583e-10 -8.442340919741590834e-10 5.855295708862228941e-10 -4.007683845487201858e-10
5.603625436753370602e-17 -1.697472349081065690e-11 5.890285553303614158e-10 -7.146859395273413966e-10 1.920836988230949137e-09 3.350783313377199298e-09 2.298868282429822921e-09 4.601395025549640753e-09 2.657833673986919277e-09 7.499475821252950304e-11 1.917983755003815273e-09 2.134889958431172646e-09 1.314544332301054075e-09
-1.224095717379522253e-17 1.680260930144455206e-10 4.086436398270483000e-10 -1.063656426459755326e-09 -3.337698557758652241e-10 1.273948593129361627e-09 2.890115501320193654e-09 2.327612009213157728e-09 4.778903950476842458e-09 2.958812282569837024e-09 1.251126372512268456e-09 -2.045054805839177095e-09 8.803631595830626749e-10
4.594526778872891042e-17 5.800906970282100694e-11 1.107676711924002532e-09 2.499507829948459447e-09 1.823342473210422451e-09 2.654690155075526169e-09 1.204125326642416754e-09 2.077028190214415776e-09 3.018376092241138572e-09 6.288311300625817319e-09 4.621674609453686380e-09 -3.446547806771297264e-10 1.022119375530063323e-09
4.252118592989842010e-17 1.598535895562205254e-09 1.691652018515136300e-09 1.610134913089307473e-09 1.406589842160220127e-09 2.991705142218307493e-10 1.832602041142147672e-09 2.330439425414207271e-09 1.877125589366610962e-09 3.804351575303005859e-09 3.907728340619293329e-09 2.003841706768740064e-09 -2.304655889820008677e-09
1.727552499489138183e-17 3.049373128671625765e-10 4.865646696366781241e-10 2.947992833219284647e-09 2.382780619804075848e-09 2.637075129675835130e-09 3.983624610643006784e-09 4.432963626929660458e-09 -3.357773189737169689e-10 4.463477928155758182e-10 -2.336582997966885527e-09 1.868709268338557392e-09 7.977812785870283007e-10
7.787214227957179462e-18 -8.868014107516759054e-11 1.542718379916803616e-10 3.931524856305132914e-10 5.525680018364449250e-09 3.377307036410315978e-09 4.103454341732518035e-09 2.905689969986838102e-09 3.127283712623561887e-09 3.948532187451557704e-09 8.428405375536616081e-10 1.016253740342439532e-09 -1.091812997741763118e-09
9.958154515297923252e-18 4.813395668353691677e-10 7.553203823152735410e-10 1.532252607553528503e-10 8.855185556723132041e-10 3.123618361494271221e-10 5.160855610904000244e-10 3.168787976837754973e-09 1.020606440559715191e-09 3.671696989655533537e-10 1.013397463094620105e-10 -2.930631113812865897e-10 7.349099737434671452e-10
-1.041224948490392829e-17 4.534199470885792287e-10 6.834618553361788437e-10 4.871378444556063317e-10 5.056817108479019236e-10 -5.445598832062006638e-10 3.176381783371473420e-09 3.336181675633960391e-09 6.481236447430520955e-10 4.013500674890063203e-09 4.308439352257715721e-09 1.667185339375264431e-09 4.395010199445743253e-10
9.331736215624035426e-18 -2.269051917132221022e-10 3.190753365646339974e-10 1.190153492152738274e-09 -2.956641155161857831e-11 3.039745600478401372e-09 3.558253399986845388e-09 4.404521071047070465e-09 5.728774770376294603e-09 1.750445976463814017e-09 1.407053442786783515e-09 -4.307365621748306418e-10 6.756686113861113252e-10
6.083197961819084740e-19 -3.864422185728003046e-11 -9.681939933074123084e-11 5.787500853655661214e-10 5.033717195129219343e-10 3.316046524416919217e-09 4.173832694252229926e-09 3.672141506805514091e-09 2.456822533209843452e-09 1.435268069446550650e-09 2.518113318672990960e-09 1.743462082401179438e-09 1.914944158058253823e-09
-6.320281709435265637e-18 3.040994074456108706e-10 2.578457166936365183e-09 2.959626950258166692e-09 2.685490512647472609e-09 3.866215515096155084e-09 3.756848685998119288e-09 3.154907093173864899e-10 3.856597643913357080e-09 1.938997960343949593e-09 3.036411231915440686e-09 2.774095783933705777e-09 -1.678185225065705593e-10
-3.865865456258266261e-18 3.996263254427555690e-10 -2.228757058837240741e-10 1.333258211660768042e-09 3.095344375748450320e-09 9.830640002782597820e-10 2.372917247796458329e-09 4.149767669657831770e-09 1.973544912550846281e-09 1.946475420621773832e-09 1.830592159479598228e-09 9.845248824559495441e-10 -1.904399847261985554e-09
-1.342856483716857672e-18 -5.363872061925623198e-10 -1.919059310368036401e-10 2.392730313997796784e-09 2.323553063181618175e-09 3.819872202030152936e-09 -1.516996395010866622e-10 2.255724731441676050e-09 4.003841675518624270e-09 4.585396647741663000e-09 2.099443352480606062e-09 2.856311072350559073e-09 1.273064877272348946e-09
4.173550445283762994e-17 -3.946830444702058564e-10 2.036568363474559046e-10 4.254390908394112643e-10 2.637357868422438672e-09 1.193185383105231871e-09 3.302267087563571016e-09 1.484218163977100455e-09 2.895076590614494490e-09 2.336333824309547706e-09 1.337193218677017341e-09 -8.347641102954236289e-11 -3.402763092277968508e-10
-2.911252845798307001e-17 4.532496693817973043e-10 1.539048637337128091e-09 9.260027337756021811e-10 2.502515879322864169e-09 3.102652093524345107e-09 3.694735488985368651e-09 3.482201545949228617e-09 9.315322921184060890e-10 1.327886479125653846e-09 4.967808983703443151e-09 7.039054044729676686e-10 -1.009388549448125071e-09
1.243713242643277658e-17 6.403083080644706274e-10 -1.386232051747089599e-11 4.481592253353855930e-10 4.585563897362837815e-09 2.889537824895568097e-09 2.341050549460670451e-09 2.645258033932441588e-09 3.424715933829324289e-09 -1.276606348630191877e-09 2.268642278235307727e-09 4.401192342873093839e-09 1.311507166788253889e-09
-1.887048610499957641e-17 -2.253120500753987368e-11 6.827101896790844572e-10 1.859387074709516322e-09 2.326506050487187921e-09 2.500293306132234478e-09 3.162743835144165588e-09 5.826209461264478699e-09 2.685185146565935299e-09 2.009062401589147575e-09 3.081028798374058311e-09 -9.582680053377346859e-10 -8.762760164118503041e-10
3.606083294482393985e-17 -8.340916191771781803e-11 6.247960755065461165e-11 4.228864387830435253e-09 2.863458067331189683e-09 3.618811709034444276e-09 1.615645761469913010e-09 3.455031615021698258e-09 5.503462739741926620e-10 5.284051910160099356e-09 3.496074987979184532e-09 2.295101669919519317e-09 1.311295126265360628e-09
8.826317608411907924e-17 -3.747221840881331411e-10 -1.611657172804563883e-10 7.382583517530192467e-10 1.756087427207187626e-09 2.768385586980931169e-09 5.071485268434010669e-09 4.078409860218422809e-09 1.421342994285661070e-09 2.894012523149482815e-09 3.371321918543145691e-09 9.564794316290293708e-10 2.723980167486924454e-11
1.467430341793742508e-17 6.698564175412325923e-10 3.611688558722209296e-10 2.602775759693922612e-09 1.240605916262325199e-09 5.859736754657973216e-10 2.818156022982736536e-09 5.892129519972249262e-09 3.118839557058554076e-09 2.652634785897237315e-09 3.911872449253732139e-09 4.274077116928345220e-09 8.218927025520164621e-10
1.468719917297894066e-17 2.198815406222613804e-10 -3.412191230822375500e-10 3.039157746200208011e-10 2.432983172061868306e-09 3.308025099224364207e-09 2.450482045521600563e-09 4.191104040733147070e-09 5.522393281079358745e-09 2.402262168626504937e-09 7.929281218542614879e-10 1.344837978472821493e-09 9.683283487119662519e-10
-3.198126046670570281e-17 1.427308510829661003e-10 2.009130305050784012e-09 2.664692113349267864e-09 3.502014345692170475e-09 2.878950080835181325e-09 1.302789759447510944e-09 3.849893941775663130e-09 3.170500379529187612e-09 1.320105664449431198e-09 1.853151348849649406e-09 1.448911333451672127e-09 -5.665994183076269191e-11
-2.091866499443450350e-18 1.011364490603609259e-09 6.979976038936076224e-10 1.426644717530861614e-09 2.762068618310649667e-09 1.501865460818479443e-09 4.347680931124356653e-09 1.467300126795550955e-09 2.438127079717413137e-09 3.846494336890698304e-09 3.901908324079312932e-10 2.276949853642297957e-10 3.724875773490468005e-11
1.356740468947505334e-17 8.766135629479258845e-10 8.233651559669620876e-10 -2.862783169098088241e-10 2.390290830540114405e-09 -4.188258246992048724e-10 3.003491905952478254e-09 4.117482928910333634e-09 7.078800258010548859e-10 3.118926349708263094e-09 1.761966609204153052e-09 -1.012010297652745554e-09 1.843205683055622425e-09
3.267007208431157208e-17 -5.719657950674156587e-10 3.903161259402486106e-11 1.651680278219999794e-09 3.193399000119566317e-09 2.410984726007286099e-09 2.565854216388318480e-09 4.912067883184519050e-10 4.280483483422360400e-09 1.483538575952927976e-09 2.768897393954552376e-09 3.199438458392805060e-09 -2.071846502148014970e-10
-3.841340123177386398e-17 5.309946893204859639e-10 -3.819499187724338975e-10 5.828895142623355817e-10 1.653136863878900748e-09 3.805483318953044817e-09 2.702637452276966113e-09 1.753721320013424217e-09 2.799077834237050984e-09 2.330530658987362040e-09 2.374219532238683132e-09 -3.036504892582600537e-10 3.632045892425692441e-10
2.357528332758351836e-17 1.953311923223452559e-09 1.991668790240845005e-09 -9.333101410997485762e-10 2.438116732467937989e-09 2.482249933045038864e-09 1.971492830221181246e-09 3.370324797782812554e-09 4.665006733852634147e-10 4.225202847300779719e-09 7.792084173112605171e-10 -1.223516739725336213e-09 -1.546158536724003993e-09
-3.246604430148086701e-17 3.690232728779547787e-10 5.777489193157420758e-10 -6.009758394221846715e-10 1.840839410139100638e-09 2.848520154932502859e-09 5.564066392715679493e-09 3.703713943233178111e-09 3.480469561811790013e-09 9.955654374280984620e-10 2.748825354154457215e-09 1.988713333135354491e-09 -7.487562031254057184e-10
8.509295347890209892e-17 -1.229692601509793082e-10 3.442395855063422280e-10 2.198549335219697162e-09 1.561397773339276432e-09 1.662086229785419995e-09 4.115605562115803195e-09 2.597851181093947666e-10 2.016281232133399601e-09 2.178437590570113137e-09 8.205760375539662473e-10 8.752380400827565506e-10 -1.093458157177635492e-11
1.081325900830714412e-18 5.441721658204268080e-10 -6.185700380477775891e-10 -6.721400712574000603e-10 5.307777498897406580e-10 4.568059762424892175e-09 -5.847095314206416690e-11 3.581617047895342510e-09 -2.892366179161400421e-10 1.835944809377776849e-09 -4.017028682236172095e-10 1.650250013758653496e-09 7.202591177465449043e-10
-2.377853944207268516e-17 5.517329937015442140e-10 8.556405379986995606e-10 1.202180295939598852e-09 2.339288211695803990e-09 2.346909794608388846e-09 3.676597196099662402e-10 4.905795701742087483e-09 3.640596643599690205e-09 7.590182510615023632e-10 -4.506131358925315666e-10 1.191756112179488636e-09 -8.098608527343838559e-11
-3.718388466961712518e-17 3.299594990925716617e-10 9.592632330893539140e-10 7.776340158050432221e-10 1.277719520649326380e-09 2.267624465422437426e-09 2.804985358960563042e-09 2.230471784724669254e-09 2.959265176699867709e-09 3.357874053827036464e-09 1.843376533144323558e-09 3.702513744223340583e-09 2.620393358221047550e-09
-1.303131589316754445e-19 1.478795745739350647e-09 5.146468981497458834e-10 3.304683708858249622e-09 3.042932131835254596e-09 2.772118200278153008e-10 2.589515225496950358e-09 5.254131103412754340e-09 2.344475279656874955e-09 3.984802571025904348e-09 1.179063610060452234e-09 7.075508519773850399e-10 5.063056169566318291e-10
-3.177285214605366788e-17 9.583168674455378181e-10 -5.851009519947503576e-10 -5.811571331641747291e-10 -2.034650147212018192e-10 1.551202971401931939e-09 4.928398172754472124e-09 2.362793929924351642e-09 -1.653327171994366914e-09 6.635520955568978738e-10 -1.027980966485570532e-09 2.570388486468067770e-10 4.447623412028085544e-10
3.529464947613475730e-18 1.345276360601091781e-10 1.630645076888834494e-09 5.878675828073389487e-10 2.038044761004267660e-10 1.624672532853821540e-09 2.112138424501516584e-09 3.409781736355027889e-09 3.575500736726155100e-09 5.479948085537873090e-10 2.793385104451159376e-10 3.283279679975535389e-09 8.972031490007650287e-10
-1.183066125134967842e-17 5.928760381254918545e-10 6.929384389814495674e-10 8.989726269835501141e-10 1.340801963882493807e-09 2.097578494035661390e-09 1.272192654551491988e-09 2.206016529593521223e-09 5.081544229288685300e-09 2.500002589237364093e-09 4.980591546616375250e-09 2.158918289989167510e-09 9.460978985931345465e-10
8.552639725855032763e-18 -6.674409462932268816e-10 9.358924936859706683e-11 -1.351094166644470398e-09 7.777032049198164416e-10 1.300192487796499583e-09 1.604885310680956195e-09 1.729645143365554494e-09 3.364709408722863858e-09 2.081337042036734374e-09 -1.283440713299192011e-09 5.484423224053358753e-10 1.351009884780427518e-10
-3.952650111831181882e-17 1.366255907051107274e-11 -2.410478215585766238e-10 7.367178244831999337e-10 2.659617090707987636e-09 6.952448147865070770e-10 1.885454504283321253e-09 1.107714584581629362e-09 5.574201036498722026e-09 1.201785055158098243e-09 1.784529594081134269e-09 -2.658387502100452686e-09 9.230209898005456080e-10
-1.049896569815055499e-17 6.543001419033115784e-10 -3.357578807158257167e-10 2.689365442442563788e-10 1.910116895633989209e-09 2.018186077588750263e-09 3.469268507922369768e-09 3.155080847943057921e-09 5.860058066912952867e-09 5.894999488462593857e-09 2.725488776786183506e-09 -1.320828370699186257e-09 -1.522102997038394869e-09
-5.712984823725337215e-17 -1.361362654174009111e-10 4.036763481844419742e-10 6.862897066368936976e-10 1.178497418838837459e-09 1.928565436175692197e-09 1.958559135071904205e-09 1.205711842175377161e-09 2.937875661548576709e-09 2.431871034054972577e-09 -3.812691369757860242e-10 -1.157890480130590817e-09 -5.364823039090454725e-10
-3.392779143279778318e-17 -4.081278452494414128e-10 1.422749247808017742e-10 1.022782022134968837e-09 9.853482222086241880e-10 7.645483412457130746e-10 -1.964174944021556442e-09 1.478745209551453299e-09 3.198358038522840365e-09 3.550784266131963467e-09 2.701696982203557532e-09 -2.272555020670573354e-10 6.138585785616176698e-10
-5.290200759172463031e-18 -2.633170894024453608e-11 -4.837778645336626195e-11 3.393913522573007627e-09 1.952940885295469527e-09 2.398766216079188809e-09 3.834859911529996215e-09 4.432716426870836118e-09 5.097473142815884627e-09 2.208107646211129617e-09 -1.088706069138798406e-09 4.066607843742153692e-09 -1.791131890936197992e-09
-6.271391104568032918e-18 5.877763221779304220e-10 4.333335439075563321e-10 4.642778955892380297e-10 1.100646511891656061e-09 3.631755578405790146e-09 2.156413372622786980e-09 1.626720344148843071e-09 7.552923729475982406e-10 5.376484565671696295e-09 2.293209584897415435e-09 -3.037342743695420270e-10 -1.094477932581856523e-09
3.171897912642014691e-18 4.832418122041275626e-10 4.646041203746570123e-10 -2.950666402417908587e-10 1.586795795050664734e-09 1.393463590590021449e-09 4.154423883061630498e-09 3.102271486320637459e-09 1.947321006298059465e-09 2.544182179917855577e-09 4.086243237354386168e-09 2.231114126460300345e-09 -9.864849475137004422e-10
-2.246683915513049152e-17 1.671134110200797168e-09 1.806699866568374037e-09 2.885855744922622391e-09 3.195832060318142546e-09 3.814009488414103013e-09 3.019353095425226830e-09 1.145230884835823774e-09 5.069052986603063977e-09 4.330721538221923934e-09 4.479249235056258435e-09 1.061664746378994635e-09 -2.503267830865812151e-10
1.064234276727743386e-17 -8.621787857027795553e-10 -3.000639194743708037e-10 2.041792726985838013e-09 2.953205204323176030e-09 2.471562965749604273e-09 5.404197760462557703e-09 4.416252399866621123e-09 1.765871458060072777e-09 8.805271395339049591e-10 5.603708401427431446e-09 4.210054999743581761e-09 -1.216463340863986164e-09
-1.679991509402333584e-17 2.656450974605113140e-10 -2.824384756149055828e-10 1.209139820796304078e-09 1.990187629259651555e-09 1.611198903543351238e-09 4.013208239915736411e-09 3.644445762843274843e-09 2.380740820025638591e-09 2.854750888780832066e-09 3.306872115283115168e-09 -2.220398484842507786e-09 2.078262557186642152e-09
3.507524097098836410e-18 2.273542399641637574e-09 1.952928303849678794e-09 5.526826159239549171e-09 4.116421667450588337e-09 2.224800055335906825e-09 2.298881337213852623e-09 2.383049205848870975e-09 3.323142807482719069e-09 -1.192865542074274523e-09 2.356502139127304498e-09 -1.167933920334109992e-10 1.263818277978278223e-09
5.222935828268704435e-17 1.156901416244686174e-09 6.122205927620230910e-10 7.371210048579904224e-10 2.746559411641458586e-09 4.978840726876116319e-09 4.889059042290652472e-09 1.234636647281918583e-09 1.749696007932918948e-09 3.698623316907096103e-09 2.676036401928982588e-09 9.299776288906300482e-10 1.755794377425356982e-09
-2.748546338296289738e-17 5.425357220063728260e-10 5.313871714642124302e-10 -2.199730108077022507e-10 1.681812812834895314e-09 1.700191293725617401e-09 4.644613436166400609e-09 5.389870011079139375e-09 5.081137241165055150e-09 3.466601998702699371e-09 1.988713057550455819e-09 7.968401939710207680e-10 -1.461255420119526974e-10
-5.330397254347395458e-18 1.668141434194017776e-10 5.767440630820377470e-10 3.165567231742184774e-09 2.472264361850089824e-09 4.114284403998912172e-09 8.806138084214917919e-10 4.997404930526677859e-09 3.955061207607224570e-09 3.250476016322495391e-09 1.217765703790347843e-09 1.630833925624316483e-10 -6.688544273368990561e-10
-5.737738689000209861e-19 5.756272670798891159e-10 2.150871927634794242e-09 3.286210106890735447e-09 2.411274868013242935e-09 3.615553007044551457e-09 4.209354198463790195e-09 4.073619336381831141e-09 3.667824450133671589e-09 3.710354935504273574e-09 2.253171987044866200e-09 -1.261780152561474168e-09 1.239954050234824884e-09
8.293882756844741398e-17 7.880546724565319314e-10 1.480899926579652031e-09 1.646343475138681994e-09 1.013536541853981300e-09 2.474582279883262660e-09 1.593368693145833223e-09 4.133611629504839532e-09 1.956397203386876049e-09 4.531347340442861965e-09 3.448432122916428101e-09 -6.715922292466200917e-10 9.612001273451862715e-10
2.023747476986963702e-19 -2.055900333328519700e-10 -1.792489939428342326e-09 -5.192240864997996235e-10 3.133138131235588985e-09 -5.439095761220936676e-10 1.686381298217142391e-09 5.935813146435848281e-10 3.850356128264973213e-09 -5.368121050276183190e-10 1.527799294692567055e-09 5.673839699422257387e-10 6.945970670729150445e-10
5.622880966403914941e-17 8.823616095077040555e-10 3.161582362140653596e-10 8.703529586935698114e-10 2.446776733322185863e-09 2.386769096939157670e-09 5.563974241880350728e-09 3.453384513261180194e-09 4.062705638378357429e-09 2.204380955422470097e-09 8.033674288724034317e-10 -2.201101343436144197e-09 4.069520437277962555e-10
5.479485697862914998e-17 4.617574182679202971e-10 -9.380677094242387447e-11 4.369980606464352716e-10 -9.506366055838073367e-10 -3.675029367659586612e-10 5.094652969934753002e-09 5.159824393978996813e-09 5.102961750593560473e-09 5.520531466590418895e-09 2.717244806098439831e-09 -2.009336748625398919e-09 -7.284861931651221582e-10
-9.407123347493671851e-18 4.158421199946983583e-10 -3.821305826746003142e-10 2.212076132752321069e-09 9.098634032299795579e-10 7.425644583946027831e-10 1.312905576127534653e-09 3.600175379876947336e-09 5.611980669738050282e-09 4.502187251266334618e-09 2.695632940679339855e-09 9.344372134544833695e-10 4.615645360431282034e-10
-9.996608482866618023e-19 8.504749051716606492e-10 1.557800836286773777e-09 1.481196111930718394e-09 1.563384050353301745e-09 4.491592239005674978e-09 1.569511486187271554e-09 2.406659285363929753e-09 2.534101238593765154e-09 4.557219882214877822e-10 2.439495643142456374e-09 9.880365772190929144e-10 6.651157328263135120e-11
2.352836334739620491e-17 6.689897438522319795e-10 -4.085391931173017700e-10 -2.906157942686727760e-10 3.325461780434973525e-10 3.136368324908214261e-09 2.146481439567711296e-09 4.978051901883919536e-09 3.304780119883278978e-09 1.802927483359701633e-09 5.839207872760747932e-10 1.771272173145728345e-09 -1.399839570267461556e-10
-2.406646400283074380e-17 1.288791166571502928e-09 2.065723981736332884e-09 1.019492302913657134e-09 3.050633053606911115e-09 9.714261091857819698e-11 4.082426384414308419e-09 4.309677711969639342e-09 3.393140222722726485e-09 9.112755437178585601e-10 2.023438742674053201e-09 9.255366054422469077e-10 -2.771664949004024237e-10
2.966721522223955124e-17 2.152863744333437578e-09 2.647556243197637167e-09 1.480884105576475966e-09 2.005287338266316652e-09 3.497343455278698269e-09 2.263415655603434261e-09 3.592041571689837450e-09 3.403695534405049834e-10 1.600687972490147241e-09 2.024727966159111886e-09 1.717934824891678392e-09 2.074310563269592318e-10
-3.808975854357548075e-18 6.965640382689833552e-10 1.101076239061170775e-09 7.219182979807712687e-10 4.099395938048539319e-09 5.369713853854369708e-09 2.204144142547729146e-09 -5.610615367590718862e-10 2.277209645503683725e-09 4.931849976634505247e-09 4.659573246829423817e-09 -1.787078452510481493e-09 1.238307259887329142e-09
1.610409571928510654e-16 -9.590563586944801878e-11 1.915940756119323492e-09 7.715988354722042044e-10 1.463862554435052244e-09 4.230585607405001299e-09 3.227032517817312136e-09 2.018171076378160865e-09 2.625488984044346374e-09 -1.392573633669563986e-11 2.595881869837715633e-09 2.742543857157417971e-09 1.700747549484648476e-09
7.456511283843126473e-17 4.373206995787184766e-10 1.197743060840497419e-09 1.056621775416255445e-09 4.616817740584953747e-10 1.904319719151414734e-09 3.256314028051521329e-09 1.163969808397861629e-09 -1.619527038283185385e-10 5.901412101719110898e-10 3.242286505520586140e-09 2.459144726163809730e-09 -3.705884887148807788e-10
2.317510394420808097e-17 -3.648153243636254457e-10 -1.489803759094522569e-10 1.152796202231248997e-09 1.774132191460517434e-09 1.496554770581463218e-09 3.604201113649900750e-09 6.637110300510270907e-09 4.213704071086222325e-09 1.025882625488167656e-09 1.546135343036064614e-09 -1.328430879832053926e-09 1.358411160318877365e-09
2.932939603275514350e-17 9.380294603036080771e-11 6.775784806898849702e-10 -4.809837156231816742e-10 2.812860682040521678e-09 3.735021474667252378e-09 1.544299759712032681e-09 5.392895235149270356e-09 2.995621800526880752e-09 6.023703358590970896e-09 3.554775214649238907e-09 8.233818137590451613e-10 8.847072052730478706e-10
4.704028171065700298e-17 -1.774740989023682373e-10 -3.568206150294144536e-10 1.852646142319896867e-09 1.120183093596723439e-09 1.443501192060354039e-09 1.106125405853717071e-09 5.339020771393842710e-09 2.407980788266162637e-09 1.830228236819364000e-09 2.371808023390451794e-09 1.433955667138022521e-09 1.330625054673402397e-10
-3.006516228368584941e-18 5.165704848323666612e-11 -4.404301206784561906e-10 4.814320444203861402e-10 2.875088220296063426e-09 1.234666379243821719e-09 3.289752129047086605e-09 -9.888275276927250015e-10 2.092813637342500319e-09 5.288787161942174643e-09 3.838402250225645146e-09 1.788859079410001434e-09 1.523008711166894890e-10
6.798217015806595224e-19 -5.241621803564188595e-10 -4.907185897227184733e-10 1.551930115568307441e-09 -7.069571623444469613e-10 3.771487883684325146e-09 2.303074059184685997e-09 4.607418325747310619e-09 3.968270125225639182e-09 1.055476718370556379e-09 1.882259930295199223e-09 1.272210531466466971e-10 -1.365165167521248804e-09
9.100042856578518543e-17 5.041853723826542005e-10 5.326967075120897573e-10 3.883136981487589291e-09 2.404476063127513419e-09 1.225588344079542649e-09 4.567065717811236660e-09 3.823169456328051599e-09 6.008006114745294525e-09 2.872176953079758610e-09 -7.113761690436358795e-10 1.676058546912464822e-10 1.633383215791204615e-09
1.802247177545869897e-18 1.258530942634770062e-09 8.894056092615313226e-10 1.539778986871891072e-09 2.324194460172130940e-09 3.811189191132231028e-09 2.409304272177523742e-09 3.110656945765276098e-09 4.423136368726762501e-09 1.041050670933037940e-09 1.683649773259124164e-09 5.574335165256895078e-10 3.312897535136962793e-10
1.075462975369413389e-16 1.386463569061374138e-09 4.965870340970041116e-10 1.763343656948341918e-09 3.139000788248861973e-09 2.881428304341035915e-09 3.750586943510113620e-09 7.446550396765818123e-10 3.674805602785239849e-09 4.416251186474179503e-09 2.144404447481072008e-09 -1.884157554889918185e-09 -3.196617104935708418e-10
1.285604004645879294e-18 1.956128370337286952e-09 2.809665878777954100e-09 3.226861955953206422e-09 3.878019075928685527e-09 1.119490876689034463e-09 2.791208201012463865e-09 5.339091376084080204e-09 -3.650855649445502272e-10 1.176428109696344166e-09 -3.328189912991216796e-10 3.672226041841638208e-09 -4.126483196967638891e-10
1.413837195965874416e-17 1.638834747998937684e-09 1.015723024812006472e-09 -9.247334752190298182e-11 1.683673478173926038e-09 4.085098286579308645e-09 2.232632643992569358e-09 2.298579094966257585e-09 3.373312176904683943e-09 1.126953521191472905e-09 5.097993957974111380e-09 5.042473774288700592e-10 1.025715514633628087e-09
-2.502775285765456561e-17 1.183481152764198641e-09 9.889337841392166465e-10 2.669155842503409589e-09 4.139721072255177515e-09 3.245755756577059521e-09 1.827570909920932336e-09 2.367331038974559925e-09 4.348784713963529006e-09 2.048679850351361049e-09 4.805627406115320913e-10 -7.611673080441686436e-10 1.480461138387686418e-09
3.987421740483209615e-18 5.161565333415629209e-10 1.256253858368905411e-09 1.051575866277859099e-09 3.664165258424387354e-09 1.687479448754933614e-09 2.765402312071283969e-09 2.252163916913719956e-09 1.458628988299343344e-09 1.278373983758709271e-09 8.282110394326307770e-10 1.222414656982178357e-09 1.505156150539406560e-09
-1.108184472274722996e-18 -1.344336325756626998e-11 3.874272190199183062e-10 7.283611274446022028e-11 8.318544943676589297e-10 2.085177877059930128e-09 -5.631293435695365865e-10 1.956285047519843429e-09 4.616573476949656519e-10 4.432332921004060692e-10 9.004343109198787687e-11 1.140875646131218323e-09 2.479251055874860585e-10
2.155239008403322118e-17 -1.911255182211559659e-10 1.178524849472334120e-09 9.336668075785908834e-10 1.898405204742751694e-09 1.728556372831911594e-09 2.285693337735456364e-09 2.056512249659936391e-09 1.165605397454913581e-09 4.452707936364374062e-09 3.622839168141497731e-09 -5.243075598434300229e-10 -2.779761547483857200e-09
-2.679507473166677053e-17 4.940846155834730381e-10 -4.661224192898038867e-10 7.269610336274189871e-10 -5.599141268625046359e-10 2.578347656573126600e-09 1.916690153285954688e-09 3.656387188245797785e-09 1.297544672367771177e-09 6.793200775809959448e-10 -1.670338953877490309e-09 -1.623751807138769337e-09 -5.545028480017396520e-10
2.110673817802059754e-18 -7.641619276455279843e-10 1.051320716897725258e-10 1.517878660793946317e-09 2.067905718683406922e-09 2.272435228107092823e-09 2.635636717653163779e-09 3.109696177806186803e-09 6.279121867369317479e-09 2.874040907436735462e-09 1.133577346172688153e-09 -1.952420363117909788e-09 5.441628482523431305e-10
-1.013928852998081574e-18 -2.688828705192990987e-10 2.244720501866066557e-10 4.150398107370649482e-10 3.945804151490341072e-09 2.616436589456003453e-09 5.112822045715643207e-09 2.508329503073865616e-09 1.476253925433413798e-10 3.738544707506955273e-09 4.943866211445095574e-10 -1.419059951155400341e-09 -7.975686116921797974e-10
7.683139491397274945e-17 7.577821865787514958e-10 8.238828171446829560e-10 2.080851544007896181e-10 2.371076578213359475e-09 2.198487229967361304e-09 2.365243096020578156e-09 5.290188332217195298e-09 2.082983886953222423e-09 -2.988687958198200403e-09 2.530432596710837083e-10 -9.165722663835939429e-11 1.586394074450018152e-09
-4.439601918080489656e-17 7.457351738829250122e-10 -2.343295250557734386e-10 -5.482608996345259673e-10 1.641874215312574076e-09 1.849220014796412151e-09 6.593746850164883289e-09 2.654205472707108988e-09 3.880061468001033753e-09 2.855372052762937584e-09 8.528979436660955421e-10 3.814797163361423227e-09 5.814442335539004735e-10
-3.148768814254354685e-18 6.272423264967957406e-10 4.963884938546627646e-10 4.307097481595524270e-10 6.405436256263423389e-09 1.444313500026052496e-09 2.149533768105632902e-09 2.066561095456784400e-09 2.558955501690196172e-10 1.582896549341902880e-09 3.786778133983410839e-09 2.723668909439113920e-09 3.658904997511483160e-10
8.301108227921010362e-17 2.373503813186033923e-10 1.710033187523054269e-09 2.166726230165879471e-09 5.772467437851682695e-09 7.462764106078724965e-09 5.746609586264697927e-09 2.464351164287130158e-09 5.725369728281925071e-09 4.954005706018381068e-09 5.776154961478543493e-10 1.537751972229132716e-09 -1.976908406669919850e-09
-1.886563100730018378e-18 2.586859277373999233e-10 7.772086852680515811e-10 1.775196408750422466e-09 1.751957705930403891e-09 2.680947983021382269e-09 3.028001834703782790e-09 6.011917424585794337e-09 -1.120486953521347350e-09 8.659595273031799112e-10 2.380374496927346117e-09 1.848965253211299611e-09 1.673313001423734801e-09
1.425450685386276616e-18 1.055228994320069174e-09 6.729095464908559958e-10 7.415632920524310854e-10 -6.140748021453389409e-10 9.331338400076956815e-10 4.827758056363347510e-09 3.755320840693505985e-09 4.614432009396101302e-09 -1.627134437932396633e-10 1.471948965853578955e-09 3.087043246384104674e-10 3.177272215472627089e-10
-4.820829303880825855e-18 3.638183531137939601e-10 5.308488058273721397e-10 9.068558016417822011e-10 2.308979955310904031e-09 6.089518231429490576e-09 2.068428285954836679e-09 1.538153843874132506e-09 2.692888273715801749e-09 2.274481756687721676e-09 1.776989326758706000e-09 1.157148114655090148e-09 -1.789417279309016424e-10
1.907112379180005276e-17 -3.090534492322557746e-10 6.841699091649934713e-10 1.674529412868474454e-09 2.475763767994326258e-09 1.785456212277143675e-09 2.477966814534386085e-09 2.815854536023693899e-09 4.363952846815750126e-09 4.972674438696289614e-09 1.435594211539450060e-09 1.520431991643459672e-10 -5.895443891276833741e-10
1.043957545436743059e-16 -7.233489816843404164e-10 -4.031635528705857412e-10 2.736064221646611206e-10 -8.938136254402164804e-10 1.001232920263994326e-09 4.214659125080039787e-09 3.757399399404335749e-09 5.426002498323804566e-09 2.044453492731369349e-09 7.089977241008015854e-11 -1.545643008151306150e-09 7.941734568667378247e-10
2.055870684485088344e-18 1.766475080487190860e-09 2.002677277304179338e-09 1.937452346641601310e-09 2.513468600189774645e-09 8.597220619233952878e-10 4.910125860146274529e-09 3.050442606558538956e-09 6.869772298188193896e-09 2.857498656510264720e-09 1.037366985064210326e-09 4.871129874931891470e-09 8.890897779072503485e-11
-6.522729495879499279e-18 9.370578295104119781e-10 1.042291887849195441e-09 2.995040324296573599e-09 2.553751612892633368e-09 2.510854943818012541e-09 5.057725801835800783e-09 2.503800316927055206e-09 3.127419874087224291e-09 -2.809973937587523030e-10 2.050978805293096391e-09 2.610820468138962851e-09 -1.116195867438455672e-09
2.709422124335378628e-17 2.905033674940930908e-10 5.385938668568196252e-10 1.464094822550752064e-09 2.548332429819284608e-10 6.030726845966203436e-09 3.105987113884958068e-09 3.729253117934864152e-09 2.793134942589748470e-10 2.124837087959380107e-09 -1.521528920280165830e-09 -4.171712036211175563e-09 6.775788904066318239e-10
-1.527252997042128153e-17 -2.753141281709873982e-11 1.029473772645231787e-09 1.123326555949710407e-09 2.667625362052558764e-09 8.558234329176789422e-10 2.321713455322060315e-09 4.908781660190373169e-09 4.576043191059648756e-09 3.524423715720400095e-09 4.286838854445799352e-09 3.203090610400158524e-09 1.038509960250680385e-09
4.564310421081104196e-17 1.135612524476463275e-09 2.369730614024288556e-09 3.413403138728712784e-10 1.777350363079125671e-09 1.698187922666115967e-09 1.623457688917301377e-09 3.322947464529700430e-09 2.346999055084237892e-09 6.228666887722722515e-10 2.055760234169352523e-09 -1.116098830360701889e-09 -1.921849972529096045e-10
-1.666323944800006486e-17 -5.692960529841019028e-11 4.763907626466730617e-10 1.278149392706320464e-09 1.700460455930814348e-09 2.237041238471402595e-09 2.126518528796257078e-09 4.460257328771336067e-09 2.468065751896271051e-09 8.975015431397841353e-10 5.530040505348036386e-09 1.421686388137677221e-09 -5.296822866150074038e-10
-6.842511411380996939e-18 -4.550870491122828646e-10 8.093307608115086526e-10 6.315695593849812119e-10 3.051472317759445245e-09 2.797004206519512768e-09 3.749266828785177284e-09 2.606691383051910339e-09 2.821177385261657293e-09 -9.189822715155346185e-10 2.424046323107149562e-09 2.068378979830401765e-09 -7.756001130308512483e-10
4.297801145785734504e-18 4.021057012619756492e-11 6.467503370662056719e-10 7.880642062644096546e-10 5.779605853526490755e-10 3.023860767171970667e-09 -4.616947133328812186e-10 9.867975723013296588e-11 1.854663221000501376e-09 3.400115494970236316e-09 2.082912971275789602e-09 2.889524320061972762e-09 1.714632718238891604e-10
-1.364893716797543152e-18 -7.286411303094516244e-10 -2.429400106770028536e-10 3.318283608389848575e-10 2.432647441279094653e-09 1.275603312532203631e-09 5.457665350849143912e-09 3.711976736381974238e-09 4.072860248053305301e-09 -1.160646127034250047e-09 1.755855661676979110e-09 1.766718729226498450e-09 6.287218180534501920e-11
4.732461786942722735e-18 4.062069482106402065e-10 1.409716913989121988e-10 1.351659331750512056e-09 1.188350855237843708e-09 3.900999833236220007e-09 -9.936071907919579575e-10 3.437213224066871363e-09 2.766324527737516820e-09 2.731133691462137226e-09 2.467137438883808678e-09 -8.800966751049957573e-10 3.372964808266683275e-10
1.043963229880930591e-17 5.805723761942439990e-10 6.129847492461900505e-10 2.632587047040321087e-09 1.202111147876545945e-09 1.724617879939939297e-09 3.027170825981823946e-09 3.345321583636663364e-09 5.819011328334912599e-10 6.180944804831453224e-10 1.541274417872869523e-09 -7.571945754276687741e-10 1.303428365164495796e-09
-2.842428195515065997e-17 9.327618488373496345e-10 9.005148280946803037e-11 3.676000128975660147e-09 2.586825013373790288e-09 3.643432764935150605e-09 3.106961900448023330e-09 4.748682372509931705e-09 2.698494620988355265e-09 -2.628000370455644807e-09 2.704014504941996918e-10 6.481003965874488972e-10 6.522623207537542451e-10
-3.334467458514423922e-18 -4.603088399383757687e-11 2.310310617244372787e-11 2.359161406471763589e-10 2.899919110581814458e-09 4.701801463814967663e-09 1.875605875422057976e-09 8.093293337930340617e-10 2.020384207826279721e-09 -8.478019048383358375e-10 1.210035165246619516e-09 3.283835203488006222e-09 6.087835603497139494e-10
1.740237896295443417e-17 -1.350776129197460363e-09 -7.153093623791402142e-10 -7.895435514264516040e-11 2.008727197167362062e-09 3.930571245009668571e-09 1.308305592626956058e-09 1.978171712686586647e-09 4.625812758880632792e-09 3.600796733128600073e-09 9.540721551373455383e-11 2.412013244191120456e-09 -1.992762839807634651e-11
-5.899366752159786868e-17 7.156695434129649804e-10 3.707455853075776661e-10 2.127774111246825355e-09 1.705296594768628406e-09 2.640601926959567249e-09 4.145361315699747658e-10 3.315617615460834311e-09 6.179419160092291570e-09 1.734092311579985392e-09 3.347818358121420158e-09 2.603979401968962158e-09 -8.120806738045402360e-10
-2.558357036580389444e-17 4.012263356512145109e-10 9.148646652436756013e-10 7.961536950739825224e-10 2.935939495444389984e-09 4.025381777264953856e-09 2.789558752154329915e-09 7.346988158986745060e-10 2.588869380300162858e-09 4.153717206519535192e-09 2.961966763230816822e-09 8.095937184573823144e-11 4.642370416794354362e-10
4.552300499625731669e-17 4.895068006737964202e-10 4.424797538941742413e-10 8.180498281329484611e-11 2.686196021850806427e-09 1.909146530183511073e-09 3.547457134536873804e-09 6.229051933587162432e-09 1.405085669396447976e-09 -3.424922174500328904e-10 -2.057293504927774970e-09 -1.137868983588716187e-09 -1.029445704822944257e-09
2.067869156239632561e-17 3.148537486893143278e-09 1.806972545340883902e-09 3.942177608697355176e-09 3.257357652513164213e-09 1.947392143049852403e-09 2.516482239684417806e-09 2.336545946388644540e-09 3.623384051868603487e-09 1.351246503965014148e-09 -3.940072160742346652e-10 1.352307029237339745e-09 -2.446200328830570733e-10
-1.281394105304681528e-18 1.416738696374882630e-10 -3.161642934910273752e-10 2.015156739160921483e-09 1.926450068946869836e-09 2.332682781413586144e-09 1.936586285915219641e-09 1.974081493244688838e-09 1.626248673807146243e-09 -1.737006790972702778e-10 2.187781869381932584e-10 -2.698823418536163520e-10 5.866433853521145909e-10
-9.708816449257285652e-18 1.052088161586633441e-09 9.000370271075879676e-10 1.334477923049469535e-09 1.767012366798788584e-09 1.854568743068189194e-09 2.983978867843333761e-09 1.360439838986026929e-09 1.660063500407843917e-09 1.345623311759844550e-09 -3.251396528132649602e-10 -7.139617885740913729e-11 1.259846282404617474e-09
-7.200121169867801628e-17 2.066593702533371668e-09 1.908177916865653178e-09 7.036521079563185015e-10 1.169680958814898102e-09 5.473414346135571167e-09 4.197506853333270424e-09 2.005650703733399678e-09 4.793089485713040566e-09 5.862963261385816038e-09 2.478445694892371198e-09 3.149330684878609976e-12 -1.294640379524252680e-09
9.737764833716292561e-18 -1.704038986953078497e-10 -3.805773170027935066e-10 2.013806261321425562e-09 2.747184244396403627e-09 6.288841118942389610e-10 3.045979228931530331e-09 5.474189501778695508e-09 1.113400348564073196e-09 2.075956665041154993e-09 2.124691327336015993e-09 5.382536186839732989e-10 2.376930371258570785e-10
-1.209383629830685505e-17 3.020887601630252357e-11 5.040571466006712212e-10 7.279287038790679153e-10 1.644748419296667686e-09 1.903952341610213260e-09 4.651321902757077982e-09 1.208124845741139906e-09 -1.231944992406150204e-09 1.119260307096097007e-10 4.648987075415776119e-09 2.028590253176865724e-09 3.783731423758652600e-10
-7.084731578378466012e-18 9.352372401781234990e-10 7.226463519324989031e-10 1.341568874161677062e-09 3.183330235644826496e-09 3.154706811254534598e-09 1.714628396717231592e-09 1.969925049427327677e-09 3.376869427887797912e-09 3.332831155336382751e-09 3.776102935217789380e-09 -2.255827659068306331e-09 4.398380915682230426e-11
1.014581578910740804e-17 -1.937339470540083767e-10 -2.843786871005268229e-11 -3.644160461639834630e-10 6.668498224888213914e-10 2.613073331241709046e-09 2.309861234151344894e-09 -8.020074783280050912e-10 1.186266554712020727e-09 3.828513044476429585e-10 1.248787486209756248e-09 -1.297742838390498582e-09 -6.415009569174000039e-11
-2.439913600304137849e-17 -1.928562218790526464e-10 -8.665560474941178932e-10 7.102758247006288241e-10 2.024823065257656781e-09 2.131959813668726682e-09 3.687146905373292752e-09 1.376816326917932478e-09 -6.627391742862004904e-11 7.163655475358105572e-10 2.321096586616102638e-09 1.598952946075716057e-09 7.768193318712243296e-10
-2.766134858895447124e-17 -6.235846941140327303e-11 4.185433989240234484e-10 4.534572857279648026e-10 2.598025922312711891e-10 2.664110945153584885e-09 2.783797422735161542e-09 3.248186102734543844e-09 9.789422215285591483e-10 7.517625791607458310e-09 7.332565610390012069e-09 5.023799422945048630e-09 -1.086210186007191903e-10
-2.492867920976512041e-17 4.744591917960024051e-10 6.305999006199821500e-10 4.011473830488840069e-09 3.996077055851983241e-10 2.338601644442098479e-09 2.489002883109240396e-09 7.378308566334514107e-09 1.779095940936976324e-09 -2.068280063996659692e-09 1.780726343434664983e-09 1.382884520359084852e-10 3.584488207384160720e-10
-3.120922851037886831e-17 -5.035310484012055022e-10 -1.688917109405878140e-10 -4.685160783065906416e-10 1.099336893561077731e-09 3.660604786852645589e-09 4.092032841409533877e-10 3.060742531129792046e-09 2.278375983555721916e-09 2.225199612805158724e-09 -6.636551071985795550e-10 1.641379713826411496e-09 -3.225744180844183390e-10
-1.831959505644603312e-17 -3.427765148344209456e-10 1.067672576436971635e-09 -1.045179839950777391e-09 1.278983394510311341e-09 5.414923645782592016e-09 3.847817762451954833e-09 6.671931364453695510e-10 2.572841832813930784e-09 3.314396460632573138e-09 1.304141569699215715e-11 2.238616387029800095e-09 -1.316769714743066189e-09
3.219864762749384555e-19 4.796901454478804061e-10 -4.716277553258105012e-10 1.700249387026458960e-09 9.153631756471139498e-10 4.174348081902383362e-09 3.020674397885562396e-09 5.357838582030055968e-09 4.883753739833135675e-09 2.209436560564559198e-09 1.508991740346833392e-09 -1.042385483959248802e-09 2.952820000859056063e-10
-6.577168877766516555e-17 2.797447310154055981e-10 -4.698738422377977628e-10 2.645789985588271781e-10 1.118745486817717957e-09 2.991958691535081607e-09 2.412003226178084834e-09 1.304772267533725449e-09 3.327089918092062413e-09 2.408673573563527680e-09 -1.100310520601332971e-10 1.342002255595230208e-09 6.047092223044848749e-10
8.591521827372236265e-18 2.619346856696387695e-10 -4.098976705974060849e-10 -1.004713827494438357e-11 1.121030457205530760e-09 2.497973633729802099e-09 9.586435623183075127e-10 1.372476919829302524e-09 1.684744596200355920e-09 4.896990318531034601e-09 -2.039233725351138322e-09 -7.290922867026464008e-10 -9.080654789396068512e-10
-4.083397440091959209e-17 -1.241633139705909903e-09 -1.071761487634632007e-09 1.882737985483349004e-09 2.048215140232203709e-09 -1.560403692085045070e-10 2.430612523493454838e-09 2.829694844142394392e-09 1.374246808761422911e-09 3.393572473207075952e-09 1.842334052853524168e-09 3.403681575222387985e-09 1.897555244070397909e-09
-2.579347267962047523e-17 9.344594212701010872e-10 5.110483966283601399e-10 1.814030888897199318e-09 4.732915109763273070e-10 -5.166487466071991736e-10 3.304904293594401181e-09 2.869715854195566166e-09 1.699118210993922966e-09 2.468931101420117337e-09 1.240291751929637838e-09 4.263252015626894252e-09 -8.962225937738492016e-10
-6.517234827443563773e-17 7.665214914289439362e-10 5.838550940671146551e-10 1.589194176901222791e-09 2.059548600928298019e-09 2.932994509154737893e-09 1.939540555673207348e-09 -1.344612020779696387e-09 1.725479343366031051e-09 1.651507872890202810e-09 -1.488714973497201894e-09 -1.379138962994094766e-09 3.083656031419632364e-10
1.633341943738132316e-17 6.489257440182495437e-10 1.425390339796178397e-09 1.871791209457010541e-09 2.396223239584432093e-09 7.775655128723419634e-10 5.269398719240013861e-09 4.381156342537879483e-09 4.040241271799382292e-09 3.367261238536837804e-09 8.429591371962938002e-10 2.067786700623213676e-10 6.377903237627358380e-10
-2.126634135856829569e-17 -3.502639332031390177e-10 -2.896164770839163674e-10 -6.494791029689275500e-10 -2.759730382640440524e-10 3.365474491094825142e-09 4.455136038318242266e-09 4.840323156640026374e-09 5.353474837215472010e-09 3.495145752409015222e-09 1.079507798975629507e-09 -1.564980817238711718e-09 -4.987710241477181174e-10
-9.538511449473471638e-18 6.164774478584909042e-12 3.367210564726587475e-10 2.858189479589217859e-10 -9.216947373747844070e-10 1.934138104960989995e-09 2.467592377433759013e-09 3.554332883898176810e-09 1.684271313129066121e-09 4.121707614856186019e-09 3.951354592506208346e-09 1.087787145424627815e-09 2.263304133583249038e-09
8.126145970632844857e-18 4.806408657180709749e-10 4.611578506063855051e-10 2.314928358885720788e-10 2.070182500470216145e-09 2.872195266381616169e-09 2.496970277455892204e-09 3.315200145349427160e-09 1.763217224273011620e-09 2.932452500107094776e-09 2.326215996112477586e-09 3.865845829364844071e-10 -2.158477462061344459e-09
-4.841888035920638131e-18 8.144492037760380011e-10 9.032708272365268856e-10 9.644952695429113161e-10 2.578598384359798923e-09 1.093013549633840672e-09 3.005946523506383206e-09 2.982370294746229344e-09 -1.671087726308193547e-09 3.067483055628530605e-09 9.642336534820716037e-10 1.782827661985461827e-10 -4.225183104573617821e-10
-7.057632358795036989e-17 -5.468979729533439431e-10 -1.557157113411375747e-10 8.826970015996488494e-10 2.278510058072985654e-09 2.113351961626284638e-09 5.038610315129371143e-09 3.870737927512823301e-09 1.166792533636475149e-09 1.584865967389059782e-09 1.677365673857098853e-09 4.914349907858732871e-09 1.810191950569191182e-09
3.676152649472180082e-18 1.609374967054035548e-09 1.990617150535287826e-09 2.034130620981491731e-09 2.141115071260600822e-09 1.093238383627265425e-09 1.418290577406676251e-09 3.380184302056032614e-09 5.399403399007682327e-09 3.373636828728929959e-09 3.863926980003125195e-09 6.711150748334995196e-09 -8.642362392529299753e-10
-3.862839822096048912e-17 -5.127204217546736487e-11 -3.067300863650729530e-10 1.571271555581507446e-09 6.279020787962651979e-10 1.617698318742064535e-09 8.846767014342815224e-10 9.881783167413711484e-10 6.115685754682879440e-09 2.412647409993371987e-09 1.419429000091657630e-09 1.580750229541392184e-09 -2.611987768960166230e-10
-4.884845283851665975e-17 1.006506736506165103e-09 1.246421212088503595e-09 2.951713607451990982e-09 9.600378162828556061e-11 1.443591698678642561e-09 1.564568493367040338e-09 3.538472159079172812e-09 4.357162751731447349e-09 4.745361112379748600e-09 7.677572371366290614e-10 3.745495038119397197e-09 1.345651292676284720e-09
-4.480026132248405095e-17 5.215258791251418416e-10 -3.105194660358824935e-10 -3.762670283423877366e-10 2.596812063009192829e-09 4.221249528393974094e-09 4.154174607018150788e-09 5.213492716904688983e-09 2.214477853181462910e-09 8.396596864426855167e-10 4.119109876015467928e-10 -5.968195459188935676e-11 1.997290200475960446e-09
-4.029297008840951412e-17 -7.425350337483400098e-11 1.242682723302024730e-10 1.494154356661736075e-09 2.319149393432628079e-09 1.988097935838384974e-09 2.144369615393354316e-09 2.900170993827449057e-09 1.714820045795084736e-09 1.778037012500547255e-09 3.729570277714451248e-10 -9.184607336030851357e-11 -1.496662399452315051e-10
-2.878662595596140260e-17 2.025768086145279664e-10 7.354887372199239046e-10 4.872409659922072003e-10 1.110718708801174075e-09 1.544262657311128506e-09 5.323425710133669706e-09 6.538784070841085695e-09 2.325372078139910236e-09 3.802697584832089786e-10 4.320646195776308252e-09 3.853321088301099010e-09 2.525087014135202370e-10
-8.028531734879762418e-19 5.748593230343378403e-10 9.937901861752668325e-11 3.701119462392383150e-09 1.921632222363959846e-09 4.051022143593872242e-09 4.203604063821245349e-09 3.685066638613567846e-09 7.499822116686202168e-10 1.208685461096301478e-09 -6.703926651436527136e-10 -2.358578684377060798e-09 6.230324141426398814e-10
-2.079968238758387169e-18 2.023141722055251999e-10 1.015123381602673260e-09 2.802516512599879454e-09 2.430272591252563912e-09 2.763257205377756106e-09 3.563245858257681598e-09 -4.884853396092316677e-10 3.027303091386762085e-09 2.337550162906188186e-09 -6.130394037713403714e-10 -1.663990430753455672e-09 -5.793721315727949226e-10
4.465650466717367675e-19 4.866146131280535890e-10 1.228433987645676531e-09 1.887935476072268646e-09 1.687051818438658463e-09 3.460464792937120140e-09 1.655925589440882039e-09 7.222287675464721824e-10 1.917198813563883247e-10 1.602947057316222444e-10 -1.391780898858417139e-09 -5.034314964877631502e-10 -1.696766417242237844e-09
-2.808039185936297300e-17 2.093976898903074171e-10 9.001975846752817192e-10 1.474793161506788942e-09 2.513100937289336874e-10 1.056384463732239173e-09 2.931321492700758333e-09 2.579458119712360767e-09 3.576638832840973348e-10 2.844631413729340280e-09 1.626653440321809016e-09 -1.700498217430470549e-10 -6.979213577328393521e-10
3.245365855104636368e-18 9.891072368967837422e-11 3.867644701432838373e-11 1.999127739579189405e-09 2.223749017494620137e-09 4.370071832121243232e-10 2.312465265612991166e-09 6.647292330903702207e-09 5.159332410648372279e-09 4.111002768661301758e-09 4.426769123668524733e-09 4.445333955922596162e-11 6.211241893605469660e-10
2.121658240548744864e-17 4.920183771034644856e-10 1.131016659138919974e-09 3.047660538618005493e-09 4.961759526900793933e-09 1.845393350752146032e-09 1.891807761126321231e-09 8.670713588583775803e-10 -7.592813000178448335e-11 1.075181238688767092e-09 -2.258906181992627135e-11 2.626684537636686499e-09 3.092209226524002396e-10
-8.771920181181952893e-19 -5.913990280475950183e-10 5.640375893226969305e-10 4.613024788191094446e-10 2.111828068253163313e-09 1.819627875558763809e-10 3.843320022156156288e-09 3.219120312480859704e-09 3.189275046854670998e-09 8.361126951229894853e-10 1.845881046289433170e-09 2.188841759568733717e-09 1.623931333081285755e-09
3.656406044593392743e-18 -9.301267272185184236e-11 1.261330616999905975e-09 1.371184990229997634e-10 3.079029363080191791e-09 2.647341844952733586e-09 2.683556293359533676e-09 4.225576564485699319e-09 1.743887054536964430e-09 2.670358848266407192e-09 1.726205342253587716e-10 5.452766516806110342e-11 1.161601167727346125e-09
-2.438822476410595929e-18 7.045241579593887375e-10 7.836539519228365436e-10 1.300753403773649373e-09 3.023660148011508602e-09 1.787307885721804308e-09 3.611415620427966141e-09 2.896154474335802456e-09 2.473666237777530717e-09 2.083095452650864644e-09 2.070068546870460194e-09 1.849690805425143143e-09 2.114769455923738574e-10
-8.003300824783703613e-17 5.036831239534914402e-10 1.576126581426712351e-11 9.282464270507452417e-11 3.018660964279235815e-09 3.466753067083460911e-09 3.813181492010864569e-09 1.135361962701275688e-09 -2.257973685268521010e-09 2.348721157893749106e-09 -4.109642639268578738e-10 -1.368999227987754131e-09 4.621208800500247752e-10
-2.848989484934210769e-17 1.577405476908913123e-10 3.016949655283874244e-10 1.113543833316932594e-09 8.224561003341714227e-10 4.178269779847908512e-09 1.577721784950464700e-09 1.494013928201769758e-09 3.660731384572235851e-09 3.096344799051815645e-09 1.088729226031198361e-10 -2.311378530460327460e-09 4.866929544944634325e-10
2.598921408834709008e-17 -4.378101132149408325e-11 2.191382109438159154e-10 -3.688412773192824850e-11 3.000712798548570307e-09 1.144076322201706004e-09 4.660656912863500757e-10 2.971714384082277707e-09 4.062153085818994491e-09 2.062687844377955892e-09 4.000274227128065935e-10 1.806243143966776358e-09 1.599325752605728725e-09
-1.586749655189192521e-16 -3.183396260119009965e-10 1.346094685200993914e-10 2.548744899513516409e-09 1.174264485119827719e-09 2.605295480606783938e-09 5.725237349313423500e-10 5.049601739188071473e-10 4.641993636686367505e-09 5.185899909605980231e-09 3.329835026688342029e-09 -5.910306247067935977e-10 -1.430628686795144972e-09
1.266520607649831447e-17 4.774810492457337176e-10 1.321765843962034303e-10 1.810613945120058351e-09 2.278892940208393310e-09 3.888443982031200117e-09 1.975805643887061120e-09 2.341306171244973982e-09 6.330496652397383422e-09 2.751158294856742031e-09 -2.202995031690802181e-09 1.280715266801802032e-09 -6.484549593171905683e-10
5.748418201453562408e-18 5.743958858139399046e-10 8.660671805871890875e-10 2.829954936402771652e-09 3.690242163297813565e-09 2.895202854766252088e-09 2.419884052823116322e-09 4.680528246776553282e-09 2.586359821843791556e-09 6.433918383727024242e-09 3.290124449640339781e-09 2.466974437405292969e-09 -1.103486219978565058e-09
-2.507548353157687861e-17 -7.632324336232634917e-10 2.115400311934207015e-10 -1.369849388966399208e-11 1.776290942359966889e-10 3.391558947105599391e-09 3.698876872940829184e-09 4.174168147894279092e-09 3.393606057254918475e-09 4.014618232842258048e-09 3.493866187689384115e-09 -2.020386004690018385e-09 4.988354149895293952e-10
-1.173229851698467018e-18 -5.245431590590441910e-11 2.028796234033366242e-10 1.819542158340556175e-09 3.264522447603315487e-09 3.468513468002834448e-09 2.698643459894951170e-09 3.974461347756047141e-09 2.539431127096642017e-09 1.667915990613463291e-09 2.986648075477497171e-10 1.144885224641867905e-09 2.521660240488698296e-10
2.450443709359598792e-19 -1.183616786083725863e-09 2.513980828794738822e-10 3.258122728880428594e-10 2.126653679294257512e-09 2.909134664137312516e-09 2.838074632717098112e-09 3.690290385223960020e-09 4.491605189718900701e-09 4.965965150879169814e-09 -4.445365457509172093e-10 1.038557379626817355e-09 3.627982426570941679e-10
-1.525807257771531506e-18 -3.952903535855249046e-11 9.176361616387663926e-10 6.403732877449478723e-10 9.580067984949044438e-10 6.074172614604087258e-10 4.070799873132975609e-09 6.154545866702853960e-09 3.225902372919401320e-10 -1.491104211753506978e-09 2.254689621002337513e-09 1.013116692173224794e-09 5.845509725207930226e-11
2.057307901818179844e-17 2.036286125740259452e-09 2.533574842086613576e-09 -5.834909093842372796e-10 4.632989043939585815e-09 3.136277262756636513e-09 4.205377073770238966e-09 2.561766387446008496e-09 2.863575969436554126e-09 8.994695814315872044e-10 2.102472341294086184e-09 7.695060650965828593e-10 -4.724057276241104563e-10
2.278177955157472448e-17 7.315542826211492055e-10 4.185432951039309323e-10 -1.151952079773408217e-10 4.927689791467439153e-09 1.297098889589268860e-09 2.538639623739384727e-09 3.049120406279000681e-09 1.791292620292007383e-09 3.867256590354144197e-10 2.708773168105783076e-09 1.107471909524888064e-09 -1.793118360686002587e-10
-3.611367111967804113e-17 -2.172298286554210691e-10 -6.589919947769509403e-11 9.140274355595832854e-10 1.432206751442481142e-09 2.250308542087756683e-09 1.109547849278826405e-09 2.490818681868887002e-09 3.464402685524425082e-09 3.785116462390481043e-09 1.597193027042669661e-09 5.694157937829044047e-10 3.430148814018613569e-10
-8.627302810313975522e-19 6.599468828935967303e-10 1.248796667433404683e-09 2.527690133406445098e-09 2.505549820933220226e-10 3.294913035087056752e-09 2.444723953389969608e-09 1.517623131942491665e-09 4.421814944637663107e-09 1.887685506003611058e-09 7.620327595031907693e-11 -8.101900157415471644e-11 4.139874794491387376e-10
-1.643876613753788068e-17 5.009192459433927784e-10 4.220325136342356023e-10 2.713207966496920128e-09 9.827016899792369488e-10 2.053777355787338031e-09 4.139263130927025985e-09 2.959292380734394809e-09 -2.053483639416950432e-10 3.302425218909397462e-09 1.311631160608946530e-09 -1.728842261080167945e-09 7.268091547089753768e-10
-3.230382596285575885e-18 1.113926628911487782e-09 2.364194831991319545e-09 3.195992231346735289e-09 3.441348442606095376e-09 5.172687843875090685e-09 3.197552309712484983e-09 1.524033872270717521e-09 2.693715947766169009e-09 -8.449117420511523489e-10 4.230641707107725506e-09 2.426231174772234338e-09 2.849049044050555150e-10
-5.056594922691288336e-17 4.048742940078953652e-10 8.524313995135273825e-10 3.904330325276208324e-10 3.331856261151408113e-09 2.541175579574974609e-09 3.161163850062998238e-10 6.037357776565302037e-09 -5.784015262982173286e-10 1.099032702759968258e-09 1.982529850402278334e-09 6.205399860719317183e-10 -5.821443147612038223e-11
6.978591679602349955e-18 1.105245415304599030e-10 4.955782141010924561e-10 7.345694400760883793e-10 2.767010006768503323e-09 1.621924993722789231e-09 -2.166253691875850350e-10 1.189366110121260583e-09 3.792121559750544508e-09 1.642555103080833211e-09 2.299972803078644989e-09 7.432070259082035157e-10 -9.107632422127492134e-10
-9.236623325477917552e-18 -2.962245686964241272e-10 -4.067990197441018126e-10 6.390440738859865009e-10 1.424674747476433114e-09 2.224670146456093948e-09 1.885032693508686170e-09 2.078394968843513727e-09 2.435131697516604627e-09 2.821719567050196594e-09 1.518843060258535593e-09 -8.333616094427362187e-10 5.618599635366813183e-10
-1.596027179069230746e-17 6.458203663318501441e-10 8.883861051725601009e-10 9.588143447165787023e-10 5.722387717149175478e-10 1.356634827936057097e-09 2.207326757621746249e-09 3.167534836545507411e-09 4.333785537057371733e-09 3.753034908781340414e-09 4.898399392588957374e-09 4.165639723188345847e-09 4.698838442234133727e-10
1.074725134173231839e-16 6.846405579641507414e-11 2.144001008570548967e-10 5.958664248610062865e-10 -6.028092033283333134e-10 3.753403409611749520e-09 2.686090995445542807e-09 2.025955454168882443e-09 2.207652611287476604e-09 2.693207297341476269e-09 9.503450958254190269e-10 1.663586763411201528e-09 2.427164631797778492e-09
-6.857668423988111941e-18 -1.398192950569434253e-10 -3.468368753711070340e-10 6.704571087517354740e-10 5.402444529043626107e-10 1.834429289585748759e-09 2.326747979775613353e-09 7.647170890758713845e-09 1.048083199775965524e-09 3.236554915257086112e-09 1.380103857986869296e-09 -1.569499816018553719e-09 1.289213202325222408e-09
-7.713019559148617546e-18 -5.828520345570229401e-10 -4.250033105867830472e-10 1.329056737459833509e-09 1.380639637231147471e-09 1.511865163014164488e-09 2.970054694338976008e-09 -4.696063722034446003e-10 2.118630251569345908e-09 4.126250906980834207e-09 2.547513226751579162e-09 3.864268636280196471e-10 8.340194455217018709e-10
1.141714642336513084e-17 5.724356565326476164e-10 7.684590519177472767e-10 1.023630393808346768e-09 1.236030279426300953e-09 1.205985194561463051e-09 4.446560834115223727e-09 2.362677380246317704e-09 9.260845585037110429e-10 1.010592527894594580e-09 3.778600071112159907e-09 4.362893791738254859e-09 4.676527575648277610e-10
4.426820516178626026e-18 5.720134391140640797e-09 4.730460465362548426e-09 1.285881812244324540e-09 1.335492588307076303e-09 5.064024041023857133e-09 6.446376122722400194e-09 3.662640646665555004e-09 1.943173324338177183e-09 -5.512600082635028006e-10 -1.217184215969234395e-09 1.810247329654325281e-09 9.651183149184767114e-10
-4.852989007062019449e-18 1.133638188057660009e-09 5.109007829679861014e-10 2.488495238560763773e-09 -5.875681521249655123e-12 2.986812046680162910e-09 2.627428831245735919e-09 5.644314945670401273e-09 1.025388214032280907e-09 4.285362170997817349e-09 2.592642601555033641e-09 2.022683660607149388e-09 -7.013218554434143091e-10
-5.161673964051705565e-17 -7.757907870753288172e-11 -8.525752457808996305e-10 5.899797634740403165e-10 1.091365430733685021e-10 2.848261133477584459e-09 3.947369698332175682e-09 2.269562713749959246e-09 5.273510201395021887e-10 4.671327014631980601e-09 5.526903037849473829e-09 3.645600577165614349e-09 -3.670409974386909795e-10
-1.138309889951758768e-17 7.371414043473222917e-10 7.480159171468613238e-10 2.039828751164265802e-09 2.025916319365406592e-09 3.194626568631088033e-09 2.589891014200461396e-09 1.765252668229224253e-09 2.277561431798947125e-09 -1.554966550042472823e-09 1.039437460648544691e-09 4.186302813691819069e-10 -1.575138830629680241e-09
-1.478308749156567049e-17 8.701400797049635979e-10 1.203496542731710128e-09 1.219722802024112888e-09 1.899538526451575192e-09 4.981571971018760689e-09 3.763698489237882762e-09 3.275581804969141666e-09 1.330153091645864752e-09 1.800679423711726221e-09 1.414324451185480414e-10 -2.305598557802957603e-09 -6.691530520613482008e-10
-1.516719076141961052e-17 1.268818614570852186e-09 1.333039778449119310e-09 5.628068889051786323e-10 2.696391332589123254e-09 5.248408916240766266e-09 1.314061437626523636e-09 1.596869523040731048e-09 1.600916447056715806e-09 1.368143873959321990e-09 -3.518268559493055214e-10 -2.891332729935215364e-09 -5.369783410418739848e-10
-1.100841989924375331e-17 -2.952600260824870441e-10 1.940835793451764056e-09 2.957007943099082036e-09 1.927021326118941523e-09 1.282292639731620525e-09 2.350543566105155992e-09 1.634118471536638480e-09 3.327226861215908732e-09 3.054751117482640464e-09 4.038492247706333289e-10 1.537913455168134077e-09 1.366981163325113413e-09
1.418841334688112406e-17 -4.440380046526235930e-11 2.789628626180864419e-09 2.460874070355858618e-09 3.238629562700813063e-09 3.349050731888772604e-10 2.288383472681275620e-09 2.975851770988830359e-09 2.322439121214304349e-09 3.177477229258654098e-10 -7.245808830897368111e-10 3.637103659970036986e-09 -1.634950993028068226e-09
2.933282792980043307e-17 -1.956589675577536999e-10 -3.182604510866023237e-10 1.721133578719301336e-09 1.167774684302647324e-09 8.426325428771096960e-10 6.689202207802070416e-09 2.914404825060484350e-09 2.655589695312773031e-09 4.467541024437609391e-09 2.313952609704214380e-09 1.067712459229684152e-09 2.230270226714366211e-10
1.708685758874470356e-17 1.143674407108686759e-10 -4.234869465994347169e-10 2.184561386360541315e-09 1.986036213624971559e-09 1.591980802127166666e-09 -6.000257964029969898e-10 3.777775883419760701e-09 2.061059731343224012e-09 1.572118135260381992e-09 1.943500532047077931e-10 1.648497301836106053e-09 4.667721956573516324e-10
-2.788415817152072968e-17 5.701668189836318142e-10 1.061833375951263788e-09 -7.958246397938428499e-10 -7.980258116646270866e-10 1.475124297715875460e-09 -5.219262148469289548e-10 2.114257904822084380e-09 4.635703294599860399e-09 4.420283403309605269e-09 1.787739532012553639e-09 -1.785427527691471119e-09 1.180031441979595936e-09
-1.767326652001024414e-17 4.259535108419349138e-10 3.396845416690058884e-09 1.515523604869431801e-09 1.516275682057651115e-09 2.810043326496204884e-09 2.168502164931366896e-09 3.386528007227623439e-09 3.881008089274417425e-09 1.572735441573819935e-09 3.084470766173986213e-09 4.806900586415872271e-09 -7.862113137046910809e-10
3.255087472052792881e-19 2.787202893838294855e-10 1.564032539310575119e-09 9.924997772230184961e-10 3.346172944128073490e-09 3.613479487693696188e-09 2.148148235383863468e-09 4.649795843745870745e-09 2.041902364451864052e-09 4.142706411165323765e-09 -8.081223476826420591e-10 2.091189509292919169e-09 -1.144352626790094628e-09
7.493953436957625248e-18 4.140190780328342427e-10 2.582226186131706482e-10 1.561391061163863894e-09 3.316288618579505467e-10 2.394081124231282461e-09 5.715004960280538287e-09 1.306432525937810006e-09 2.872390181493614616e-09 7.424004406449566902e-10 7.317522145628503739e-10 -6.524464310129407440e-10 -1.644402522361086230e-09
1.688984683456447383e-17 1.200575118334561100e-10 -2.876273449610215743e-10 -4.975943316047722541e-10 3.133587775223574766e-09 2.517883301050101044e-09 1.794839943068760166e-09 -1.548085961160578210e-09 2.878166641635809759e-09 1.350477168729524334e-10 1.262416066425548196e-09 6.445748681225739456e-11 1.752345905405830600e-11
-4.057551652975131429e-18 -1.193837797922920175e-10 -4.413481126148581113e-10 6.263077993005250136e-10 2.015809841623552057e-09 3.105598498448734064e-09 4.378850675157135198e-09 4.599271915189094244e-09 5.596573174358677378e-09 -8.001093152902368833e-10 7.596634563453373286e-10 -1.733131238704615860e-09 6.291601924626567308e-10
1.434928037760407273e-17 1.226451567258268504e-09 1.254026897795136331e-09 -9.467488197350139360e-11 1.765054520252433493e-09 3.774752731023281127e-09 5.740675080520844276e-09 2.555304166467271065e-09 1.356779901822453747e-09 1.244316933092824251e-09 1.656419281923968392e-09 -2.890951337899939492e-10 -2.408085620154669368e-10
-3.850882877193444925e-19 -3.572521995869169727e-10 -3.176344029950288592e-10 8.995258167663871894e-10 3.109540253704636293e-10 1.874556121393230926e-09 2.003697596218428519e-09 4.390601945960402182e-09 3.909938922481682449e-09 4.191706583391153334e-09 4.444167390932894009e-09 8.028797754010262116e-10 -9.453947647105345642e-10
5.526925648796386183e-17 -1.217933855205456630e-09 -9.704580227612712078e-10 2.448908851969661402e-09 5.799747574689002431e-10 1.957068911165817239e-09 5.236139512407259533e-09 1.966746923539853243e-09 3.082273621280822532e-09 1.697797618664245189e-09 1.288866538342839606e-09 2.190824780678980745e-09 -1.165033972832525079e-09
-7.686702220871107844e-18 1.068321807524769433e-09 3.801008176927725626e-10 1.489706395035458117e-09 2.842993403579996818e-10 4.567037463846053947e-10 1.937357120686968546e-09 3.004877503673839660e-09 8.504360949523168095e-09 3.172595951789993136e-09 4.362396190250044639e-09 1.672775392118894304e-09 1.469524399782166809e-09
1.491184770144066286e-17 3.173861809888572708e-10 5.350953967407512478e-10 2.615063984633940043e-09 1.524037510146570939e-09 2.282260949674702362e-09 3.369607495911330877e-11 -1.740053970244346834e-10 3.917737135841313732e-09 1.305208446348623157e-09 3.694912541919188223e-09 2.959071486707399318e-09 2.822580638332715675e-09
4.783104710145451289e-18 1.277868129591521046e-09 8.665643992779330643e-10 5.284333126315073714e-10 5.658183540439401287e-10 1.585985540695648974e-09 2.528694407217406483e-09 3.630999012230722797e-09 3.998502545598424084e-09 3.270824563988338620e-10 1.532195326935058247e-09 7.136383781108977633e-11 -1.678897164201199333e-10
-1.109370115254159956e-17 5.033114037894371435e-10 2.602526771096060521e-10 8.715225495550540596e-10 1.520286749607946300e-09 3.184715994056609802e-09 2.038211407663974959e-09 2.300410572358471606e-09 1.393875164218491770e-09 2.025372633230602828e-10 9.935513743013334717e-11 -3.980946220424606392e-10 2.244878999093970927e-10
-3.185931560154462143e-17 -1.143176373750582287e-10 -2.037856231935908059e-10 4.334918583453711124e-10 1.001309165154404461e-09 3.179655128807157350e-09 5.127503306676370086e-09 3.864767638002529960e-09 3.519725679993265501e-09 -9.433623664375541121e-10 -9.343266941453217115e-10 -6.013054905487389360e-10 8.707627385800707608e-10
3.059360209631274444e-18 -1.739967989681456500e-10 7.908090015835852464e-10 2.640601490420555974e-09 6.070355825685025103e-09 5.967935782741512079e-09 5.168196274246620081e-09 1.828122980256623613e-09 7.259784939610106362e-09 4.109888049605215603e-09 1.601424394859521853e-09 3.395074061083729267e-10 1.809518496799132296e-09
-7.203097697143706790e-18 5.604837440086950149e-10 7.231330632092855667e-10 1.144751558271107654e-09 1.716146932119091236e-09 -1.180834803185392122e-09 9.889993841216760999e-10 1.739209299233437477e-09 1.771353768871352101e-09 2.264351719833712040e-09 3.198333914402644722e-09 2.268966871045877021e-09 -6.049865877241730230e-10
-6.443214901964742528e-18 8.529785473295041972e-10 -1.988055166843736500e-10 1.651251268858436711e-09 3.342840728736836529e-10 -6.118572557419416856e-10 2.100814168812066972e-09 5.260896216439807627e-09 5.152325979441944680e-09 6.720890303553558847e-10 4.838905493101766164e-09 -1.043499597667658840e-09 1.295358196684300702e-09
-4.084571671026338036e-17 3.099225479373418942e-10 4.661515757389925855e-12 8.999234106789048913e-10 1.473950669920004137e-09 3.242063561652902914e-09 3.552049003059367245e-09 -6.406529580201139505e-10 -2.492946275904805941e-10 5.254215867443891227e-09 2.542014385918135309e-09 3.908431832159945596e-09 4.661901508782875182e-10
1.524636614888448894e-18 3.969197142501752840e-10 1.859351830291628397e-09 3.157278090333211151e-09 1.817283780225828827e-09 1.620754866653460913e-09 2.527850231304082706e-10 1.153198378329026640e-09 1.976394991740372432e-09 -1.704356573191023043e-09 3.110544023847338638e-09 1.582689387346731965e-09 -5.988623588638736382e-10
-1.405556955238322028e-17 3.524077701775923880e-10 7.561196019165159034e-10 1.116902054173208466e-09 2.023613312994436691e-09 3.433472981417708753e-09 4.296107155078552595e-09 6.621312314076745289e-10 1.615050122611478510e-09 7.861569800719178653e-09 1.402339453761951013e-09 -4.528959277997905322e-10 -1.000302653991063909e-09
-4.661590484854383766e-17 -2.304562553323579790e-10 1.963336842804412042e-10 7.558988502366050787e-10 2.496748473048031615e-09 4.312923503733772425e-09 7.527341415801485259e-10 6.165334762208899546e-10 6.919105522882563965e-09 4.139294262522987760e-09 1.997600829395478246e-10 -1.156792975964918603e-09 1.304279754116647219e-09
3.437117592414781487e-19 -9.846277905599973655e-10 -2.984152961631335754e-10 1.612466042546711112e-09 1.669653518897189246e-09 -1.443223805743546034e-09 4.927828576912970033e-09 1.997666781402420122e-09 1.978069195714012592e-09 -2.179081718688744294e-10 -3.946901420009404533e-10 3.545533806077144410e-10 -1.561058454318968117e-10
-3.122917354451524219e-17 6.055086362192643572e-10 1.199084464920707806e-09 3.801611700598534957e-10 1.762983624223470307e-09 2.304599717866688872e-09 1.619217405426497879e-09 4.273569422757253191e-09 4.377192876395836621e-09 4.635548670630677089e-09 2.988864590183559578e-09 5.010057306889651566e-10 -1.631797301205296304e-09
-9.744745931009910035e-19 4.189018979660493728e-10 8.909461720366929020e-10 4.733673024807042735e-09 5.610723418857808922e-09 5.793542354479987199e-09 4.219671490257011207e-09 5.215471521989434856e-10 5.992141280958248895e-09 5.523603239203350408e-09 4.179700621420343787e-09 -1.228801839935093891e-09 6.599336019496247146e-10
-3.949812152472217399e-18 4.929178861979962489e-10 2.272644479922550896e-10 1.934822275154658006e-09 -1.549345901892742649e-09 8.128676923553348116e-10 1.344098332372356836e-09 1.850678820817810496e-09 3.694653453024888781e-09 3.333484305336194323e-09 2.508584036678949913e-09 2.961493161091098678e-09 -3.349366659469780428e-10
-7.243951002195073428e-18 7.997915666055587357e-10 1.559003567890502572e-09 1.704273279563910671e-09 1.045281616011037624e-09 2.466377417401199522e-09 3.915685560882741322e-09 4.439717477219000574e-09 1.357945983404241887e-09 -7.741168242244392128e-10 8.992755735738330454e-10 1.785067300055878622e-09 2.061555980309380794e-09
-2.529546620105076931e-18 4.467027061486023936e-10 1.603740003687765854e-09 1.666456080671975643e-09 5.339565473185113006e-09 2.555729193865572305e-09 3.001591269568311648e-09 3.802952245429713665e-09 3.389990247962682971e-09 3.648476944425240311e-09 -8.094984872787146900e-10 3.396713473021371381e-10 1.550952556526682602e-09
1.187280326869584250e-17 -1.233795538262529669e-10 8.336750855670298123e-10 3.457220151097043558e-09 4.429059061470318457e-09 3.521567659634841313e-09 2.893536407233174996e-09 3.740734236666129639e-09 2.122025053619229546e-09 3.237514908849693766e-09 1.444412317171661475e-10 -3.270223009936080727e-09 -1.864390293689864384e-09
-5.281243233165622906e-18 3.206271525510656749e-10 6.007893632166806088e-10 3.284305487420530911e-09 2.950917594081946276e-09 4.555095317782307637e-09 2.321027893455436277e-09 2.342659003261294339e-09 4.926208599628733485e-10 5.773160397727780011e-10 -1.711130531786936716e-10 1.692056643122298451e-09 3.407229342859953069e-10
1.380310683590626033e-18 -1.158435305452323846e-10 5.584154034698193930e-10 9.539768676707389729e-10 9.436547824035398816e-10 2.947716559046261799e-09 1.300441661609591171e-09 1.633020684516474533e-09 5.271009038085254977e-09 2.641020174183367698e-09 1.050475907786969234e-11 2.692167394468947045e-10 -5.283039469616101450e-10
4.689634202843662692e-17 -4.218191677883971002e-10 6.724983616452696193e-10 6.379323200745133433e-10 1.472221183457442279e-09 1.072218952012067128e-09 4.052444125290268626e-09 2.270481753096214726e-09 3.300426929090723076e-09 6.110861703866671338e-10 4.110406879113937604e-09 3.575187719138758275e-10 1.579831471198369481e-09
-7.633520624707612252e-20 1.637852252893708492e-10 5.967499299873722922e-10 1.108230598070437846e-09 4.013479951989556383e-09 3.326734253492667006e-09 2.334494046345330268e-09 2.484892070719374997e-09 1.714701937239635473e-09 2.661993454589690304e-09 2.720329411521170993e-09 -7.987427538666054417e-10 7.211498412412633469e-10
-4.750546858437070566e-18 2.700590630771982118e-10 -1.961529164295643560e-09 -1.971327799271816133e-09 1.519815117228513786e-09 4.374267964895038188e-09 5.926600868065591541e-09 3.026564782729201919e-09 1.699689070533452855e-09 2.833837130012377561e-09 -1.071122576269654321e-10 -1.367242715615570775e-09 6.650811354800980653e-11
-6.203252697773935381e-17 1.059729257900313097e-09 1.178364976988883804e-09 5.920425140270280705e-10 2.989491249542671452e-09 1.710944328268453717e-10 3.058340329871581895e-09 8.972431363566907711e-10 4.129304020661858557e-09 3.992183770844945767e-09 5.161653489110507761e-09 4.471508997691074307e-09 1.489559529680995262e-09
4.780198213493308307e-19 3.422626110082745502e-10 1.083744585488974327e-10 6.920344980638593116e-10 8.158838311594121014e-10 2.749126033147240968e-09 4.292934911974734620e-09 5.304784081985657333e-09 1.459457633346908243e-09 5.929768424285794269e-09 3.596300353269135020e-09 1.822347754297630030e-09 1.155293349433438647e-10
-3.678779217185933716e-18 5.625356362059999656e-10 1.008768342360356021e-09 1.498274102739262470e-09 -3.810944097670808017e-10 2.929591417501657018e-09 3.520139383741155863e-09 8.208323820790719422e-10 1.942319927799342919e-09 3.362644393236576372e-09 4.044857415318143271e-10 2.075823540210484869e-10 -1.200395344240486231e-09
-6.008637903558949872e-18 -3.442667857945193758e-10 -1.093959999566999218e-10 1.461922678082120331e-09 2.397490844236440537e-10 7.922620140856407478e-10 2.516104373106788900e-09 2.166884980269762336e-09 1.935682292049888952e-09 2.508050735241361279e-09 2.185448748004727608e-09 5.647872216930522815e-10 -1.839183343198421887e-09
-8.712889518111582895e-19 3.770814044385913631e-11 1.021749418388134573e-09 1.469574932283610507e-09 2.474209790594483513e-09 8.657580180779279592e-10 9.874874793006142551e-10 3.901784677766980758e-09 -6.519877583777684230e-10 2.511102438287650370e-09 3.617633265894294753e-09 1.384341747317536548e-09 8.230235267922065357e-10
-1.694552605383222495e-17 -9.904577754888255099e-10 8.911396809422437179e-10 1.397508132555865679e-09 -9.009785430099303733e-10 3.469156088190179894e-09 1.937020290471381121e-09 2.946348695880337247e-09 5.968278589944826760e-09 2.646186412072087716e-09 4.456055198323299662e-09 -1.733404393309820475e-09 4.580888935315233775e-10
1.701867747907707111e-17 6.490887289460355261e-10 4.095988844679999867e-10 1.001833370174609723e-09 9.594276065569543453e-10 1.992566691720289811e-09 2.439644695026906936e-09 2.616741343738394363e-09 1.656802912416811071e-09 2.526106159945742259e-09 1.911833744612486602e-09 2.353797812561367087e-09 -1.635650570178913881e-09
-1.686072441739243923e-17 1.667254109364451766e-10 5.386535636968583758e-10 3.391280445688563872e-09 3.682397635667932972e-09 1.197542474495836876e-09 4.664667393889486514e-10 1.113110966661382699e-09 -1.036609645803328417e-09 2.494766651317125300e-09 2.640327934451036338e-10 1.288510240483221092e-09 -5.690906196148687574e-10
4.751993430715316513e-18 2.434627395716512092e-09 1.621692979662046106e-09 1.784376326985969518e-09 2.672231305654827096e-09 3.375818072297447743e-09 4.067225366456548174e-09 5.269492292584237794e-09 3.317606732998558460e-09 2.171741046980543554e-09 2.270862025039635991e-09 8.206220436393725913e-10 1.134555748249943412e-10
-2.628691225230342137e-19 1.559759971578343360e-11 1.819840137333640575e-09 1.405376007965241541e-09 2.533450002319844751e-09 9.607168405312387088e-10 2.841530050380657169e-09 4.102498363610473784e-09 4.805691020273526059e-09 3.230335998307623829e-09 3.128544369625982284e-09 2.759316856013713243e-10 -4.820296452733746075e-11
-7.548021012884117694e-18 8.952130324820627622e-10 4.630948967063838954e-10 1.289166774156732184e-09 1.551501535789541808e-09 2.988618385850078737e-09 2.925783668301869148e-09 3.141759295129026918e-09 7.764705676287318468e-09 3.095823948315326932e-09 1.642949895852786087e-10 -7.217989472095036245e-10 9.502866221455456960e-10
4.281138601890723097e-17 3.636473654494669551e-11 9.479687731299524717e-10 3.358917602821374494e-10 -5.343360373270974514e-10 9.703421381499853321e-10 3.216515649021465428e-09 2.970143242971643250e-09 1.696931754686264365e-09 2.018893825157988833e-09 3.324048503127070952e-09 -2.912585432524927751e-10 7.583759852290597775e-10
8.197203208587139924e-18 -9.651129315688752242e-11 1.594549746320613122e-10 1.232619121523537687e-09 1.805614809682161697e-09 2.292039405782202267e-09 1.763169384149784344e-09 2.934138479812584256e-09 3.009160592852952054e-09 1.394048703119187618e-09 1.960122115145274486e-09 7.810359027613137177e-10 7.385752869074707726e-10
1.212463493151484565e-17 -4.546484784603670487e-10 3.090958713091139815e-10 3.257869076540458926e-10 3.180263640103665189e-09 2.929044437800119756e-09 3.244927671636636030e-09 2.505357365714344769e-09 3.339660726450079303e-09 -2.292053801917130172e-09 2.246851137026171612e-09 3.710872742454051144e-09 2.046434654279442234e-09
-9.663141894387724316e-21 5.075775858180153627e-10 1.651632798608220101e-09 1.781352045413373550e-09 2.956057992527024121e-09 2.996984948256017117e-09 5.760892580701949048e-10 2.539721707500308539e-09 4.755809417351184707e-09 1.410955300405725273e-09 3.423524053107495702e-09 1.906591121889223604e-09 9.579490956397768339e-10
1.243716252023121215e-16 3.086786627399901704e-10 1.225943049373838078e-12 -7.472164033877736411e-10 4.104157340675566638e-11 1.873712451289448524e-09 6.239781234555535131e-09 5.780960002800866911e-09 2.779815145208643287e-09 9.010169470177125049e-10 -1.921131096007466675e-10 3.144948447773986562e-09 -2.724244788297938713e-10
-2.366273581259681419e-17 5.060132839125585322e-10 8.572064902324410174e-10 5.563140047930216985e-10 2.606501293257458555e-09 1.505943229432866762e-09 4.184804400794211282e-09 3.037967264228842802e-09 3.876804653266328954e-09 3.269229025196868562e-09 4.516293403420580194e-09 8.104677380149006960e-10 3.541544625164195744e-10
1.510171608880132196e-17 3.597131527845217207e-10 2.071283316929636943e-10 1.329465650966947687e-09 2.066969132349565998e-09 4.061888707899751371e-09 3.392873541750760172e-09 3.720059576968806018e-09 3.042413415117283514e-10 1.824823044732131342e-09 2.048716156801772119e-09 4.785386770561203209e-09 1.588974460197656420e-09
4.256400846023436210e-17 1.552084977503600071e-09 1.237103288995229058e-09 9.083247253945949091e-10 9.495502709358839913e-10 1.154726280781055135e-09 2.696489216354639753e-09 1.916943403115977009e-09 1.293398907573075869e-09 5.219098559241230632e-09 1.461390913798924753e-09 1.253634525357494988e-09 -1.934387478875484735e-10
8.428922022143285480e-18 2.982173865107259272e-10 4.906160514696594351e-10 1.162397804916697620e-09 1.249481902697645148e-09 3.306449148486730590e-09 1.633099772275839271e-09 2.099381305832589303e-09 1.710774684206292039e-09 5.835793168259168441e-10 1.333217602998939520e-09 4.045776478659153976e-09 -5.856151594573986122e-10
-7.764676971380374537e-17 2.449772657560240368e-10 1.249052884686386954e-09 1.324445032110598585e-09 8.235806630241949707e-10 3.625226487605036861e-09 4.177870047924897682e-09 3.362347695277291874e-09 2.874494600916385719e-09 3.246902105303405501e-09 3.657427317496565078e-09 -6.910393053561195859e-10 -1.013246515426888580e-10
-2.318649133568955784e-20 2.369163220085878189e-10 -2.735583842938757465e-10 -1.768537303513528330e-10 2.769742500037352543e-09 2.149813594187080014e-10 2.125972703052625557e-09 3.033619727854994890e-09 4.536058698156189338e-09 4.999238237640965693e-10 1.441179152249041343e-09 9.148066280938450469e-10 3.862061497425383967e-10
-2.727160286258799137e-18 1.882439596642589173e-10 3.670983385862738375e-10 -3.549627393358253952e-10 -4.531609734926521016e-10 3.860850688522450630e-09 2.716106594725930943e-09 2.148388280195198134e-09 1.648978312545788900e-09 2.543627867479987706e-09 1.099281439071031459e-09 -6.346971791726415859e-10 1.519065542233003834e-09
-4.277173274992719448e-17 4.224538782500020553e-12 5.111662815372463852e-10 8.385279318255963804e-10 1.275568269710778488e-09 1.035242257807426649e-09 5.522286034091547219e-10 4.160323569361934322e-09 4.188055032183221320e-09 2.200554437331482406e-09 -3.826043881749410140e-09 -8.055455259528366837e-10 -2.179467504256414749e-09
-9.889338838735785619e-18 -5.538185333067899218e-11 -6.574525650732971876e-10 5.523949271360258183e-10 1.972424687633471531e-09 1.852807535591467448e-09 1.251786630369166941e-09 3.549430972391923223e-09 6.611912397309763710e-10 3.945833977803677232e-09 4.021682279646395524e-09 1.293163252481708629e-09 1.472088561301226837e-10
8.181052507474126374e-17 7.680966207783348505e-11 1.243199049904750478e-10 1.502437755753308071e-09 2.705424924292456452e-09 1.896554286878760014e-09 1.255404416702038001e-09 1.664778399059143906e-09 2.332115327280256706e-09 -4.974424085158089282e-10 -1.437419249483487285e-09 1.152363667814577397e-09 -8.710743661980577703e-10
2.866134917118816218e-17 1.341025298963011665e-09 1.753043387195016256e-09 3.074962825933432758e-09 1.030352494181720381e-09 3.516132292061872169e-09 3.129705847262216490e-09 4.890926871524401328e-09 4.586966630895368019e-09 2.922805946746338530e-09 4.094611495899161796e-09 -7.899402740688589647e-10 -2.834275706425889033e-12
4.644498063244139366e-18 8.067367947259670981e-10 9.508376898486299228e-10 1.127339700472795825e-09 -3.551999197581740365e-10 3.420509111432602142e-09 1.728523126248053527e-09 5.760456009386077705e-10 4.471162293436835110e-09 3.815728306056892508e-10 5.840682180358130669e-10 2.225734825109606615e-09 5.252377437554093913e-10
-3.265454718145753406e-17 -1.980046072517649999e-10 -2.946203215609158625e-10 2.897238863788324772e-09 -3.498438962750084770e-10 2.183953818906622894e-09 1.765584020015974447e-09 4.231910644675320027e-09 5.401834924147850182e-09 1.633279447210349307e-09 1.879748899108987832e-10 -4.502313882957965872e-10 8.607779396974348569e-11
1.157055389590929358e-17 1.687731833246695647e-10 3.236173842762787818e-11 2.098974441466387915e-09 4.794684972603159146e-10 5.628101921068138848e-10 8.841622184525225450e-10 1.756178054186032718e-09 -1.204787915085315047e-09 2.412570549464938886e-09 3.570599241049267420e-09 3.775092716913814113e-09 2.896317770015313983e-09
4.471199593095667129e-18 -2.278589822871318350e-10 7.326969865709566023e-11 1.416301815776972693e-09 2.523392336491995669e-09 3.434221358884910093e-09 2.728824528641351097e-09 5.357324311236359805e-09 3.517978995530376685e-09 2.635099924044767389e-09 1.128034559713617201e-10 1.304616654754581176e-09 1.280980249005264579e-09
-8.599751351379126440e-17 6.369490093725837044e-10 1.500875019635088276e-09 4.446651807937760194e-10 2.859099470808574113e-09 5.481859965958606872e-09 3.476410099521367679e-09 3.964124386103705591e-09 3.870708688961007717e-09 3.452623555882759117e-09 2.531461897793816713e-09 1.338377840616509269e-09 7.528184330287878092e-10
-2.997021127163906679e-17 1.851165707526107976e-10 2.069256538324180718e-09 2.526987085058657361e-09 1.725146837052842506e-09 3.655079076007772619e-09 2.077895402365706166e-09 1.060621026636228516e-09 2.670107966950067466e-09 2.487545636420323138e-09 1.760706349142003484e-09 -1.612233433987214765e-09 -1.831999786051484134e-09
2.122329931383623774e-18 -4.656627860694922350e-10 4.714485218072882925e-10 1.387515819432216996e-09 3.608079234793219962e-09 2.722564309932128718e-09 5.119002665065367106e-09 2.858514028460666354e-09 2.282512201358875031e-09 5.392953506623030802e-09 2.148807670837397025e-09 3.404744149412006985e-09 -2.727934339709640483e-10
-3.168228867922971839e-19 -4.709375659910901096e-10 -2.821788298570930833e-10 6.383923095001530128e-10 8.584401419282964450e-10 3.516963412434181936e-09 3.115068933753755616e-09 3.711025454738340308e-09 3.397252375160174387e-09 2.734577963844185301e-09 -8.600918521329428483e-10 -2.759707625336913914e-10 2.238110428687716309e-09
4.973180812662966871e-18 9.084056470813671669e-10 1.306814716702317820e-09 -5.633660558172353097e-10 1.718667917496050729e-09 1.636550848730619139e-09 1.939830435232901267e-09 1.973580698855476445e-09 2.307519531430450138e-09 1.034265759040719801e-09 5.615464763958500192e-09 7.010401759793076726e-09 1.703423979501100121e-09
-1.233256080865732152e-17 -5.941314987853342367e-10 4.991065355143255171e-10 1.904026957128518803e-09 4.548896435256043231e-09 2.236119313250485994e-09 5.158550618712132320e-09 3.574314807964229060e-09 3.515807578573252777e-10 6.170208723374938952e-11 3.527431661321111291e-09 1.315628834350134874e-09 4.943736294578250455e-10
2.052622331849395362e-18 6.408162222278569749e-11 -7.092473049235967342e-10 7.765594366875727545e-10 3.505689564668344151e-09 3.365838241581659130e-09 5.613772504570124198e-09 4.320716860827829141e-09 5.846562104696529241e-09 3.921376689473982921e-09 2.776133190980402122e-09 1.749537045225284199e-09 8.630952587185115820e-11
4.011813207449825562e-18 1.466242969838134445e-10 -2.124273819269618755e-10 4.013427103142339279e-10 7.876086070310188709e-10 1.228453903222894639e-09 2.256877303547968865e-09 2.549421720685364510e-09 2.321652004754062122e-09 4.047414200343037053e-09 2.020644437166383719e-09 1.654540674872944401e-09 1.292841207952747079e-09
2.593160615129435278e-17 3.598193342462398758e-10 9.642337110567621850e-10 5.720972154103777650e-10 2.194949471619345502e-09 2.400706139199507796e-09 3.775697531189231010e-09 3.267022250215472742e-09 3.998116213661713623e-09 2.459607017115040016e-09 8.661008053872147277e-10 3.662970174898878692e-09 -7.907624508716579304e-10
-1.202419244617622317e-17 1.232473280393308371e-09 1.564337534790749441e-09 3.525468055637580008e-09 3.384665356729279537e-09 4.875606951851295495e-10 3.230790525368375300e-09 4.535935923500011974e-10 5.763503555862521922e-09 4.497391824246144895e-09 9.025092832830444033e-10 2.849621838681848668e-09 2.031177307115249201e-09
1.435255256710883890e-17 2.051892757606911558e-10 1.635827421531398098e-10 4.777867674348631299e-10 -6.341184068933963697e-10 2.066468944024356964e-09 2.870374330072817888e-09 1.622987381667187807e-09 2.641005480667475910e-09 -1.105873257558370736e-09 -1.208486159031890442e-09 -8.962271665026153572e-10 -5.841186603461558255e-10
5.386883388979229803e-17 1.153108516380158363e-09 5.553852560479668426e-10 4.603492748659927538e-10 3.784826175160657572e-09 2.693798988601964047e-09 3.434279542120819821e-09 3.200971327481017373e-09 3.244328469451450743e-09 1.407899849468475390e-11 2.088266728212473427e-09 -9.558480135446045712e-10 1.626703122820770074e-09
-1.557428006111759659e-19 4.400975720019694443e-10 1.590967015814390050e-10 4.048278668439207144e-10 -1.864958337499130713e-10 1.986001857445368463e-09 1.646189742262406555e-09 9.665462129570993543e-10 5.880699006369229569e-10 3.810934685814623469e-09 3.064201056659078710e-09 4.936688924173229988e-09 2.826791436072422602e-10
-1.524050241807110140e-17 -2.043737599329127186e-10 8.940758939245791691e-10 2.075956539894543393e-09 2.596591375789151448e-09 3.556285475148310314e-09 1.668121433390113285e-09 8.963649262879524870e-10 3.199165795247033158e-09 2.733816767487908583e-09 1.272556835878932818e-09 5.889838867506655680e-12 4.407229384967567841e-10
-4.204922586031262704e-17 -1.799619315161903270e-10 9.016866245267882471e-10 7.673165086277585015e-10 1.387860764655858122e-09 1.839793186143003324e-10 6.471266580100033220e-09 2.499376395592202873e-09 5.486091522848255998e-09 2.502574889989338925e-09 1.890981320328399498e-09 1.845315500379805361e-09 -3.405617337391072257e-10
-1.876451985537421989e-18 3.714171050556259813e-11 2.494089821645594291e-10 1.845294774154150507e-10 3.062739199822296651e-09 2.215169827617368057e-09 1.426936987062886856e-09 2.530784802122371022e-09 4.171678369436070226e-09 1.579896002849792576e-09 1.096279960269275714e-09 3.051677742439494815e-10 1.559707120724036335e-09
-1.211984413664614908e-19 1.549435042653020730e-09 1.587514160546174282e-09 2.508308689228771282e-09 2.046889072786653553e-09 3.947231548026890417e-09 6.561257839156556643e-09 3.768686373988003481e-09 4.916614532175805295e-09 3.442338165389948574e-09 1.253337854171320117e-09 -9.779886824159757426e-10 7.308886072926245762e-10
2.307814603017457941e-17 -6.892821826556771230e-11 3.513304149033862387e-10 4.585827737840028179e-10 1.365881692406916832e-09 1.283472388995289689e-09 3.901295683949009822e-09 3.676753355643026530e-09 2.799147904822352490e-09 6.461446949798791744e-10 1.744131513813435603e-10 -7.281339032761795877e-11 -1.041890990666674975e-09
-5.355337004594865907e-18 3.408078867062737597e-10 7.146370299407549770e-10 5.645761398888995091e-10 9.084172394779102338e-10 3.061008551887791504e-11 1.144058773965655415e-09 2.991788598844720300e-09 -1.858485008229688124e-10 1.332090984720743868e-09 3.913647650061116756e-09 5.983275595237491116e-11 1.726099468760737013e-11
-4.715863399950076961e-18 2.838666979733712124e-10 3.607222060025941060e-10 1.342517029114462919e-10 1.660441517454179255e-09 4.038576830573430623e-09 2.607045317618390519e-09 2.984286260000192865e-09 2.504483093060438329e-09 1.154755493256481467e-09 1.588306386110094574e-09 -3.153882239828098553e-09 -1.952952601961757220e-10
3.986623189408309554e-17 9.448093585405947093e-10 7.690609037735089105e-11 -1.395323649294554236e-10 1.739766580304109588e-09 2.149934944106294879e-09 5.543271296182766643e-09 4.774243916185103333e-09 4.030117927731609597e-09 4.739288275134357238e-09 2.159691968298010854e-09 3.398467892179740504e-09 9.916244921303836896e-10
1.109056729347468642e-17 9.724340242668060911e-10 1.006020413249457309e-10 -1.588292077703809086e-10 3.274568140667355444e-10 3.516101362658697193e-09 5.984835286222975959e-09 3.959526979629700671e-09 8.885705648822961254e-10 8.003036537204861788e-10 3.978460621213580047e-09 1.281789667665672896e-09 1.217446785684897087e-09
-2.326790379018129749e-18 2.732802967882697538e-10 1.965466910771613436e-09 9.995575783165811438e-10 2.324958952055369162e-09 1.595902197571608982e-09 2.260445657986709481e-09 3.460815500961625028e-09 8.130337512213252362e-10 8.260066528507661996e-10 1.809111789682400781e-10 3.439274916409069427e-09 2.897188847816943439e-09
-3.517479998826095338e-18 4.762514508021318584e-10 8.950018799311438423e-10 3.126663152658917285e-09 3.191802888351152690e-09 3.709438034441289125e-09 3.656526320847078166e-09 4.292270713145099264e-09 4.840602385453594610e-09 2.362174888678703451e-09 -1.616615053029376134e-09 1.084759435553878226e-09 1.198936526869627459e-09
-1.251807139997052810e-16 2.086124151241346542e-10 8.045424270945960970e-10 1.316930188237646147e-09 3.827417812734350534e-09 1.534429047732271738e-10 1.970518731708873527e-09 2.079868030131566269e-09 5.460022580466030710e-10 1.339010705859618964e-09 8.523853621605517123e-10 3.400302727262417427e-10 1.877083855907006893e-11
1.112029376859259869e-16 -7.813713632608912697e-11 7.733321990807114402e-11 2.522564983156636897e-09 1.769236076042311650e-09 3.002999578457770408e-09 2.999356374582850701e-09 2.390903964808464538e-09 1.348462528655307707e-09 1.730099721162912798e-09 -4.074503410541366171e-09 2.154876226155565881e-09 -1.554640539308300905e-11
-7.057953154706819510e-17 8.913478649772833765e-10 1.883953574558620349e-09 1.166256638453771534e-09 -2.390973648530140677e-10 2.044673105301416560e-09 1.648857739337382932e-09 5.312685808017626023e-09 3.898181370819345534e-09 8.774963725389424649e-10 2.100154810072446705e-09 5.346052791242808865e-10 4.938973646668426356e-10
5.919881780079762856e-18 8.920470440018452698e-11 5.780260326481613597e-13 1.830357986388841102e-09 7.426812822132139370e-10 1.524804141839558676e-09 5.253411812353569093e-09 4.183608885398498486e-09 3.235897738848999505e-09 3.424715863690776394e-09 2.359417578164284058e-09 2.469885099981612320e-09 1.961500076593230016e-09
3.075280376284123909e-17 -7.070175344826797557e-11 -5.187028199222920963e-10 1.507837948888904329e-09 5.917655974548807070e-10 4.296127309155284752e-09 8.885803662677482967e-10 4.669143419849565835e-09 2.435753237287587865e-09 5.868495692080269266e-09 -5.048871760615178090e-10 1.410905216959900780e-09 -1.368740520951268346e-11
1.210550903614374648e-17 8.932715315235269459e-10 2.247446278981216753e-09 2.254386125329484767e-09 4.039940652267027652e-09 4.664391726551043048e-09 4.271338902184684415e-09 5.552729070789900727e-09 5.497892439217468568e-09 -1.599390125269907208e-09 -4.181538529758822240e-10 1.002856297630041154e-09 7.881350881214769400e-10
5.175522439248411634e-18 5.910184659996003148e-12 5.804083620050873547e-10 1.852760602768109984e-09 3.282231609364945406e-09 5.629064430878309483e-11 -5.365150354923144639e-10 7.648211961891340658e-11 5.327366597125792765e-09 6.832102284924974053e-10 2.135998067631816597e-09 -1.598192659841025967e-10 6.253346389967571384e-10
1.632860432520348228e-17 -2.611465164293927675e-10 3.648545605886830074e-11 4.712168567467165636e-10 2.183230451553949622e-09 2.343856918461297381e-09 4.801275370698176049e-09 2.912802357689564897e-09 7.470831512996670470e-09 6.617333744024340026e-09 2.100746518498287115e-09 -1.613461416003430184e-09 -8.438199513255727229e-10
-5.166750856118828268e-17 -1.936366510475911663e-10 -1.111474739043478025e-09 -6.349146328285614547e-10 6.271781157481607499e-10 4.124446805746779790e-09 2.222279873768007394e-09 3.824169351367334763e-09 5.003289950777516670e-09 4.121178719092003548e-09 4.456260785398501867e-09 1.875257965735646799e-09 -2.008644986452657348e-09
-2.270539337681105449e-18 -6.920290229522935458e-11 5.544523859788193196e-10 1.905914442343102426e-09 1.682634209022065046e-09 2.079518752704057854e-09 4.328984080833886208e-09 3.969645565356745865e-09 3.555484679131900388e-09 3.465098774728140040e-09 2.695120730126147360e-09 2.649974869904023973e-09 2.522056448076689250e-09
9.570187434508248478e-19 2.036379095410157252e-09 1.255130499501765068e-09 1.098573729951777575e-09 2.009219771563441900e-09 2.210921264866894027e-09 5.744292486749448148e-09 4.966421764598139739e-09 4.062857804893999092e-09 1.316572422422401071e-09 3.549768412307907927e-09 -1.290593458009644621e-10 -9.370869982850912142e-10
4.770877486528860347e-18 2.428099058407815117e-12 -5.204281655411100465e-10 1.507145089767786370e-09 4.392596405903264190e-09 4.715150507171808476e-09 9.885388095898956951e-10 3.758181743370171050e-09 2.706647330643524030e-09 2.956194791532622925e-09 9.300597963560186938e-11 -3.542762248480602980e-09 -8.228901546576606603e-10
8.650316774849395561e-17 5.066488057637442911e-10 1.006103422930667621e-09 3.319169887689799477e-09 3.095859648395040473e-09 2.092540874925131224e-09 3.192727476829187107e-09 4.907538449484668251e-09 5.998660039655508036e-09 5.395288523362982719e-10 1.845439188008867594e-09 2.115629422036818071e-09 6.202187884367567949e-10
-5.669240072262864015e-18 9.191043942787270388e-10 1.404834471177367375e-09 9.368138044891602532e-11 -6.295207586367207506e-11 3.129278064893247520e-09 4.392893741225241667e-09 7.211732243544543913e-10 -1.682633135119214941e-10 3.133300405439861118e-09 2.025726730186059292e-09 1.507308951039202426e-09 -5.446416709060297308e-10
-1.534615361704640753e-17 1.064100192219853216e-09 1.261519450445346425e-09 1.157119916716287032e-09 1.126293785533030485e-09 1.725594486176794968e-09 4.411518709946222016e-09 4.344003631074220306e-09 2.929589496031613273e-09 1.005231501467864168e-09 -2.382682898803465026e-09 1.371803699466433246e-09 1.112016723973729672e-09
1.723266665901010503e-17 7.307522284400845429e-11 1.613447173157953898e-10 6.418866911466459157e-11 2.540262930612076117e-09 2.706464624132921887e-10 3.490703921728149913e-09 3.724087093729658298e-09 3.581453164253329920e-09 5.593774529914692787e-09 -4.582327984067407372e-10 7.780212285180844950e-10 7.315363033586244969e-10
-2.037136955695748641e-18 6.804146037641643202e-10 7.472403689809528700e-10 2.033306860814935811e-09 1.145251868514799078e-09 1.335377302076250802e-09 2.559390711456604104e-09 3.027211121796772318e-09 3.589401324207714457e-09 3.665052776858488235e-09 4.961742571924061337e-09 1.922169523040210238e-09 2.752124954083439436e-11
7.170969121388809390e-18 1.783298334807240459e-10 4.646571293280198854e-10 1.198273333823888660e-09 2.772403127387049506e-09 4.228566163405348586e-09 2.632673932142212188e-09 4.926589400020582589e-09 2.820248175763151346e-09 1.317901349629871402e-09 3.979775727767149896e-09 5.747794574146396624e-09 4.123205957862167596e-10
4.958760441440130524e-17 3.024199081543699448e-10 3.118066559702021261e-10 1.670892588740979580e-09 2.138652128767367741e-09 4.537806872205944265e-09 2.850087982484788238e-09 9.542964731124865622e-10 5.259641228862752953e-09 4.576054023686785609e-09 3.499854217348461222e-10 -8.162320342993177925e-10 -2.658792438507521836e-10
-1.039284310991118843e-17 9.774687043348157127e-11 -5.347732989929233438e-10 -4.690176866906955739e-10 1.600906519806780549e-09 2.315817900277112251e-09 2.633115777063831758e-09 3.585129969847398077e-09 1.834493344188403730e-09 3.009478060672158978e-09 2.832164896415642958e-09 1.785966937387691457e-09 2.546702542439674967e-09
2.787739436135774178e-18 1.974125866752541007e-11 -1.103231640782959966e-10 1.559615639062086842e-09 1.466742990337713985e-09 1.291303164591551048e-09 -2.507674670210261770e-10 4.801807190847749782e-09 2.267186037629645345e-09 2.628776162964268262e-09 2.090815024366983585e-09 -6.668252560730138765e-11 1.300767884634736309e-09
1.286850465765584472e-17 5.501677902494725569e-10 1.204597657852581098e-09 -3.097596444210591782e-10 -1.739575737868238878e-09 6.978487329767823696e-10 5.232086725547491888e-09 3.332867569733482428e-09 9.230478296770012563e-10 3.985044304270017835e-09 -3.435935958297790845e-10 5.387288995517902005e-09 6.387450330122588295e-10
2.973148078258507589e-17 -2.172336490766549199e-10 -8.224695805986393215e-12 5.674667614547880276e-10 4.694235244059583664e-09 2.134101109739587501e-09 8.228931874380477098e-10 2.182093898482797585e-09 4.430667256977492546e-09 2.377574251265780932e-09 1.403551893256107890e-09 -1.003282737513439738e-09 4.676981466335668931e-10
5.237681306686443568e-18 -1.066020015287319501e-09 -1.062202102060884886e-09 1.104352761511405708e-09 5.271995392981855550e-10 1.662329831178889180e-09 2.366811412264599963e-09 3.400378983116450731e-09 5.688963616964859435e-09 4.454285544121003798e-09 1.888201357769203089e-09 1.771427162833976321e-09 -3.995093824975381434e-10
-4.734426000352085218e-17 -2.822193287626359764e-10 -3.784751167452500978e-10 -7.734372342151982867e-10 2.549746171443375067e-10 2.618320428421616311e-09 2.756995130404601656e-09 4.346597039700539019e-09 6.377404591406134142e-09 3.425804576601535930e-09 -2.981659483310153245e-10 6.596700475566875275e-10 2.772919444673424838e-10
9.487913245951021905e-17 7.626261783283381883e-11 1.781120274824808143e-09 4.508466443627381897e-09 1.444853245113994288e-09 2.108261877057015061e-09 3.610108627867362897e-09 2.690124635905868940e-09 3.882759027847433229e-09 3.654477610312741151e-09 5.121941561525566429e-09 1.631450106476372108e-10 -4.751367804042556176e-12
-3.440320314972303466e-17 2.098916033507155968e-10 3.895847477390917135e-10 1.734289858683024045e-09 1.675364840485901344e-09 2.830464156925781276e-09 1.983270083516697847e-09 2.191521017144731232e-09 1.055024954457302920e-09 7.814501394579322370e-10 9.118689808022582615e-10 1.583054827738456190e-09 -6.319852980500723120e-10
7.695098453637197787e-18 3.045572445633585084e-10 -2.104305798757084254e-10 5.118829361344451635e-10 2.556775328222263561e-09 1.404758292157736248e-09 3.218930749502159280e-09 3.748200702032424287e-09 2.067573138924746737e-09 2.933160333885965740e-09 -2.029679201485800137e-09 4.581147580484104242e-11 -4.631736411189048769e-10
-2.823900506844019388e-20 5.111277949359774326e-10 6.848968103562734511e-10 -6.983343100154673991e-11 3.198032233044444734e-10 3.099590149704629201e-09 3.781960480469437928e-09 2.242788135012594168e-09 2.012271153245023003e-09 3.384814661957424997e-09 -5.878862862432756406e-11 -1.826016125249948000e-09 9.323948305318862919e-11
5.299024275209266822e-18 5.806295088757501535e-11 -4.662264654582496036e-10 -1.544055628587258763e-09 1.231392915705486507e-09 2.087859688758207440e-09 3.112930368913462404e-09 8.075873300799646838e-10 1.460183703067095092e-09 -7.497549359332888418e-10 1.609348935108014425e-09 4.779494600906547582e-09 2.171820525677468795e-10
-9.462982137186137539e-17 -4.355836546485604323e-10 1.725792316686973200e-10 7.151792624039755786e-10 1.825530566038176743e-09 1.818881254395172501e-09 4.398018737402525748e-09 3.459202322301543823e-09 3.024584928413282868e-09 2.221785012342830616e-09 2.244690723414599431e-09 1.365490123699620218e-09 1.482967898415348440e-09
4.917079762656520493e-17 -1.193116713908613411e-09 -5.166743902119633247e-10 1.186553426713822130e-09 2.472885042906725038e-09 6.985617795021561616e-10 4.594187050413767865e-09 5.197536999499162093e-09 9.493270155202985783e-10 -7.782737417900785626e-11 3.311436798142472573e-09 2.956625372088998115e-09 2.249581168829070878e-10
-3.118600914052474630e-18 -4.581134841454216636e-10 2.261611108135401250e-10 6.194922407906907275e-10 3.119553443794693197e-09 1.487464468868485587e-09 2.618271540895525719e-09 4.727990714072916966e-09 1.210873083757888137e-10 1.661601581287424668e-09 -1.467843871785384611e-09 6.348628828035665853e-10 1.954910296101380641e-09
1.827501518671353612e-17 6.151163113148368198e-10 8.254244094875127333e-10 3.590539471128817200e-10 -4.807917071935017124e-11 2.888853910522856163e-09 2.881106083294223734e-09 3.718757185197594692e-09 2.890857846750175519e-09 7.385453013292418656e-10 -1.908439263881361483e-09 -4.077634333854400514e-11 6.641317653882000647e-10
1.583514146037442652e-19 -1.217026139943728975e-10 -1.766768092079871630e-10 -2.424921651834994564e-11 1.610207371522496315e-10 1.625011215931975184e-09 9.009744098903645940e-10 3.841137492821158643e-09 5.253380984424581787e-09 2.301720589608184118e-09 -7.584914957386202519e-10 7.153495956808228639e-10 -5.515722986395682011e-11
-1.516196748658481284e-17 4.479119473032921567e-10 -4.441945333197306319e-10 -4.627118683931654753e-10 2.067933536940344077e-09 2.582754695144379337e-09 -7.564967101969586823e-10 3.256195510902598020e-09 -2.320033345397142039e-10 2.352226589742687026e-09 1.021991940167312439e-09 9.284404247672127457e-10 -1.135358931796514991e-09
-4.334209723321803357e-18 4.475170905292578631e-11 5.258947591321220374e-10 1.370621675799972248e-09 2.142941968180807665e-09 3.267398471035915211e-09 2.798990043939664225e-09 2.340762834448465337e-09 -4.800902762292589722e-10 2.822339588217389415e-09 2.254266969277239213e-09 -4.319033801765440514e-09 -1.670686938977605139e-09
1.243211240203017121e-17 -2.001768983568723991e-10 7.801738362883719864e-10 1.790922189635674596e-09 2.066395885323600490e-09 3.143988889313241811e-09 4.533844061804291869e-09 4.239765147693791331e-09 1.493516487855797415e-09 2.342434896333806130e-09 -1.214769190318643046e-09 1.868506620152964752e-09 3.110460279051474407e-10
1.663621532078857199e-17 1.708034597289312137e-09 1.924132145414501853e-09 1.486386690094334999e-09 1.134653963742146135e-09 6.755818652719519556e-10 3.835339320206112298e-09 5.171703402172419982e-09 2.444538862392840992e-09 1.922840104129300487e-09 1.663159210460746911e-09 3.288736431854554627e-09 9.176839441841009682e-10
1.714866494039556091e-17 8.405681507755802105e-10 1.255740725441535437e-09 1.060840340359491757e-09 1.854206093038872461e-09 8.146956776998108707e-10 5.568459282300681608e-10 3.614569343071650228e-09 -3.204791168116723669e-10 -2.879065086075251965e-10 3.627958247555151803e-10 5.695232685329458651e-10 7.530507219604784380e-10
2.622446352918823509e-17 3.839795068910028321e-10 -1.589120777675753483e-10 6.125067790974857895e-10 -3.070762838959717383e-10 5.115294281220154748e-09 1.760295803793370586e-09 2.206727769436572834e-10 3.239295757503584942e-09 6.895265688463179014e-09 4.382597274385065354e-09 1.615348953534043643e-09 -4.624543022636721487e-10
-2.846585179912725783e-17 3.193111212910540721e-10 4.145664961674599002e-11 1.799648036939884243e-09 -1.045334869334522371e-09 1.921252096340687807e-09 1.764857989179975517e-09 2.524531000263022834e-09 1.577354276817926942e-09 2.058205118247691744e-09 9.847356197049374200e-10 -4.124417207936816949e-10 4.733083783400305036e-10
1.510609478098376847e-17 2.373422550746382588e-10 4.465512267362924321e-10 9.689362158935516814e-10 3.550855398562611621e-09 2.767229863908688505e-09 3.297555152339037684e-09 5.845463356905699175e-09 2.743248525533591009e-09 7.126776556640477340e-10 -3.073733597731710084e-09 2.416332840112647322e-10 3.593334817550787694e-10
-5.527834504098243217e-19 1.181627685509529825e-10 5.865518446994011746e-11 -3.509811988362391121e-10 -1.436311207307726568e-11 -3.336576441851767085e-10 3.135191266149580001e-09 3.869107023628151119e-09 5.055067614965641629e-09 2.243056675756725175e-09 8.485041728395056765e-10 8.679794664996656605e-10 1.105031041231873494e-09
-1.854769313367234699e-18 -1.185685726397878986e-10 4.339541458052564940e-10 2.835874775458423828e-09 4.335562116254049525e-09 1.862260261736179995e-09 4.558329165467537183e-09 3.615643512717974312e-09 3.076111890977591394e-09 2.076083164081862262e-09 2.036619788162111840e-09 1.655026537394544351e-09 3.713839016056613967e-10
1.418674050504709259e-16 2.169339417748010427e-10 4.288670075765057240e-10 3.104522807053091162e-10 1.403501928274665311e-09 1.556274189954283894e-09 6.082565747097189507e-11 3.480504155377247844e-09 3.573313915584349446e-09 4.411641429861500434e-09 3.744384616838275147e-09 -1.368476561481510042e-09 -1.039510127559699135e-09
-3.151424667252448188e-17 1.564193151176491669e-09 1.176448037608403468e-09 1.810718361963294844e-09 1.972676541826037339e-09 2.934086715827984730e-09 2.188743990703803959e-09 4.816109770762040798e-09 4.465564728800960976e-09 4.061214968433797505e-09 7.072161159587490308e-09 1.356758770155679401e-09 1.144971517519924935e-09
2.907056037862533189e-18 1.604952601404547176e-10 2.312933840456928871e-10 2.361034619060948967e-09 2.617681354945865929e-09 2.783361203978323669e-09 2.702234462641182008e-09 4.301725134494322708e-09 3.544161685573457695e-09 2.425389954486488285e-09 -5.459593498052450234e-10 2.839165531754470729e-09 1.170727570554803148e-09
7.105893961547301729e-18 1.766671600216324898e-10 3.836373468401456207e-10 5.113273263858622308e-10 2.144265243225278923e-09 1.452759192476275351e-09 2.996401663614839728e-09 5.281877894319079597e-09 1.412868773398959793e-09 3.522786331805843617e-09 2.368936280270416782e-09 2.764950225799734057e-09 -6.411748188145271759e-10
-1.050786302584501699e-18 1.995806314455482545e-10 -3.493294986291082000e-11 7.450586915251067744e-10 1.179107754229345501e-09 4.345834151473484695e-09 4.503468868808114723e-09 3.482131074398840887e-09 4.998226394366833550e-09 9.939409127195939779e-10 1.417048562866719088e-09 2.969000414435919766e-09 2.540052399326632352e-10
-6.456543392767243473e-18 7.399077410509757698e-11 1.507644632144523356e-09 5.035245499302190819e-10 1.931449972477394825e-09 2.715694638907972024e-09 4.223184065251752939e-09 4.311490117069867450e-09 2.521117242926369570e-09 2.973498903599296296e-09 -6.101573650781296261e-10 1.574578897332556367e-09 1.904414367725671489e-11
3.421323141492507834e-18 2.911941206629532901e-11 1.856840461290958244e-10 -5.737971850702295942e-10 1.576724095178354463e-09 1.366157885051536199e-09 3.229860881066065454e-09 1.735709499411394863e-09 1.587980002872218342e-09 -5.445039627851027423e-10 3.336568549955605776e-09 2.059269468266715384e-09 -3.490113201212776070e-10
1.981111852631116926e-17 9.295489770585142738e-10 1.549876201187656262e-09 2.892866840748930304e-09 6.064189232621057642e-10 3.276143885595503927e-09 3.676819694457714155e-09 3.364928782388409805e-09 1.212323342731240364e-09 2.311666510033483552e-09 -4.503445723030848138e-10 1.846570569408617374e-09 7.389581701673768080e-10
1.138900957315832789e-17 3.310977919935451907e-13 2.148302924632974862e-10 9.284818450758590092e-10 1.214560295561732111e-09 5.858438672004108239e-10 2.917584460357062629e-09 3.470050545394169629e-09 1.529904834388587166e-09 7.266511387066147897e-10 4.484965564801537518e-09 3.831438205723250148e-10 1.530051951222586704e-09
3.724338553077298348e-17 1.444474941975280791e-09 9.535589250362909280e-10 1.117182826604248074e-09 2.989886483691832739e-09 1.285346596235394392e-09 4.001008173078198315e-09 5.782252400655248955e-09 1.534127378128092412e-09 3.410068076021149709e-09 4.291655099698251579e-10 1.237017740462871243e-09 -1.683879440855227172e-09
7.018513811228781808e-18 1.022993573878518144e-09 8.846133761912079617e-10 5.675735723514627399e-10 1.270247141488897507e-09 4.196820891820522396e-09 4.626354712057718424e-09 2.103217038143815131e-09 -8.402997029454161340e-10 4.077000934131475672e-09 1.268689674469723243e-09 -1.771316403155582295e-09 -5.312558094585933649e-10
1.183364376746438144e-18 1.369150117906073642e-10 5.406659014266552473e-10 -1.203986534081713578e-09 -2.191345562752115816e-11 1.963292143534999537e-09 4.221149860417302532e-09 5.329700649175033037e-09 1.419577826379234442e-09 1.022870635249389620e-09 -2.022626329522730913e-09 3.231591135111124471e-09 -7.868305173736714680e-10
-6.065468799140128768e-18 5.319677003056313097e-10 4.905106871093385269e-10 2.083970364205268094e-09 3.211264442560610649e-09 3.300331397128501593e-09 4.473762888218953497e-09 3.055672610351117388e-09 2.432110672064411691e-09 1.447953981675457325e-09 3.079546218508092906e-10 1.474504736089924324e-09 -1.040766937811945702e-09
2.494465326758802169e-17 -1.315421574538892953e-10 3.023181169072426170e-10 1.613748606869023306e-09 2.651767083982690658e-09 3.046827026130276335e-09 2.960366432654765662e-09 6.097275165023659775e-10 -5.039690856414228604e-10 5.436611811010644003e-10 9.397078071673198056e-10 3.236558872743636879e-09 4.181412182976896187e-10
4.673219133076614645e-17 -7.336649670068553700e-11 1.458605612995695467e-09 5.467881806555920962e-09 3.772059743487590311e-09 2.063792774025879871e-09 5.477115208683977325e-09 2.042437166842159676e-09 2.291634093201076108e-10 1.762544698811416779e-09 1.925142626938499256e-09 -1.922959096328298567e-09 3.050041806988555760e-10
1.109808538087759337e-17 -9.062089995436997822e-10 9.084576624445249909e-11 -8.704960909178018648e-10 1.769248859849334795e-09 3.828348838349984908e-09 3.497392590024622908e-09 7.736268902879305144e-09 4.334086389344778366e-09 3.525376828213596578e-09 2.391944892416764891e-09 3.271198189987990720e-10 -1.109407077965636776e-09
1.386873618701430278e-17 7.573977487798909639e-11 -3.942586985734001162e-11 8.837309601437350841e-10 9.492220398724046451e-10 4.965214500639569275e-09 4.885875576725049932e-09 3.968740000882116662e-09 3.225079651309332699e-09 1.956887575831732902e-09 1.239739597289909998e-09 2.362219492497306390e-09 -9.132558931403116837e-10
-9.599036276338716647e-18 7.999217721387520812e-10 1.618463207561338422e-09 1.495314094175512917e-09 1.207487536327667911e-09 1.156875709905579978e-09 3.195401418822994848e-09 2.610837347013302308e-09 5.281821928318825282e-09 5.542508967674858872e-09 2.022417167055125494e-09 2.380642890974185509e-09 -5.569164068151563347e-10
1.064135226750213957e-17 -9.228135292057066920e-10 -6.847675627082417396e-10 1.252281331966422630e-09 2.506351616720486862e-09 1.965090424353916950e-09 3.031065840301595878e-09 4.152895809463707116e-09 1.954818492137803803e-09 2.452056222861422904e-09 5.429306685773963698e-10 2.828687922457776441e-09 7.128947759885745911e-10
-1.230537540716685950e-18 5.542200515633086889e-10 1.022023440279119456e-09 1.270773113011970522e-09 4.128520563527821233e-09 1.995069742313387080e-09 2.702106945864810534e-09 2.185254931209625001e-09 1.919345015735195872e-09 9.141219940164997653e-10 2.183680886478595441e-09 -8.170510932444492575e-10 -2.038874700285072351e-09
3.695493923702175148e-18 6.802707325998815160e-10 1.001731162501574923e-09 1.130072390640120002e-10 7.879266717117160065e-10 7.396411582511574189e-10 3.241636790673441606e-09 6.590422414177042331e-09 2.598353311160882940e-09 -3.181866979592824565e-10 -9.047553141095723326e-10 -3.134918322764495642e-09 -6.323234109125546841e-10
5.573505388442424516e-19 8.998788806513351182e-10 -1.275974551767821084e-10 1.475261472865062127e-09 1.463898681227277115e-09 3.975048780246100484e-09 5.074968344221633664e-09 4.192145612719592352e-09 3.976963714760216461e-09 2.799368839596504941e-10 1.528572194449992910e-09 2.255837269287414484e-09 3.009403026855815895e-10
1.100900699107557762e-16 5.196144094805984323e-10 1.553405319151424932e-09 1.557771878819552869e-09 2.018458239230207208e-09 3.786484647657463147e-09 2.518239344004602759e-09 1.901836973231910527e-09 3.312884755273696307e-09 -1.177313630888284010e-09 -9.357373028659313081e-10 1.576881985026731675e-09 -1.648091117953881558e-09
1.980581813928514047e-18 9.783360542121725396e-11 4.856186236204821482e-10 8.239859450292316270e-10 7.071652637563101153e-10 7.336610973361264280e-10 4.003700993777131467e-09 6.135935103500846210e-09 4.268394446858775579e-09 6.837093937198458987e-09 1.870923556485247668e-09 -3.904503956824551102e-10 2.280546523396489369e-09
4.463375842408291071e-17 6.596103448133562554e-10 -8.420057927716011287e-10 3.530555845065362009e-09 4.099437355465638543e-09 4.896767816008190192e-09 3.331060908678979320e-09 1.117052445628987743e-09 1.588886063972803008e-09 -4.844434152611979400e-10 1.564368155368593333e-09 1.477912235837078497e-09 1.160822068262471216e-10
4.678649551000578048e-17 2.880777886182293531e-10 5.985867918061041669e-10 1.547819696655931134e-09 4.021476773228588850e-09 2.411386906736826634e-09 3.115179580218452796e-09 2.591119755580359727e-09 3.068788761452633862e-10 2.050900364768626305e-09 1.283453772325623453e-09 5.416864485146152547e-10 -5.192138436469065095e-10
-1.359678833622215480e-18 4.626092715702351194e-10 9.233179882426354664e-10 1.549767400544509747e-09 3.052975946744453154e-09 4.602642042885123392e-09 3.357010795535934968e-09 2.693383398905083674e-09 5.815787614194270309e-09 7.122245643737075557e-10 -1.764213868567745790e-09 3.077137778812347333e-09 9.165198131554051818e-10
1.972106953758677306e-19 5.682464952711426462e-10 -2.439443463373240482e-10 1.257178762385346164e-09 1.456944604672273653e-10 1.606992679519453762e-09 2.973691758965431020e-09 3.975631146921877519e-09 1.967284488805592346e-09 4.154627249745861274e-09 3.738882346805354174e-09 8.610190545108168826e-10 1.718474201687023130e-09
-1.757358995884293150e-17 2.072019672876854373e-09 1.017947719708048425e-09 1.979692381083717102e-09 2.005136271820638275e-09 1.003846108443177683e-09 3.560696131699099955e-09 2.909551143202846081e-09 1.463459185921709178e-09 1.006853033576091571e-09 1.554673562824583260e-09 1.353841224623807696e-09 7.721980504142462397e-10
3.853192823870498743e-18 3.508390264260871897e-10 4.188322245532213734e-10 1.610364566760000851e-10 2.248415328304331140e-10 1.746132298276031688e-09 3.596057519069096526e-09 1.604180539266659164e-09 3.523391840311869525e-09 8.481945576884767518e-10 7.368844782265924344e-10 1.047229645642283290e-09 -5.663968056069600734e-10
1.593992000998223249e-17 4.644045195950763158e-10 -6.052548240363539643e-10 1.537042165511329064e-09 1.138309131562358085e-09 3.240147237468699043e-09 3.392791332202717612e-09 3.428352940420642767e-09 6.411875122312581270e-09 1.141962630253755629e-09 -5.360819514435399511e-10 3.556905716348406362e-10 -6.760789538314014208e-10
1.471699225214341740e-17 8.593110584207680433e-10 7.045942489066652925e-10 1.177156449353932859e-09 2.421929558924627810e-09 4.234314510014332622e-09 3.306752135246473435e-09 3.010914243752422301e-09 2.318779982983531740e-09 1.590282743347568938e-09 -3.518501463273406480e-10 3.926629687504046794e-09 6.440436910712786941e-10
-2.370475708271109352e-17 4.133363776628948916e-11 -5.573139465519350770e-10 -7.223795492454959958e-10 1.341273135943091072e-10 2.594822116078368845e-09 3.039557495276319171e-09 6.042779369047437396e-09 3.553236883689119842e-09 1.054629948508263612e-09 -5.147891213553885246e-10 1.309858803965976945e-10 -2.935781636186463010e-10
2.087996768921972920e-17 -3.938411996527571544e-10 3.514209729302902579e-10 5.533190351487973333e-10 8.293294377320220895e-10 8.312608465352693670e-10 1.992040179081946209e-09 9.865314690205956528e-10 1.068370644960008900e-09 3.988570089221599674e-09 2.740391455540109497e-09 1.268452715080414876e-09 7.195962992834904004e-10
-2.536800850724097181e-18 9.691927547544171170e-10 5.100376205967776987e-10 1.019585836311272916e-09 1.225002253996168168e-09 4.042368415114630319e-09 4.901281552040400557e-09 2.502853319446113864e-09 6.237257577682312510e-10 2.935736671792016787e-09 3.256613032002021143e-09 2.206173601498352845e-09 1.286822321299756862e-09
1.166324277215939773e-16 2.551824367666794612e-10 9.743928575633609428e-10 3.579019180905227978e-09 6.095709841616667582e-10 2.224252745701226413e-09 2.494319362331211861e-09 2.258233635004364337e-09 -5.091694412175795640e-10 3.479985800101895003e-09 2.608194197730843362e-09 1.267956503123292911e-09 -1.171898739658222234e-09
-1.923155718251533296e-17 9.330892649958511351e-11 1.340390925902033506e-11 1.941366408997238950e-09 3.144207800378446260e-09 1.917808871015202643e-09 4.661604940231262943e-09 5.208852432254507361e-09 4.173079741322760551e-09 -6.028424203178092896e-10 1.097259390049728227e-10 4.923297651241288137e-09 2.032738271335127514e-09
3.466280292839177095e-17 1.949359712165640092e-10 1.088744232470030410e-10 1.783267555969510428e-09 9.313151816778984216e-10 3.500401986858130636e-09 1.542264970796111315e-09 1.861262068264119050e-09 2.557789850793077681e-09 2.247131066700832607e-09 -1.383235766114085237e-09 -1.346323294455144460e-09 1.337325173826796797e-09
-1.698218399620971186e-17 -5.705460297418477416e-10 -1.582855465454412976e-10 1.804117435804287996e-09 4.605066551728923531e-09 9.386610785486874162e-10 2.199436754124366741e-10 4.107045024960449873e-09 4.061142129056845435e-09 4.265897841498873415e-09 2.345831608626770055e-09 -2.893114909757303455e-09 1.334740237884105823e-09
7.015118984787941443e-17 -4.682327356438288213e-10 8.929076348897884009e-11 1.014391475745369249e-09 2.330598580539934781e-09 4.346997806950399266e-09 4.119937919811768828e-09 7.638391016463759786e-10 2.153707179495586762e-09 1.603997719725514403e-09 2.505072834756222252e-09 3.912005517142143320e-10 -6.056141796945676421e-10
1.835910754354178377e-18 -2.023448980530570636e-10 -1.166133681106713313e-09 4.720278878068476333e-10 3.462407406500239444e-09 2.536062868887864965e-09 2.616034305841421519e-09 5.049767686529896550e-10 2.485201476826319889e-10 -1.106984687772620824e-09 2.597999565414103519e-09 -7.431307712373169378e-10 -1.933497725858993246e-09
-1.207941602859030418e-18 5.600869767055614756e-10 5.578431626801655043e-10 1.430818074570518969e-09 2.911104580911684701e-09 2.427240161483158697e-09 1.565412052474753277e-09 6.438653442538633339e-09 3.066065930125827206e-09 1.587857736123104814e-10 -4.996676093906620499e-10 -2.024258246776755973e-09 -1.052249319826210213e-09
-1.162395357818576183e-17 3.247545248775050828e-10 -2.214248285862175151e-10 -2.646864785550074708e-10 1.769045214937812036e-09 2.641837257723115306e-09 1.044863039239669380e-09 2.185578214958080373e-09 6.224349579305011853e-10 2.387042293041287230e-09 4.398528811570220808e-10 1.651409745106663274e-09 -7.644866668608039431e-10
-1.467685018236553705e-18 8.664541803409776520e-10 9.679647850390259165e-10 9.636205719889577303e-10 3.887693151186770515e-09 2.409526162747070441e-09 3.574754558242002073e-09 3.069143370454017446e-09 1.988906033867581188e-09 2.627313959720420769e-09 4.156810679313092645e-09 2.640690057487016786e-09 7.370691318090910157e-10
2.308553945362648903e-17 2.552311166668646911e-10 1.309379312162155935e-10 6.039233925991839030e-10 7.609000073312054323e-10 1.552628004321346644e-09 3.078037634343909872e-09 1.663603890345541345e-09 3.585051898470260077e-09 1.802254961089687440e-09 -2.902779285543976407e-10 -2.717984112482720636e-09 -3.186621924693841944e-10
6.220577081389953053e-18 1.872112577538009792e-09 1.575203668909390808e-09 2.132045609819488078e-09 1.195616430258296320e-09 -1.127212799001527386e-09 2.596642200798422560e-09 3.481222135685928974e-09 5.343459093565309277e-09 2.120888058763267114e-09 5.784352768109884567e-10 9.666545386770353762e-10 -3.464210967533659521e-10
-4.240265126125293867e-18 -3.813242926662444598e-10 -2.731615947171005986e-11 6.700675894400831599e-10 2.874953385605470325e-10 2.882429161277977010e-09 2.907380964541944601e-09 3.974808492208943167e-09 4.076002235808725920e-09 9.776140562212958490e-10 1.209454887953112275e-09 3.754961965971686990e-09 -1.536622119588565893e-09
1.462969363618615576e-17 2.509336650480469108e-10 6.532043535442261675e-10 1.220487477449645973e-09 1.192648399027007007e-09 2.118654534034183459e-09 1.654334234252459881e-09 2.341330477532827000e-09 6.564047375906853701e-09 4.453545329628263142e-10 -9.230442713870520671e-10 6.910525557340059696e-10 -8.730657997487849071e-10
6.849618731313066164e-19 1.033961627518597581e-09 1.401962415543342209e-10 4.499882886428276535e-10 6.738350099075640380e-10 2.025311110939910121e-09 3.116535651497845762e-09 2.665378621304828413e-10 1.325303482206416558e-09 4.249057393503746784e-09 4.250139851897471180e-09 1.703745611447717778e-09 7.179162683613005799e-10
4.596288463582453925e-19 9.675880366239249332e-11 -3.294753944111190521e-10 9.506226003199890015e-10 7.441216239020974540e-10 2.778257932255667310e-09 4.545169464739905801e-09 3.882085294395726790e-09 1.072798619846473119e-09 8.237492750392994805e-11 3.062032780386300790e-09 -5.866531425365767113e-10 -8.037854559850389245e-10
-4.093884838232439691e-17 -9.136500270065483391e-11 -2.013071942913702055e-10 4.841316391223840428e-10 1.731286022325368461e-09 4.195525017091450606e-09 4.220475322101067424e-09 4.130715690287658274e-09 6.657992065589892560e-10 2.324706244757030224e-09 3.823380338198721106e-09 2.415462013688819294e-09 1.187851393249948969e-09
1.546499887752069574e-17 1.803804367226378354e-09 1.510443421190604216e-09 3.670022023164375310e-09 3.528053438457792526e-09 2.198736526142261491e-09 2.543570552486444853e-09 3.333367123857672623e-09 3.518284418739273986e-09 4.013385646029893496e-09 7.970593476388896993e-10 -1.598058111955614426e-09 -1.287691614514278081e-09
-1.949517101930069729e-17 -1.779390475990406654e-10 5.181599026983954726e-10 8.472289862359650062e-10 2.428418369198526665e-11 1.472613646859542082e-09 1.231584425860233886e-09 2.468365090140735345e-09 3.075266922154499233e-09 1.801434278773228795e-09 3.642901089710920228e-09 5.245436357885898357e-09 2.506364427882238240e-09
1.655789005847720406e-17 3.889887795251268928e-10 1.162976971177711421e-10 1.940790333359734986e-09 -5.118078383513348520e-10 2.990533148429881105e-09 2.609902054607273264e-10 2.893122150069775886e-09 3.275033601581457580e-09 2.714689464650030900e-09 -9.696694985250865547e-11 -2.063652369035739444e-09 -9.231803964618757926e-10
2.742540667224064845e-18 5.264242442795831927e-10 7.477914664782090514e-10 8.805495724015452747e-10 1.260048096732545405e-09 4.306047261252677076e-10 1.838330933632623017e-09 4.321847701626797925e-09 5.559888207183855546e-10 2.641579843463414740e-09 3.083695248321959641e-09 -4.479647578397472402e-10 -1.364299861578642901e-09
1.902565490981837119e-17 -2.730689495570352645e-10 9.095526308603965238e-10 1.283482086391311256e-09 1.330766832956249303e-09 4.229082890336041597e-09 1.223117168354673468e-09 2.997180314684347094e-09 3.523990672132235288e-09 3.119888870340197258e-09 -4.363183384847375153e-10 -7.637471461579962723e-10 -2.752717212326804017e-10
-8.716006726631946126e-18 1.288560791574211299e-10 5.251106486981075266e-10 6.066730112626163482e-10 -2.100310399486414447e-10 5.024616479097674785e-10 2.341114063131097703e-09 3.973568401409012287e-09 1.580563694252818494e-09 2.791381601939726154e-09 6.457598222163002229e-11 -1.145724218404771881e-09 1.210584565588044081e-09
-5.321311338097921919e-19 -8.396565471793300449e-10 -4.023084818851558665e-10 1.504514062975093936e-09 3.856721381154053688e-09 2.013699407802797199e-09 2.601823876950924511e-09 2.985108129538405908e-09 1.618251046693519203e-09 -3.638472881213841803e-10 1.206513192006358367e-09 -1.706131592312749255e-09 2.731250391812202106e-09
1.431449106698163880e-17 6.189259785917072564e-10 6.871133065109978559e-10 2.441054177746544501e-09 1.931209116580748231e-09 1.393108631066688131e-09 3.880302169667822340e-09 3.498471005571560345e-09 8.916940733195142453e-10 2.009654153840125261e-09 6.516024198121355058e-09 2.582269823645483850e-09 -2.163096157576404193e-09
8.369647585429985681e-18 -1.086783078456493089e-09 -3.441835976310427215e-10 1.830045231366944658e-09 3.167049492502222325e-09 1.009755208486514043e-09 1.772908978044821142e-09 2.390096099911361647e-09 4.515990389337752393e-10 2.408497433071865934e-09 3.476391345715535964e-09 3.969360509496262339e-09 5.975393611792102031e-10
3.295508585854760263e-17 2.980398089198740371e-10 -7.604873408592265894e-10 3.556645017032997712e-09 1.717328252631178153e-09 2.666311379788508957e-09 9.232790341782437101e-10 2.695218907815141821e-09 1.922189014354728619e-09 2.872451585348326449e-09 8.323339417495058490e-10 1.219680244264256580e-09 -1.551167006786986740e-09
-1.025951836840578080e-17 5.172154173818001358e-10 3.220654055017487435e-10 3.735628356389998815e-10 1.175858573322510465e-09 1.862024542603718179e-09 2.828646419807094372e-09 2.267310982751609197e-09 9.006853172607153589e-10 1.230090019388729580e-09 1.527952358121200117e-09 5.088199239882801321e-10 1.590640172110070671e-09
7.567133628407641377e-18 2.092102779998823718e-10 2.098215503104963909e-10 1.445471250853739272e-09 2.624375855975553893e-09 4.166011072252921296e-09 -1.476243608815294571e-09 3.121263741146633781e-09 1.911240210074894601e-09 2.717967089060481681e-10 -7.213496410900040379e-11 1.736982631370145755e-09 1.920327505998052631e-09
9.915838630522370557e-18 1.930045844115863213e-10 1.321034502897152816e-10 5.662709646242242630e-10 3.727912961170363534e-09 3.989209751718981446e-09 3.503625901865488906e-09 3.301246850291396889e-09 1.678125927046803437e-09 5.536513784216108592e-10 4.268218331600980961e-09 -1.232348776083305934e-09 1.528889484079330155e-09
-4.202229034399874486e-17 8.156533032989163154e-10 1.192906681569275220e-09 3.333079555406950957e-09 1.206982789664044857e-09 1.889044933875938149e-09 2.505416664929461088e-09 2.835007428687862050e-09 3.091252664655951422e-09 1.705215475399561774e-09 4.899697560752273860e-09 2.464964286120533286e-10 -3.082230130212467002e-10
8.653433039858429321e-17 -3.728760849252202274e-10 2.936918462298281930e-10 2.008131879790395195e-09 3.422456243009112347e-10 1.544944749515553306e-09 4.385683431152187190e-09 3.412968262526950492e-09 1.336692482573797030e-09 5.688303520451945490e-10 -4.009070675652652922e-11 1.950170309106027896e-09 6.316249246337301684e-10
3.514284570949244350e-18 1.296801443098009266e-09 1.249696497810303878e-09 2.549933875132703032e-09 3.704128218243176367e-09 3.186715770318386687e-09 3.974446572051807741e-09 3.841831265364894502e-09 3.991061826660217903e-09 5.666583370660227656e-10 -1.279895446329827584e-10 2.290708363494025721e-10 6.617040769820297545e-10
1.157561966699381825e-18 4.321481121243515066e-10 8.534843540915524039e-10 -4.849682898213455976e-10 7.512094584400871957e-10 1.159618190076917018e-09 1.621005125503643667e-09 6.470412829754765542e-09 5.136840482002305531e-09 2.098747605009867848e-09 1.812638468369859106e-09 -2.214895444583279020e-10 1.231336938652304795e-10
-1.422521725173571314e-16 -1.081548442242100716e-10 6.521134210782893764e-11 9.736820905822574960e-10 -5.331731182303034024e-10 9.490254409226369798e-10 -9.230262641333567457e-10 1.588659069743050783e-09 4.260168676928529592e-09 1.607147752600466922e-09 1.379887916016914334e-09 1.638556036828461024e-09 1.177962935792662861e-09
1.457999931993640367e-17 -1.133070428363480388e-09 -1.376979472866476180e-09 -2.798038217455377970e-11 2.427334087911552125e-09 7.313731414652716005e-09 3.839692061147148217e-09 2.619691041266922811e-09 -1.442029843537798172e-10 8.564419652970930400e-10 -1.542325266420167046e-09 -1.821162850325199259e-09 2.444639229272610177e-10
3.620708940177355480e-18 -2.719061327091771051e-10 8.721009219363261900e-10 -2.513612918408680741e-10 2.114106760075944996e-09 3.502908572941351577e-09 3.321574441414363938e-09 4.973385455465567488e-09 3.263020930502871606e-09 9.716661571092929332e-10 1.593027847421978055e-09 -9.613355954140601793e-10 -1.854656497234846266e-09
3.290855025457282553e-17 1.959818838777378264e-10 5.651356155451396129e-10 1.253526201847724972e-09 4.426271855133365762e-10 -1.486497205972329762e-10 2.736333273401850361e-10 5.140847465037701511e-09 6.534123856010193167e-09 1.773597204931854188e-09 2.065187048699734395e-09 -2.038080799045286649e-09 -9.373219430910066349e-10
3.247956810315974226e-18 4.256179895963036164e-10 1.005322418274627619e-09 1.102084779951210796e-09 1.202124353247265745e-09 1.487305371444353880e-09 2.770859134034705927e-09 3.929738125445496254e-09 4.068648537785080515e-09 5.099517139014446005e-09 2.368748696670604937e-11 2.738278964128380784e-09 2.706174509456286742e-09
9.829298985217670567e-18 -5.240318206594804346e-10 -2.754159406950151672e-10 -2.960104173974463990e-10 1.202820706823550603e-09 1.320927768693171782e-09 5.424640610891390531e-09 4.303274523937880204e-09 1.988021682048786961e-09 1.244001104251408686e-09 -1.296499242858500136e-10 -1.024617814280919497e-09 -1.061240531524615703e-09
1.154175635637806859e-17 4.270045622347611043e-10 5.431819995365735058e-10 2.531733299190868180e-09 2.733991164092702504e-09 3.665727349678179902e-09 4.824805160691131691e-09 2.381982504910339382e-09 1.259916359467756886e-09 1.777822828370658880e-09 3.265513438618580922e-09 1.246987471403373071e-09 2.562449288031135212e-10
9.532829917198835780e-18 -9.884483791461683047e-10 -6.117417902713297277e-10 1.197151365846975642e-10 1.266229974629726529e-09 2.116993611338273903e-09 7.429067200989662053e-10 8.406831314211452214e-10 1.585145012633473567e-09 1.226141311665118824e-09 1.347387089327588085e-09 8.794477535674249489e-10 7.864820732505599439e-10
-5.505287013616480940e-17 1.209672914376653730e-09 1.273767828150700106e-09 2.199955799121260626e-09 3.173779921475013817e-09 1.348947623128007191e-09 5.402916048606676476e-10 -3.737336301688173783e-10 5.783689489715424551e-09 2.140713506252399366e-09 2.869934188322690806e-09 -3.505022159072013850e-09 -1.970564526696624842e-09
-5.810779069748277095e-17 6.973126273878070267e-10 8.822015614851792510e-10 9.345259729705721692e-10 1.668520398927440257e-09 2.913470154075685055e-09 1.726023740159450969e-09 3.165916844451370877e-09 1.633542848788769360e-09 1.663080887582947070e-09 1.250852525008335764e-09 2.470846769791673619e-09 1.401890843113266314e-09
-5.147868817179554553e-17 1.909290421961851080e-09 2.160164822317923940e-09 2.618466564463016364e-11 1.319819817879925257e-09 2.963784342819335696e-09 1.109371900117966969e-09 4.015635562238103898e-09 4.968448766936361903e-09 5.819550942446058559e-09 6.364098311485446699e-10 1.101438341202787945e-09 6.213317675614296674e-10
-1.928283225228979397e-17 5.801503012717594826e-10 1.154211500766622462e-09 2.632851196914998919e-09 2.530741265723079560e-09 4.345657722554699595e-09 5.640355538824699326e-09 1.787094507387968672e-09 6.278913800790268044e-10 3.458176950094308107e-09 4.900488048684165025e-09 2.784739081767433587e-09 5.187847975829009307e-10
1.217530983506790935e-17 4.666626481350975652e-10 -1.349618739610058539e-10 1.914907701692559649e-09 2.710477936215588165e-09 -1.004471604229233685e-09 1.276350223097032652e-09 2.324614262336987737e-09 2.074126853756359025e-10 1.869152157527464514e-10 -1.014959929347327486e-09 1.495513188562673888e-09 4.935299959532790538e-10
-1.139156110710976002e-18 8.429192750686216601e-10 9.243033804784445389e-10 6.070257969528383945e-10 1.830780366791245794e-09 2.113170972005197094e-09 5.899610202296330847e-09 4.348711817447260463e-09 1.625474071049154434e-09 3.173284917034368517e-09 2.718114141895400489e-09 2.193208269322132173e-09 -8.855977456598477722e-10
-4.214921799538583657e-17 -2.822935205794982107e-11 1.936595595755905183e-10 4.042551606165750061e-09 9.540936889887430168e-10 1.288876073234871835e-09 5.303254797735573782e-09 9.497431679351821673e-10 1.032748411050124529e-09 2.841258921216526582e-09 2.098691715451300030e-10 -1.291900317503883275e-09 -1.130367785773114281e-09
5.240686912026323871e-18 6.546110390853498533e-10 -4.210910129103648735e-10 2.380674596440377569e-10 2.447882824551517251e-09 -6.126241922018583483e-11 1.869796159233317880e-09 2.837244972563614728e-09 3.976809207564710005e-09 6.315199638947194210e-09 3.972549413025879161e-09 3.002723309489254237e-09 4.387004606878631720e-11
1.274422588232225067e-17 -1.309801800707644712e-10 6.715238945788689644e-10 1.312405908268622262e-09 5.432227851233837598e-09 2.454160944277738256e-09 1.189884852325879397e-09 1.374159942265843409e-09 6.529757823484384188e-10 -1.186589378824477153e-09 3.639920098696172183e-10 -1.242527346019221253e-09 -7.761675029232452709e-10
3.216239833106315062e-18 9.525339046244305314e-12 -3.488980204189218724e-10 1.069807376223252103e-09 -4.472479892753309725e-11 2.717457430644032971e-10 5.799562968250729699e-09 3.660863066464524119e-09 4.556868285867400112e-09 -1.869642296667908071e-10 2.105252286150341558e-09 4.342772843487085051e-09 1.030916788102117411e-10
2.419942741277123289e-17 -4.700759800477527875e-11 -3.981450195047023153e-11 1.696326247256547053e-09 4.632367069712736486e-09 2.656091757723227197e-09 5.846254583240042763e-09 3.810978727298228288e-09 1.548638675840358149e-09 -7.981401087156885378e-10 -1.311024160715798272e-09 1.270915427797035690e-10 6.935327965427608339e-10
1.977832887373427509e-17 1.053498532089613942e-09 1.537897681357096541e-09 4.945205120001938190e-10 -7.249246409531456464e-10 3.466804636792715589e-09 3.751748731762520801e-09 2.998160296562457412e-09 2.996034286273703878e-09 4.865030950755349896e-11 9.791067994611124654e-10 -7.729468118879412724e-10 -5.836205405244638619e-10
-3.583372767673466724e-18 7.162475104359182429e-10 5.853200314951173047e-10 5.801911730618787067e-10 2.934323416872454703e-09 2.669406016640402055e-09 4.646765522758101787e-09 3.166905214462471631e-09 -3.486625466548742096e-10 2.855084954245839869e-09 5.452598990998860106e-09 1.711602399032642780e-09 4.232244273393044367e-10
-1.327552809261878470e-17 3.447466046473195486e-10 1.534849877635893833e-09 -5.056824100266393911e-10 4.053672124952908998e-09 2.695705752082168987e-09 3.174638102368347055e-10 2.363652288213568086e-09 3.488981559090559587e-09 8.050403311039018563e-10 1.754406730027667181e-09 -2.710148849240753911e-09 -1.606365790570833586e-09
4.974213251412444362e-17 -2.629239952223513388e-10 1.908699741404278796e-09 2.986385475889528388e-09 1.615758315320533162e-09 8.155630260539159437e-10 1.717439396248354417e-09 2.730710364887249746e-09 4.707959104033758734e-09 1.993615634171130369e-09 2.021747324832963643e-09 5.630479410389470792e-10 -1.225801324668449730e-09
4.138982178042627234e-18 -7.249418091553204632e-10 -7.263345744560985796e-10 -1.438026501974366558e-09 2.150893420724427966e-09 1.452776609375153780e-09 5.027907540794765951e-09 3.280445614116925746e-09 1.891315134776155393e-09 2.898562546646776839e-09 3.902830798309329786e-09 2.132461628003061840e-09 4.743164274699175406e-10
-2.875024766204548723e-17 6.276058164260730625e-10 1.214560444711539796e-09 1.262664437371738025e-09 1.248953272430709109e-09 1.654468506755489881e-09 6.119144695471074347e-09 5.207201312631194747e-09 1.968850113196814585e-09 -2.819737778206567546e-10 1.493408017904633620e-09 1.597167344936324917e-09 1.538049450408221189e-09
-4.459470386664382244e-19 4.615925957138129613e-10 3.199692209526328115e-10 3.847585683688312774e-10 1.960033107499770396e-09 1.698886078212909606e-09 -2.269859679999061231e-10 4.734452859517128194e-09 1.149391147509146645e-09 6.474603577103356370e-09 1.735825512644327102e-09 4.793769056838863560e-09 -4.887588241440895446e-11
-3.410992475161287896e-17 2.011875654934215221e-10 1.630210197828331146e-09 1.369596479056430051e-09 1.081730107947719013e-09 2.935940325603121163e-09 3.105049520153737387e-09 2.681748848417878747e-09 4.824396630273115278e-09 2.403988620899523081e-09 2.300124949964908972e-09 1.665755454179034371e-09 -1.081828651622352060e-10
3.456017196498699751e-17 7.846966235208813808e-10 2.995885551299059348e-09 2.143466018758460109e-09 2.413182349696276297e-10 3.066894150907740171e-09 1.980547923224046855e-09 1.814501280068080485e-09 3.548702602881152750e-09 1.708057831404601530e-09 2.484660840206919643e-09 2.760829988767571224e-09 -3.333687910682867595e-11
2.461738488385531412e-18 1.385777576542770216e-09 1.231843983226245000e-09 1.056231778852803319e-09 1.770628500084329878e-09 1.524897153104933994e-09 2.789689597849459020e-09 5.049734181610674201e-09 2.441055780950228345e-09 3.263891495050962729e-09 2.327401703564249472e-09 2.810832304270168756e-09 1.308411293297061262e-09
-3.179644747320027776e-18 8.381634142606863808e-11 1.024954066593035166e-09 2.150958741701967078e-09 2.141940268072488756e-09 2.811943506197736342e-09 4.955474893039167986e-09 5.315382896649603773e-09 1.772300042103650313e-09 7.758299605487292075e-10 2.377107867057539577e-09 8.755295554419117894e-10 -1.786981548540359411e-09
1.246887979868150801e-17 -2.015057748143346146e-10 5.515842089691272574e-12 7.116579940407922245e-10 2.048930156611883271e-09 8.047408015334945256e-10 2.555781779424885005e-09 4.673031456715215983e-09 5.071738384276839258e-09 1.304181790999313228e-09 -3.080797478670814014e-10 2.604372531763918064e-09 1.956147232420485598e-10
-3.319521595788563316e-17 9.799918365089993800e-10 1.476538256179585540e-09 8.390089997658946234e-10 1.450317234414016155e-09 1.725993823164961779e-09 7.852188160804108917e-10 1.815513476548166683e-09 3.138408719163085753e-09 3.073956208737984884e-09 1.841355114826332337e-10 1.338357102612409901e-09 6.858860906406851446e-10
6.056150384345900635e-17 1.247248657752346620e-09 6.824372186655660718e-10 5.931133948650507138e-10 1.485129840927608331e-09 1.642754283373050403e-09 3.506271728117495521e-09 3.042037820064025620e-09 6.155241174853548393e-09 3.082919105940081237e-09 3.776976844100177862e-09 8.204268883995506902e-11 7.123362081117173859e-11
7.592601958559972824e-17 5.663767167622500922e-10 2.952419495097175059e-09 1.584652145658179387e-09 2.095353650865959804e-09 -2.092595315915764167e-10 2.047300460673131029e-10 -1.493188345846717233e-10 1.743036044558530679e-09 2.533840658837748842e-09 1.550396079141761292e-09 1.307185602804788465e-09 1.613490826465191463e-09
3.482687595815127420e-17 1.106686702352329752e-10 9.390392155365858479e-11 5.423892971904629650e-10 1.127540132740947514e-09 2.827604960146778863e-09 1.266494790948074376e-09 2.058338281925342634e-09 1.965901686394559887e-09 7.025449117221617710e-11 3.250317854184450849e-09 -2.064570814168510652e-09 7.216571915634580685e-10
9.184710973079307865e-19 2.744885776479892515e-10 -3.024808212341202901e-11 -1.754313335246381724e-09 8.322509790825570436e-10 2.517761484642840883e-09 2.084358312173408938e-09 1.324588427432843634e-09 9.791506693060595327e-10 3.514121806488727754e-09 1.413894452435350973e-09 3.625198776091824926e-10 -7.418787974091879719e-10
1.175882271005005021e-17 -4.740264914189791688e-10 -1.305681422926320060e-09 -6.476183844577362179e-11 1.814757071647218545e-09 3.846709276805312611e-09 2.643162886826402519e-09 4.985136465613040802e-09 4.340639757094921610e-09 4.912316971694695581e-09 9.661050040100954521e-10 4.283607692410177352e-09 -6.382647713520263772e-10
1.993063276331733707e-17 -7.288917589190249024e-10 -6.477145789948111141e-10 -3.238315810640629246e-10 -6.277306324992177327e-10 2.135972720376026159e-10 3.576389312883893572e-09 3.902535520853555212e-09 9.621579417150610201e-10 2.926965996302216294e-09 -1.067298546689531349e-09 -1.526119404283556368e-09 -8.600632601714284729e-11
-1.640100965200483861e-18 3.653404462842492576e-10 -4.177098626501468320e-10 7.738873242065567528e-10 7.102469173763308866e-10 1.894230975329773215e-09 4.140266255680436062e-09 3.113059713092446310e-09 3.157607308133772620e-09 1.882244238085979101e-09 1.266060853115297153e-09 1.244806925113950765e-09 2.567705173030293361e-10
-5.328669092219266895e-17 4.955871164454550165e-10 1.551327940713936674e-09 1.589960941873151746e-09 5.306427015031202790e-09 5.854060276833916113e-09 2.291189993597949028e-09 3.531040162723299567e-09 2.718532772203008054e-09 6.508725952941361482e-11 6.424003928478071298e-10 5.886930477607886857e-10 2.066128064063832285e-09
-1.284958581257885053e-17 1.012270003827942335e-09 9.590743721718959831e-10 3.581171957557567360e-10 1.655016195603728571e-09 3.322615014344326263e-10 2.071302897340763861e-10 1.559645844845108399e-10 3.560532182133643010e-09 4.174609207983108174e-09 -3.323517827540255372e-10 -1.443095804048900015e-09 -6.223865967966887788e-11
1.045623520861613581e-18 2.197410159206455463e-11 -4.674974510420773820e-10 2.267238120896742387e-09 2.732393041243932205e-09 2.072819677703708677e-09 3.818920226840555394e-09 6.130685730166428590e-09 3.196335875681919503e-09 3.633816475479660823e-09 3.847946257127744385e-09 1.040489875978450392e-09 4.385077610021489245e-10
3.079311347017816679e-18 4.242439051962709849e-10 -3.124873714368566086e-10 2.956938541457089026e-09 4.707934323232592994e-09 2.710779128736568130e-09 3.140200737190603845e-09 1.343125046785523580e-09 2.366375948872028188e-09 2.241334218602813709e-09 3.446110281949116500e-09 1.963672421480740697e-09 2.588338863749253684e-09
-6.071785105547058375e-18 -2.686098925647892345e-10 -4.552477301375546814e-10 8.675367510919784795e-10 1.102327074583626599e-09 1.646764663336930844e-09 1.865358090204794027e-09 2.736650186583657189e-10 1.183695295522350894e-09 -4.158555254829381505e-10 1.763781868926656579e-09 1.412753492427956605e-09 6.071176057516920581e-10
1.471585782393361313e-17 -3.874167474174043401e-10 1.665048991629582878e-10 7.018571548511143521e-10 1.787996366452069313e-09 -4.580510380472660072e-10 6.206161073793323948e-10 3.911870725513455284e-09 2.752077659164640837e-09 3.598909410415241350e-09 2.128745037653466391e-09 3.194126324131347114e-09 4.171202549553448113e-10
-1.353672164669825880e-17 2.940244908832416705e-10 3.839892807271582251e-10 2.830685215925238074e-09 1.999908517638331520e-09 2.238617411583610101e-09 2.786129325118323188e-09 3.560623903536863575e-10 3.754861291619194629e-09 4.994916139089214717e-09 2.014510528556223644e-09 7.400931038540198978e-10 2.590196351813778041e-09
1.381444780691112550e-17 -1.226334860810431013e-09 -1.228774806842235540e-09 -1.211914550073749487e-11 -3.363234836027745345e-10 1.407658942016869727e-09 3.401079183405939822e-09 5.247388755081219570e-09 2.305488956465574275e-09 3.325035006505874765e-09 2.414123104834458009e-09 3.800991630824088348e-09 4.862016883623544585e-10
-2.441978092124230438e-17 1.722169334239666225e-09 1.645645171705902839e-09 -5.143284429197790246e-10 6.763548019167651469e-11 3.291000231257819421e-09 3.507409913846195256e-09 2.345152174766144650e-09 3.311517761387631156e-09 3.669173234375226031e-09 4.126240993289018260e-09 -4.872700144892401443e-10 1.472919247870799348e-09
8.753179127790070967e-18 1.352217678821718818e-10 -2.989524889924858085e-10 3.462496140445451397e-10 2.894160257386158670e-09 2.706021832182433962e-09 6.536882089742788888e-09 3.549600557593287648e-09 3.448302623744411984e-09 2.021539802909625970e-09 3.349985919868931527e-09 2.413239649980881503e-09 -1.153750221115897686e-09
-1.445367290063632344e-17 4.094927718428268659e-10 6.443465504731959997e-10 -2.467689861242246798e-10 2.201724877245664282e-09 9.114780647049383717e-10 3.351810168829433928e-09 5.159971742409660478e-09 6.054970088109086644e-09 5.284865818943700038e-09 1.269310075452128089e-09 1.103577844333150197e-09 1.984899881878909663e-09
2.043191730815582850e-17 4.388794950311577870e-10 5.229688896621639511e-10 -5.557399758963865526e-10 1.159097656454138287e-09 2.243186503314620771e-09 2.249448717675880567e-09 2.721062866603617369e-09 -3.860878401942161159e-10 2.050141815568439793e-09 1.124294761782510899e-09 -1.985306454378761789e-09 -1.808180906270907064e-11
4.410120328800718236e-17 1.375392913322668178e-09 1.546841212156095297e-09 7.403604716334702000e-10 2.366369694883753366e-09 3.632767503645805672e-09 4.250250761332309573e-09 2.118819234618088161e-09 1.316626398231873649e-09 5.157162758171107693e-09 1.551864060087251421e-10 1.617209874225480811e-09 -6.037542080695212817e-10
1.271886171065425377e-16 4.270003758926043326e-10 4.687865488540775680e-10 1.250501021451237480e-09 3.393169226389744017e-09 1.311938736980485423e-09 3.584691096029096199e-09 -8.528910025411741378e-11 1.493084695466536953e-10 3.364093322546878782e-09 -2.809290696644424221e-10 2.285144461607974017e-09 2.416983301487237736e-10
3.895810514574017082e-17 -4.662744925191983334e-10 1.158719566724476499e-09 1.587486985700891821e-09 2.026898484237845165e-09 2.294660496921616505e-09 3.938667414658173578e-09 4.727936026388895895e-09 1.523180154528359683e-09 4.703139928497367122e-09 3.068209684990032721e-09 2.876495112548303249e-09 2.076758270070283178e-09
4.808091756082970341e-17 1.218164292259673119e-10 -5.798096011322803532e-10 -7.297131068798567949e-10 1.211588969294257063e-09 1.805618911083195204e-09 5.321118592010992753e-09 1.788475811220884627e-09 3.051255058528115629e-09 9.473180589424978054e-10 1.760860878525120099e-11 6.252758679290112087e-10 2.587560703780370622e-10
-4.829561742481528383e-18 1.330912183720836672e-11 3.188897211536881519e-10 1.570396679420557263e-09 9.507149822392531639e-10 1.579420430344069047e-09 3.450435146992136408e-09 1.893986953720531683e-09 2.779135102567598472e-09 3.030930483620596905e-09 1.047394649205029876e-09 -1.079654673229425410e-09 -8.406370148392590003e-10
-9.323697763667159886e-18 9.209559935653689002e-11 -1.019300020292638584e-10 3.402838019011060576e-10 1.655646693216755171e-09 3.759603467117653663e-09 3.790447133081495224e-09 2.649230371517796348e-09 4.248361174985472187e-09 4.779452592846184617e-11 1.225722935365893343e-09 -2.045343828399542611e-09 -6.556511484769102286e-10
-2.401420964622864427e-17 1.373012187091035000e-10 4.386388745477897272e-09 3.888387991886620711e-09 3.610253911105645861e-09 2.698883543374742777e-09 2.526963526893672864e-09 3.807405312057328652e-09 2.745383459109528068e-09 3.709322927090061934e-09 -3.505553199625711778e-10 1.240687951080099927e-09 1.651854570415279334e-09
-6.421790040791737270e-18 -1.448187841677596144e-09 -2.534744041586489383e-10 -1.828453674166967458e-10 2.109156643896654831e-09 3.587101442658433537e-09 3.183793947985154955e-09 4.050022154367765410e-09 1.969555122126134325e-09 4.330334895048969781e-09 3.448304675178248752e-09 -1.235145231034431821e-09 -1.049897345806143678e-09
-1.628989912865246309e-18 -6.526884296962817248e-11 9.739344132652993619e-10 4.126879847061357406e-09 3.000787063070522629e-09 1.004121598057654951e-09 1.576310425045050158e-09 1.248830961796952950e-09 2.082369250208496545e-09 3.374620117268020332e-09 -3.783301870492057291e-10 1.185625715703559719e-09 1.047049722612166697e-09
-1.159272650901389151e-17 -2.131695571741173267e-10 2.925860666449938355e-10 -2.052056275954232345e-09 9.018617374697833628e-10 2.075051319834891308e-09 3.250908001811528518e-09 1.637381977623210367e-09 8.466816988733965911e-10 1.751001935855429956e-09 -1.311020472519999442e-10 6.561013530022539513e-10 1.664796312110781684e-09
3.470628123424511525e-17 -5.348951327528984398e-10 4.334334030010127949e-11 -5.671750602333068132e-11 2.823664703927362141e-09 3.125072871801606414e-09 2.636382121612758779e-10 6.158749667998151816e-09 5.258263023496369828e-09 -6.476011622627027433e-10 1.332405880255914175e-10 3.145996230816780523e-09 -4.066889318033098377e-11
-1.493476810903862681e-18 1.001725309858758091e-09 -1.096471160135004470e-10 8.419949871579203289e-10 2.122214868509060544e-09 3.427254136180440132e-09 1.956358942523246255e-10 1.606989199838445840e-09 3.085732748654927294e-09 2.698486300286145260e-09 1.074752462406474612e-09 -7.901575953060784653e-10 -4.714428575311665509e-10
5.763907163408127926e-18 3.745651076441303298e-10 2.175474612592028969e-09 1.600650231518597353e-09 2.106917854271331695e-09 2.436898253026474768e-09 4.990442544436238414e-09 2.723355147585935521e-09 2.538017399296117159e-09 3.495960470796740591e-09 -2.988761857215365889e-09 -4.455547339863662876e-10 1.164286416909874600e-09
-5.062156995579491379e-17 6.541389317861968239e-10 2.127542481861655128e-10 7.552059926153357628e-10 1.186525248318753909e-11 -2.207608214635552442e-10 2.816122759069178911e-09 3.845699491557789201e-09 1.707185160001317619e-09 8.753173412871835810e-10 1.965168696240721935e-09 -2.396102671324973077e-09 8.497016790944136360e-10
4.346197051539582228e-20 5.265226275141711834e-11 7.580830075268266454e-10 1.572629259683317199e-09 1.632862702149409711e-09 2.082226201641545492e-09 1.027429239071678115e-09 6.341634760292377593e-09 4.402166520587370319e-09 1.622323780348918765e-09 1.909844955466296540e-09 2.654956025413136676e-09 4.498002713328305386e-10
3.209288136625350098e-18 -2.172179879132515811e-10 -8.094684658997452999e-11 2.898056991690093723e-10 2.073327487106811835e-09 3.950327247766497263e-09 4.783336693436005370e-09 2.969884801912594982e-09 3.307774978961269496e-09 3.468965345984488972e-09 2.363877041478628727e-09 2.294079908778974518e-09 3.972130334324806852e-10
6.000700623930634652e-17 6.413023402045400826e-10 1.659090963599879936e-09 2.119729739891467865e-09 1.290842851796999567e-09 1.380421184364311369e-09 1.595548390821707779e-09 2.676304901489138373e-09 2.927677910921916742e-09 3.196933398929482176e-09 3.776417315050753947e-09 3.423074721411078498e-09 1.394830460662844446e-09
-4.728110902087008304e-17 -7.564936911590246274e-10 4.694130655976566457e-10 1.067643481487698434e-09 5.173264383378108274e-10 5.558752272515133270e-09 3.844762662084198318e-09 1.737602604836273039e-09 5.293753994667984960e-09 -6.813915024632663406e-10 -2.676081126330218997e-12 1.740764730761578648e-09 7.962177069733320774e-10
1.456180477167754273e-17 -1.935614397969205479e-10 3.461239798068571264e-11 1.429998212024371223e-09 2.474727452764316640e-09 4.190247586830225175e-09 4.155637216498588262e-09 2.787480817909403476e-09 2.034671647897252779e-09 7.831712625909874733e-10 -1.004000537290557055e-09 -3.332596896784980667e-09 -5.209553260765518756e-10
-2.598045078816687817e-17 8.906172796323859979e-10 1.205186522619521002e-09 3.145739635521252892e-09 2.014640563652954485e-09 2.266735933441414459e-09 3.717473786431683576e-09 3.237721755631659025e-09 1.957247277854394324e-09 5.408858721404672579e-09 6.252995344324006560e-10 3.932820066112547017e-09 1.289211873327066828e-09
-7.844294785533763182e-18 5.455112618825408992e-10 8.270111017831308714e-10 9.609499980541734925e-10 2.749189643963814076e-09 1.057221618633768710e-09 2.329192057308370803e-09 2.014717665755081986e-09 2.175269094856072514e-09 2.545231999155283288e-09 -1.569660646058228303e-09 -1.844802396877912056e-09 -4.709253533813683469e-11
-7.035005529013051025e-18 2.671448896894950483e-10 6.717678402421356606e-11 5.721396218998735119e-10 5.375398940705419524e-10 1.398444817680261047e-09 2.208823409651443792e-09 6.262383588221230093e-09 3.053017553987183758e-09 -1.780587739497514055e-09 1.386582932423024606e-09 -1.708716490020792371e-09 -5.083010449678371442e-10
-1.335614819290772279e-17 1.499738380218632163e-09 1.066085359207648237e-09 5.234724563183894422e-10 1.860202382621555496e-09 2.062370233428637349e-09 3.498417254546057627e-09 4.576537159263006643e-09 3.457906629609498151e-09 1.563306601249985301e-09 9.621515894830914043e-10 -2.139027892541393023e-09 -3.982972089637204739e-11
1.195823636738339101e-18 1.259049094817619404e-10 1.420047091761530730e-10 3.021420088573507577e-10 2.108825204736409890e-09 3.241407348919814265e-11 1.929032806926496503e-09 3.469459367218652770e-09 3.611070366365050146e-09 2.266950578919017228e-09 3.944960365730413990e-09 -2.146617925144303661e-09 1.075909080662433838e-09
-6.663268581568560976e-18 4.495154008516243131e-10 2.426590040317444896e-10 7.148776842076240899e-10 1.867395490297303139e-09 1.414641663151583920e-09 1.924263227926076894e-09 3.847913250174033428e-09 2.179947615205637441e-09 2.293923136329520710e-10 5.162878102021533129e-09 2.847778524409715031e-09 8.553563640367118538e-10
-3.162486183707724558e-18 1.592610286689871750e-09 2.404436126238437057e-09 3.645030624695535877e-09 2.051822824046621119e-09 2.340441223458218277e-09 2.226402557619199573e-09 4.165277693792535180e-09 1.394743480141527787e-09 2.241749110651396464e-09 5.825196051414585024e-10 1.461828894528207659e-09 1.080023547373972719e-09
-2.529532826073620646e-19 2.601844621860819392e-09 1.593681434580974191e-09 1.724958266356160373e-09 -5.568096383159292518e-10 6.828072347458151837e-10 1.035905031079074667e-09 2.873745265612000151e-09 2.963748588254773762e-09 3.226931378935960859e-09 3.198825528440874503e-12 2.952066418201310955e-09 -4.242729626956479507e-10
-1.379091189346194491e-17 -1.134814909603502230e-09 -6.864382502770690265e-10 2.219341334776130352e-09 1.867721713196978007e-09 1.810748071079442433e-09 3.303449725238252126e-09 3.318768836953511495e-09 3.827183618895298232e-09 2.049650462364286744e-09 2.126857819202301389e-09 -6.579903182650815143e-10 7.203876918792617891e-11
1.699278035099805297e-17 -2.728220290141527980e-10 -1.061202080518495396e-09 4.815252136987041601e-11 1.725797099088097980e-09 3.696392599630088442e-09 3.586380138209319389e-09 4.475845487673958580e-09 2.021951126370456274e-09 3.679577284461635731e-09 2.756984677051081563e-09 -5.801854654523852850e-11 -5.529259416220202009e-10
-1.071234718538764810e-17 1.981545398420550504e-11 2.690161733647062582e-10 3.611519012936895138e-10 1.324448295876155615e-10 2.810374546326966826e-09 3.691529301816202167e-09 2.187680219157205718e-09 4.539479397520335798e-09 2.415577064016133287e-09 1.539543577068335904e-09 2.187360207386888973e-09 4.841068103312984009e-10
-5.395539543221854435e-17 3.312856067877572982e-10 5.451988045223391690e-10 4.376363293194986611e-10 1.529487971719350855e-09 1.612444559450756946e-09 5.965981706194952717e-09 3.361885817622289440e-09 5.595469282179349611e-09 1.899984928943563518e-09 4.489042525844370685e-09 9.397545425935482407e-10 -9.096144115466281103e-10
-2.542510772494924363e-17 2.096476332723002497e-10 8.722255517398748715e-10 1.416162590350438331e-09 5.080055107358439105e-09 4.293341986148135826e-09 2.345768651097654032e-09 6.316950403724562182e-09 2.624296989970495458e-09 1.529851525542724693e-09 7.353022662977419419e-10 4.973449978813506955e-09 2.067898189961889169e-10
1.970349983262863048e-18 -5.992077268729861368e-10 9.934918302156079697e-11 1.663168256749902849e-10 1.689838015246265499e-09 4.439464588870544706e-09 2.660743832929340153e-09 2.576047788206753382e-09 -1.280272581815310803e-09 3.880333921382094797e-09 1.378808643314158845e-10 -1.186480321086864660e-09 -3.725580061614177339e-10
4.390724990797738970e-18 1.264645538911124264e-10 4.953847391072899024e-11 2.051237567020959246e-09 1.998894443699443529e-09 1.954758845528129699e-09 1.839205548901569006e-09 3.245109019082911010e-09 -2.140920736326732099e-09 1.506660136109349629e-09 5.561594920459293710e-10 -1.403565472477568503e-09 -7.286516940700892051e-10
4.583435128220645712e-17 -2.520077516084090391e-11 7.496196522347715628e-10 1.784719278229467786e-09 2.492102782115731328e-10 1.685866574147109409e-09 2.012741753488560986e-09 1.359104074815619629e-09 4.590847251185067413e-09 2.754917727929216466e-10 -1.334923570124718321e-09 2.018221630177185146e-10 3.510474419733508793e-10
-3.417597811850084375e-18 -4.063772778264235823e-10 2.653109600496754765e-10 1.551453828085901741e-09 2.917680647559047915e-09 3.152399276412733670e-09 3.383781015225305538e-09 3.380843955922731575e-09 2.421282481042647123e-09 -1.341764756354292889e-09 5.141791348691096800e-10 1.542139120268481341e-09 1.125337247814931187e-09
-2.546724779258499404e-17 6.359090175285235101e-10 1.000316182685327974e-09 7.351483345207175080e-10 2.614420796711963684e-09 3.873742142060441894e-09 4.121628972859221882e-09 2.118650317197725185e-09 4.811232395885561944e-09 2.875049207931437916e-09 4.314160118529088448e-09 1.836500061972108673e-09 1.840663044003822407e-09
4.014414679577964939e-18 -2.161054146260996938e-10 -1.044115294521867622e-10 -5.567109822630557851e-10 2.280559953035427162e-09 2.194798817820396070e-09 3.539864287848763063e-09 1.512033618580897156e-10 2.098125644752093153e-09 -1.845031599556200779e-10 2.416809206663607994e-09 3.466210301571226869e-11 -3.230934999803375001e-10
6.919772289270473178e-17 -1.659942516251505287e-10 1.492758980119851727e-10 5.364445588389364183e-10 1.598356327362076399e-09 2.320508145678641092e-09 7.262016140689201181e-10 2.602224048395275178e-09 3.787286105079106154e-09 1.818670912542810907e-09 4.672337847622974661e-09 -1.888085706075590847e-09 9.911903293332967570e-10
1.025304211720075998e-17 3.349727305317293208e-10 5.102298108722126212e-10 1.212258806272454016e-10 1.907341827889190417e-09 1.559031027559772091e-09 2.125047255933437847e-09 4.796135709022060408e-10 4.975047807434230563e-09 9.407780691278513854e-10 -5.431248857473749670e-11 6.603363736193903719e-10 -1.080702373617203135e-10
-9.983333558874878449e-18 4.533842284159890532e-13 9.193512255197721855e-10 1.404506995378170790e-10 1.208856989261407673e-09 2.051153767720884909e-09 2.727423200795044091e-09 3.637675769912523345e-09 -1.662307115984436221e-10 3.113881131066194733e-09 2.015689992351136247e-09 -6.388906546870095130e-10 1.812337508313851094e-09
1.050435967061289357e-17 -1.559948399260333527e-10 8.624019801923902890e-10 2.136043389570059232e-09 1.544538344927367021e-09 2.339725353714546266e-09 1.884152499956412052e-09 2.651421696734283140e-09 6.005203321608325944e-09 3.296349620490137661e-09 -8.349359344755048330e-10 1.781659252443019619e-10 -6.128238292380905140e-10
-3.452478717440630009e-18 7.601885933325735450e-10 1.167933530813699354e-09 1.534158243739112610e-09 2.947096216683540518e-09 3.088780087311037191e-09 6.261749007527155291e-09 1.761946205336466106e-09 1.819527122229232120e-09 2.074355873913974916e-09 5.030327676927053124e-10 9.554981605892937374e-10 -1.170163686812006543e-09
-2.533257891383801402e-17 6.199253798371003692e-10 8.478985875159109253e-10 3.802331740639814109e-10 1.078018690839871964e-09 3.073090914383708077e-09 8.493872239842007473e-10 2.061279980570757987e-09 4.685472590394398590e-09 3.084162940315614169e-09 1.829381103077370252e-09 3.594052452254893075e-09 -1.016943640684298720e-10
2.265733034783235996e-17 9.362899335676295460e-10 1.294664524810097890e-09 1.795963118031394837e-09 3.948426472015073157e-09 1.926439070082591928e-09 1.640631392077880116e-09 1.485540216772400981e-09 5.006286505929176666e-09 5.469872420191804034e-09 8.292157422723633737e-10 1.636409474923810644e-09 1.983033181853879698e-10
-3.186693755707624708e-17 2.148636168086300939e-09 1.802306411252547372e-09 5.107257092595484172e-10 1.558314975340809065e-09 2.863634865479699847e-09 2.851239156516770307e-09 3.186413115249424611e-09 2.214929321211871495e-09 6.426969282081207808e-09 3.253837836582444465e-09 -3.168024877248479552e-10 2.757951207731866508e-10
4.268602765113567031e-17 -5.269286359138348550e-11 -9.373589803352192218e-11 1.517443414795879429e-09 1.483350011055307817e-09 8.964086425584988444e-10 -1.730232926588413870e-09 2.976067248411232537e-09 4.495293571741080850e-09 -9.169180974210205130e-10 -1.147724173499595833e-09 1.751305688797352083e-10 9.699041682866402173e-10
4.886683425515794862e-17 -3.035285510428590142e-11 3.407523378012616685e-10 8.296877761284905289e-10 7.348595078937000370e-10 2.316446382174108378e-09 4.018568838306394341e-09 4.367222181399006778e-09 1.291331559409068423e-09 1.746821214118848237e-09 3.320296409794523512e-10 1.239030308925680513e-09 8.162088423125010889e-10
1.565304862092972673e-17 3.850901674460892610e-10 1.778299837710203862e-09 2.629691453202520619e-09 2.415436820174271223e-09 4.750242409079337753e-09 4.257993868540494578e-09 9.031079729871489054e-10 2.058552292196404984e-09 5.656029785560765727e-09 2.386958601122571529e-09 2.562441172822918175e-09 1.723023965167048188e-09
4.802076763430756576e-19 2.722934962030183816e-11 1.515431055732298088e-09 3.414420626799757321e-10 1.941822750460283689e-09 3.499272696104830573e-09 5.323599150939686108e-09 4.794346316660866088e-09 1.976530641506863295e-09 2.334992998794940271e-09 2.250839011768736718e-09 7.090686334846382382e-10 1.499151290058899042e-11
-1.039520237864290435e-17 1.018097560578017623e-10 1.298395062013784127e-09 9.092220426923979082e-10 8.559693484300275258e-10 1.677608857649702204e-09 5.222592469072468623e-09 2.762057920900260068e-09 7.689492816264593011e-10 1.477571292003925533e-09 5.865829689017958834e-10 -1.915242644292186710e-09 -9.465812832730430146e-10
-7.730485041549680636e-17 4.110492979630916537e-10 3.129075128691501737e-10 1.661460775874783418e-09 2.228451984491685255e-09 1.487794698501352772e-09 3.356355030399608231e-09 2.374985939863885769e-09 3.297124832630019613e-09 2.065873538654501060e-09 3.449413441470479392e-09 3.236242181169990083e-09 6.598368200249780296e-10
7.758995546038775969e-18 1.692746732058129882e-09 6.394355548117540268e-10 -2.140730476342746216e-10 8.512489779711605019e-10 3.208588227502340709e-09 5.068233887187871855e-09 4.782020198668838151e-09 4.521177330055970547e-09 2.235863772710025473e-09 -2.697407495829338936e-09 3.014025340130711190e-09 -2.745705379589403800e-12
5.563760562429671299e-18 2.087264744147880957e-10 7.945253002043100921e-10 1.048895746146572558e-09 4.911766795648938471e-10 3.455792070355002379e-09 2.453071042165041617e-09 1.008381269574898708e-09 2.933118791655541288e-09 4.508350751113225334e-09 1.013857652002918930e-09 -1.205179285611391720e-09 -2.651490903921973362e-10
-2.887424710786244396e-18 -3.799549578494687897e-10 7.346933100588624141e-10 1.072089587216459484e-09 7.658772262356518605e-09 3.785129874777580335e-09 4.157348895085805988e-09 3.809137384516826200e-09 2.333513859606331480e-09 1.947478564674257616e-09 5.306513374900573667e-09 2.487801091206842170e-09 5.565280798534032968e-10
-2.364733007781780695e-18 1.253176641992478676e-09 8.233429011495923160e-10 2.616301609253934464e-09 2.777713194826277783e-09 2.194354071157967773e-09 3.890038436051547251e-09 3.265044875001139059e-09 -2.368820686069581389e-10 3.583203473739355306e-09 -1.671859678585099731e-10 -7.725252323159045483e-11 -6.457009225227667794e-10
1.055520539711834953e-17 -3.802846750881263183e-10 -5.598907553710819804e-10 1.281876291393611706e-09 1.124841934972531247e-09 9.201932863898802089e-10 3.044891104689119964e-09 5.771409929848996862e-09 4.100470638860123572e-09 2.511072407029454087e-09 4.262812890260898594e-10 -2.136793799624296212e-09 -4.653642403472556437e-10
6.467733729592723781e-18 1.037785834457966274e-09 5.542600033860998270e-10 2.695336410634771633e-09 2.628637930598072484e-09 1.806523714906808165e-09 5.696222619222104969e-09 1.233936499334523997e-09 3.819218715944831477e-09 1.291761213370197383e-09 2.137290437923775075e-09 1.493457959446554898e-09 -2.519082287713493306e-10
6.510688807106025398e-19 1.018400632588871038e-09 6.561948631947129982e-10 1.993872994759941914e-09 5.196343849248887800e-10 2.652410859501195666e-09 4.066343923804630390e-09 3.746613742835234200e-09 5.358474894430247914e-09 3.601123397743893331e-09 6.605687876517521264e-10 4.616248658216154698e-09 4.921850158902323062e-10
3.687819280409998076e-17 1.315607594844819788e-09 1.986489896677299233e-09 1.183566405133819304e-09 1.171893715747433038e-09 6.066701485557263975e-10 2.742982433539304673e-09 3.804513093992229689e-09 -2.967781792708046093e-10 2.197412320974324214e-09 4.372192333159211016e-09 6.834638446045597950e-10 -4.970317994866574442e-10
6.187962599808461613e-17 6.277786254893472844e-10 1.608299291628053841e-10 1.251085038524421353e-09 9.156600943512925270e-10 4.400042108032889775e-09 5.005359346678664256e-09 2.548803634364746267e-09 1.188666386716051235e-09 1.148422703364535307e-09 3.468759381487304296e-09 -2.099390547763143456e-09 -7.750455716572567096e-10
-1.158277654041519116e-17 -5.527480451664424459e-10 1.248348315256099488e-10 1.516336471852519940e-09 2.350954280518932660e-09 3.526993789974859258e-09 1.013356291478195453e-09 2.720723335727948053e-09 1.332636593792357139e-09 2.413101624884413061e-09 1.512824296071104344e-09 2.366504099658717388e-10 1.221362190999045835e-09
-7.634186695413158527e-19 5.723791216139035640e-10 5.978051399672898542e-10 2.377178440173911760e-09 2.128818309966377399e-09 4.731094733882429513e-09 2.100323076021428872e-09 3.777736237894495737e-09 2.185841715317523887e-09 1.684351683661073595e-09 1.449296014879042290e-09 -6.000447966463518279e-10 -8.409187266958109710e-10
4.291758489251715466e-18 5.325777489785885305e-10 9.687085454807283061e-10 1.289661802230774617e-09 1.660993263842375866e-09 1.610229763602393588e-09 4.066336409952134547e-09 2.730245056703773016e-09 1.682406647919706263e-09 2.184111403014265384e-10 2.151191699784704756e-09 2.033825597728012831e-09 -1.813213095729173639e-10
-3.636091155673479790e-17 -4.750086038495385785e-10 -4.398883893831876832e-10 2.580896753835518470e-09 3.149040025738827924e-09 1.040560030166644946e-09 6.974516402414723959e-10 1.218492120142881524e-09 2.660077111034541484e-09 2.919522716359784903e-09 -2.431993606468536265e-10 -2.621009694977831369e-09 8.250517922726100474e-10
1.796333310166670620e-17 1.166117920668411504e-09 1.581677405848692666e-10 6.971179001644067173e-10 -1.044935687723746341e-09 3.456948462399127667e-09 4.868302629056670162e-09 3.345610606585382733e-09 6.583047606179453789e-10 2.627588382991543190e-09 2.431439934590479682e-09 -5.692481422177080943e-10 1.469769563420845011e-09
-2.275887353507683240e-17 2.556635043949449306e-11 -3.621167994348899028e-10 9.122467011480585625e-10 5.094124138279879590e-10 3.931299996369234073e-09 2.075590527369918805e-09 2.553251653493984082e-10 2.841248457775004250e-10 2.879406858285564533e-09 6.487088361929089120e-10 1.301031535734467435e-09 -7.941661470117304176e-11
1.307541405329427012e-17 -1.008013477238287110e-10 1.863663165749619650e-10 1.717491869165632933e-09 2.121961721222026790e-09 5.961583948833601119e-10 4.661670937030423402e-09 3.223997498201994790e-09 2.896418505433982450e-09 -9.006443805081349559e-10 2.678338870511447539e-10 1.005455268714183494e-09 5.709188316684206987e-10
5.435192342476685136e-17 1.345437389449857957e-10 2.065749382753926163e-09 1.187595304796645284e-09 2.167859288020322639e-09 2.854368338889430604e-09 3.781534409625273812e-09 2.138320636234622227e-09 3.512583298273079422e-09 4.721836945755044921e-09 2.267529221549902547e-09 -1.335295916863589097e-10 9.115531086001074688e-10
7.104544249166435747e-18 -7.555635169903684453e-11 4.695730728858660556e-10 2.389649112740059746e-10 1.900112651708364109e-09 1.706130728134020669e-09 1.927020355391097052e-09 1.450697057960521782e-09 2.742230886313896646e-09 2.906451260775307141e-09 3.459948526419762644e-09 7.589406926353543562e-10 1.513105378679870257e-09
-4.185970783193929004e-17 1.891174133462874163e-10 -7.302744898488898664e-11 7.358279751962515029e-10 1.425569285834385241e-09 2.529252388959874792e-09 -7.201094222555876401e-10 2.240919907802746453e-09 3.151137061094900173e-09 -8.812785168210280713e-10 -2.801069209852822775e-09 8.500746701793989951e-10 6.132146447931280298e-10
4.489688530476641043e-19 -6.229430568428991408e-11 1.305984685460102421e-09 9.704580756988067138e-10 2.272978856465703775e-09 2.106994112446894434e-09 -8.552452561037118484e-11 2.655449373280317742e-09 7.704404654139901264e-10 3.244188101308222076e-09 1.444307223604567083e-09 2.328190404681755594e-10 1.497334037090935491e-09
-3.447830903780850578e-18 2.835484615050469905e-10 2.625226107262545730e-09 1.258187007461970508e-09 -5.625366813752134107e-10 7.434721426615893175e-10 1.887240989505039786e-09 3.296973572472198027e-09 6.525291314035192746e-09 1.588323808104908709e-09 8.822015824715024714e-10 2.703139537402869445e-09 1.109874861883922821e-09
-6.910536722224498442e-18 3.167305245615027510e-09 2.613600681955344003e-09 2.375396108125224638e-10 2.376258095005616675e-09 2.421378915127955734e-09 1.141366820675979709e-09 3.699580388326457323e-09 3.977835493842172837e-09 9.599787085746400777e-11 9.299164413070627166e-10 9.288831640391127113e-10 -1.328553509377413878e-09
9.583490717131490161e-20 -4.884964938016483820e-11 -5.172853776802144427e-11 5.454337110479915462e-10 1.993417066119843714e-09 1.155773881983781714e-09 2.993931692049803707e-09 1.543517424626679190e-09 9.355956472275083567e-10 2.218716832609883985e-09 2.222681351384517163e-09 5.388610025062970235e-10 5.202086389611377128e-10
-3.485216085710444976e-17 -4.378270674148190009e-10 4.695379440012561937e-10 8.749486317634526586e-10 9.954752723509806642e-10 9.966990984570136852e-10 3.093959523874039050e-09 2.328680178355770334e-09 2.817827291664142742e-09 1.842658421302689644e-09 1.810784952342090511e-09 4.204628431054171817e-09 -4.743455675257593082e-10
-4.519384708448733652e-17 4.388736667665140899e-10 7.780159085164933923e-10 9.801677507648776209e-10 2.240645383932052887e-09 1.988535881629090537e-09 3.144923334629581905e-09 4.315727674488322646e-09 4.271382658668318673e-09 -3.486415828618703892e-10 5.316720635712928002e-10 -5.700888330912856209e-10 1.275254313247206356e-09
-6.900127912782581691e-18 1.819731199725505130e-09 1.116076278873752350e-09 7.731609540973608289e-10 1.236445382858223450e-09 2.007903301956932190e-09 2.045336424506642174e-09 4.974944643697937995e-09 1.304408391277875046e-09 1.020737194636520448e-09 2.978776407406364290e-09 1.344019496424830394e-09 1.133620550756115282e-09
1.217416513501715509e-19 1.757587335154065797e-10 1.308317293646710340e-11 8.388556599094570566e-10 1.647452426637631787e-09 2.133658476968809160e-09 1.088081927966803646e-09 2.647103916621311075e-09 6.853318905956241364e-11 5.320425920846866629e-11 1.454811556906404671e-09 -2.258273562846958010e-09 1.091136710229392325e-09
1.332902754537380802e-17 1.625776394533927734e-10 4.858384760684394361e-11 9.349739354733209993e-11 3.436789688095087984e-09 2.708001239432350508e-09 3.481827336052272152e-09 4.857656103892966892e-10 1.372299619832906073e-09 3.451475397520994235e-09 4.646285891973504238e-09 2.450282209770165036e-09 1.142685214212916549e-09
1.974662114288026200e-17 8.026239518085081761e-10 3.363466994512532561e-10 1.282034378934721277e-09 3.629614610826476581e-09 5.538237761610641261e-10 1.417660749619120008e-09 1.098635415135453089e-09 2.314760178750558525e-09 3.768646069109719442e-09 1.173784831598690641e-13 -2.163307435688394024e-10 -1.505869711095150158e-09
-2.421500649600519923e-18 1.054830996379512840e-09 3.737617740766707637e-10 1.731297650554690241e-09 8.928529363865192307e-10 1.975933864474726219e-09 4.329148332853796162e-09 5.331779736535935147e-09 -1.169487083285146025e-09 1.547934728612654566e-09 1.890539611360927265e-09 2.097389467977060173e-09 -2.532244291877731752e-10
1.480863143933739984e-17 1.034281995924173061e-10 2.367729457092021560e-10 -8.363343390586847417e-10 1.950853768069605484e-09 2.602439696357038957e-09 3.585662834797031505e-09 3.370904673565334485e-09 2.311837068736801452e-09 6.562891647357024743e-09 3.576925530413637161e-09 1.271730776049690078e-09 3.475971726249314530e-10
-6.076501027811112753e-18 4.110653891127913395e-11 -1.531192451463837819e-10 6.377130823754220436e-10 7.629794363026654853e-10 1.945987292392046212e-09 2.492527710555648039e-09 1.389425250451575023e-09 3.740226111954037034e-09 9.362388194574543108e-11 1.660880090838915767e-09 -1.041269494980451021e-09 -2.401978565125838810e-10
1.033368000592880555e-17 -1.265392513283222876e-09 3.870838358032928189e-10 1.746525625848538227e-09 1.998511396961257297e-09 8.010557282039496907e-10 1.091494535714939813e-09 2.354299616184976003e-09 6.426773003748802235e-09 3.790804924231980273e-09 1.845097385884185301e-10 9.877415672980909474e-10 1.505301447314833809e-09
-4.556213103333868618e-18 2.752806053414323544e-10 3.563936334709554046e-10 1.708364738264221769e-09 4.269213801337957461e-10 -1.991720018587857431e-10 9.641543753143579706e-10 4.382764702938499279e-09 4.584536681123839083e-09 1.554519693884212463e-09 2.806907000358265627e-09 3.264640941186387577e-09 -1.848005980877164233e-10
-4.278695492377348090e-17 1.940413581491133141e-11 -8.279613429264939740e-11 6.127280212580702456e-10 1.080710234395446980e-09 3.873496800628090364e-09 5.511444050183025078e-09 2.086340592718864501e-09 5.749350731294767975e-10 -2.473414866926018197e-09 8.740022894257051964e-10 -9.618301176656873093e-10 -3.017662433892749877e-10
4.016669801507850154e-18 4.758987328013916002e-10 8.139027480519887264e-10 1.697810121623733901e-09 1.424334521223727333e-09 2.736965317080353684e-09 1.344688368967937103e-09 2.952910667142216899e-09 9.718377774692331216e-10 1.326735851392079036e-09 3.042882763639022733e-09 3.708632857136714790e-10 3.846215560539986013e-11
-9.525373930384472415e-19 -2.712516265964751466e-10 -3.161172889697088222e-10 1.269959461388257222e-10 3.499007533322735154e-09 4.264979296945160450e-09 2.244326018104311206e-09 1.620649737095904798e-09 4.643802181815257184e-09 2.588214572299126166e-09 2.164121609588362607e-11 -8.365072342603023469e-10 2.102962617637835713e-10
2.420510336653694309e-19 4.232349294118415694e-12 -3.211612547100972092e-11 -1.007224683505584948e-09 1.594907929822735513e-09 1.446608779987277523e-09 -7.715707869553509875e-10 2.514308328459356237e-09 1.682216471240812071e-09 2.856491809168587454e-09 -1.899479022034751312e-09 6.413699225776753047e-10 -4.708214916900718043e-10
1.063891073650038050e-19 -1.886916869422180944e-10 7.276682908398918594e-10 1.089741568916237439e-09 1.971092360919445818e-09 4.378432135811105437e-09 4.173121970535870810e-09 3.418670118551138419e-09 3.140952793844308884e-09 4.641646399328256120e-10 3.056325532735510764e-09 2.045323387695574210e-09 -8.888125263037063695e-10
-1.474640458579399649e-17 9.688255155884625233e-10 4.796949427924593926e-10 1.269081940170394743e-09 2.141295753562306173e-09 1.179139917442254954e-09 5.452652728960655570e-09 3.800771762630348611e-09 3.681817111021631913e-09 4.453991791311201784e-10 -2.093339397632515146e-09 -3.162138491437696665e-09 9.970559135222482139e-10
-4.519504511630131784e-17 3.904933172737507537e-10 3.552833296294890368e-10 1.057206949917179960e-09 1.515956678270683702e-09 3.524883486004902483e-09 2.756314457202786584e-09 3.843717048795986019e-09 2.739077193360523922e-09 -5.353076996636504505e-10 2.579066364812656937e-09 1.911314028112356112e-09 4.148156782173854639e-10
5.654385782767265319e-17 1.090404985837246010e-09 1.324971547227182540e-09 8.020049234368291714e-10 -4.866300679400414170e-10 2.086277230516484360e-09 2.371261155217828310e-09 3.764630291373912985e-09 4.943355177275457533e-09 4.280579677047583054e-09 2.290891359143116981e-09 -5.748990769241347718e-10 -4.390376023261512300e-10
-6.034242837321458136e-18 -1.857507801866200527e-10 9.404094324646162831e-13 5.903486230995269098e-10 8.216936223502872777e-10 4.631761871681650322e-09 2.611626056491721708e-09 4.563397543356656306e-09 4.244515151415044065e-09 1.465562224424852779e-09 2.146363902363116066e-09 1.482849496899157704e-09 1.244195352904814160e-09
1.790263665735856262e-17 1.371965799579649844e-09 1.802217864933237124e-09 1.163248090130315958e-09 2.440118054597493673e-09 4.492954351965442782e-09 -6.408775829617241512e-10 1.031720433785820170e-11 7.163521891852230721e-09 4.986899585081748530e-09 1.902189947260542429e-09 3.464433245087560458e-09 -2.163421757830165815e-09
1.501489147122290156e-17 1.970084097845425079e-10 1.198763711299614364e-09 3.461971886378487195e-09 2.126611723093119655e-09 2.983275687634584075e-09 5.215375930903943078e-09 3.533272294029378957e-09 2.292382057575916995e-09 1.925805825379127795e-09 3.692423223008252636e-09 3.590547200635720261e-09 -2.667997999559568068e-10
9.338630033442768662e-18 1.781781297227628877e-10 8.614650465118015851e-10 4.003997241157329112e-10 2.294718829377956531e-09 3.257292235674819897e-09 5.844693291231651440e-10 2.021976596328157909e-09 -1.125169407493002931e-09 -7.581467988490664031e-10 -8.267771958269825317e-10 -8.263440236758546553e-10 -2.227096369205656858e-09
1.509436379454672181e-17 2.067277358699306614e-10 3.422902738610282022e-09 2.696841731282454223e-09 2.412046194975098830e-09 6.675394380809695579e-10 7.287859661264449826e-10 3.994651280294806724e-09 1.660698254686183853e-09 1.790981883115348563e-09 4.948997915255576567e-09 1.936992854267165073e-09 4.458119072105487747e-10
5.088934271052702078e-17 1.473369043959753829e-09 1.986337794351473637e-09 1.157016804571581796e-09 1.136361896010331280e-09 2.604626299080393110e-09 5.565644203182445801e-09 4.602043187802306333e-09 4.258476803640597006e-09 1.728207060882546814e-09 3.136650290226167484e-09 -1.686763604324640227e-09 -7.257832058482288004e-10
5.890787223904552847e-18 -8.227247051399136445e-11 -1.486721676760760203e-10 2.595177968055448907e-09 3.519663676879836759e-09 -4.810710356400778597e-11 2.559598088947537267e-09 1.901394225989627190e-09 3.391691240246698803e-09 2.689394571194803917e-09 4.007543817138144562e-09 6.911461599258601045e-10 2.394500906325327960e-09
-9.808476267120427786e-19 -5.470628003410596300e-10 4.641301860504867958e-11 3.399768680496339852e-09 2.131184062315299595e-09 1.066795017718546971e-09 2.673814716611401090e-09 3.279883231250599650e-09 5.532077889606297285e-09 3.896334057011473910e-10 1.792869807148666051e-09 2.017766483963790791e-11 1.371017732058028577e-09
-1.712596273925481553e-18 2.115544600667418756e-12 4.452200004184352986e-10 4.914792354010858653e-10 1.949249265980836027e-09 1.694415435420890030e-09 5.745461835886092969e-09 5.844911300039905915e-09 4.407728738800328594e-09 7.100038413763653971e-09 2.244349326324929723e-09 7.291251458946741325e-10 -7.248353317220708505e-10
4.653215644218941942e-17 1.053318408109000587e-10 4.296964764988303714e-10 7.192994695430717413e-10 1.461429015901045096e-10 1.478491490868219471e-09 1.809400266067989038e-09 3.237740942093119823e-09 2.039264611487899718e-09 2.522942846196109921e-09 3.110665828365210909e-09 -1.576089360627776862e-09 -1.494274954852557225e-09
2.721556789384066345e-17 3.177153062822912884e-10 1.171203707275446387e-09 -2.469874153126168395e-10 1.362347463971673396e-09 9.834015886027633042e-10 2.331843851712092715e-09 4.501927991159821291e-09 1.443586733049058552e-09 4.728345964859057760e-09 1.447733986612105937e-09 9.376745125850760643e-10 1.003863411176590571e-09
1.970583563734339757e-17 6.757086964924299588e-11 3.309245695416310671e-11 2.908624791563585875e-09 1.213263397064303182e-09 3.010424016485152983e-09 1.859626552133633658e-09 1.716760720453565750e-09 4.862180855944927745e-09 4.192921694581005449e-10 5.107852392683400783e-10 3.092729439686851669e-09 6.119479328170826105e-10
1.941876109107943883e-17 -6.509183595653833276e-11 9.037059690431886436e-11 1.448539294428682591e-09 1.089987516171969831e-09 3.375575358942536492e-09 2.458231069495807887e-09 5.349268359893976756e-09 3.885137095110867504e-09 3.819837834002574334e-09 2.646221350241442031e-09 1.207352927373416794e-09 1.014902870970691739e-09
-9.885102706318292320e-18 -7.507997871454361049e-11 7.733083131548502189e-10 -8.122019286545119059e-10 3.917228129036267450e-10 4.424328211238859977e-09 3.166360655324991751e-09 4.457588231469879149e-09 4.060207185104418064e-09 2.348342211033677878e-09 6.047282619531826439e-10 3.605790421108075043e-09 1.157340411646143416e-09
1.119316095175498848e-17 7.710512162918232391e-10 1.132379146772816579e-09 5.902371124788475757e-10 -1.399271502107136039e-09 9.700828058761102162e-10 9.307623087035877967e-10 1.316416897914183780e-09 2.328595760949748240e-09 2.453232313456465146e-09 -2.595918308970105942e-10 2.134114122619264035e-09 9.535823873707590939e-10
-1.442107087191283177e-17 -5.514311593595712564e-10 3.112463508092895336e-10 1.557006551260035665e-09 2.727625066585789873e-09 2.356149642383618568e-09 2.331340780486162683e-09 3.868704590374894037e-09 1.672807340581409615e-09 1.087967046926469408e-09 1.623599926384593468e-09 6.687619099956482063e-10 1.375132491576779867e-09
1.439939896077740700e-17 -6.767803845759469678e-10 -5.539431318107757405e-10 1.033576616668492550e-09 1.104973800193930357e-09 2.151074932203587166e-09 2.752069955870753898e-09 3.666882185415664225e-09 2.219921200308323190e-09 1.645828294925171015e-10 2.553607848573741244e-09 5.265303096116330942e-10 4.338649448563243561e-10
-4.296396155128617000e-19 1.496242484128946349e-09 1.248630008644752766e-09 1.124779855015112996e-09 2.571546249699861982e-09 4.349650605794543555e-10 8.677942686697316081e-10 4.529903151317104399e-09 5.273905355451067303e-10 3.445298917242525424e-09 4.857536757527539365e-10 1.664027475071233603e-09 1.648542240489672752e-09
3.652802894726750327e-17 2.171372611316274273e-09 1.354763091984328013e-09 1.077785878043893738e-09 -2.055531430544654898e-11 1.937127718465823658e-09 2.527464436790450100e-09 3.871902971614028761e-09 4.740245757171554512e-09 1.034419432092371325e-09 1.445611224459537261e-09 -4.656980764079247452e-10 -5.744111033746815466e-10
-5.776386277237433913e-17 -5.825002230518915838e-11 4.477345050880066638e-10 5.420639677378140857e-09 2.684967086044084973e-09 9.468228751155436177e-10 3.045018950270834207e-09 1.045184079960911251e-09 1.772308646711150603e-09 1.693971869196088133e-09 4.513160974389258697e-09 2.774268831218894613e-09 4.445167809057877502e-10
-1.562597198648271248e-17 1.497161397446025792e-10 -6.638227692434315808e-10 -2.289280019025217811e-10 2.217058370297104014e-09 4.467199868420967612e-10 1.269802572276476083e-09 3.274409323960839321e-09 2.813374129550843997e-09 2.623820842384320986e-09 1.697313161843948559e-09 2.089287404327813026e-09 8.076392186561828022e-10
3.106871225800788263e-18 1.907836622304890116e-10 1.033786152752173639e-09 1.494294998555585236e-09 1.076166371271430966e-09 1.803251202316306847e-09 1.692366807715574140e-09 2.367881167750091002e-09 1.719436931907223703e-09 -8.185878684159649328e-10 1.092219410481839155e-09 2.652224489898263105e-09 3.820452522373102732e-10
1.327780739720503819e-17 1.048252863480910766e-10 -9.991461190988074713e-11 1.045045284308560978e-09 2.367077814690672754e-10 4.130064216077617778e-10 -3.509883111409386083e-10 1.240902728394782079e-09 3.659009875072730397e-09 4.530341088251083333e-09 2.063723506568793304e-09 2.095303695452586921e-09 7.862353370256198842e-11
-5.912417638281304080e-17 -2.915552366603236414e-10 -4.813077405323550672e-10 2.930421768250039573e-09 4.337423631846418542e-10 7.695479564339340160e-10 2.108655169306731477e-09 1.396291185149842888e-09 4.156370695208890488e-09 5.203736819613239258e-09 3.978761893502038657e-09 -1.869999323128995361e-09 -1.053758328011868186e-09
3.011853881487670294e-19 4.077701971273921297e-10 8.612854726752244347e-10 1.772999874059419274e-09 9.428938044342898670e-10 1.111705193061517826e-09 3.927292617344421511e-09 4.049822122757228639e-09 3.107569148506672219e-09 6.527411628640600965e-10 -2.619679580473093529e-09 -5.151319911720441338e-10 1.254921856106312231e-09
6.073103317125715957e-18 5.647766135167772781e-10 1.403527810004739514e-09 2.575336335445647930e-09 -4.399724292721693633e-10 3.426151103903036564e-10 2.793084551999585714e-09 4.601470642879095377e-09 2.148921757512256419e-09 -2.742311749218758986e-10 2.264561095642880122e-09 1.746622483062823572e-09 5.267390916702005574e-10
-4.643465987826443743e-18 1.481814389010159270e-09 1.131909584364042436e-09 1.196461550614728681e-09 3.296897170209331771e-09 6.261367623913565192e-10 -3.851074657278179251e-10 5.053686357896151381e-09 5.755487271257672269e-09 3.239932298968516847e-09 1.033942368531854977e-09 1.462381366889230941e-09 3.086182581243235713e-10
-2.596505944960869432e-17 6.419294182075160283e-10 6.177771296210208392e-10 3.549413922852621406e-09 1.164703429545674665e-09 8.414665418413895626e-11 1.614403131812063636e-09 3.909566943146070815e-09 4.348390671728516727e-10 1.256502078275814510e-09 1.407872111596278784e-09 -5.246712324171909165e-10 -5.150782972349236229e-10
-5.885631454679340040e-19 -4.213958234916674054e-11 -3.705385351781441839e-10 7.943619142456623447e-11 1.366506901001748513e-09 1.391111589132560318e-09 1.317812465302495961e-09 1.521736813725070180e-09 3.922486838121606990e-09 4.973837110936315110e-09 3.157319437335474643e-09 1.037258946622740332e-09 1.481332738675716406e-10
8.483918713428355732e-18 5.763648399909002018e-10 7.387832284476779373e-10 3.094101989724089223e-09 4.290789060508308046e-09 3.582478734458581823e-09 2.505709702025608913e-09 1.699629231738608676e-09 1.219640189254973681e-09 7.247526993259390614e-11 1.494944365529839287e-09 1.744992444106076896e-09 5.227101497362810621e-10
1.740112272321522931e-17 8.039311755981566310e-10 1.204093055042221974e-09 2.189865031294430120e-09 1.829148402245371374e-09 9.612284845645294964e-10 3.988934844496381187e-09 4.945994678778965157e-09 6.081125666535404477e-09 3.072790744961693270e-09 -1.048440056556660325e-09 3.943190981058066708e-09 3.376174946937874836e-10
-1.981806494193737243e-18 3.831223788852372988e-10 6.676415160397806962e-11 7.151329379740920502e-10 1.925105700411696950e-09 8.527705616058530333e-10 2.711671707416340619e-09 2.309906027919061148e-09 -7.505895612009543676e-10 5.130094980562856360e-10 4.082993075313859548e-09 6.126547151090028238e-10 1.208042604874116160e-10
2.127068672207971840e-17 -2.702465063244122842e-10 -2.069756041419484011e-11 -4.965813447413819300e-10 1.118949471511269386e-09 3.681706719315028243e-09 4.410153191307881384e-09 4.843231072545705042e-09 4.135475074534087991e-09 -7.216858240199868397e-10 -5.018251205417389761e-10 3.362555003102604010e-09 -9.163727767509753686e-10
-4.517514142372077876e-18 5.392114694183574837e-10 3.234856922655717190e-10 1.608968124985051915e-09 1.035046208217507185e-09 1.300171898225296873e-09 2.393419113878269966e-09 1.791994474920422446e-09 5.762877089871595430e-10 1.848466840881694827e-09 -7.860641128861523538e-10 -7.131433008301449153e-11 2.536644197924923274e-09
5.187783018092009544e-18 9.690226781504847164e-10 1.052328817647680049e-09 1.647616609296722708e-09 -2.035913628427799878e-10 1.200776284131693372e-09 1.774114852080938353e-09 6.222900278798870361e-10 2.857327621923120315e-09 2.639614095714438676e-09 6.654612493940623676e-10 2.496627768251982577e-09 1.952856001496497716e-09
1.114095815550043417e-17 1.462646619831359533e-09 2.286511765673589407e-09 9.213692870719036074e-10 1.396837500171127679e-09 1.675678264957329033e-09 1.712950111766291623e-09 5.158125896523168174e-09 2.705707824779184018e-09 3.496181318177082428e-09 4.335238176957010740e-09 -2.170925060641769304e-09 -2.187761542661895890e-09
7.922101386752720467e-18 6.547030771745535761e-10 1.805158727589919255e-09 1.218135777203922851e-09 3.065484897022984375e-09 1.287763955781732463e-09 4.189853283315698574e-09 3.372002496648101109e-09 5.975312344870857378e-09 3.002053743241882640e-09 1.704987476056710767e-09 1.037286367898434127e-09 -5.042965785737166352e-10
9.672672591286366211e-19 8.815288140577424855e-10 1.748791489823425772e-10 1.233905214656493829e-09 1.527057521687709025e-09 1.449079109058596384e-09 8.235438190062892041e-11 4.073746077340823846e-09 2.256567098229009308e-09 2.720440252592693243e-09 2.584267641186963691e-09 -2.094251093299736182e-11 4.485011155283993624e-10
-5.086223821782918941e-19 -4.587466382521938013e-10 -1.106945231885936267e-09 9.555208418136156653e-10 1.636122969613352546e-09 -6.584889295475626637e-10 6.826079121882203653e-10 5.120915307402119477e-09 6.258327982344539568e-09 5.935676086486021444e-09 2.765022299534570637e-09 1.105119626487973524e-09 1.812360607955398705e-09
2.126430415183242883e-19 7.324042393314391707e-10 1.446866753799626006e-09 1.567766504307177815e-09 4.194328498786730219e-09 9.991168864079203793e-10 1.078890820215821055e-09 2.803699670157740576e-09 1.499666945358654957e-09 2.688363134692357898e-09 2.381180069750444927e-09 3.161043083858129345e-09 -6.146131795969413684e-10
1.264878963881316314e-17 2.290961884926383343e-10 3.575557061439095551e-11 1.102018253514645699e-09 3.006929290975033789e-09 4.486452147378314549e-09 4.256015671731803422e-09 1.722482227203738934e-09 3.678229044529288127e-09 4.684513752236702109e-09 1.905186818461328683e-09 3.061496449120810335e-09 4.975085996722001517e-10
-4.277096494743264663e-17 2.969990403271159373e-10 1.027688557719965140e-09 2.203003672276345163e-09 4.122745542273317359e-09 4.344186456148340615e-09 4.340375320564788681e-09 5.620272718702519015e-09 1.161297881661470613e-09 1.880899807725305603e-09 -1.164849207694182304e-09 2.875175015574928384e-09 1.332152687141946419e-09
6.148616658434403007e-18 6.324263154229823019e-10 -6.212418786460761674e-10 9.748349218553212705e-10 2.298162874409934369e-09 1.203172897444560728e-09 1.239134639535724647e-09 8.201331758967149852e-10 2.898890983108815155e-09 2.349486593860698655e-09 3.083611240400761569e-09 -1.234752994422000004e-09 1.971047241440678802e-09
-1.297546682034283369e-17 2.120597316891543303e-09 1.161529048514722482e-09 -8.343271925456186303e-11 1.480856458883612996e-09 3.618911689923776700e-09 2.338223648671918247e-09 3.642604945803723238e-09 3.485640600542290258e-09 4.238038080416567025e-09 3.072867209181889876e-10 2.152321323731702864e-09 -4.234226005506931389e-10
8.490894960427263534e-17 5.758242130822176726e-10 2.470854577017301829e-09 3.493825561062216737e-09 4.537934652283418533e-09 5.492584842551415565e-09 3.220111499767458872e-09 1.915092961271372263e-09 1.599172240801320900e-09 8.379708810591087632e-10 -1.908356111942714738e-10 6.279756247533396919e-11 2.178376388358992288e-09
-3.499966994463531298e-17 2.632249077305346317e-11 -5.594209395460590660e-10 2.736940186020746003e-09 2.733848164797023959e-09 1.386144656706181493e-09 1.753987687769042300e-09 1.702281396140119322e-09 1.307486902593033836e-09 2.088048787667113508e-09 1.938935557374946046e-09 2.308309962366225924e-09 1.590198667177798995e-10
2.102588535069394825e-18 9.441419128804493134e-10 1.578267343331373509e-10 3.318978587362823484e-09 2.442985445263880473e-09 1.338675542853809259e-09 4.547688410366837426e-09 1.240525784991396698e-09 1.454416027842000475e-09 1.438337969542040990e-10 -3.262273959135177713e-09 -1.197182509982862275e-09 9.281573229854071018e-10
1.038572070542555247e-18 -1.752210075121499974e-10 3.054901854585665913e-10 2.321663622276563608e-09 1.578790462248724064e-09 2.490044258803396151e-09 5.066432174240525484e-09 3.066976027062580715e-09 3.303442857552095711e-09 3.053588358119526611e-09 -4.928443096957804395e-10 1.198779011548008965e-09 9.609176296248477853e-11
2.908400107335943400e-17 4.147464045812735758e-10 -7.598522325990160893e-10 1.592644885482158139e-09 8.606411652651395692e-10 1.315450868187990547e-09 3.986295837148921277e-09 5.043763961961539113e-09 3.480477130243158215e-09 4.545539066991157503e-10 3.328025195835510665e-09 3.158258921382811848e-09 -1.070919993134405940e-09
-3.032702093678878468e-17 -3.509209590433823590e-11 -1.045371082058783819e-09 4.025192407330535049e-10 2.407858083615773263e-09 2.019436958024727760e-09 4.788832861475526656e-09 2.005227615516718984e-09 2.003556548892186570e-09 3.117381317962033279e-09 7.162308569140702954e-10 4.704728327154399795e-09 1.001746512220255069e-09
-2.550921124738645462e-18 -7.342787522000896910e-10 4.399644356491115871e-10 2.523370030212650840e-09 1.515970923682658392e-09 3.017805762651496928e-09 -1.126186294916726646e-09 3.979303849547062870e-09 5.282343893095386304e-09 3.570934298113026817e-09 -1.801397588548127234e-09 -9.307360544716149769e-11 -1.555874527275528326e-11
-5.269338887551314960e-17 8.049426554393470068e-10 6.919674497753741972e-10 1.173570400813619850e-09 2.532475340695585534e-09 4.191337246140516788e-09 2.157120588949473212e-09 3.886485931795644245e-09 2.643298982833076400e-09 1.801577015266721635e-09 2.337288832633821094e-09 -2.147556874744397274e-09 -8.327013124930565773e-10
-1.037773264334817543e-17 7.043365982034087097e-10 1.456186139140478987e-09 1.211538769559338178e-09 2.482564125642571093e-09 4.187233115661870371e-09 3.348530341526609053e-09 3.878464417379264870e-09 3.182117841925235230e-09 1.630167278519029116e-09 6.414817483584674995e-10 -7.800502073471402837e-10 1.146195392371240400e-10
-1.201782449591026358e-17 -8.582861946004953878e-10 -7.394030123247580435e-10 4.933497894920973030e-10 1.712642383873051375e-09 2.644729189536490726e-09 4.421279966621603639e-10 2.729953653100091776e-09 1.909485899044813318e-09 4.095594992422191646e-09 3.637380153080872813e-09 -2.781948923047275516e-09 1.080675279647877795e-09
7.324895533343650186e-17 1.590598989259791966e-09 1.135889505042813691e-09 6.509486599008542330e-09 3.202952182242375493e-11 1.030250096515000465e-09 6.053357432071437063e-09 3.042265364878509100e-09 5.876204338841142226e-09 7.316218033889372122e-10 2.600896010225028895e-09 -2.556265863643702130e-09 -3.613374352978135732e-10
-3.547374210004997188e-17 3.203932607033028061e-11 -5.237975900849881629e-10 1.866670696050764245e-09 4.734852696033200648e-10 -1.214224006270763790e-09 2.828477763760054099e-10 3.965565977747783097e-09 3.300493157840248852e-09 2.087771761504722289e-09 5.477117338291984680e-10 2.092369851449572230e-09 2.024990321787811755e-09
7.533702101827485298e-19 5.449839384621599866e-11 9.757243760000309267e-10 2.552141997585506998e-09 3.034992940204019494e-09 5.008353270952801085e-09 1.652756602676200121e-09 5.936455023541961054e-09 4.432494447120129375e-09 4.552285204202339649e-09 3.129606510874905909e-09 1.932892666146788429e-09 -1.100069982818310454e-09
-1.759217137804994521e-17 1.183780198106526484e-10 1.417366123071569067e-09 5.834672335462586524e-10 1.340200178474441094e-09 2.666221791249974372e-09 3.427338704756634981e-09 3.353883580301364879e-09 3.180849140576364279e-09 5.148194401406524203e-10 -2.535714437348217416e-09 -4.167427927275758364e-11 3.840780468055177892e-10
-1.406737640951121336e-17 -1.689441154547472375e-10 6.987409953819622233e-10 7.047283692357404140e-10 2.663430167691961267e-09 3.919177637224583160e-09 4.492482827671801083e-09 1.895711753288839925e-09 2.629724614618199357e-09 2.564955710521069935e-09 2.724328694853303738e-11 6.095849867811716888e-10 7.253642747648419439e-10
5.559485029995396655e-18 -4.500826287730546210e-10 6.264285077053705380e-10 1.025114274130553671e-09 4.395586002823343190e-10 1.055207708122053358e-09 7.657773456249283125e-10 4.811953723041144557e-09 2.233800760553377578e-09 4.460610215875543166e-09 -1.531596707208619249e-09 7.371830000741582483e-10 6.900052103612918553e-10
-3.778040433266481697e-18 -9.107038165425499857e-10 -6.100711871940856652e-10 2.966020630104283667e-09 1.625600930204211307e-09 3.918789718895918881e-09 4.271064556340745268e-09 -1.316855985449277506e-09 2.287780965811641395e-09 1.539796131846902944e-09 1.762236840930209362e-09 4.956866173257968473e-10 3.308299306375375483e-10
4.405650213104959675e-18 -1.379843374845857327e-10 1.560807958137447053e-09 3.266587779665510931e-09 2.960226980475234299e-09 1.363938834674322064e-09 1.906350680087966799e-09 2.295899421593035919e-09 5.979233234739215882e-09 1.125392122268810952e-09 -1.381002829106478138e-09 1.756769053844934249e-09 4.262970903218242634e-10
2.036952198749291635e-17 3.380934889704820567e-11 2.688481914590509672e-10 -2.914069363945035470e-10 1.451588277772555989e-09 2.131135071123156490e-09 4.674034868408152350e-09 -8.792998385250716867e-10 5.270544209022536198e-09 4.418636096276724770e-09 3.126458969256253103e-09 9.454537601719833363e-10 -1.118214236795797068e-09
6.254291709792639132e-18 4.118415787553561736e-10 -5.183307943431876085e-10 -1.241275167894488492e-10 2.927133465736082417e-09 3.685356026042387938e-09 3.077230167475964099e-09 3.881479204267609938e-09 3.756823069392866476e-09 4.076399328827458060e-09 9.461901763536983097e-10 -4.480553816878232630e-10 3.304616690379088240e-10
-1.033488965580172525e-17 -4.131033912916742752e-10 -3.143125932730346286e-11 2.997058937391256211e-09 2.200643793683892792e-09 6.795175274755031954e-10 1.033182671946404006e-09 4.537486569584044407e-09 2.553473520913587732e-09 1.028492549654602689e-09 2.520091708346880474e-09 -1.240703715241434760e-09 1.252369518689126786e-09
7.786870582161417411e-18 5.512151214605006544e-10 1.003144317705472039e-09 -2.476901289034256456e-10 3.329327979546433934e-10 -5.517922269186275852e-12 2.412789179706983227e-09 1.313143060067614219e-09 1.838523770170334498e-09 1.422916530561972378e-09 5.046546432998348702e-09 7.935003331174475025e-10 -4.989493916064638390e-10
1.261896258055931943e-17 1.526111259497366849e-09 1.387789144473281825e-09 1.649676115294404744e-09 2.210883226749285489e-09 4.467397437960324677e-10 2.967617946006965818e-09 -3.275327856128963558e-12 3.056694040921388547e-09 1.656978043147109511e-09 3.940540422798315545e-09 3.429537616124675658e-10 -9.276985491093569169e-10
-3.205475703148111689e-18 3.123136494331674209e-11 1.003898391158957877e-09 -8.712142625246208732e-10 7.901219108407803780e-10 3.285616578587420089e-09 3.045504409598688237e-09 3.063598367129430184e-09 6.075662434512625470e-09 2.655463357271344081e-09 3.093181022433377445e-09 -4.389405691685781654e-10 -2.776564286128235102e-10
9.020531655844179941e-17 1.874427354305019407e-09 1.132678995001965620e-09 1.268280084678428320e-09 1.394584944008899033e-09 4.263351834701935984e-09 5.134139097347812806e-09 1.241223445849252813e-09 1.465200572190800593e-09 -3.400429372488556121e-10 1.842384833131621023e-09 -2.061439306122106869e-09 -4.654121549353602637e-10
2.425258872075991104e-17 4.659083398984448470e-11 -2.865598344148639429e-10 7.118654385397172645e-10 9.528627362972955190e-10 1.988846827784968265e-09 7.434541259245478344e-11 2.118132252737960278e-09 1.325483170210637525e-09 4.907806983644306131e-10 5.357858916497880128e-10 8.163216918435753892e-10 1.056534963188570139e-10
-1.876301818900757378e-17 8.558019322606213315e-11 1.737290468784294494e-10 5.166947963554530584e-10 -3.295536884711335634e-10 4.064907580672270520e-09 2.986646828797809987e-09 2.684605949905862140e-09 3.332955775451869675e-09 4.035557091816219929e-09 2.970804935493340319e-09 2.422951886833591219e-09 1.548240707632134782e-09
2.015837416267067998e-17 -6.222728872887883000e-11 2.178633017437263058e-10 1.933558482678021575e-09 2.060183394668107159e-09 3.308569025221919381e-11 4.023832033822714178e-09 1.345996159852192503e-09 2.402755577967702270e-09 1.450255607810820808e-09 3.972919378226239075e-09 -1.332608426204460096e-09 6.941822405106533608e-11
2.655063470048998824e-19 -3.633537799386972590e-10 -2.471146975808651001e-10 1.378525944845271756e-09 5.277145329150377358e-09 3.750587696473429673e-09 2.375028851108801968e-09 1.938881261117437521e-09 -2.171953202333354466e-10 4.671937134174200423e-09 3.778955542461047127e-09 8.076112066960703157e-10 -3.598376486189825684e-10
1.430833157395220814e-17 2.399485170262430540e-10 2.805526216410206276e-10 2.786138037047183188e-09 2.530900476570357067e-09 3.644728165952286387e-09 4.927087202093290274e-09 2.032164307542188847e-09 1.510268987775310611e-09 4.676326407133255510e-09 4.706498503922776017e-09 -1.564381731623928612e-09 -4.829958913921511539e-10
1.979588438552407708e-17 4.209568564848914727e-10 1.712748258345430334e-09 1.065784026784131238e-09 1.275329153572764207e-09 3.662167084089897552e-09 5.299704663084581616e-09 2.742864779557911637e-09 1.898949300937424895e-09 7.831490226141227674e-10 3.091609738194358523e-09 1.546394649432159644e-09 -9.073464374859402574e-11
-1.515409646269271928e-19 5.596083876243918309e-10 4.729056296380096818e-10 2.975283386933086527e-09 2.194507701711228853e-09 3.150035262756030961e-09 5.146811262407586682e-09 3.015972314917988198e-11 1.235935260650959454e-09 2.523490151353443243e-09 4.200915898830503452e-09 -2.029288780759210430e-11 1.428511115650587908e-10
-3.434152885895692784e-18 1.860939957688658860e-09 1.317227154619961848e-09 1.399837410945421158e-10 3.222052851340524075e-09 1.777961798212033684e-09 2.389116302168466566e-09 3.864897233037923399e-09 -6.315294800651275997e-10 -1.297053741928859143e-09 2.065013462061733401e-09 3.450684196550129946e-09 3.798039709837817487e-10
-4.778832232205782039e-18 1.413580526016137621e-10 -6.228742253536937893e-10 8.699894080166791468e-10 1.775099724536435905e-09 2.095007461318147919e-09 1.127645848681529162e-09 3.411093369380982980e-10 3.868601362874139871e-09 4.493760994051847931e-09 -6.698753793871817568e-10 -2.236477575845056107e-10 -2.204136500607664581e-09
-1.494569091386231052e-17 -5.844440109072586249e-11 -6.524517362769425250e-12 9.527600690285208600e-10 1.982079533073169970e-09 3.496075083484209015e-09 4.249208080689948226e-09 4.187060990262980858e-09 4.207928344730776632e-09 -2.601770881932467198e-09 1.904689294213568970e-10 2.630443588313962342e-10 1.708759749066518328e-09
1.761741041003075525e-18 -1.784311958710194753e-10 6.851062395291088513e-10 1.789736801956905924e-09 1.933355480910441054e-09 -4.926790168884891579e-11 -1.355339338217002679e-10 3.835542419775484775e-09 5.472263132533954449e-09 1.390713402679886200e-09 1.938418314773710271e-10 -1.194169593119184204e-09 -9.860432425845808291e-10
7.794380825074339728e-18 -5.015503519926325985e-10 9.373680888439541013e-10 2.753320758676428545e-09 4.360184737530071110e-09 1.505344029765727413e-09 1.866550334727687877e-09 3.844782528406973735e-09 1.966529237654918724e-09 3.082811098523154181e-09 4.592755463273567077e-09 1.017513736138480654e-09 1.561883641850002799e-10
-1.289880773580436784e-17 -1.369705095611804946e-10 -1.207331470423932070e-11 1.440139628540386206e-09 1.780463260910980747e-09 8.721729314033123450e-10 2.028014286647856143e-09 2.126678470708768829e-09 3.531349077952377102e-09 3.675226028471023464e-09 1.696497358534854386e-09 8.961742816083411946e-10 5.546998755761261463e-10
1.065572195117849553e-19 1.394558411013065147e-10 5.262647175533965504e-10 5.869571044203806225e-10 4.986587797378108944e-10 2.675979501891779372e-09 4.119753648508420362e-09 2.159868835984195818e-09 3.834665819010540557e-09 1.024166293743147996e-09 -2.549659606508033658e-09 -7.294067411937954579e-10 -7.427496366746738567e-10
-9.753508650180739666e-17 4.215980302784633580e-10 9.442744695950999968e-10 6.892807807565282031e-10 2.804755325960254017e-09 2.481242587378463803e-09 2.606614728188841040e-09 2.521466898711286752e-09 2.121763251440103376e-09 2.064558943798272738e-09 2.738648026232419331e-09 3.478533010186234286e-09 5.367444728545397107e-10
-7.451826665428647034e-18 1.179391007436490922e-09 1.802152465832332238e-09 -2.064033420518760663e-11 9.100510145200740981e-10 3.342119661100127229e-09 3.459285377425233304e-09 3.492858518990627374e-09 4.409378481660841543e-09 3.364743623698444978e-09 5.257501731865666937e-10 2.747798429133286977e-09 1.426979425945617306e-10
-3.546580723495875636e-17 1.918275102258392504e-10 4.657479508873937131e-10 -4.854279795958473541e-10 1.186028678348265902e-09 5.452256647608171190e-10 1.932067451888038034e-09 5.643540927090709358e-09 4.198542602614619339e-09 2.565970720263638471e-09 -2.499043043873534590e-09 -1.581810768932943066e-09 -9.951009556196968533e-10
1.338888541063195239e-17 9.730486942955592828e-10 1.232838164677473024e-09 1.708503110796439317e-09 3.188419398534800353e-09 2.045657315993469432e-09 3.811394198474605438e-09 7.267421727173808157e-10 7.605909747352835484e-10 2.613703438050977397e-09 3.997674497786485461e-09 1.949294803627051201e-09 -7.587608572701002637e-10
9.875809886353216983e-17 6.414676646188939023e-10 9.479342497234575860e-11 9.507836888096395318e-10 6.508843516056981600e-10 2.152136189458363954e-09 3.924451337606571304e-09 5.576345416636335747e-09 2.313511778884263919e-09 1.511821309316501384e-09 3.010000811606770874e-09 2.451865699219637817e-09 3.544347117705958976e-10
1.116894873638674872e-17 -5.953844175731518700e-10 7.391535422197683606e-10 1.212665889752592351e-09 3.052839030522371999e-09 3.257906593937706329e-09 3.272307600892949644e-10 4.324342938517075106e-09 1.989828879768034070e-09 2.993127436808012332e-09 2.744024679777557034e-09 1.707315615502380971e-09 4.170541816065262810e-10
2.982886914938061283e-17 9.852084788599563161e-10 2.467893554278971538e-09 4.097859994192975949e-09 3.951138845084921453e-09 2.871730907893815032e-09 -1.257518325111429603e-09 2.299947037022687618e-09 4.967374993319647520e-09 1.004397366813463743e-09 2.264843878960857379e-09 1.058785104915069677e-09 -2.069898062681924841e-10
1.405047810385440025e-17 -6.344269701219983053e-11 5.242986720257776337e-10 2.463518137832932973e-09 1.568341172569653556e-09 1.705037431224621732e-09 1.453721811409901663e-09 1.505315633742314916e-09 1.741973034335535439e-09 2.745241922979690057e-09 -4.217409486460240856e-09 -2.360958839866586816e-09 -7.140829639038677668e-10
-5.266353717516359410e-18 -1.275934705895107318e-10 -8.349540359543680901e-10 7.849687483403360757e-10 3.111027825398174439e-09 2.429458934404411260e-09 8.067812088383932567e-10 1.990094768177750115e-09 3.064536638801145809e-09 2.005162810067952513e-09 -1.894581885210648892e-09 1.792931029248533471e-09 2.148658979426064359e-09
-1.135141200409001408e-17 -9.078979071676042669e-11 5.068446788665153807e-10 3.099169355185018674e-09 2.471681359926597800e-09 3.023142825163374826e-09 5.288581010150234717e-09 2.876820076256179248e-09 4.146311769535586115e-10 2.176147117800854903e-09 2.581630382844217051e-09 7.148450887144013863e-10 8.818578945377696372e-10
2.790337753336709986e-18 5.459932005024600891e-10 4.785920811374476436e-10 6.992823404834752497e-10 4.957594959835850359e-09 -1.929279312241937194e-09 2.467676343641616877e-09 5.510442700425423829e-09 1.541336895170763680e-09 3.771573562364897142e-11 5.814694268756100998e-10 -1.830436752765018016e-09 -3.149104800359051903e-10
1.277084104230536878e-18 1.105766058408357287e-09 2.180822941012042854e-09 2.398949988235412026e-09 1.300786660111766187e-09 1.521496006449873965e-09 1.604363458616586682e-09 6.042175243174566170e-10 2.659523037121951856e-09 1.203818488157865033e-09 9.525129748735981108e-11 3.803656887220604254e-10 -1.368341718047963472e-10
1.703104149129732221e-17 3.559814286687624634e-10 -1.629479353865830342e-10 3.079974613373686347e-10 1.886853383632173350e-09 1.998133920755457947e-09 5.564594845742341543e-10 2.575801495826321460e-09 4.257390324605415428e-09 3.634206024128714924e-09 2.852294476754575046e-09 3.194152838169215743e-10 -2.991962000600794092e-10
-2.076178750355538289e-17 -1.835371406500282493e-10 -7.539542503761916895e-10 -7.737921463511021187e-11 6.088499952029153659e-10 1.802466174586723507e-09 1.169584676776788970e-09 -1.936047651237951292e-09 3.828893958673530544e-09 4.741244460731132611e-09 -9.364696992019697295e-10 8.191804338676237926e-10 1.022729638523562525e-09
-2.784312093783837689e-17 3.391769062041150583e-10 7.318437998428324001e-11 7.399579965319686437e-10 1.016792826515512375e-09 1.466724272966589045e-09 3.396426988188039008e-09 -1.476688217534946691e-09 2.978510872618062863e-09 -1.165315966229696242e-10 1.207057863563814350e-09 -9.254069352903878363e-11 2.250876677108599599e-11
4.929894447027498566e-18 -2.548932146314189555e-10 2.764525744060008324e-10 1.060202485657868658e-09 4.223199526933703746e-09 3.850537808670378083e-09 4.627523293876960516e-09 4.785567120847593404e-09 5.237431100770836498e-09 2.705029306546212551e-09 1.536226010959716234e-09 3.458896501955222054e-10 2.093200999549464579e-10
3.249899263685022645e-19 1.934968874107824128e-10 8.074397716507752570e-10 3.176312862409938278e-09 2.693240093324810167e-09 9.645989362485028553e-10 2.484811853432739152e-09 4.260192038948431693e-09 4.729051994289306080e-09 4.617666558152292564e-09 -1.577980588954015129e-09 -1.157951151724729761e-09 4.291101450651037718e-10
-2.713497029051077807e-17 1.763675399068975286e-11 5.074673848358358124e-10 -4.587056758012916974e-10 1.201153512204512284e-09 3.796829488102224761e-09 2.191028124180790362e-09 -1.386296574419958418e-09 3.641200996177571100e-10 2.202273970565453005e-09 -1.498983968942634081e-09 -9.944138748082345910e-10 -8.102648549496498973e-10
6.210118984838904061e-17 1.207263374469829202e-10 7.975375606273705925e-10 1.371453130796986390e-09 1.804845681393820234e-09 1.785472664778446311e-09 2.002780488272843051e-09 1.762588607802744652e-09 -2.942682383749586835e-10 1.903324322326439125e-10 2.040198702892657680e-09 -8.171122291390332900e-10 -3.057927722393226435e-10
-9.079637692437078856e-18 1.250157699806679096e-10 5.469926902175280072e-10 3.662515306650399812e-09 4.870590090441150742e-09 3.194252817343302209e-09 3.992691171809581908e-09 3.516392661807879281e-09 4.249934817848763366e-09 1.590689517307201969e-09 -1.482613019761416629e-09 5.650903753712727546e-10 -1.323351018977302407e-10
2.970674240075642405e-17 1.574482723988790743e-10 1.401016503400650452e-09 1.642978052399947548e-09 -2.495650340260523248e-11 2.519200924597323961e-09 2.869569814221015635e-09 2.712971989295576675e-09 1.520363460793852283e-09 4.005724565116573804e-09 4.645032729483808276e-09 3.605832940494407520e-10 -6.654899138742439733e-10
-3.767116204780049225e-18 7.241170195197481789e-10 8.102541863984792090e-10 4.326673085569767798e-10 1.539790995148290841e-09 1.886261789754604019e-09 3.666433614294232749e-09 2.984551745872028086e-09 5.848547763136542719e-09 1.688398400714894347e-09 4.129215932155810314e-09 6.115677463525176980e-09 1.507949490720113406e-09
-1.585554421969653587e-17 4.791973122903348724e-10 -7.899688552737604692e-11 2.101902473132642569e-12 -5.298037124491800938e-11 2.681986770132878753e-09 1.570670986899436497e-09 3.611985979334429318e-09 2.662036206080656454e-09 2.620412130486987105e-09 2.467186833626027878e-09 -7.135242195265196605e-10 -5.652361452127349259e-10
4.727667566723318647e-19 -4.139883657986992263e-12 -4.846984340368772155e-11 6.683528826844039339e-10 1.464275315575540430e-09 1.175254839469557923e-09 3.210956362434195841e-09 4.704439861363314146e-09 2.419277277769786058e-11 -7.356364573800768468e-10 4.013382886766097588e-09 -2.138998965331290951e-10 2.617731291099437882e-10
-1.581102380561754307e-17 1.681238856358565620e-09 2.959576351982135580e-09 3.912243789976453326e-09 -5.558917065904658408e-10 1.297845857606783458e-09 1.895401018244220935e-09 2.772539076128113197e-09 4.934756873844975723e-10 1.333845998987678238e-09 2.329101308168946374e-09 2.248047103391611183e-10 -6.902544963241963596e-10
6.071602281432928685e-17 -2.491911464702482203e-10 9.801683142679021217e-10 1.045259381404855941e-09 3.606848242210240893e-09 4.113621624877337603e-09 4.728554664893029594e-09 6.390091577418692956e-09 7.342045717493932934e-09 1.486586812632960753e-09 1.379372307919574085e-10 1.383213872880427454e-09 2.863642144648538908e-10
5.568809464940213178e-17 1.401438329167846250e-09 -4.745875194372221151e-11 1.992355259190933725e-09 4.078533171552396568e-09 2.724859358607191300e-09 4.936942891882028590e-09 6.805863242892488751e-09 5.108354352166840752e-09 -1.800425784721777074e-09 -6.653730651421391531e-10 -4.668273557361995696e-10 -5.435966595409226956e-10
-5.935539119855782192e-17 5.471851730449957027e-10 2.075269763232057465e-09 2.296567013902387680e-09 3.081627427505450918e-09 1.802174151285139462e-10 2.490465758923258290e-09 2.732512194222500748e-09 1.939525192710625474e-09 4.877365513563641459e-09 1.873678525925791328e-09 7.631987006921446290e-10 9.344393322021213069e-10
3.139562308447852797e-17 8.052743801039996058e-11 4.878557389281045745e-10 3.454974460218420067e-09 3.659053399123181047e-09 1.772687757434442002e-09 1.042788151533481707e-09 2.161285041709030336e-09 2.677331169371448550e-09 1.571550313497076803e-09 2.054617198530740724e-09 1.109277497278304416e-09 8.475145012600969494e-10
1.094719483487327992e-16 9.111118997595778672e-11 3.858239144431855776e-10 5.968883692156366041e-10 9.116992599095783819e-10 1.519322831423025148e-09 4.288458912437726700e-09 4.396067697767385129e-09 2.245485440752348293e-09 2.604416342151797680e-09 1.380649569736823732e-09 -1.201409818073273754e-10 -3.801332788791702603e-10
4.891506503379750168e-18 4.624577713061791049e-10 9.202463611436477340e-10 1.140686194932585012e-09 2.453155833766939222e-09 1.583576523121212633e-09 1.991137649661799646e-09 3.086071508382673491e-09 3.561279803981155632e-09 2.915779266140281264e-09 2.948018882261595231e-09 -1.707090143659894689e-09 -6.954053522660049849e-10
1.183630349627771954e-18 1.841934820274482498e-10 6.389456369952249282e-10 3.062172970133211626e-10 1.900631442386654797e-09 2.949109416597494981e-09 4.200012423835190528e-09 1.814103796820811907e-09 1.074813315429504140e-09 3.117776076871173485e-09 1.693411579662648919e-09 1.884229052857130146e-09 -3.808476363451368591e-10
-1.473420255222146341e-17 9.777881904383829704e-10 3.273923467383174998e-09 1.305482967531375745e-09 2.781293482889006263e-09 4.394954881932294564e-09 4.702325433981049419e-09 3.344145599832789285e-09 3.229598081636418666e-09 -3.017040531701312347e-10 -1.668641216313244424e-09 2.072228177545279646e-09 3.964355416034380872e-10
-6.122120996317030213e-19 3.919372351927590671e-10 1.488997456752434098e-09 1.231353704955200265e-09 4.746662297511822452e-10 5.103774872017218504e-09 4.599496498495868639e-09 2.680433970361773770e-09 3.683958098178302183e-09 7.973046318984493763e-10 1.629936965869112965e-09 2.155406825226034056e-09 -1.096403062785973711e-09
-1.843594964686992802e-17 -1.774829812014296195e-10 -1.582304599040962273e-10 -7.106243921143931072e-11 1.583656386523464458e-09 6.498590947006579863e-10 3.043381401526282979e-09 6.395053517003934991e-09 6.243993963090440162e-09 4.243742827494654449e-09 2.094916463949535123e-09 4.655323874445657057e-09 6.905476564411464843e-10
-2.293799789972547155e-17 7.720579984014463791e-10 3.052359400289355852e-09 1.772160062399875607e-09 5.067297914743137655e-09 9.574934230461845299e-10 3.462480287613851598e-09 3.633034894168668807e-09 9.133329889413711196e-10 4.423847881804667642e-09 6.906007854261405548e-10 1.633456814114461217e-09 1.353339000751071201e-09
6.111142152881716520e-20 3.385749486705928800e-11 1.576230659586725509e-10 -8.458088961223096983e-10 6.633975089840842514e-10 -1.523005209015829203e-10 1.159018058797626844e-09 5.784209158159782258e-09 3.774645348192762723e-09 -1.281178230821793485e-09 -2.317224668934123918e-09 -1.977125191741552734e-09 2.452507137811046338e-10
7.609836668190909107e-17 -7.589482197708823508e-11 -6.858371315185766496e-10 1.074628990221363136e-09 1.348351195827762586e-09 1.986389014091223872e-09 3.192199598143021789e-09 5.030132462952024053e-09 3.623370258336191121e-09 3.794534029039705439e-09 2.900659800234248584e-09 -2.093860333195306596e-10 -5.636648588651270529e-10
7.055956153307112724e-18 6.319438397695458635e-10 1.034523796778880973e-09 8.666556922601911128e-10 9.927360466701953358e-11 3.046847850719115066e-09 2.042346432460768544e-09 3.067537199566809932e-09 1.130881753415258005e-09 3.201831273493835925e-09 -4.200336050958541832e-09 -3.178424858507878267e-09 -9.286014343305799380e-12
-6.893143767471895241e-18 -7.305077504569854674e-11 -9.930185474716509868e-11 1.462853376756330426e-10 3.150560642492355863e-09 2.040877058982506451e-09 2.311991154758229863e-09 2.488625309116836539e-09 1.215167035682683304e-09 2.489111062653702594e-09 2.588312620593818296e-09 1.036988649744464819e-09 1.010444011515554067e-09
-1.469444103611439486e-18 1.522136926490978765e-10 -1.063219310140485230e-10 -7.250670403301002858e-10 2.334139307539325855e-09 2.952212102352414323e-09 2.926791370952320305e-09 1.851662686241080141e-09 2.444921844898094781e-09 2.333703841016095078e-09 2.042999410233829623e-09 1.120036948018923579e-09 -1.453614256080712391e-10
-1.496984881701248085e-18 2.860200338035321112e-10 -2.911427606484694102e-10 7.789206849247763872e-10 2.434810040012478396e-09 4.190123812022073010e-09 4.947155410946530502e-09 4.042410119749370498e-09 5.543056823380721063e-09 3.894560671982016283e-09 7.757031118690765221e-11 -8.602236557346935482e-10 1.210877957687137733e-09
-6.623690832565776065e-17 5.002375995695847562e-11 -6.402381868108384999e-10 1.290489669538352088e-09 2.994172265424167330e-09 1.663862122916960422e-09 2.018586433217524314e-09 6.974477280483057319e-10 4.974524481220999651e-09 3.853361970859764814e-09 3.447471447247066339e-09 2.332950373813675773e-09 7.176763430205601032e-10
9.431814285948085662e-17 1.183086994965904080e-09 9.024048905974556755e-10 2.379355048432661086e-09 3.961097598551972321e-10 5.508139086638400903e-10 4.845684035009420392e-09 5.088292317125743422e-09 3.248384149772380559e-09 4.544803461576796053e-09 4.324928474194061184e-09 2.064657667350609923e-09 1.667852966036636660e-10
3.994615090300668453e-17 -8.134064362921744319e-10 -1.005398175590579143e-10 -1.901336385378686746e-10 1.674656568170951782e-09 5.303045566840899342e-09 8.792877343944438335e-10 -1.670774222112803324e-09 1.967659792987024777e-09 2.879878208455372838e-09 1.066829047432392535e-09 1.326533367694763322e-09 1.257642691724393646e-09
-1.026996901162369080e-16 2.565669501750511498e-10 3.015881000611418346e-10 2.062460795373504157e-09 -8.660947247168357961e-11 2.341632985382524576e-09 4.205539486920885041e-09 4.187317550624977983e-09 -1.352833040616721326e-09 2.147465983215351243e-09 4.125865572600390999e-09 1.178716081981993766e-09 -4.679938680341232046e-10
1.909313493466147269e-17 -2.217898433457903025e-10 2.476542394698481427e-10 1.358428042494597217e-09 1.007654966252600243e-09 6.027139449860839025e-10 2.975760631267446443e-09 2.313156224490188259e-09 3.650853681392510912e-09 1.677982124750019903e-09 8.018981854836635390e-10 1.304595889750777219e-09 -1.242404822986073142e-09
1.689041983372237320e-17 -1.662476006884350285e-10 -8.160543257180511892e-11 1.397828264271201712e-09 4.726441793437273740e-09 2.394303896350407065e-09 4.334099080311004805e-09 3.880119585878339406e-09 5.349682966791923379e-09 4.057385594633504507e-09 2.307405382230651436e-09 4.903746770366621576e-10 8.647256784570945994e-10
7.309216799195504571e-17 2.288557469633534488e-09 2.099580309174040965e-09 -2.481621558616709769e-10 1.319634923011308129e-09 3.770711935100651064e-09 4.438180247776388947e-09 3.979143899694494050e-09 4.700797608582246390e-09 1.045362499208848446e-09 3.521665490110992614e-09 9.458117023905407913e-10 1.042161738029991765e-09
-6.340888197740027175e-18 1.751835502810131358e-10 1.376709136833816527e-10 -5.477500486498603674e-12 3.436910870026229714e-09 4.368539565327436466e-09 1.457306715971744438e-09 1.680996158997632658e-10 5.861690742809590541e-10 1.156967418455191476e-09 -9.122400982304801129e-10 3.223403576735005707e-09 -8.600526827804478832e-10
-1.439082633424364591e-17 -6.214662323974668984e-11 7.923010822400713734e-10 7.385658924945681303e-10 1.290080058970279266e-09 6.798976961188076546e-10 3.436540536209002851e-09 3.538195626594115484e-09 2.153167741430161140e-09 8.286534302882444279e-10 -4.744180595283255296e-10 -1.784467977360924343e-09 2.224601247166116792e-09
3.361679441832075495e-17 6.087299028026422829e-10 3.978953645349313203e-10 1.125843841795142046e-09 2.751701023101647208e-09 1.927966033058944726e-09 2.671808075607585570e-09 3.863324539100911556e-09 3.491953624512136775e-10 -5.521570697346652342e-10 3.737260085251440823e-09 2.379224977975074925e-09 8.880314840369097675e-10
1.465400691707492935e-18 -6.185038362548500567e-10 1.461837260685381936e-10 1.168538343354823736e-09 1.625600272066377628e-09 3.327879339473147829e-09 2.163226236388733744e-09 2.251394787449383261e-09 2.222123923513558698e-09 2.673909306346065250e-09 7.448725666712889429e-10 5.235331521702756774e-09 2.744806431795834107e-09
-1.974753265687280971e-17 1.393612643359209711e-10 2.391504713344967597e-10 9.075883297050269758e-11 6.511080897502094561e-09 3.798226692725661824e-09 3.058461514769856051e-09 3.138683194291695609e-09 6.161460769866541706e-09 3.402612879699801377e-09 1.110309410238569356e-09 1.113295380283806255e-09 -5.371313389650388122e-10
-1.223543826412576150e-17 1.248075577644783431e-10 1.455851859599508829e-09 3.767058853029063917e-09 1.605510026888713051e-09 1.167803493387080107e-09 2.624454741063246370e-09 2.302467976430048855e-09 4.333720892295014922e-09 1.811837169018597175e-09 1.270006684957660822e-09 2.301263687189324310e-09 1.109805546720428164e-09
-5.163636833412905830e-18 -3.581327739298112891e-10 4.117285861678171433e-10 2.842646009229521803e-10 2.347654324849719054e-09 3.328265793035495375e-09 3.164212616886118561e-09 9.428781395603972846e-10 5.376164850283583227e-09 2.258423104825918414e-09 1.379016726021405154e-09 5.489387226526529920e-10 4.316104726714015627e-11
-1.186491828454288926e-17 4.048380055222536370e-10 1.012008644214858118e-09 1.853898471690608886e-09 2.323737579311729953e-09 7.197798691130164109e-10 5.230146036954850294e-09 5.718136949309110757e-09 2.588815932526949943e-09 1.721481620494272794e-09 5.430538391424768984e-10 1.319893053311662477e-09 2.118525235672839923e-10
-7.971236950399664966e-18 -2.036536364866068519e-11 -7.614479071886051978e-10 1.509377095243011599e-09 3.133378232975458375e-09 8.554446059654158671e-10 2.204514673890066009e-09 1.855445842166944904e-09 4.208932198191381730e-09 3.718547138694605414e-09 -1.750930240729405698e-09 -2.856780527028532131e-09 7.648711480935779423e-10
-7.276696315909468704e-18 3.764127983946423855e-11 8.265280146817823637e-10 2.576043506918415195e-10 1.188922252430619574e-10 3.002563801236161033e-09 5.686547868524818707e-09 3.869517250579814778e-09 3.088118293482714014e-09 3.754478789080780481e-09 2.764999041433671640e-09 2.039419736221500592e-10 -9.362299225089484381e-10
-1.000051136715425184e-17 1.165226416367546452e-09 3.400179929191630029e-10 -2.341032242519781861e-10 5.529768323364568707e-10 2.139222194417249127e-09 2.757771327059801413e-09 5.945988287655113871e-09 4.024477353200692793e-09 3.883475015226279948e-09 2.507608661528795637e-09 1.167676070973726528e-09 -1.000977771081235550e-10
-1.259359566644097549e-17 4.571734008680788853e-10 8.853455342930331443e-10 1.791424291301589876e-09 2.544841564767730492e-09 -2.266943901234223870e-10 3.149890624722750524e-09 1.150636203451069168e-09 3.566190075900434580e-09 3.152464598333457204e-09 1.521242151536422097e-09 1.580307204334545143e-09 7.660003414634685226e-10
5.301356512799218551e-17 3.202872901776322666e-11 -3.335232693989849808e-10 2.232014528363171845e-09 -2.101574823945084209e-10 4.994610047195392845e-09 4.187626963916155136e-09 4.439316140033927743e-09 2.306560504241249579e-09 -4.363992343408988862e-10 -6.455914636398469140e-10 6.613886889498640040e-10 1.213592360115936096e-09
1.567223709914346631e-18 8.139444101765714038e-10 6.286605376782199343e-10 -4.843976091542135161e-10 1.412620930508022315e-09 1.119713634070964517e-09 2.331895180015534262e-09 4.510342237043752040e-09 3.042819397302402163e-09 2.996819883534038054e-09 -9.136109551677408816e-10 -8.147787673587811076e-11 -3.538419358298588960e-10
-8.161971670744306285e-18 -6.908970052043040048e-11 2.333119561508112186e-10 -6.939525898796190880e-10 2.267437976669956894e-10 2.011459674803934517e-09 5.447414212376828473e-09 8.494980952593759285e-10 9.952505808102674056e-10 2.342152254671170517e-09 4.818658756228703513e-09 3.607557991505904060e-09 1.877282244281921953e-09
-1.600578681169614725e-17 5.096152481433330200e-10 1.830839360442509471e-09 1.875009108780448008e-09 2.662312502327349635e-09 3.455790654741376437e-09 2.617133219395155932e-09 1.121078742505709565e-09 2.466498637842440255e-09 4.390480427093993299e-09 3.421741344588195896e-09 3.441263234052556635e-09 -8.838664056163964644e-10
-3.447355202186625284e-18 8.033907002187422982e-10 2.053500792506858109e-09 1.498617210920927598e-09 6.923234223795134292e-10 1.828045587837450140e-09 1.092013664157525362e-09 3.524062131225354035e-09 3.479976877328477905e-09 3.375058205122449503e-09 1.947764166278787465e-09 2.953801202872846187e-10 4.201727444083949810e-10
-1.329214513841685620e-17 -3.686447391022135790e-10 1.646394371986086258e-09 8.137650006674509317e-10 -1.358319945803289137e-10 1.610831715768920470e-10 1.016810184115916831e-09 3.190820519963683659e-09 3.825453672267899977e-09 3.459968830417202557e-09 1.485888639775520827e-09 -3.564787639353489885e-10 6.858258802524026333e-10
3.402877764002192294e-17 5.079318970008826797e-10 1.185751215604615157e-09 2.209419826535286459e-09 1.350137243724953078e-09 1.965076450965800891e-09 4.931398394642194067e-09 2.137140466742988073e-09 1.573178509977421403e-09 1.212880805043901186e-09 5.375232207181323517e-10 1.067696574681797151e-09 -3.648034402451037921e-10
-1.073465049043710943e-18 8.359436662054167025e-10 1.372033732769837377e-09 7.753852061945118658e-10 1.687525578349021551e-09 1.815894991682327706e-09 1.721595373021075338e-09 3.338831494530789944e-09 5.374983861788898650e-09 2.568115641615019310e-09 2.989908182528136742e-09 -2.794669033857069731e-10 1.471692951974679081e-09
1.671945573942854504e-17 3.233934477047139252e-10 1.729253332887673349e-10 8.246417936526915180e-10 8.783908515338342533e-10 1.436869646310244777e-09 3.659377246099982983e-09 3.501498477960687330e-09 5.608536365472989309e-09 2.430945467843060430e-09 1.542751054791362837e-09 -4.972875949565389842e-10 -3.620800284525255378e-10
-4.429415442555381382e-18 -1.542979252566213027e-09 -5.832175703045528148e-10 3.741297360486063034e-10 2.072426813654115959e-09 4.856068072978638144e-09 2.025108684284832964e-09 4.606643230387919834e-09 4.696235150789064143e-09 2.580741325170421469e-09 -2.361219895116365791e-10 -2.984621779337985381e-10 1.206755658665782673e-09
-4.502177808009049031e-17 -3.970417094335908395e-10 -1.668575311506569729e-10 9.871893656859098936e-10 4.732321663733050598e-10 3.228330032323536368e-09 1.406500439587050085e-09 1.023504447654426600e-09 4.919127385001450445e-09 3.690445134481130850e-09 -5.925236531826092144e-10 -1.504918508860149294e-10 8.600203983153088712e-10
3.061574534755143877e-19 3.822338946796371501e-10 1.012733988526242357e-09 3.590581366054215121e-10 1.727120052585465442e-09 2.271200719020229046e-09 1.807564329807081801e-09 1.155766298694510357e-09 1.509304356301250035e-09 4.080933439900668750e-09 7.889792545981858395e-10 2.729840689988634257e-09 -6.406174485553535864e-10
2.538144439763355423e-17 1.054001923093525574e-09 1.375294512992269146e-09 1.015418639915343581e-09 1.637000848489863189e-10 3.168987817709078255e-09 2.824114291511581542e-09 7.104236895175832737e-09 3.371052399273886999e-09 1.806604560217369408e-09 -6.990734754732022327e-10 1.897325769290582691e-09 6.161696236345174772e-10
-1.277142720580449984e-17 5.126677669495913119e-10 8.165858933430868030e-10 7.027451913166155797e-10 1.178802782935138610e-09 4.008100944019555450e-09 3.335793019357275212e-09 4.343319777842687426e-09 2.026445824463759571e-09 2.869005265777908877e-09 2.644670308009736097e-09 -1.607004823148786354e-09 -5.056806963283229713e-10
1.563476565546574290e-17 8.560186507684853403e-11 -2.243467610856422907e-10 3.516376335373514254e-10 1.431482358423144431e-09 2.289877722986144070e-09 3.764268916549180345e-09 1.973595627189737478e-09 2.743738263067973169e-09 -4.359495249854401556e-10 4.591160601400534526e-09 4.008991005193942480e-09 1.423684966563862992e-09
-7.827254648642417810e-18 6.931316880041898316e-10 1.201716961787169379e-09 1.485393268462662564e-09 2.580059504879309436e-09 2.888385295074988906e-09 1.882786949638614436e-09 4.116199462802730265e-09 3.120513410506859162e-09 -1.105811626275885595e-09 2.488182015553628226e-10 2.275170039056794728e-10 9.823117337014648537e-10
5.308156763408400003e-17 2.960990982189941285e-10 -5.119933661549464888e-10 2.301208323794001057e-10 1.711963578589539776e-09 1.900249400907404873e-09 -1.228523566234762819e-10 3.749558139388515430e-09 3.028634185657330700e-09 2.922625973721503159e-10 4.868822316535062568e-09 2.534017932539109870e-09 1.165846389024034523e-09
2.814825189050834836e-18 -3.518342967944912231e-10 -1.713266357692551647e-10 2.233144680238753035e-09 1.229578632849424113e-09 1.923091790871823691e-09 4.281866166102821179e-09 1.795229225472616441e-09 2.146211631038183424e-09 -2.303088417013332203e-09 1.199210597809600946e-09 -1.394209181755628764e-09 -8.655534765052246403e-10
1.115443476528349992e-17 -1.145058698358753075e-09 -2.886046815903409912e-10 2.766532699211596779e-09 1.835082096696290143e-09 1.362610340025790641e-10 4.109422652272833083e-09 1.957837396622767899e-09 2.453746345126899725e-09 3.553816544833294002e-09 1.455926912413796411e-09 -9.850964322943629206e-10 -6.144949848157503696e-10
4.303691938155618191e-18 3.516705362328245477e-10 3.215057710493259477e-10 -7.015700337977003609e-10 1.606148590602105808e-09 1.761814393681188699e-09 5.210054005043253863e-09 5.204733738516295017e-09 4.434946107778509389e-09 2.914571013659475101e-09 -7.234661363502153234e-10 -2.543521745462914093e-10 2.619723454077806268e-11
-5.717053797638969601e-18 -2.416312865488211041e-10 1.854798390080184882e-10 1.193560921007984433e-09 3.388889241355240923e-09 3.244125345478452732e-09 2.266489940834637479e-09 1.915149088690854619e-10 3.247520621268972650e-09 8.351789415081135606e-10 2.571105163586929113e-09 -1.088138850732820370e-09 -9.493008704768230609e-10
8.722652254266103939e-18 7.843872534341537086e-10 4.876340457954455466e-10 2.645463829191265705e-10 1.430165259133389976e-09 5.596484138609135638e-10 2.769610802243366099e-09 3.073914419485058593e-09 1.870331532024400973e-09 3.608233758264900423e-09 6.381789302796373528e-10 5.621117112413757976e-10 7.825973696296892676e-10
3.042827300729337901e-17 1.479034809720065054e-09 9.989952378100716463e-10 1.546308669152943973e-09 2.000906750481927076e-09 3.369612880770286631e-09 1.712480477576810308e-09 4.070838104230667552e-09 7.163968197670782924e-09 5.061517809590078319e-09 2.188054647365815981e-09 1.273761179026256670e-09 3.691840872310033682e-10
3.345200162713548866e-18 3.138613106496953467e-10 4.034408010927742465e-10 1.700400035618176155e-09 1.595014440906808518e-09 1.505457914118287927e-09 3.003834845343654182e-09 4.835622638591523248e-09 1.099740765911662187e-09 4.011758600413619855e-09 1.179339117454184773e-09 -3.147243207987580009e-10 5.828737145941721424e-10
-7.186404964596250070e-17 3.109470746312992809e-10 1.687513985357759715e-09 1.328456535501158492e-09 2.598903708797140396e-09 8.821646946822591275e-11 5.622820295480815479e-10 2.364553391278318790e-09 2.807249539922747760e-09 -1.066490106372448826e-09 -2.878601768204407189e-10 -9.619694344256279139e-10 -1.068665952052307419e-09
8.051966738487600418e-17 -3.559045237296643809e-10 4.134076998191435902e-10 7.001034577008596543e-10 1.888402617220727685e-10 2.270980468432648843e-09 9.319748687744457094e-10 3.279070810995109464e-09 2.093535530614860236e-09 2.302840986890636294e-09 -9.294609794007284663e-10 1.095726618351866941e-10 -1.724979758938622779e-09
-1.429622994707891396e-18 -3.239798794044191901e-10 6.740306814476795276e-10 1.484428748144178343e-09 1.621839633751309636e-09 1.298343805480071411e-09 3.265718662073729798e-09 2.149470177532358930e-09 3.587476321064679312e-09 1.398705354525447630e-09 2.791327758670243954e-09 -2.569877247579428687e-10 -1.397616509981478074e-10
1.568853086521595878e-17 1.393885732009457904e-09 1.355179489443591244e-09 8.502444050683250467e-10 1.597089747889634613e-09 1.338415023295791095e-09 1.827320687324961205e-09 4.074110969782459032e-09 1.282270890699450477e-09 3.104848443225861043e-09 1.608716176678292205e-09 -1.825624463940806274e-09 7.929802757789099403e-10
3.153233748343365208e-17 -1.617661413886240722e-10 1.947784708740454678e-10 8.976860565782368611e-10 2.902884864468808050e-09 2.882293291303833054e-09 2.276799044669535164e-09 2.844811232508361640e-09 2.363923514342054218e-09 5.388821004514023365e-09 2.577238055384003922e-09 -1.098409682545944007e-12 -6.509227134530746049e-10
2.013861753056589334e-17 9.598032382544930805e-10 7.217888290000161935e-10 1.661048211904204569e-09 -3.067417505019079223e-10 4.438012126737774859e-09 3.583227844538501934e-09 5.245829723449117606e-09 1.356458935588060274e-09 9.913012450106412062e-10 3.605094826890546410e-09 2.183637723367613880e-09 6.914293863727764440e-10
2.190825374305833355e-17 3.448290411616650016e-10 -2.179747005819334680e-11 1.910469958028259240e-09 2.987087926142821600e-09 5.520734656318852608e-09 2.389272234113125992e-09 6.359869938053844633e-09 5.022645069179951732e-09 3.047552742849761796e-09 4.480484587669802638e-10 -1.640112560526316479e-09 8.834124465822338534e-10
-3.960475977030709138e-17 4.710105765790637233e-11 1.085222506115403212e-09 1.310263379785631123e-09 2.815352591351367821e-09 3.149452078722685770e-09 2.075453135862387808e-09 2.295471417765818100e-09 4.450767919603594128e-09 5.276229759158804315e-09 1.694087644089979568e-09 -1.094847410614570628e-09 1.179066747101725957e-09
-3.059980584603443612e-17 3.735386784452179281e-10 5.612573056179727521e-10 2.946545347043522168e-09 2.737321860018752833e-09 3.651126891869597329e-09 5.976133617243026991e-10 4.552506522697955277e-09 2.232180916573480829e-09 1.550955934704999864e-09 3.490261450301601992e-09 3.697707977591673305e-09 4.682743201532268218e-10
-7.608731302970038675e-17 1.355675242062701115e-09 8.636899818977552495e-10 1.533481790696958886e-09 4.325767124033047327e-09 1.657404752099183544e-09 -1.318472581217555023e-10 -1.312288008017689425e-09 -1.492212663142128295e-09 3.810385633992444182e-09 3.340389307134862157e-09 3.556548872253091322e-09 -8.900239431537347234e-10
-3.184575323567070524e-19 2.234481222406421976e-10 1.996181044192124159e-11 1.761498444313390014e-09 6.559451348216511067e-10 2.938011687927029294e-09 2.588740277253604342e-09 3.396943934903573809e-09 3.100924746620130860e-09 2.760928502899249679e-09 3.386680403002159344e-10 1.075202379645207395e-10 5.303952917732127782e-11
-8.350010542374097761e-18 -6.463741504051317039e-11 -5.302646946312871521e-10 1.729829462940570504e-09 1.737590347014371300e-09 1.994547766398441650e-09 1.446110203067477442e-09 3.122355899389996377e-09 7.210691365622711518e-10 2.387350124761816310e-09 2.381180541298349067e-09 -2.640757729560945361e-10 -1.799634108000819879e-12
-5.108660152754688165e-18 3.648320534652168046e-10 1.141276620911195745e-09 5.687950999549076238e-10 -2.672361716015610445e-10 3.150901600229408245e-09 2.893206212426105487e-09 -1.112863073864158384e-10 2.831109043596549893e-09 1.780978580921511946e-09 -2.168908028510459291e-09 6.887732712453614391e-10 1.095906896018661257e-09
-1.862909855858480798e-17 1.952706358007201642e-10 1.471418383218313256e-10 8.436614722543341351e-10 2.160836672092423265e-09 3.399261323199536049e-09 4.146189800957162604e-09 1.854188214952923491e-09 3.997785932799483151e-09 2.471171155048762022e-09 2.546871243867103337e-09 1.451221698780614392e-09 5.422429516462476075e-10
2.717788915189908235e-17 7.677282067250620959e-11 1.120311933130924265e-09 2.839852399562307523e-09 1.760555692767164201e-09 4.113549692152364683e-09 3.407438116089115161e-09 2.033386057470681835e-09 4.839294594615236154e-09 5.697816360421194779e-10 9.276207405488725275e-11 4.503717286000742583e-09 1.207138737254314993e-09
6.977618586458953345e-18 4.505528200181235889e-10 1.270980066717998990e-09 1.380516928422228750e-09 1.194509703550743866e-09 8.238394184329726299e-10 3.113055448116725844e-09 1.761189036557371132e-09 3.898934902949219631e-09 2.311767337906836324e-09 3.914092755243998965e-11 2.368372550840954149e-09 6.671376900638728001e-10
5.695847746410932049e-18 -4.148268149527579902e-10 6.453908949174794669e-10 -8.977660383446419517e-10 2.756623618639459879e-09 2.927422719611186573e-09 2.479408534897811359e-09 2.900076647598377402e-09 2.438166286879498243e-09 2.202089646987398370e-09 2.318702230066923124e-09 5.412234995736772102e-10 -5.235242377653415224e-10
1.457343265617086441e-17 -6.034829424318253204e-11 5.062465269018142833e-10 7.602632568499143138e-10 1.852606888544546840e-09 -1.443223390835295369e-10 2.090791464711011824e-09 5.491383179598045865e-09 2.847256430586150489e-09 3.764094023230870377e-09 2.136295461557567647e-09 1.631035518137265241e-09 1.333910543906802493e-09
-7.043473518673564361e-17 -1.495933985127229210e-10 5.979535466544317277e-11 5.790486773947458511e-10 3.133334029376988177e-09 2.147173892216137525e-09 3.197208774573224835e-09 5.134487257245173729e-09 1.915574947450818114e-09 3.214933566574502563e-09 1.498508617701997218e-09 2.356364017618031722e-09 7.789326025528011925e-10
-9.625817386881779192e-17 -4.323252831101529465e-10 5.538189348610068441e-10 1.153555571688515936e-09 -3.308734100367642049e-10 2.851166968757781448e-10 2.770323827328718961e-09 4.002949802308663627e-09 2.508100352481503541e-09 3.089697738116970541e-09 -2.435647957018044468e-09 1.890347848882205949e-09 -1.376861718992460668e-09
-4.052019257674401665e-18 2.090793813854893409e-10 4.080068193948618160e-09 2.667410067023394387e-09 1.573119827999738012e-09 4.825121861370049730e-10 1.168166907010621375e-09 5.038127681106533420e-09 1.322224743147600314e-09 3.201360661917410698e-09 5.009095721944986130e-09 1.288079832107215965e-09 -3.817705769106977174e-10
3.240041179382009298e-17 4.330419498162063997e-10 2.406009760193383157e-10 -1.387810715674940728e-10 5.321532916050640958e-10 1.935870661811626767e-09 3.607249212857858066e-09 3.363617680757134149e-09 3.363667848240994187e-09 1.035254597289703159e-09 6.169357500679771561e-09 3.945549036589636648e-09 -4.215637484755309943e-10
2.884272221320874934e-17 2.994946192480227932e-10 -1.155089610494078841e-10 -2.191417689638914844e-10 2.721522353894180882e-09 2.369632315823979722e-09 3.450710579601323003e-09 1.240139114098501250e-09 4.754946766928635671e-09 4.047244526381804769e-09 1.100725726458609621e-09 2.009304589570933576e-11 4.809993072237472767e-10
1.578905270914912043e-19 5.810226482181118668e-10 -1.545858991194984377e-10 -8.109050460378257715e-10 -1.364406685216251341e-09 2.016820235184252396e-09 3.060491854985694881e-09 3.344821451590446305e-09 1.070347242455488998e-09 -1.757055665796723567e-09 6.354559252258421649e-11 4.340271953792323924e-10 2.226574362501831833e-09
-1.716960475466401598e-18 9.910083842855826031e-11 1.632146622283673909e-10 7.341895031657415628e-10 1.749719042896020429e-09 -4.738393968002183785e-10 8.738375433724051781e-10 1.910252978767434438e-09 4.484572261444139156e-09 2.041610043691643915e-09 3.760849520408458712e-09 1.280928705869747701e-09 1.126465600161269802e-09
-3.284196727419973500e-18 6.242426365476926502e-11 1.477857592650554812e-09 1.449259061569872137e-09 1.877417464434569209e-09 3.575037666481753790e-09 1.845385005158506369e-09 -2.254115096878889927e-10 1.542002992158180322e-09 6.028375208062183815e-10 1.105512275576200927e-09 -2.335507980789521178e-09 -1.893787910617381892e-09
8.623198783144188834e-18 5.602383764880391094e-10 9.096808024778989885e-10 1.042686476726753754e-09 8.432344844233334302e-10 2.116474900520873712e-09 3.478303380796627492e-09 2.761569684323342840e-09 4.126411150952538569e-09 2.028827314762838680e-09 -4.383541224021065887e-10 2.336703740905264931e-09 1.598673564855418839e-09
4.439398417821721370e-17 1.065006411171468031e-09 1.406524837960816416e-11 1.607722893514749109e-09 7.196310559900174967e-10 3.196160323909849214e-10 3.984537267326552274e-09 3.712619003669612292e-09 1.710517528058296870e-09 1.320656709939814848e-09 1.544247563512070747e-09 1.714549229956928417e-09 1.695319722168327094e-09
1.014025192349996432e-17 3.647335882538597334e-10 1.200795604178814580e-09 9.977948995796806159e-10 1.739895782449743958e-09 1.824059722943588384e-09 3.257511247582243134e-09 3.715064943033413864e-09 5.485541986978798122e-09 5.934762056714084535e-09 -2.830172595986977885e-10 -3.904854483588483944e-10 1.617282405662156099e-09
-3.252482097702040039e-17 6.260569915392113137e-11 1.708457321469680633e-11 1.877846910415298404e-10 2.065010780947353254e-09 3.294359269690689087e-09 4.577900401927785988e-09 4.079025699342580424e-09 2.682154743108078118e-09 3.783251105505543426e-09 4.600407503213154002e-09 2.306368122824988126e-09 -7.747620189471705374e-10
-2.831688429212261498e-18 2.432770385885702426e-09 2.046543619269874808e-09 7.673196605830968073e-10 2.867809582510750449e-09 1.912054169057152649e-09 2.461853406497835392e-09 1.215911597365857903e-09 2.415106628333090888e-09 1.808809044004850094e-09 1.943521224701558511e-09 1.684251087530665845e-09 3.510023832893748316e-10
9.911839810625123588e-19 1.759448550755166591e-10 6.074719236604111546e-10 1.015989643073974768e-09 2.462104318641660886e-09 2.341072750457566237e-09 -1.146872495410086540e-10 8.257945978347466106e-10 4.750636900502442625e-09 2.054157881280475106e-09 2.384923638352929290e-09 2.954238165270167548e-10 -1.384662412171694907e-09
2.525601402395728467e-18 -1.460871459556070552e-10 1.818683704118320988e-10 1.044160730325655823e-09 1.400645361212903749e-09 9.392076464980253924e-10 2.300341352825571172e-09 5.789270594865340031e-09 6.531172214901005445e-09 4.837223207327162306e-09 2.841406820797756571e-10 1.381078990163854553e-09 1.650784119517705428e-09
1.452861726150079035e-17 1.028280923046430771e-09 1.778445574746239011e-09 1.103120987662896591e-09 1.480365171016729379e-09 1.769969590000482942e-09 3.184914232712863661e-09 1.765013623772711304e-09 1.372091036357577221e-09 1.137842073276601362e-09 -2.912360041142971942e-10 -1.593486281753586728e-09 1.282782648050963133e-09
-4.604427783418418102e-18 -8.001891574597702775e-11 9.166673642882178525e-10 1.481457574513287778e-09 1.281118696353403652e-09 4.024591155293947659e-09 4.082567437063119706e-09 3.273846913752400116e-09 3.646501685939684756e-09 -3.166766648786346835e-10 -1.196137233283096222e-09 8.065064696755910663e-11 -1.458069993077408287e-10
-1.210706198800809951e-18 2.994990410392560357e-10 1.256697502703159904e-09 -4.408167170914073554e-10 8.632698223725993410e-10 3.380546419586844016e-09 1.465160231730519047e-09 9.036146011926034301e-10 4.787890352812199227e-09 3.739223975595829221e-09 2.643729709068081448e-09 1.120706240387450547e-10 -2.567386928010772526e-10
8.780137331758370733e-18 -2.672184251232654705e-10 -8.588269401788133260e-10 -3.853701059880230768e-10 2.342701261927048774e-09 2.269801555148340118e-09 1.299509078496905531e-09 4.394600166106500805e-09 3.721986891557296014e-09 4.881543308653561038e-09 2.156440364153239529e-09 -3.880748846046514881e-10 9.793223795530399240e-10
-8.000932781026997300e-18 4.809110308750270883e-11 -1.534709678567703981e-10 1.211485576178712217e-10 1.048336908427212027e-09 2.524651023545615353e-09 1.857156154484743365e-09 3.536532595296546801e-09 5.069491340115566654e-10 8.804526048612036609e-10 -7.590133419886583471e-10 3.596639571641604495e-09 1.020594209173545679e-09
-4.840484459865235844e-18 -7.842503997883708852e-11 -1.238450260943988564e-09 7.754578709006106261e-10 1.470520428893109770e-09 1.135723610323445441e-09 1.685373872935329415e-09 4.455351855514578737e-09 3.038770122907445926e-09 3.451675519033205067e-09 2.747047503670900555e-09 8.282279733446981864e-10 7.966055334968651401e-10
-2.852348894517642967e-18 4.506910254759805465e-10 2.695849989393344300e-10 2.602537775862587359e-09 3.842751698460975375e-09 1.223871700313887081e-09 9.368406748871802689e-10 2.495267741888966677e-09 2.573695876527644437e-09 -2.615713169381641768e-10 1.771598412571175039e-09 8.211335257211689626e-10 4.992001452524715677e-10
6.320005925129254430e-17 2.389915363641270939e-09 2.586554035137339083e-09 1.644412612770190809e-09 2.840369843389417533e-09 1.749007478099425865e-09 2.538348760953013277e-09 2.020992215805346881e-09 2.788367361258387989e-09 2.265838584762678479e-09 1.153231221524071194e-09 7.833645844265204638e-10 2.568117295039915047e-10
-5.251306516979066028e-17 -8.408898403607768811e-11 1.497333342121627103e-09 1.055879226972135519e-09 1.196091397108878218e-09 2.354437188371310824e-09 5.986976118137062312e-09 3.476173886983658352e-09 9.851044584385487921e-10 3.791383528734032332e-09 1.716333274153465860e-09 -1.404709372309812409e-09 1.066105366771507224e-10
-5.188453516615437805e-17 2.904071510505731186e-12 1.047948804118521513e-11 8.505895186771372610e-11 2.179968208996105028e-09 1.699117842265037565e-09 2.049067592359804896e-09 3.905702344907091765e-09 4.453094705412899347e-09 2.414090417648368215e-09 2.154687408305820753e-09 -7.521979128787145149e-10 -8.709957505845809268e-10
4.061979053622822691e-17 6.633514168209834841e-11 5.792932717534284703e-10 1.574975405263507873e-09 2.736369280815384014e-09 1.748590384656981658e-09 5.536026355674678034e-10 4.680594520306135552e-09 2.366647088384405787e-09 2.540306406713176559e-09 -2.831099700513453115e-10 -1.054337391162842085e-09 -1.274073638462783068e-09
-1.366952490564421123e-17 2.592666536703553939e-09 2.609062257909890597e-09 1.774626660102450364e-09 3.172006821358597822e-09 4.465225550750849755e-09 1.858483532047588604e-09 2.425430953609292031e-09 4.207420486423528538e-09 2.537016197433256513e-09 3.912357109491824972e-09 -2.590428899895263816e-09 1.512601563013233734e-09
-3.044907911953163815e-18 1.235166807913950731e-10 -4.455840678032114415e-11 8.193554664854252119e-10 2.114163017233819811e-09 2.114146694317644697e-09 4.478412322130962885e-09 6.072976120717703605e-09 2.084543405409197243e-09 1.632976940911785573e-09 1.928503051341343518e-09 3.566262524955943974e-09 -7.252777383510491978e-11
6.124545228022086252e-18 5.775928238251199509e-10 -2.469507406393426279e-10 5.869782062742493380e-10 2.944615409202315549e-09 1.757936007413794835e-09 2.233744818930604513e-09 1.868606042404044901e-09 6.268582383810492001e-10 -1.265615903810246559e-09 7.490977750564220332e-10 1.891804511244937068e-09 1.213521388709892878e-09
-1.142809233012511483e-17 7.279705332840426927e-10 1.506250545283214123e-09 4.464202915671365644e-09 9.086918555261963512e-10 2.418169913743406221e-09 5.067521405809180382e-10 5.139640239701826702e-09 4.674612985068394407e-09 3.336980520597590047e-09 2.131264015197283546e-09 1.970852057226894107e-09 3.355896330950198940e-11
7.373601632645250986e-17 2.662734370500509301e-10 -5.449626423992870072e-11 1.385975741434747928e-09 1.740540066435172476e-09 -2.708484332912090580e-10 -3.096149441858497010e-11 4.075040004898175249e-09 1.393830100602661010e-09 -1.728530347997366045e-10 1.321918820409871134e-09 -1.281808629075614953e-09 1.796703046880124486e-09
2.884178121580251592e-16 -8.337061475350356080e-10 1.781425335817523611e-09 9.150294867136952774e-10 3.402094095670356192e-09 2.342983585281762381e-09 2.851120632795234873e-09 2.491182725541176003e-09 5.841826204944826049e-10 -1.492095743979598697e-09 2.694952229508653777e-09 3.724999758581934110e-09 2.380536505069021371e-09
8.587001142964693746e-17 8.675708467500249204e-11 3.990531538166441786e-10 6.027684462609260828e-10 1.037385996743308905e-09 2.381733182903446865e-09 4.912704641596022858e-09 2.196053422864659239e-09 9.253345025310407763e-10 3.849961342812932708e-09 4.993199825863312720e-09 3.416822167845818347e-09 3.548314064626620221e-10
-5.470221800677207398e-18 -5.193773528471267196e-10 -1.132025512643868536e-10 1.053584642732016455e-09 1.550777668662027766e-09 8.100010378053472242e-10 4.050095317191149557e-09 6.169915682567996189e-09 9.399938355208009786e-10 4.658900976058131105e-09 3.726870878186887684e-09 4.286967564077588506e-09 -6.978638029367561607e-11
-1.277996606618224313e-18 1.010412046448994782e-10 3.435100936477436376e-10 5.348955124830874446e-09 1.992784004589239658e-09 1.026108237487740090e-09 2.812405404699553023e-09 2.499675434524237794e-09 2.554201846968841623e-09 -8.742881649645522929e-10 2.486179233320030292e-09 2.428265899462541328e-09 1.293032262288810376e-09
9.843705880041187521e-20 -4.908023416243251413e-10 -1.604091263085851886e-12 3.966619942196042041e-10 6.063019642913165577e-10 1.921935119005322612e-09 3.276344945016769727e-09 4.652580945629851763e-09 2.282809581108282317e-12 8.032663909558005859e-10 1.446873154319869644e-09 1.019682507467992444e-09 1.288712134188384535e-09
-5.641649498345718425e-18 1.330311182012014077e-09 8.490626413040987666e-10 1.095649993220871519e-09 2.793862805827066970e-09 3.446005398244087834e-09 2.053281260988876219e-09 1.725904236564075859e-09 2.803691925828711783e-09 4.053450161245591921e-09 3.847486104557901572e-09 1.977650312932532315e-09 9.730070940792064712e-11
-3.100957855870865630e-17 3.182145022570874823e-10 8.439741074837700739e-10 1.676440345426004053e-09 1.728814743383445987e-09 5.104062323151736233e-09 5.496961743446169165e-09 2.784636769879541406e-10 3.675524177595010238e-11 -6.978921207580041078e-10 -1.999180313682233015e-10 1.952665697425944539e-09 2.709647958021950238e-09
-2.071857396710003637e-18 2.994781349442051672e-09 2.249585270497032260e-09 1.173227556682731925e-09 2.869864207179374693e-09 4.168264275688210914e-09 5.217368974428229010e-09 2.440393256876737370e-09 4.345459998469756818e-09 3.647256636534530961e-09 2.821701276926594925e-09 -1.559264699631619973e-09 8.999896529201741099e-10
-4.521061673956518475e-18 5.923565306819435787e-10 5.232155350970422880e-10 8.400311191513880361e-10 1.304768411980079911e-09 3.020539983707334075e-09 1.672301664806285859e-09 2.388986382443535000e-09 2.474119970353643497e-09 1.540328349766598051e-10 1.203461327195153409e-09 1.335281986414078509e-09 4.463093401571932563e-10
-1.156587586689783407e-18 1.118206348240142546e-10 7.832935016320797143e-11 1.099317361159417406e-09 5.285777917786040916e-10 1.526906663591514268e-09 5.103214466131224636e-09 5.330170767757062470e-09 2.273778025986018958e-10 1.583428070982845732e-09 1.906997582955721164e-09 3.865267308717238129e-09 3.489220494911028252e-10
3.004293771200570730e-17 -5.201679859224273504e-10 1.177002486022991816e-09 1.398768957683533054e-09 2.043262225825662860e-09 4.650277257655847887e-09 4.981974976850188218e-09 2.895153214589020097e-09 5.788913820686890033e-09 2.171286487907566128e-09 5.712118933431703020e-09 -1.984975250918371526e-09 -1.430084828314543708e-09
1.207805766975505256e-18 -1.781215714349917856e-11 4.436091514547909460e-10 1.087588306218494492e-09 2.785556978646127263e-09 1.686450018860925549e-09 1.133101250737705655e-09 3.878264394088772916e-09 9.635078347971780928e-10 8.844593073815015492e-10 5.621946559838920626e-09 -4.696982101115561928e-10 2.019472553226217639e-09
8.997280019421648804e-20 -7.318910850123372098e-11 -7.937344737892898459e-10 5.998744794775838672e-10 5.005769274897921311e-10 1.986851791306039534e-09 4.495957054010521241e-09 2.246002200695201647e-09 2.346783594372378804e-09 3.682095916359049612e-10 4.133960239701341369e-09 2.215336165411763996e-09 3.103234158969044237e-10
5.448578247529502139e-17 1.602467292712320135e-10 5.325603559274576490e-10 6.448425051516390711e-10 3.056990849926639078e-09 2.588394611068788544e-09 1.436485948735420777e-09 1.891335028337033815e-09 5.838608802196384963e-09 2.544749173159400789e-09 1.437241422879441985e-09 -9.580279972815749687e-10 -6.513723054726594043e-10
-1.073739145428166164e-17 1.265466688752943040e-11 2.657237583273232774e-10 1.373553769543098641e-09 3.852711743487547238e-09 2.356615764131973343e-09 5.216893861051332077e-09 4.339700118332491911e-09 2.511579590589907327e-09 7.158550601412439477e-10 -1.466553326135521794e-09 -1.450782810685243177e-09 2.810507164909602117e-09
-1.742610491506816647e-18 -6.154428330279464231e-10 3.252355300506204526e-10 2.829245538141141437e-09 3.931247536403943385e-09 3.042564061017779340e-09 3.393553210802105212e-09 3.556479947487221021e-09 4.736510510391995734e-09 1.729463237139631466e-09 1.232689508253354679e-09 1.608384537395170968e-09 -2.973672809079339227e-10
2.600673083176935139e-17 1.652372513739487473e-10 8.418086301876392106e-10 -9.212241114623990038e-11 1.637613283641921994e-09 3.314190809136377323e-09 2.822974539853390283e-09 2.795044053818688754e-09 1.236527909624893305e-09 6.541383764747592586e-09 5.193320019723748660e-09 2.866652599839284414e-09 -2.978076876811992024e-10
5.404143454808954371e-18 -2.290108091535071840e-10 1.357866271368282791e-09 2.384359960719878798e-09 2.820175566393393257e-09 2.973028459780918925e-09 2.859974300286559068e-09 3.135197425857250794e-09 6.686337933459714317e-09 2.039686173836163481e-10 -1.545496959700709295e-10 2.029059046765603583e-09 1.022419145572889873e-09
3.126574187499862270e-17 3.639805154416300614e-10 1.030193738954027478e-09 -5.247357870900834938e-12 1.419519196655282195e-09 1.657095063220881569e-09 5.111186915306099856e-09 2.349054361759774076e-09 2.411374876768953058e-09 2.497237473249862399e-09 2.731854054304596085e-09 2.080235125877291154e-09 1.944997560650633895e-09
-2.317378306444564625e-18 6.539464692056456030e-11 4.283559371273984627e-10 5.068156008421135561e-10 7.409527324533812720e-10 1.865847547348470239e-09 3.579122371092289883e-09 4.680023827194050372e-09 3.241697968364959995e-09 4.633833521790179917e-10 2.966063400507042112e-09 -2.020750806746881629e-09 9.378341137557626624e-10
-4.250339868136073511e-18 9.466349603231786760e-10 6.091933176885892028e-10 9.823743374257803172e-10 2.491457477389452667e-09 3.226088503188320429e-09 5.707851556239256653e-09 3.983196086436580173e-09 2.513955661990901285e-09 4.951580622910546084e-09 4.012523067862400628e-09 1.331419721131794560e-09 -5.072320520761899887e-10
1.006426338714503482e-17 1.236212003259653094e-09 9.470354190610905895e-10 2.037997486875310895e-10 4.335259379823515028e-10 1.768831210098489702e-09 3.891156870945040561e-09 -4.062266787106235335e-10 3.531657216027146443e-09 -1.492422410684742680e-09 1.487387991793890785e-09 3.375804449139813369e-10 -7.768743738352116953e-10
5.244721807070706178e-18 -6.269491541422653525e-10 -2.498671925962801950e-10 2.464290206421231495e-09 2.664241459636925804e-09 5.419550037380096217e-09 1.729069221317789443e-09 9.072633567872387766e-10 1.219190771534725599e-09 1.706578554828518417e-09 1.686885968233495822e-09 -1.868663729570875146e-10 1.310370864479888188e-09
1.072933956431467439e-17 1.230649483262643366e-09 1.285122141153660139e-09 7.322484906819943098e-10 3.963180336555889510e-10 2.897455042713227137e-09 2.899813124233028522e-09 1.963611332159034803e-09 1.808443462815391022e-09 3.640843010777340479e-09 -2.380333512543938461e-11 -7.752616911125695559e-10 -9.048313057956964531e-12
-4.636930178737919616e-17 5.791641471654441257e-10 5.030022179808172638e-10 7.709686167783244857e-10 1.030368861655683389e-09 2.194304480898617029e-09 1.034339883701499704e-09 2.271280745443228961e-09 5.400707163967191119e-09 2.529558226787695246e-09 5.709624331494616630e-11 4.040501458560815176e-10 5.008448428582110939e-10
-1.674542918105984183e-17 1.306620092375178374e-09 8.158486232105075581e-10 -7.604967409258818351e-10 1.986812005585344254e-09 1.103492410716458418e-09 3.002046256610795643e-09 4.950736279552831725e-09 3.157124590353626254e-09 3.731365881202441808e-09 1.070747725529283894e-10 1.096251805101419054e-09 3.994583868942189693e-10
-2.749488714628108012e-17 3.547719182225558797e-10 2.479010287469117721e-10 6.254598600921908571e-10 4.175842084458268982e-10 3.616234565606101290e-09 2.241195697835020130e-09 8.696623551988663629e-11 1.314004748300320730e-09 5.514625810207895055e-09 3.193086952299545603e-09 2.674350908884403525e-09 2.406114680648271827e-10
-2.170805283050181365e-17 -5.818720938199129158e-10 1.243541868037421648e-09 3.028389190612094249e-09 5.983621089524925522e-09 2.718527872897849787e-09 1.419212866582099499e-09 2.610276657254546825e-09 1.465054090478001457e-09 3.958253032133870908e-09 1.115666611351749947e-09 1.252531598000286846e-09 1.424465261232103020e-09
2.533720521928958528e-17 6.180670486971366727e-10 6.981009315108456010e-10 1.009620268960823375e-09 1.964011566288864819e-09 9.926451704940918292e-11 1.474486737308487564e-09 2.834476774426803254e-09 6.235001617558009241e-10 3.269281846900510689e-09 1.747010013564596288e-09 2.866086718953101444e-09 -3.727040642021193433e-10
3.451651237365053744e-17 7.385973647270342865e-10 -1.377560465010829863e-10 9.211109189181204476e-10 9.237614748467211346e-10 1.995519945993156692e-09 2.549673314572579573e-09 3.453456626763293823e-09 1.243768548690727039e-09 2.571321944262980470e-09 7.627711706612926263e-10 6.707344308837927551e-10 -6.487679747985407822e-10
-5.173504754038140306e-18 1.284691130363398543e-09 8.721794825360671443e-10 2.990149341053607362e-10 4.259406615923307886e-09 2.496064804193346663e-09 5.177939987186011137e-09 3.239937579123360041e-09 4.471382699102414275e-09 -1.277919537635792529e-10 -1.068700167748523326e-09 1.345481619797476997e-09 2.525591234445941997e-12
1.778213735156355917e-17 1.018734043687214901e-10 1.467612786607934431e-09 3.193224731895546557e-10 3.044860824724551672e-10 4.645163027375290330e-09 4.608636672018247669e-09 2.951276476832919204e-09 8.634159358696196197e-10 5.232158985750388247e-09 2.956301840707245363e-09 1.607984319117787967e-09 9.726455578966368849e-10
-8.130586885882428392e-19 5.740904459572312377e-11 -1.414605430517810720e-10 -4.186545317617799990e-10 8.474704556333009861e-10 3.944359803897762886e-09 2.332461320851963063e-09 2.244857838264357045e-09 3.745310277185172795e-09 4.022603818446705980e-09 3.547930964480025713e-10 2.421179933198009295e-09 1.271936839189167413e-10
-1.379497767275408905e-17 -5.523296992295890016e-11 1.556809799483679509e-09 2.038185807314751824e-09 1.763514569358011408e-09 4.867642511829647589e-09 1.815156742358881417e-09 5.088391975573161358e-10 1.659278781330573189e-09 2.186509730892437684e-09 -1.223846500606498326e-09 1.676194075112124162e-09 -5.833174067123365852e-10
-8.799204694908168330e-17 3.240603261645191000e-10 5.669159169172364897e-11 9.240543830345330661e-10 -1.477866062871201613e-11 3.273327562943501628e-10 3.801314926309299830e-09 2.733964124093470442e-09 4.490030137168925712e-10 3.327134732285148114e-09 1.099780768782092605e-10 -8.219985879305304681e-10 8.357083431793048220e-10
-2.470408820909668626e-19 1.614799666203851435e-11 1.663265307209489226e-09 3.829622385965062554e-09 3.046442340721530374e-09 4.153558211646637803e-09 4.757353776978515813e-09 4.353367629933414671e-09 5.848216868565169417e-10 1.166754715267351125e-09 2.597029250577145673e-09 2.608684124624039177e-09 4.725720381510426143e-10
-1.305384829007991809e-18 -7.171923053361356081e-11 5.802112327263593862e-10 1.427634504285345388e-09 9.347361064881915375e-10 3.446431768370490883e-09 2.192251661199094360e-09 2.324590403451805109e-09 2.768684502838839799e-09 2.528665916096656428e-09 2.130895232245827006e-09 -6.940402657178443504e-13 1.006918097457704318e-09
1.134755725879454269e-17 1.068901069479630923e-09 5.207092993391345322e-10 1.435805670715921690e-09 1.065365585473629445e-09 2.409644340506524733e-09 5.577854267789911463e-09 4.184549967639405265e-09 2.211817466058862009e-09 1.124253095770389240e-09 8.405375164807343084e-12 -1.246637012436554448e-09 -1.172134367143668615e-09
7.629030376803009166e-17 1.476207824071770220e-10 -5.079463610139195376e-10 1.965929981417571642e-09 2.136757638740663637e-09 2.302682395292966458e-09 3.513263782469258009e-09 7.864467090752294813e-10 4.185308475375258162e-09 1.184242788044742787e-09 2.229320755459539428e-09 -3.873236858547860682e-09 6.690992960527730915e-10
-2.829854269570784767e-19 1.647036408205888125e-09 2.331648631334458435e-09 2.433669102925641518e-09 2.596346864979314309e-09 1.752198793256551750e-09 3.705634208006884833e-09 2.370014486858516215e-09 5.770715226703177114e-09 1.882430137276446090e-09 -1.528640444424969292e-09 -1.046403054070094399e-09 -8.616212118754988437e-10
5.242739118446636987e-17 -3.470851595635765213e-11 1.372400492411679537e-11 7.766058150909344867e-10 1.160129450847375436e-09 2.898627047741515106e-09 4.358941082070830220e-09 3.297659468440258188e-09 3.271317506179958856e-09 1.408812428528296681e-09 -2.533315392419748172e-09 -2.556939214073109775e-09 1.609632675556149279e-09
3.329789800390573666e-17 2.130287487716095887e-09 1.818189296899633685e-09 1.123894238811084000e-09 1.878502785405447514e-09 6.352966066971081010e-10 4.559300783962894850e-09 4.819504606995654595e-09 4.989629267127012432e-09 1.586417757651340734e-09 2.794086329413607325e-09 -2.188867383734276707e-09 4.595809627820998934e-10
9.047408833420956108e-18 -6.035679933937124204e-10 -5.991651511763055435e-10 6.194083034596482844e-10 4.059230112275074895e-10 8.698462570365392601e-10 1.971381773750226479e-09 -1.259819470734836046e-10 2.535780455423965804e-09 9.211179693878424791e-10 3.695669252077517138e-09 5.673126834242872586e-10 6.087754374976308867e-10
2.728360129564065542e-17 4.806908121381842436e-10 6.468707582941413378e-10 8.467926995308935303e-10 2.852788527051223018e-09 5.646858720328000444e-09 2.447551518428082666e-09 2.692802274372507765e-09 5.378842406089965005e-09 4.204189504032219160e-10 -1.066483884423265751e-10 8.593427650891032384e-10 -1.543634072770818590e-09
3.799742731709328744e-18 -5.278473703168239899e-10 7.627448106480896174e-10 1.002931391934068583e-09 2.307811741586971660e-09 2.603041941055046637e-09 3.367920891977888233e-09 2.619534843445681228e-09 3.986199307331471270e-09 4.884402148612129971e-09 7.854471614497350183e-10 -4.290089367993655852e-10 5.511312652307481203e-10
-6.188266591104612389e-17 3.546576208474345846e-10 1.129219032669127945e-10 5.925361870811018077e-10 2.068688392804962717e-09 2.174546583929197833e-09 2.641321811849924643e-09 1.199642664172884721e-09 1.000153648396424594e-09 1.217514498266428843e-09 -1.082532712588198567e-09 1.666378492664544674e-09 -7.806605372887823634e-10
-4.227927494529962228e-19 1.539934211639586811e-10 1.678610636781210915e-10 -3.044028530618997501e-10 4.373254949033183230e-10 4.716703643275436019e-09 -1.347990340643132027e-10 -1.236648237682208989e-10 1.300669683869811921e-09 4.743605906388567599e-09 1.800601379191416798e-09 -1.667276607156637421e-09 -4.042860174632365253e-10
1.489711776055866524e-17 -4.344420856351388423e-11 -7.147449469027716379e-11 4.484156316635047877e-10 2.536736570935472506e-09 5.908742253253222666e-09 3.346672761141144743e-09 3.844976615597374545e-09 5.641814715511085530e-09 4.014238766128107435e-09 -1.385303378842679947e-09 4.073462580824877358e-10 8.347506205741573421e-10
1.436173384752470406e-17 1.346592251178456605e-09 4.570080222564782728e-10 7.846945636310712733e-10 1.553794846756846878e-09 2.165536114530692164e-09 4.021544404576988757e-09 2.113476912010443157e-09 4.735826844596268528e-09 2.645878466113503861e-09 2.420718912137721109e-09 6.535570838223525847e-10 -9.796844999121009544e-10
-6.961375764728364672e-17 6.753010952296801928e-10 1.485454762534456976e-09 2.977483857964688778e-09 2.219342908802713394e-09 3.054470564726501865e-09 1.212077045652914735e-09 3.912505411239565914e-09 2.559633658140643100e-09 -3.739989570473679677e-10 2.782630721212084127e-09 -3.179339477319403728e-10 -5.561694400255047089e-10
-3.798401327995537582e-17 -1.402393569900485865e-10 1.226526996548269993e-09 6.997881189364733313e-10 1.621864306081586698e-09 2.182434918828231534e-09 -2.729600897422060234e-12 1.575628461413627918e-09 4.441019614517653692e-09 1.833305756007831235e-09 7.596741723685848341e-10 3.162369933033620798e-10 1.391524979939473772e-09
-4.719383846310932773e-18 9.275471575610707404e-11 1.084248301669403018e-09 1.413508345637107931e-09 1.846454562174004993e-09 2.629125597223110680e-09 4.996931172062239096e-09 4.304243969444111179e-09 3.449498897811496604e-09 2.811834243591681153e-09 -1.838121135612402181e-09 -1.036198814002892288e-09 3.087446217792079726e-10
3.323595299190938402e-18 5.297591533612378484e-10 1.381275118743941115e-09 8.442390941912422232e-10 5.218503409658121303e-10 2.359508309184604200e-09 3.391444290511750080e-09 2.884783835071213904e-09 1.769051857329441623e-09 1.689802287845901705e-09 -6.463191532585662870e-10 1.721835556338141938e-09 1.218535394726209083e-09
-8.816144153158952248e-18 6.583760100578373629e-10 9.263634736027664885e-10 1.908638176341286986e-09 2.031189643736364841e-09 2.583272315160915567e-09 4.971630874664718050e-09 2.914437856197817681e-09 3.252391119775632015e-09 1.920078159413103696e-09 3.700438227818036374e-09 1.621367969301584536e-09 -9.473928705790672323e-11
4.048746287993534176e-18 2.996425458608493201e-10 4.034534236976983657e-10 1.488620560028692814e-09 2.052892056820503847e-09 2.291840698663663285e-09 3.135846027987649459e-09 1.994885268993141848e-09 1.274531073444252429e-09 1.356244786266113849e-09 5.203021928579653551e-10 2.819143160995283835e-10 3.822504199864406567e-10
-1.804216282887284963e-17 1.664272762874042061e-10 1.757860979267207457e-10 2.970668993407329708e-09 4.740996060322608185e-09 1.893147227617464742e-09 4.509323907473755400e-09 3.914050661376004802e-09 3.334455649259339523e-09 2.846279562741248346e-09 1.478762627748931671e-10 8.041313443374202520e-10 -3.642373397740049151e-10
-2.796279158445372664e-17 1.928453533272294298e-10 1.518899042177264133e-09 6.770102278334293209e-10 1.182915952640724306e-10 4.433010048567810071e-10 1.306752874050022923e-09 2.552086690103301172e-09 -3.359168975295087353e-10 -6.529591236894857795e-10 2.018713474272064747e-09 1.312792008764246379e-09 1.161218726013317193e-09
-6.295892623890319693e-18 2.530505287901587635e-10 9.857022555292306038e-10 1.876356710745731805e-09 1.254944798453839883e-09 3.246134044387717565e-09 3.604478282792812938e-09 1.975684159656983780e-09 3.994414883888476268e-09 2.225383209402915858e-09 1.843458252533808094e-09 2.471705073700122084e-09 1.129020054803550842e-09
5.216775380129532724e-18 7.400229428996724203e-11 -1.872735292241517271e-11 9.586875141908917526e-10 1.069373546514553611e-09 3.837319053015254327e-09 4.642023903933250084e-09 1.019346181913917828e-09 -6.894380548939879845e-10 1.856052550126456273e-09 5.663240991142565600e-09 2.295222733941108876e-09 1.912518549529791126e-09
-5.773041014893638765e-17 -3.117406339442361281e-10 -9.281964497321558577e-11 3.433963343603359624e-09 3.541914379832029700e-09 2.304222497112280326e-09 2.939201578405350411e-09 2.579127199339760877e-09 1.401789452462557221e-09 2.725734009508455088e-09 -2.607614323666425194e-10 1.326182288586056836e-10 -4.292932447209731131e-10
2.485584805189832806e-17 -2.114042265326594576e-11 -4.808652299893440158e-10 1.817724578636023980e-09 1.096446911244720252e-09 4.679999120501513793e-10 2.784089555107985360e-09 7.963352704855929501e-10 3.042666424018041381e-09 5.829715359458935594e-10 1.315254321996968675e-09 1.717022378594024554e-09 1.035381311719459760e-09
3.107049298202817084e-17 -4.260680527963483294e-10 2.490990168354201573e-10 4.498038281320633655e-10 3.126052036005172967e-09 2.172503303946459172e-09 7.619035816852314496e-09 4.749182726394022643e-09 4.295021068828128606e-09 6.044026193528881997e-09 1.060903033030234500e-09 -1.434580663584159807e-09 -6.799168672312653759e-10
-4.159868546091329852e-17 4.455951501903657917e-10 1.719455035027392174e-09 2.306440653800384492e-09 1.531437166824879259e-09 3.883267636456927567e-09 4.794227857317500710e-09 8.151864855945517722e-09 1.982054437899644210e-09 3.546321740920764217e-09 2.939184814885022538e-09 1.766042724031114274e-10 -1.502789808942598189e-10
2.136315279147376278e-17 7.448690343084513403e-10 1.515478885737326174e-09 1.425409386965757909e-09 2.787699068615225201e-09 1.571794248122170057e-09 2.692033940710240883e-09 5.004799448004302442e-09 5.714044235292755136e-09 4.953147978590280026e-09 1.009875703175068164e-09 -3.045393717975862150e-09 1.692272965146362644e-09
-8.261804185961937128e-19 6.815436787623552659e-10 7.270681022928052439e-10 7.840140767092231737e-10 -1.612196310949665514e-10 6.972985473880979246e-10 4.317523540686477860e-09 4.488600003080194356e-09 4.558947726516966482e-09 3.790726708417850220e-09 1.604498396133728140e-09 -7.969097957086929955e-10 7.397702395822416902e-10
2.054714281429324940e-17 8.916387089519579002e-10 6.047705336008659486e-10 5.215000835692667170e-10 2.236857397301135963e-09 5.132647755763278099e-09 3.039360499320190187e-09 3.366549609854343256e-09 4.274354779901864971e-09 8.444843760053375450e-10 1.569465924945016998e-09 2.004032340135247998e-09 -3.738742387432442186e-10
-2.122779656235843592e-18 1.470718682317617571e-09 1.913555504179478079e-09 1.479567799550356211e-09 5.152722321194840436e-09 2.853737991335367347e-09 1.326326275178302256e-09 3.999558944496188634e-09 1.784823602029002238e-09 2.327516803133491740e-09 -7.598820793922214219e-11 -3.821641356989384248e-10 1.278116727340526432e-10
-2.561533336449539419e-17 9.187893553811618377e-10 1.557332767646315854e-09 4.038260717427234072e-10 1.617280981576246057e-09 7.300968340322907649e-10 -8.929146570929990008e-10 3.026313542295621536e-09 5.715165550484800684e-09 9.370495335924246800e-10 3.393117108847279265e-09 -9.954475588776738984e-10 6.041440652088553059e-10
-2.883022794159395067e-18 1.961729807132202700e-10 2.033448469986754204e-09 2.303386806646914924e-09 1.243170435824084200e-09 1.217992989810763338e-09 2.576423978953903173e-09 1.638880423863458141e-09 2.618963428607121319e-09 1.398311472901591428e-09 3.016457362040336489e-09 -7.993410834375829263e-10 -1.184006899684386728e-09
1.512982097831141413e-17 -2.569105223255507325e-11 1.736683491788585631e-09 2.123119327843857076e-09 2.635309964593026540e-09 3.283934909729911473e-09 3.196587077613389794e-09 2.206552362757060979e-09 4.006417061973851505e-09 5.244828628299645331e-09 6.311772137376124399e-09 1.896117858665598692e-09 -1.710105860478452139e-10
1.129403996984966906e-17 1.462702913758724949e-10 -3.072437509237767710e-10 -4.922403030046133656e-10 2.543909937088742279e-09 1.994393461941102850e-09 2.472779162161285832e-09 5.384788427525632930e-09 3.964357337614128102e-09 2.715839655245132302e-09 7.756784140708577186e-10 1.409751995680965181e-09 7.296036073151435746e-10
-1.055275291783603336e-17 -6.866910218854681761e-10 -9.161075042181910756e-10 9.929669814811001019e-10 1.764557767187301106e-09 3.454937420530201419e-09 2.112697268722484470e-09 2.699098796788410004e-09 3.229741537836800989e-09 1.603351148843804788e-09 1.753699577834054908e-09 -1.778648822575632413e-10 1.019254616889636572e-09
3.672329688202560745e-17 1.910262335484118556e-10 -3.100912195932733463e-10 -1.305385363462196907e-09 2.247097313305542443e-10 1.499393927441444350e-10 2.580279109883319632e-09 5.370432011337981694e-09 8.378704328909886673e-10 2.472910600186897405e-09 1.290843056596060008e-09 1.340013324087131575e-09 -1.759325530229871947e-09
4.298653191208390017e-17 2.524378182694063957e-10 2.476087165407637463e-09 1.662719473376365082e-09 3.614080077104306137e-09 4.224886433823607946e-09 3.289159570928809047e-09 3.148576349289977086e-10 2.088399167833151343e-09 4.709452403030241805e-09 2.048712094168291118e-10 3.428958659593654083e-09 1.008733447562510652e-09
1.584339317679678699e-17 1.677725174629195630e-10 5.208854785849204890e-10 -2.559219679777245224e-10 1.247672198186522904e-09 1.679505862284792884e-09 3.797816481837418835e-09 3.778821748441095961e-09 3.770441788929252304e-09 -3.974315746368530439e-11 3.677915741087453509e-09 -8.279864911635043186e-10 1.320901140127197186e-09
2.370143448857865168e-17 -2.903146024183127944e-10 4.000385571227061528e-10 7.120639466551639172e-10 1.752676929585648650e-09 3.340017879787806953e-09 4.201418110776607422e-09 2.337791515157761827e-09 2.722806899685967367e-09 4.111726255789927905e-09 6.205436992452520267e-10 -2.632461514524004348e-11 2.678896506834823668e-10
1.679088452683862380e-17 2.415297924218102339e-10 3.793592701144616611e-10 1.450728783672755288e-09 1.195941137844714553e-09 1.071372764728639063e-09 3.368880598125383985e-09 6.207448524020748900e-09 3.213062186834959755e-09 3.949672585505873271e-10 4.735814127049938100e-09 -1.197149519894161030e-10 -2.609308995825486680e-09
1.631694210832403230e-17 8.616374892861683816e-10 8.779072983095999514e-10 2.189352948998206733e-10 1.707038745068657050e-09 1.540221525270877820e-09 2.754583057747786747e-09 3.847082113887652932e-09 1.030655386283222710e-09 -1.552956420731469155e-09 -1.013066224389805130e-09 -1.639315157420175901e-09 5.370792734637863743e-11
-1.349635126160290785e-17 2.953390657211789369e-11 3.666562408445152207e-10 2.899680443166511445e-09 2.093674379648464720e-09 3.280627735039466456e-09 6.447351695059944409e-09 5.681245252288580594e-09 2.972419478791151758e-09 2.690816300051494142e-09 2.155515977904403573e-09 1.576278341838718182e-09 2.901767962239269746e-09
1.169814940340401517e-17 5.996034408094131845e-10 -1.915228709289501076e-10 1.028307129112427111e-09 1.751691490128728324e-09 1.471972657319448325e-09 7.412588426260376604e-10 5.685233782257495530e-09 6.274934430941690583e-09 4.517741631915733937e-09 -1.473053171958872933e-09 9.847734551196226077e-10 4.287365683671739906e-10
2.146565335105551308e-17 7.406844029219983776e-10 2.493881396655400769e-09 1.711205651021698737e-09 2.372374608588461996e-09 2.187798944062939598e-09 2.945236220334880938e-09 5.847136694855981233e-09 2.445113589182260945e-09 2.003820171353778624e-09 1.315898325606993673e-09 2.592329519502501954e-10 -5.965259544117332190e-10
2.858367488841823014e-17 3.130671889451595640e-10 7.292645025022981875e-10 1.949319510271962649e-09 2.035894946643328385e-09 3.065428254892217139e-09 2.333259053440325617e-09 4.418382629668361091e-09 -1.003228723256724966e-10 -5.001071056998084030e-11 1.580877246241338421e-09 3.001384727786611514e-10 1.632424359272299042e-09
-1.637859847427989122e-17 1.286623342634618474e-09 9.195265644037247141e-10 2.131987065066492760e-09 2.062080323376201111e-09 1.991265315366942082e-09 3.613812097993280721e-09 3.868185653518527628e-09 2.809408100328619351e-09 2.957878558350774244e-09 3.185571059376512157e-09 1.364632193132485734e-09 1.437348887792403085e-10
2.522680940436691599e-17 3.487308836737577567e-10 7.137784635914342293e-10 1.591176539324487061e-09 7.736003303854222402e-10 1.842008515827330573e-09 4.355754407022593554e-09 3.921228126150083319e-09 3.920049526019978398e-09 3.129107277241328301e-09 2.182964123369791362e-09 1.520714965525080092e-09 2.500661066635482704e-11
2.648634112135455353e-17 -2.527435222457422820e-10 5.338392932445362644e-10 -2.356187827806708746e-10 4.016693024279234358e-09 3.025393223338550072e-09 1.927305743327603761e-09 1.752591051021343650e-09 4.279944452961839897e-09 4.396744716740631894e-09 9.280062472092485653e-10 -1.863963060153875215e-10 3.453683457424087004e-10
1.939376848811125290e-17 8.455025085440967127e-10 6.538489187051856684e-10 1.367677577682432398e-09 2.759878747146919445e-09 6.950289160096786310e-10 3.878967954303274854e-09 3.242359043197028069e-09 4.970941222584239884e-09 5.047929165195659713e-10 2.038623447422752539e-09 3.229911473459811744e-09 1.615512878617395053e-09
-7.119397359270247948e-18 -5.245658432535400492e-10 -7.551258691216426161e-10 -3.894156260993066834e-10 1.795461743895550038e-09 -5.287004627577791404e-10 1.226339972036496745e-09 1.140300375872452825e-09 2.011637664843336680e-09 3.317393925609563319e-09 1.815455176793482631e-10 2.310938741472297175e-09 9.564683395391850787e-10
1.243810268555559368e-17 -3.525987263167851044e-10 1.663021257064243921e-09 3.195044503449865879e-10 2.463367980103386866e-09 5.114959256276815289e-09 3.698811191708516840e-09 3.570350324464745778e-09 2.667474750228570224e-09 2.806765408712268220e-09 4.332605997525759541e-10 4.797569851028428653e-10 -1.102075964515930493e-09
4.159006197278119143e-17 5.968814589346204264e-10 8.191090193537801962e-10 3.026648604928054701e-10 1.293589250096722896e-09 3.319639782262182408e-09 1.229354512044295748e-09 2.361411664161153132e-09 3.319484483940149839e-09 2.134305038072385115e-09 -3.454608187250375158e-10 2.614233079063791242e-09 -3.777216093884001819e-10
-1.974906156365813402e-17 1.809014892109330630e-10 4.864239364929587606e-10 2.442902875532493381e-09 1.978776833784083511e-09 5.766166410108854913e-11 4.112742648182814913e-10 3.603229726621747241e-09 9.461914085129613776e-10 1.270237698881786064e-09 -1.655937031487694233e-09 2.623889898906221757e-10 -2.769181348829595022e-09
-3.062749751424919552e-18 8.562315369966258799e-10 1.342883811701116197e-09 2.252408449379779152e-09 2.377402129829234618e-09 2.964767532140127018e-09 5.334248389435745283e-09 5.688208353215727949e-09 4.978916828061367973e-09 1.816215245735441707e-09 1.343124676621017421e-09 -9.056182719294512718e-10 -1.406196926543200575e-09
-5.378637648237075736e-17 -4.920051764500810653e-10 -1.620956390001133446e-09 5.206828896248982975e-11 -5.227724579491036336e-10 3.460333317149817767e-09 3.883426240308201189e-09 2.948542874256848862e-09 4.021165403088279503e-09 1.678944408888688838e-09 -8.228932680352016411e-10 -2.725133020482923643e-09 1.184758373342475481e-09
7.310411631972649643e-17 -5.425816342820728299e-10 -7.287195515594896095e-10 5.124432401766572405e-10 2.588638040111916526e-09 4.557977976381722689e-09 2.950817190059979326e-10 5.169028915652767627e-09 3.037528441025875634e-09 2.748639997359283107e-09 -1.027377185889571325e-09 -2.558856120267225738e-09 -1.158756297545941339e-09
-5.912678125040764451e-18 -3.341723779811455140e-10 1.629276099809334642e-10 1.534183358211856627e-09 2.048404351510482898e-09 4.930654598470577320e-09 5.148157805497552217e-09 1.352039588524096426e-09 1.541262629544137292e-09 1.173435099919205881e-09 3.116075829193662055e-10 -3.872411082121307703e-09 -8.616240592716544013e-10
1.421614655192791137e-17 1.962409849521126328e-10 7.197557536856760937e-10 1.202208136478969149e-09 1.661287190034678567e-09 2.772970527070446258e-09 3.865660007430533320e-09 4.697655144221966605e-09 7.369996922174338245e-10 2.552796041011182652e-09 7.110626021977504640e-10 1.532721921040472162e-09 6.194564752586737109e-10
-4.858761503090458336e-17 1.506073687402616738e-09 7.973718634144059625e-10 2.022481423887548233e-09 3.861162101152499353e-09 2.008146436595664364e-09 3.388601884536192473e-09 2.234495831021050988e-09 3.088079267124036738e-09 1.701812288964789880e-09 2.201283568658735377e-09 1.016339335482011443e-09 9.001741103292713525e-10
-1.480444701029553282e-17 -5.580099812335035511e-10 1.823090926727465683e-10 5.518825891453559771e-10 3.295107337703571204e-09 9.031075914467454197e-10 2.009655982003786456e-09 8.038516380379387911e-10 2.397135687261852144e-09 3.755020724732550121e-09 -1.005798155652086259e-09 -2.811278259439877893e-09 -5.813856563710436718e-10
2.139972337596405523e-17 -4.374164928234569470e-10 5.884273501451492975e-10 1.221896964514679810e-09 2.218249640432587921e-10 -2.850351653342150881e-10 2.805138094981971998e-09 3.214537405202920087e-09 4.279524934173998414e-09 9.615334381240008048e-10 2.798932636680310939e-09 2.614396250209242814e-09 -5.847255295907256617e-10
6.289563938510263859e-17 -4.567154564848220484e-10 -2.155752409984901946e-10 -3.495065151094558487e-10 2.855937029892245423e-09 1.214721570492736274e-09 1.447371896330609973e-09 4.638136314445481377e-09 -5.029580357843251320e-10 1.978717351734431430e-09 -3.365969930515852275e-10 -3.420646882397840702e-10 6.500875972593268120e-10
4.245482208292767613e-19 -7.727415046868577978e-10 -1.504070793644662028e-11 4.998964472674162973e-10 9.519926908048845039e-10 1.262548379163369644e-09 1.279845989208068246e-09 2.383145111348207120e-09 -1.325775790514760708e-10 -3.565377103063539657e-10 3.634381041621593392e-09 1.522986172328661520e-09 1.378532446681882071e-10
9.368251476049022211e-18 8.038656816689582998e-10 4.544493584194182293e-10 2.500995439940416011e-09 3.981544362222641615e-09 2.535919355685592715e-09 6.067139894060888250e-10 4.792835215583710391e-09 3.493817501121405310e-09 2.618687995996386242e-09 -1.108755492703036998e-09 -7.015390659736579733e-10 -5.220577251458580531e-10
1.681108760481295191e-18 4.059607912727632827e-10 4.152857640377152794e-10 1.451396315848673863e-09 3.307728869700243646e-09 2.134567562324171026e-09 1.742360424205256965e-09 2.740195831043917177e-09 2.419180954495412101e-09 3.173141034787259717e-09 4.261061085760577624e-09 -1.251684414361778960e-09 -8.475982967527627379e-10
-6.122096387813849627e-17 2.449450532547424951e-10 1.547800573375290406e-10 9.500180487579068247e-10 5.243228114290429247e-10 3.088366284760568489e-09 3.223446143165225473e-09 5.147290874951370244e-09 1.777227261550200645e-09 -8.869803489943542186e-10 1.832359884456264894e-09 1.734333652259734672e-09 2.255505362222698629e-09
3.053611968520230850e-17 2.987792406138508896e-10 1.548675666666317185e-09 1.363854503237750341e-09 1.887375458224244014e-09 1.133068350867936823e-09 2.582510158348210373e-09 3.242053260579503745e-09 2.483691919163586402e-09 4.047679609965180189e-09 1.950991044450594189e-09 2.713291902709746939e-09 -3.447379103827706282e-10
1.309904409811642655e-17 1.259785718215726968e-09 1.240522550040284688e-09 -2.682060205333139985e-10 1.533894943833799174e-09 2.272998381659491947e-09 2.494740544515676092e-09 3.538594415854217218e-09 3.180385768499970816e-09 3.530112499545006713e-09 2.776585070521498586e-10 1.350962345039941718e-09 1.736365944714222439e-09
4.128689940065549340e-17 1.243660574207797342e-09 1.066512353847688931e-09 -7.152993924683789881e-10 1.052408390914625134e-10 1.921230832948448917e-10 3.803260969982316879e-09 6.420906633383757234e-09 1.222695646721413792e-09 4.786617872465789406e-09 2.666580169991687084e-09 2.987417688682722584e-09 -4.540045106406362513e-10
-6.183190501428397122e-18 3.317342017941651230e-11 9.194775490636547416e-11 1.595354975610128431e-09 4.318880871264274665e-09 5.813391060563079098e-10 8.800008549307089615e-11 -4.802170098124805750e-10 1.112030257055678377e-09 1.554094606293009335e-09 1.120957639299915954e-09 1.259885718741213542e-09 -5.425610083170202772e-10
-1.159449171267229103e-18 3.884556871606164838e-11 6.228402197028125551e-10 3.323178498742818265e-09 2.633716481724965965e-09 4.912505116707645595e-10 -1.163821485310615747e-09 1.808618081520973216e-09 -3.718659114264003896e-10 1.689888441847610181e-09 -6.727642475442977041e-10 1.409120621079716487e-10 -1.171786177316646241e-09
4.029836187776963092e-17 -8.737250707245212699e-11 6.744235687188908320e-11 2.700165240487546442e-10 1.554095450848523565e-09 1.094993377298247920e-09 3.048082896647390839e-10 2.215820503335884642e-09 1.217690382030517470e-09 3.721219514573477251e-09 3.965173054559080401e-09 7.170072166871731947e-10 -6.179693659514955978e-11
-2.069010751534686287e-17 7.177774912778225749e-10 2.370390450261701602e-09 2.750722101814947212e-09 1.635205683232073589e-09 1.940873742188706513e-09 -1.493552560141747641e-09 3.614005478100070916e-09 4.110357983088509143e-09 2.172291381055250125e-09 6.158319146295956382e-10 2.229822155251278697e-09 3.857328953596228648e-10
-1.722362713278335912e-17 7.740915262564684617e-10 7.080452022855211984e-10 2.856816118388525141e-10 2.883923344591895985e-09 3.703426829402037384e-09 5.110615958680361620e-09 5.717129120151891344e-09 9.042660259636642716e-10 4.574305375205581958e-09 3.725512626057022155e-09 -4.989075968952012973e-10 1.039602753910106181e-09
4.330993883371713184e-18 4.743130278643889647e-10 1.330383547527313343e-09 1.514349135325647380e-09 1.947470247982737863e-09 3.056973295109062872e-09 4.437655140456836155e-09 2.954403327888226714e-09 1.616509633455335292e-09 5.625387149401295018e-09 9.814512352355398634e-10 -1.223615425147263997e-10 8.127561701137441510e-10
-5.071170481061177014e-18 1.001118938003781143e-09 4.589714533070702760e-10 2.606741846635680059e-09 3.941990102673532094e-09 2.586346904193445170e-09 1.715311456529122061e-09 -5.381765930874256891e-10 3.483692736936302299e-09 2.707965519599438622e-09 3.240105368398519340e-09 9.881869093912144707e-10 -8.450264916175437311e-10
-5.019469531803680439e-18 6.163236487614653877e-10 8.176785988572701272e-10 1.671646467150257845e-09 5.376600085850605426e-10 1.573030436027243621e-09 3.130685927755430866e-09 5.784375181842532272e-09 -1.200317253564675292e-09 4.250653682346710833e-09 3.258096963659589565e-09 3.181001227779943991e-09 6.379348703806939225e-10
1.299925167484046673e-17 2.981810362066011809e-10 5.228393446728951531e-10 2.692929626207974975e-10 1.061394947039863163e-09 1.531997353721607033e-09 2.141200071110961580e-09 2.557907906168297887e-09 5.092149503475810333e-09 3.299024308572816916e-09 5.982574437906633426e-10 -7.828060973225803522e-10 -8.447450922095509453e-10
4.887643294799349342e-18 -4.773357493585109065e-10 1.892740312041639491e-09 2.778747332366422741e-09 2.916366277455119603e-09 2.962279035333888325e-09 3.023086923578769293e-09 5.079015145452455684e-09 4.604852171659157451e-09 1.932548131786102615e-09 1.716806171723690426e-09 -2.964177581200084767e-09 -1.807497761232685965e-10
4.269676577861951167e-17 -3.506434064246560235e-10 -5.964391349528541517e-10 9.556868501104489440e-10 5.052126449850942583e-10 1.377049035089578758e-09 2.098362243235946925e-09 3.362158109607409283e-09 4.722447482587346413e-10 2.313397696814512142e-09 8.453500618015138025e-10 2.218418567125860786e-09 3.477341452829517650e-11
-1.182569468286447110e-17 1.429361650657356062e-10 -2.327080060341019580e-10 9.161662143390148042e-10 2.432492228469484205e-09 2.899273160455451097e-09 3.331821469358592481e-09 2.077712147472189522e-09 -8.128320370854249378e-10 4.137693370170675409e-09 3.864592714773981156e-09 4.178505815719757094e-09 -3.959347422549486522e-10
1.858658861896975824e-17 -1.563518731255215532e-10 -1.512944294545887049e-10 2.135282085615055289e-09 2.861621132042902183e-09 2.107400339311872012e-09 3.432324271171868624e-09 1.800213501512266909e-09 1.300717415405494891e-09 1.238013345920568952e-09 1.664250067832885869e-09 6.404308501319173084e-10 6.852112068925753305e-10
-6.508143054974840440e-18 5.850040199388638499e-12 3.379594666898077593e-10 1.568679873490652807e-09 1.713580521288086716e-09 2.249468190334391992e-09 2.284083561089701603e-10 4.700059588136107344e-10 8.029722133678194288e-10 1.282873501761011912e-09 -2.371806449555437991e-09 2.100586446602222651e-09 7.999206455990658545e-10
-1.328150327605144003e-16 2.002468090054112899e-09 2.092300466088880919e-09 1.357687862878087956e-09 2.858645668129214612e-09 1.715235130107249945e-09 3.911088126022277578e-09 5.915168010779348048e-09 3.033668042438555210e-09 9.963247080494948762e-11 3.010159219198805385e-09 3.201333048898530730e-09 -6.187182071945000076e-10
-3.308379886372698036e-18 1.724591265713028279e-10 -7.408210291069917023e-10 1.045289735002468074e-09 2.080364468804149433e-09 1.151163902226484197e-09 1.870429877773775322e-09 2.931574014380072218e-09 5.207545684589156329e-09 2.193611220282322423e-09 -3.121608872822367619e-09 -8.518033079130638005e-10 -1.889180858666447944e-09
-4.953694022127053117e-17 3.874622205183847204e-10 4.591388484034285842e-11 -8.597071195884346462e-10 -6.337702556131513234e-10 3.322155511213172956e-09 3.829621592832968390e-09 5.883180387280452891e-09 4.791059619025946190e-09 3.221533227784061158e-09 2.173389349020019563e-09 -1.473454351766395296e-10 4.138013805599141141e-10
-1.162454562233036365e-18 5.688937087903635089e-10 7.322570595143410101e-10 7.361749449965353094e-10 2.683655440531731312e-09 2.504046819302684832e-09 1.728269757374453912e-09 5.012450360386470306e-09 3.121713702506567265e-09 3.931013259902885377e-09 1.968371885095565746e-09 2.620799227401967526e-09 2.659664050187099925e-09
2.378239845350938142e-17 3.238255783436504548e-10 6.184317645354887734e-10 7.320305792222372283e-10 3.074137849238124606e-10 1.589067257709412154e-09 1.356528850241705188e-09 3.692134389431391975e-09 1.899652802556588020e-09 -3.241936333173856507e-10 1.642731351023051800e-09 3.101877557698532416e-09 -2.884999574822085893e-10
6.468141869302533438e-18 1.460958180043815600e-09 1.091176124435817074e-09 2.218931112136012873e-09 3.219628232494367015e-09 3.204411704716230879e-09 9.971056707794361901e-10 5.017527653558357021e-11 5.180825591646028401e-09 9.297646210423891305e-10 -1.564251198071405883e-09 -8.561187602172510206e-10 2.658701147113923129e-11
-1.064867523675072938e-17 -3.446768904016446230e-10 -2.653980093610489022e-11 2.864717696966166727e-09 3.753714206362823768e-09 2.823952816613385780e-09 8.007644171858364679e-09 2.369536957447907691e-09 -1.484647661927150042e-09 2.366019995366114422e-09 1.075838056188585334e-09 1.074177155636730910e-09 4.038537649255861362e-10
-1.319077096210920135e-17 -9.258195642744386703e-10 1.513638906862881969e-10 -4.807328336817446614e-10 3.773459731312363972e-09 2.796178254352854769e-09 1.861885030220628567e-09 6.138845783120320042e-09 3.805341306811996554e-09 -1.727854458504285192e-09 -1.937971333589977516e-09 2.076155949240370622e-09 -2.275897091368409470e-10
4.576651748478204787e-17 3.689077470202298851e-10 1.430598966744622804e-09 9.379572659997818275e-10 2.244256483224196893e-09 5.426578444273339504e-10 9.467432493870446719e-10 6.535953280794895637e-10 4.274499803481623477e-09 -3.730041867711311037e-11 3.770163485328237934e-09 -7.315916757216687314e-10 -1.516859703748885706e-09
-1.073156637595982803e-17 -8.379971549123586054e-10 -7.039928325577233712e-10 -3.830580242192118610e-11 2.887219900241309939e-09 2.749023504412995296e-09 3.644018965121326134e-09 3.342475647019822191e-09 4.954781022335018497e-10 1.770612063289073834e-09 1.750591247266532072e-09 -1.898684260150286523e-10 -9.117948234954010649e-10
2.297008722842661218e-17 -3.043592686896946131e-11 -2.781992006708163962e-11 1.347127493260911272e-09 -6.732307170064210201e-10 9.946788487878073364e-11 5.224624735742421273e-09 3.338047445298439071e-09 -8.688036320964945126e-10 3.529629674197874937e-09 1.744525916153162848e-09 -2.046797139348498573e-09 -1.364699787712912140e-09
-6.752346338650388202e-18 -8.004335427672573078e-10 -3.816197411372867482e-10 1.363751417528894998e-09 1.119157613668056939e-09 1.405966330562805876e-09 2.147943947895980857e-09 2.253234501702778868e-09 3.053700050699305032e-09 3.000926556199750572e-09 1.748498419829931566e-09 1.108680270164130526e-09 1.642819840003934102e-09
-1.414388609471942079e-17 1.308345536480110872e-09 2.366910795792902220e-09 3.099458803174271269e-09 1.304122634858843379e-09 2.646369395517564145e-09 2.782885388842670544e-09 4.080075858602928343e-09 1.608684511761262844e-09 2.165149584532599347e-09 3.558446833354942814e-09 2.687651367007117877e-09 8.815058796977537243e-10
-1.594015558251041776e-19 -2.723444160302539529e-10 8.630618470026944923e-10 1.571296933134376471e-09 3.006263380060816573e-10 -4.165328353373851259e-10 3.270360400416458130e-09 2.759788457990280955e-09 2.881599068252996459e-09 5.525448740307573620e-10 1.570000656697491744e-09 2.436332064042207154e-09 1.210284160003488018e-09
-7.614265348759183853e-18 -6.157754694421063824e-10 -1.646631721984711302e-10 9.342506187458856508e-10 3.264979110317759773e-09 4.036082059184082340e-09 2.321005949134513463e-09 1.727581919201562690e-09 -1.438020178649511988e-09 4.775746236648354709e-09 2.669634699755840129e-09 3.072243792790751318e-09 1.801726180712640173e-09
-7.647303156876418137e-17 5.586165268613009374e-10 7.602552382671060525e-10 1.388908161700112985e-09 4.720325478325735466e-10 1.771312099451509155e-09 2.371668744181453119e-09 6.009605351955152694e-09 5.519443250439793238e-09 3.710345688795720303e-09 7.223713430648685785e-11 2.073079407624003202e-09 9.726182091626026583e-10
1.756169587194622142e-17 5.843388648441169662e-10 2.274111469731219966e-10 5.448628601088755182e-10 8.789724804150012696e-10 2.615308020856455784e-09 1.793705249918217416e-09 4.343300154943980901e-09 1.198164843097773794e-09 5.348094760590027510e-09 5.437177925401594735e-09 3.237390139811131844e-09 4.548873121542989287e-10
-1.847497640147960588e-17 3.990759660420804267e-10 -3.173294761168180771e-10 6.066145980646683254e-10 -6.473417101752216973e-10 5.050091965564830197e-09 2.236306692774400216e-09 4.188326591529028535e-09 2.322963838229951108e-09 3.288956736777648998e-09 1.974726009838626651e-09 -1.175632162044074248e-09 -2.502437239377803019e-09
-6.850233685916796393e-19 1.389775340622692731e-09 1.162997192403246204e-09 3.808544562037341411e-10 1.581832228450954287e-09 2.411227617089432565e-09 1.569975245214849829e-09 2.647765069172883916e-09 -7.795756439091249075e-10 5.412194951447947431e-09 2.883781318553726635e-09 2.142280427636059900e-09 1.033172037737824651e-10
2.619861721896910535e-17 5.289580428805709291e-11 -2.448002887328562658e-11 8.755162366069016819e-11 1.721837325132472455e-09 3.203402022012937221e-09 1.866149611830721852e-09 3.148641081174026800e-09 2.584162188980500653e-09 9.892221710474333441e-10 1.795746054726888362e-09 -7.892823657909988817e-10 1.530125578218059531e-09
4.326352766172596946e-17 1.934731772938496078e-09 1.420477041150777688e-09 4.065343373324218297e-09 2.556783421179370408e-09 2.515678735027066582e-09 4.011914423442462146e-09 2.389080403422959720e-09 5.320395559323663240e-09 2.645892871642991230e-09 3.804794785204837387e-09 4.524333008613043723e-10 3.572618068245930216e-10
-2.891492623502067003e-17 5.118076145166365318e-10 2.378732506037447346e-10 2.111248996675245358e-09 4.768378130898599565e-09 1.113446452370200662e-09 2.088157080150310891e-09 2.226991947427929635e-09 3.191554217456391479e-09 2.771839530225950578e-09 -8.661864179237056908e-10 -2.731131276719465562e-09 -3.972527068681480730e-11
-1.774479078245694088e-18 5.983607966576157824e-10 8.803036643763000691e-11 1.138860660219203874e-09 7.319362824344094903e-09 4.922750343444361510e-09 2.636886091776144685e-09 2.123171651526891792e-09 2.390044082073781632e-09 4.120449218518130348e-09 4.520377206554276006e-09 -1.242153249551573291e-09 2.381579965874929209e-10
1.427133220940808104e-17 -1.452470554700108762e-10 8.033195622192868895e-10 2.876364625458116619e-09 9.861355224209917695e-10 3.836042224988136789e-09 2.157001938197336307e-09 2.456918687460967442e-09 2.412863196124257716e-09 1.580216036131110102e-09 5.086234879965316262e-10 1.743090891534368606e-09 -7.318528962118781032e-10
3.610878726255014885e-17 1.154534188497912794e-09 1.421834379788744390e-09 2.005927140888068962e-09 1.937096655608995957e-09 2.119675377526656308e-09 1.122604155021504454e-09 2.918070904723604872e-09 1.463387734487934660e-09 1.525051083021488402e-09 -2.581703439573133764e-09 2.635119247361362568e-09 1.264355640831809289e-09
1.027653690722291598e-18 9.802186383660412809e-10 2.281261297755582761e-09 1.026500253063569483e-09 9.859584142792097515e-10 2.440429805315869958e-09 3.478317314522642518e-09 1.767653534617957867e-09 9.532155864008574796e-10 5.760229292758509010e-10 2.605211267880412147e-09 -2.337629177862095034e-10 1.056882386918099646e-09
7.532988802058446070e-18 2.339523901992822340e-10 -3.164312033548653581e-10 1.238577645756270173e-09 1.460775151435808630e-09 1.012705449836029340e-09 2.799168011418639141e-09 3.664467902168661200e-09 6.049107441099599086e-09 5.034104543112655185e-09 -1.230996959692256854e-09 5.883242988064358825e-10 3.208019136483196386e-10
7.083755902355506583e-18 -1.966168861488240296e-11 6.161305502751724780e-10 2.098088075559953656e-09 7.010014258187437820e-10 3.746833772558849329e-09 1.618122990722968753e-09 5.522008516831057285e-10 3.850858492277463737e-09 1.340537641953382506e-09 1.390039992768052435e-09 -8.321058014276060374e-10 6.135705468450165644e-10
6.486037283786978742e-18 -3.713187459940804921e-10 7.982278423670207882e-10 1.735358909584042092e-09 8.987071722066858491e-10 1.921194892683659417e-09 4.974734237842573698e-09 3.491044154001437464e-09 -1.287893564898167082e-09 2.234049358259603509e-09 1.818865060734434448e-10 -1.809922001419808277e-09 -2.137676943541531628e-09
-1.832828935697442676e-17 -8.660134307376449992e-10 -1.636174835299577394e-10 2.133308478064802892e-09 1.699426853065423426e-09 2.445502478725497656e-09 4.727674125959068092e-09 4.920942550427421338e-09 4.146982496126391003e-09 5.144075240149491158e-09 3.674727803209179027e-09 -1.530748137768611486e-10 1.094703588436456610e-09
3.481584494425923369e-18 6.612198616815854084e-10 4.286023326202924797e-10 1.570862524332201654e-09 4.682368026635590454e-09 2.589161082225376445e-09 5.141253631355568330e-09 1.132332109881322379e-09 1.315351108539064202e-09 -3.610487210975638221e-09 3.238754703275051295e-09 2.937759783409276437e-10 2.858879545642479449e-10
-2.577724168449084060e-18 -8.075865632443648820e-10 9.477088509675302841e-11 1.004837747109146368e-09 2.946669279480424921e-09 2.709292606933406657e-09 2.882227390050612326e-09 2.951732487067475806e-09 3.652486876080672495e-09 1.974974887136781231e-09 1.687427004900335727e-09 6.378211675124564671e-10 4.039369546887004346e-10
4.931584583336533166e-18 -5.923184612110880006e-10 3.104479777959871793e-10 1.385146809640493218e-09 2.700045186705096713e-09 3.714824676382114621e-09 4.564447159402038223e-09 2.279148014668840187e-09 4.846540877855652225e-10 1.346852507452340138e-09 1.877521006680979665e-09 3.852104892387359087e-09 6.146458176410515337e-10
1.393080910100128532e-17 8.932919559111821958e-10 3.022378383657321879e-09 3.414275712334300833e-09 3.802072301644654046e-09 2.904329337935230628e-09 4.875975933995534043e-09 5.088997566613854928e-09 3.675743844867251193e-09 1.981297949621450244e-09 3.126298588256213907e-09 2.419330581671461796e-09 5.928636558259828342e-11
-7.887333864799551477e-18 -2.874408169575623692e-10 2.422543439398392483e-10 1.686168432818156180e-09 1.149162159405504152e-09 7.056783297162932754e-10 1.041251691851003748e-09 4.782153076191342557e-09 1.787281281823061784e-09 1.453977233624194085e-09 5.231680813280066185e-10 2.323951044676852408e-09 1.537610479029129529e-09
-1.569084855192334049e-18 3.154259934171850494e-10 3.238347882340194307e-10 5.247129589547534778e-10 1.062505557869537970e-09 1.779755707684964431e-09 3.101062326401955290e-09 2.683172935289835292e-09 3.874295324833600118e-09 2.450150782351459851e-09 -3.411033404801889237e-10 -3.931238049290772408e-09 5.238575849197030797e-10
1.941124230441408466e-17 3.787757759856929427e-11 1.323570703277438920e-09 1.955108635878493214e-09 -2.337303538823195098e-10 2.878817987184554023e-09 4.512435896463227285e-09 2.592508033617529536e-09 9.303698450568641135e-11 4.254680734647387071e-09 -6.497399698228185774e-10 8.888840656136433673e-10 1.177456529483375286e-09
2.098913628577903741e-17 7.229046866784203316e-10 4.171576952650975353e-10 1.135198586318023356e-09 3.220438935973438975e-09 1.866973847565423206e-09 3.381547487750926890e-09 3.191036196567809886e-09 1.348553305407987192e-09 2.262999553187662503e-09 3.013350292884598403e-09 1.330742275785861906e-09 1.282475259714890364e-09
1.108367231596180394e-17 -1.099131906265172556e-09 1.917345233260925370e-10 1.019949416601302509e-10 7.525809067202840040e-10 2.275720817085354261e-09 1.609928776759423156e-09 4.586545962294814749e-09 3.680071727840835411e-09 3.132183883506350115e-09 1.791920904336851940e-09 3.301107883005815170e-09 2.442153655873106234e-09
-3.773388572025294078e-17 4.926979724500196582e-10 1.106295882166075258e-09 7.757671627280452425e-11 2.171047978194859012e-09 3.104557873333840723e-09 1.594304863124063792e-09 5.463719938493400085e-09 4.129877935116032569e-09 2.225766111601183953e-09 5.177726535602733258e-10 -2.170192998362184511e-09 7.662066543785867405e-10
-1.291141807058081816e-19 6.489585827953497425e-10 1.289967469926709309e-10 5.435449226496097010e-10 8.752491844893989241e-10 1.240431122721276410e-09 3.644241224797044825e-09 2.438436990466568061e-09 3.445011017510405427e-09 2.817431163875396650e-09 -2.868608577645925624e-10 2.480011776045324836e-09 -6.471829742195985705e-10
-2.723404513220767938e-17 -8.366841691159904408e-11 5.655296860442264496e-10 1.347478136326724134e-09 1.152111684758059209e-09 2.554997416984157029e-09 1.564854716870214877e-09 5.284974803651824850e-10 4.051773507361050739e-09 2.816693591902494922e-09 1.125223056093892831e-09 -6.498314627835562418e-10 1.007907518108542137e-09
2.168335191313955345e-17 2.821618742735228445e-11 3.327915021774195879e-11 2.153284875077948264e-09 7.112024817191477367e-10 1.395028974596703929e-09 3.268323505420295371e-09 2.838225153148589108e-09 5.101481825616284100e-09 4.069902186294214946e-09 2.627436977046986271e-09 2.722720975032320721e-10 5.880872329062256171e-10
4.849823880445415048e-18 7.598584629633060596e-10 1.346790135248590874e-10 8.523587478612970803e-10 1.300567673726197558e-10 3.200015434751162060e-11 3.034733656708719989e-09 3.088848773832827643e-09 1.150412668017775259e-09 1.235358414435671365e-09 2.498146707215422331e-09 3.692914351422426048e-10 1.011841332828331750e-09
-1.994550064308850332e-18 1.059454165296740023e-09 7.173093589966760530e-10 1.878537089901876652e-10 -5.680908274592582295e-11 1.172634897959646547e-09 1.584761194988972714e-09 1.894666812734421797e-09 3.928121682621798494e-09 1.378316525718702887e-09 1.202479181448650956e-10 -4.476117689383698222e-10 -1.147785564129841995e-10
9.390727270625888317e-18 5.364556848800110788e-10 1.280732082521622815e-09 2.557331807213070831e-09 2.933595082596878821e-09 2.351384213921526943e-09 -7.781994295962203714e-10 2.473973241419783813e-09 1.590907674047020233e-09 3.691760809978036047e-09 2.024231295094612740e-09 2.512452739142588985e-09 9.012809459005460376e-10
-9.145881328056811573e-18 2.606287164900725804e-10 2.233901965007242664e-09 2.483188954688149168e-09 9.159186782952323427e-10 3.912767948889458423e-09 2.833023307877188883e-09 3.341102873351864610e-09 3.853185759496127212e-09 1.757271986221731417e-09 -7.984010451241539739e-10 -3.493573059697478075e-09 -1.996146450763856663e-10
4.582889976617765221e-18 -5.400644117056748511e-10 -3.958705893920553792e-11 3.725530185203707731e-11 2.092709466759941213e-09 2.941854143517906052e-09 2.992723572803075587e-09 2.062857903279525664e-09 4.635092652659527514e-09 6.717290798861887902e-09 1.712711785584808797e-10 -2.611416000556093706e-09 9.895685417200778668e-10
-7.500809941485796228e-18 -1.625111245598156880e-11 1.083867170532748681e-09 1.323825124929730867e-09 9.568152199771791382e-10 3.113080530006208663e-09 4.217476252564313089e-09 3.561706836619333602e-09 2.669735754026025990e-09 1.876357097367193947e-09 1.330313071758250516e-09 -1.463759549969914801e-09 -1.790528956223582744e-09
-4.399980301936974685e-18 1.358112465405488379e-09 1.811278632730724695e-09 -6.266585662373769996e-10 2.324909142773407433e-09 3.267867494999500295e-09 2.727201607457102649e-09 2.675527863556093856e-09 1.527656093697405759e-09 2.022756989067163799e-09 1.960776137325409195e-09 2.123877210280080554e-09 5.296480464198361896e-10
2.127911607453437003e-19 2.322170399951631626e-10 7.858633504245352977e-10 1.652617574444942866e-09 9.012521753534866760e-10 2.280399513443491465e-09 9.346620107210047598e-10 1.304436876144019461e-09 4.612375985828431674e-09 3.399872628275992336e-09 -8.090707643325796807e-10 -1.032525297705954883e-09 -1.527767254740200418e-09
-6.848897789386149199e-18 3.635974465221341377e-10 4.120264819077466104e-10 -4.939423145881203302e-10 5.950835589235198833e-10 2.142721249874819661e-09 2.560543286268550522e-09 5.682278030460463177e-10 -7.523780602909992269e-10 4.333925825053247330e-10 3.412404342944223888e-09 2.355385594275451814e-09 1.389270448257224531e-10
3.898406319979159056e-17 4.961725229403008178e-11 -7.681062481588874659e-11 -1.214860467288647076e-10 2.519661678515199117e-10 1.784111384568965718e-09 3.791329497882038600e-09 9.885016888895827468e-10 4.635492209058909386e-09 7.652543215498622483e-09 1.542002356036413360e-09 3.547415479036813798e-09 -7.852311215623884726e-10
-4.210545654313183311e-18 2.730896433916068616e-10 2.176557580104413667e-10 1.422045833524445881e-09 5.169171931151409938e-10 1.476430348931070007e-09 4.702911033413351785e-09 2.558392312229387041e-09 5.184804549612380194e-09 1.893875251135155893e-09 5.033868627296402775e-09 1.551387193023403713e-09 8.964545397561976142e-10
1.250091118057111382e-16 1.094754427356208189e-09 4.436601183716280280e-10 1.723776763708298723e-09 1.380705642261529060e-09 -1.142694660046453028e-10 2.742871846034787136e-09 4.455759320923702041e-09 5.637322366806082091e-09 3.017905005009075778e-09 -3.468112451728449115e-11 -1.846521591809805160e-10 -3.810814545763789499e-10
-2.263619533873685489e-18 -7.757644274380450429e-10 -5.433010978537984386e-10 2.756516571681145470e-09 2.890857953591434018e-09 3.425888623092645607e-09 2.393699126101118270e-09 2.033139464502115716e-09 1.862258158964834347e-09 2.131264818036770264e-09 1.008424850622620515e-09 1.113123369945627658e-09 -5.766974169246428491e-10
1.149339560247191985e-17 -2.073469355704715538e-10 9.321392282130985205e-10 1.172955321145459951e-09 1.911625664552476644e-09 2.128688938475556590e-10 2.387942984538220516e-09 6.145686684859344265e-09 3.643609407879331061e-09 2.622808602071182428e-09 1.616116970357062380e-09 1.423588612702405476e-10 1.546505195073232023e-09
1.334916953713110009e-18 7.516019767613763507e-10 8.998458181880786950e-10 1.128070566812254854e-09 2.337808522119630714e-09 4.941866054879864341e-09 3.489405485135597957e-09 4.907559207184450856e-09 -9.985108844810637047e-10 1.499382953384227658e-09 2.110016450668352189e-10 -1.574606949809186663e-09 4.013096359160468076e-10
-3.163830114579612012e-17 9.901440424633294513e-10 1.633285448798469340e-09 1.903290228235949343e-10 2.547120303535939536e-10 2.659546239612033044e-09 1.029268568031715194e-09 2.705397015314795395e-09 3.222160501585812893e-09 -5.597320478174936955e-10 -3.712117204587457480e-10 -1.220004949884016097e-09 3.000111309916468135e-10
-1.395046031893186843e-18 6.806261242433157375e-11 3.202694682953775624e-10 1.941329324435743447e-09 -2.150287761713277397e-10 2.164008833764880520e-09 4.807549623607925229e-09 3.813648593772277861e-09 4.401426621218156739e-10 -1.641732902084687587e-10 -2.237156393125168181e-09 1.594248145097217512e-10 -3.119844321657327871e-10
-8.250290296153119488e-19 3.349041764085517764e-10 4.720028935504931515e-10 1.393975915473158973e-09 4.714930671084968203e-10 1.488238115016720836e-09 4.647873047995332763e-11 2.244913346279580751e-09 5.323188364296887540e-09 2.348774711775172234e-09 4.467212475225062493e-10 3.265625066602894731e-09 4.038532911032610658e-10
3.125109949565411396e-17 2.836414518511434311e-09 1.504220651242158931e-09 6.365123925425426897e-10 1.393289233933209212e-09 5.449023309184679015e-09 4.809533186978674815e-09 2.940919348998730556e-09 3.255714548535614784e-09 2.560716517931085249e-09 -1.743560127204214610e-09 -1.072104942442227941e-09 5.786970362892092746e-10
-7.341258972597527834e-18 8.543601027522652985e-10 5.421854832689449814e-10 -3.204043231670641636e-10 8.119379564831510509e-10 3.522978758221811932e-09 3.130049304962583795e-09 4.658636594451158822e-09 4.723037377173878884e-09 3.584607926522970462e-09 1.761215088031312510e-09 1.951857544363273631e-09 1.069275095275300412e-09
4.338757921276943521e-17 4.676024688674479418e-10 8.872835754910887161e-10 2.242387597436062917e-09 1.577977898477941058e-09 1.982121329224315213e-09 2.538370881400637205e-09 3.614897853907391662e-09 3.919791750454043063e-09 4.367759419095190681e-09 2.961173010461012146e-09 4.976726127552274510e-09 7.657831216437937429e-10
3.267894754976286835e-17 7.070222379132243766e-10 1.726989064372064781e-09 -1.920942193337660766e-10 1.930353555307967897e-09 -9.094490064990046198e-11 3.670596877210656687e-09 2.995741918626656543e-09 -2.344465151492341747e-10 6.851632974330557522e-10 8.489949046876000565e-10 2.692908508494498343e-09 2.277511712814572087e-09
3.265442787503509526e-17 5.096346572109076580e-10 4.367599220324291954e-10 -5.062106926060444365e-10 -2.563387788459760908e-10 1.097615279252822275e-09 3.249192964445759107e-09 2.534051837320098369e-10 1.163274628908050251e-09 -1.086198994913715552e-09 -3.686547312109498475e-11 -1.083165603645801793e-09 -1.232615481020790099e-10
-2.794653549718586385e-17 2.024887135279649221e-10 8.074425913476153713e-10 2.254419373034468281e-09 7.362811537276358907e-10 2.016723109283446150e-09 2.675417030178314554e-09 2.251446984702161033e-09 1.556790190508424057e-09 2.086613364315702939e-09 -2.324677101943218678e-09 -1.563020839680028201e-09 2.642897611019427568e-10
3.894150860060350681e-18 -1.804478046392411773e-09 -6.892069430110043877e-10 1.690549264072512832e-09 2.850045659598027237e-09 2.994623464459955464e-09 4.832023095025610197e-09 3.071347561407296061e-09 3.280493445676597814e-09 1.814944219030132719e-09 4.471970697440916630e-09 2.017245781843918407e-09 -1.190297232383319703e-09
-7.423686891374566925e-18 2.338740123361145588e-10 1.318554890290910766e-09 -2.848822692222334847e-10 1.287052935362110733e-10 3.926051386525253190e-09 9.236541546926849398e-10 6.120887163718047926e-09 3.562216746893488393e-09 2.766574713558273311e-09 3.607246086679918377e-09 2.587032674336287579e-09 1.425036273158248373e-09
1.836096674999547333e-18 -3.000828590297043031e-10 7.578106982443515510e-10 8.740437922834672789e-10 5.879083052412818245e-11 3.432530774551846959e-09 1.923389699628766533e-09 2.339991957259244518e-09 3.837761914732607396e-09 7.026720375039366791e-09 1.459492429709272859e-09 3.940577169472822969e-09 -3.266332058307796715e-10
4.577916587370493470e-18 -7.599802455868253475e-10 -5.059383482885773784e-10 2.933510463305175208e-09 1.925267131383872902e-09 2.159048585349498810e-09 1.911477505331141959e-09 5.008920521432122969e-09 1.461398285713349652e-09 1.197742410484653832e-09 3.719231590592229511e-09 2.495315394299419672e-10 -1.571829158564886843e-10
5.659075409068055045e-17 6.027760033336790349e-10 2.016706172644047525e-09 3.012159428169841194e-09 1.816622372416743496e-09 1.729571979375539213e-09 1.406449171021922981e-09 4.420155968081029284e-09 2.688859473490004949e-09 4.760424587815607042e-09 5.511836893641853172e-09 1.165379936745336805e-09 2.733965546386843288e-09
3.771936390431960507e-17 1.246465857676508081e-09 1.276285796713851567e-09 2.977575627591409436e-09 1.490536658854483803e-09 1.858034220318615522e-09 9.663893570690367206e-10 2.367091115934788172e-09 4.008762478896348748e-09 2.063471330057504396e-09 1.975754217413599069e-09 -2.525038727763366311e-10 1.518912988435933603e-11
-1.927983598260213092e-17 3.317900282736131378e-11 5.114901598391194176e-10 1.504921100962273630e-09 1.052911651856647153e-09 1.019354636046145732e-09 1.434264533031791567e-09 5.068995268314916038e-09 3.647858369733346162e-09 5.285961548463896953e-09 6.247923147128087892e-09 2.594946193444195407e-09 7.546796478365248405e-10
5.508306405541358504e-17 1.549095849255944811e-10 -1.710746164718952813e-10 1.717635388439258885e-09 2.869417304985605498e-09 3.228882580005621970e-10 1.262999896836495983e-09 4.250037422167042002e-09 6.377875972832788307e-09 4.186744879745360497e-09 1.667095396379799944e-09 -1.183612940482750336e-09 -9.023961822936681810e-10
1.804746829832397370e-18 7.399532494645167885e-10 1.930551811225728966e-10 3.387780973333879844e-10 2.070622483561367723e-09 1.712438805691096875e-09 4.559121091096434070e-09 4.589428547275596998e-09 2.082295839106022292e-09 -5.453647838658438545e-10 -3.670884081699731381e-10 3.833677063975291134e-09 -6.825159227894903837e-10
-1.100459093716224203e-17 -1.264083235834732233e-10 5.414931619708666589e-10 2.300147806619190132e-09 2.413788124250299346e-09 2.960858881523576551e-09 2.145390596396537337e-09 8.401096560367075512e-10 -2.855481549027181962e-10 -2.259499702452823586e-09 -3.821278636058676807e-10 2.754065705305151456e-09 1.707317819253085129e-09
-9.847971802726773638e-19 5.593418675445054703e-10 1.450825889019930702e-09 2.229822436789705602e-09 9.386820556826581622e-10 6.904387876524094468e-10 1.521437970877781448e-09 1.577310765919407323e-09 4.456559404825709117e-10 5.377408278314575386e-09 3.795475575358479443e-09 -3.118655650451564329e-10 -1.513285868423301170e-09
1.054636446650643042e-17 -2.851959184155336545e-11 1.028461345817734084e-09 2.708146507461859947e-09 1.455160352038280021e-09 2.143158584774199622e-09 2.771986991487509891e-09 4.305455972646581509e-09 3.369392697393112296e-09 1.715766909417248413e-09 4.420675839379749947e-09 3.972008565876131440e-09 7.990825463678567353e-10
-1.063010392095490445e-17 3.016486058663543638e-10 -1.227801597322833342e-10 1.969282091559346764e-09 1.954188056624628188e-09 -5.018882530635307712e-11 3.409406558398710782e-09 1.238142293431365100e-09 2.210680659859129595e-09 3.912072916740365235e-09 3.605218773579008871e-09 1.086414441364466141e-10 -2.617932684727589307e-10
-4.986862410314527553e-18 -3.864596756475489097e-10 1.462887931684954069e-09 1.118749726008486819e-09 1.702705070190783590e-09 3.522358094209555013e-09 5.645653437028334066e-09 2.034992624410607995e-09 2.198443358436319469e-09 4.791519288597789021e-09 1.866208064761013328e-09 -2.528103477007220198e-09 4.073941782112632173e-10
-7.947972260654637024e-18 -9.271344694277922699e-10 2.256538176658487960e-10 1.168512438840382781e-09 2.602807257284119782e-09 3.308520652836195801e-09 1.876640384010507736e-09 1.112350257991902338e-09 2.304383012243630451e-09 1.673054590364292516e-09 1.977313385563323390e-09 -1.145279004730240059e-11 3.997093071631520338e-11
-3.317407114436038707e-17 7.794093557442877278e-11 7.792742561969699168e-10 1.284824567219150927e-09 -1.694962879031275203e-10 1.279704727908701724e-09 1.774092761743439595e-09 1.187211124181546789e-09 5.594020998545794554e-09 2.697167611329047227e-09 2.467630853999257737e-09 -9.452641181280940491e-10 -1.235327223978134425e-09
-1.243469881397126919e-17 1.828895900862072226e-09 1.686766876984109532e-09 7.456158784625701695e-10 1.061688993107508626e-09 3.585495487280274033e-09 3.190489678533790552e-09 2.963937532427808145e-09 1.075981250840302619e-09 5.138427670956529088e-09 -1.134560730749851017e-09 2.178694200682526313e-09 5.091986516485946835e-10
9.636084073168901085e-17 3.954933737533981161e-10 1.472502398581791987e-09 2.562181611690662329e-09 2.243762129774323096e-09 3.075598062167965991e-09 3.647292029189275186e-09 2.821321937187412924e-09 3.206766755552232188e-09 6.174705454032227831e-09 3.710350877237799818e-09 -3.911866054563974136e-10 1.082684945316696678e-09
4.516483314423207954e-17 3.628007989369720227e-10 -5.560743462307443973e-10 1.373105092405818905e-09 2.415829634056173736e-09 3.468575799744541331e-09 3.162152667588928561e-09 3.868267596678486424e-09 3.096099598332162314e-09 4.178567956616595534e-09 2.764330389368891785e-09 -1.480265057516483283e-09 -6.632854978809128915e-11
-5.046447894405245394e-17 5.389213071287612576e-10 8.604876676188659513e-11 7.371774818855793771e-10 2.855345480785798209e-09 2.542031381496457621e-10 -1.221199996096773674e-10 -2.932521382435812882e-09 1.266433629563870654e-09 2.977140239967455564e-09 2.273721232101733362e-09 -9.256734953017878788e-10 4.861413892841655772e-10
-1.012828672585516150e-19 2.015166738948828117e-09 1.160183072890394514e-09 3.651054726668111012e-09 3.744116648486738684e-09 3.056164600195418255e-09 2.974774460647602670e-09 2.110229706000317260e-09 4.851667242333436976e-09 2.934002468086044314e-09 1.556294004308508404e-09 2.755107894537580646e-09 -3.101547442524107081e-10
-1.002934731895280321e-17 -2.434748339100480625e-10 -4.824507014804899821e-11 1.068156674879718773e-09 -3.214042901943013698e-12 1.065059946131713466e-09 -5.524948476867070268e-10 2.856973089772049105e-09 2.181853218778066611e-09 2.982086294398112083e-09 2.986607572295604891e-09 2.466147450704678703e-09 7.351706201250539165e-10
1.164806223592148215e-17 -4.874123010870629603e-10 1.248606350984512606e-09 6.229373149318057349e-10 8.172190411936222037e-10 2.046830438151944042e-09 1.347842013087802185e-09 6.363699963431539006e-09 4.336476878777009390e-09 4.280952836603088954e-09 2.475706042452062841e-09 1.460449379050697530e-09 8.273625430443080337e-10
7.673481416517559623e-17 1.150591706648654945e-10 1.482874267630285811e-09 6.378458479374496947e-10 1.037302682527917379e-09 3.977981498641872843e-09 2.775240619698301065e-09 4.768223457162219605e-09 4.490675701624490410e-09 3.564023021978811730e-09 1.944210749319636585e-09 2.005770592301353088e-09 1.283637792696634392e-10
