-5.416035480726988470e-17 8.773913729544249766e-10 1.642938947470973850e-09 2.894442392460638862e-09 6.264282714435165922e-09 1.506242891587357127e-09 1.288488682527027793e-08 1.157663125906739914e-08 1.059756272027064116e-08 3.279067993754513936e-09 3.166780395426394545e-09 -3.084335099085863897e-09 9.001473624982077329e-10
-4.536962464206070847e-18 -9.093569313972488040e-10 3.393008305025315706e-09 6.002604272655967893e-09 8.601818979961414075e-09 8.011367173180840144e-09 7.788778254905779003e-09 1.048281710994182412e-08 1.130897926630538230e-08 7.840895804935833439e-09 4.894023306318980598e-09 3.586496097907618899e-09 2.548600036110302946e-09
1.404816241580392409e-18 3.905807129667708637e-10 3.200023185154915110e-09 3.301656994544664271e-09 6.578163727693372770e-09 7.113982443181349444e-09 3.942626033904390468e-09 1.352552536303310891e-08 1.012122327404854846e-08 4.133489985450831422e-09 5.589572920080202546e-09 3.439239084820413882e-09 1.302073470600933255e-09
-2.939667320265321991e-17 9.081989121294863562e-10 4.516151569754705096e-09 8.075390890129015568e-09 6.228399839529694706e-09 6.234628946275462214e-09 3.683059667231762610e-09 8.310298024098263041e-09 1.059290403067148997e-08 9.698649117761353145e-09 3.301385213866427342e-09 4.535876484822105515e-09 2.087135362238489601e-09
-1.610072450877519987e-17 1.844253600030722548e-09 3.170599101442947420e-09 8.667063809822858720e-10 5.536334080250534010e-09 5.699733280228963857e-09 1.079215915364019877e-08 1.280821587297498098e-08 8.944627830394195410e-10 2.682051464819981996e-09 -3.576865382748154113e-09 -3.457043450800590220e-09 -4.910222955391089813e-10
-9.401184653888071418e-18 1.099976067873326119e-09 3.970777652782969646e-09 5.488494945302547866e-09 7.514621312207630586e-09 1.282648475115115253e-09 1.101851699495468381e-08 1.069967942814135800e-08 7.383231938758761216e-09 7.077756763548950394e-09 7.635216700845198063e-09 7.670734162351318549e-10 1.636302693693658201e-09
-4.444546125971743262e-17 -1.690793672216635718e-10 1.183012469651053728e-09 3.788881532626069152e-09 8.413895873569038336e-09 6.007546385299993103e-09 1.027634941878441248e-08 8.876129105010042054e-09 8.025517840063786903e-09 4.078000309617929531e-09 5.866958238032826148e-09 4.002556887902008455e-09 9.655916308166477027e-10
-2.871067777823493625e-17 2.756150789072798614e-09 4.855436205485771209e-09 2.624044630018553367e-09 6.730635727965364860e-09 9.188630385371435011e-09 6.441326708645109747e-09 7.909888587203339153e-09 1.121645161185984862e-08 6.251263655180863483e-09 1.394852787704586846e-09 -1.865455538230265146e-10 1.144027836926064001e-09
4.314094475807512599e-17 1.594282434484745464e-09 2.016062284343859978e-09 1.638718349165206838e-09 5.927654307574324149e-09 5.179027731311288555e-09 7.020290424741456936e-09 1.354135124576463733e-08 6.414082081569242276e-09 5.843402944413724256e-09 -1.649588267820361751e-09 6.117593523581118538e-09 -2.588168644986561034e-09
1.824545474883145726e-17 3.567717434109098366e-09 6.278200997011585458e-09 2.671555520544916524e-09 7.102155767728601106e-09 5.256941257737482016e-09 7.435208028879029364e-09 7.072125118024804610e-09 4.408642910224379488e-09 2.331645904086470588e-09 1.941334785746264637e-09 -4.302181074805191063e-10 1.193735149645038973e-09
-8.728159310729045233e-18 1.649765314915408682e-09 4.451722616163892520e-09 2.445377001764398128e-09 7.949547161677077548e-09 6.704392791729055289e-09 6.340915145420518608e-09 7.483767136714174504e-09 1.149948897377047920e-09 8.194658023020570547e-09 6.021278322857335446e-09 2.105536350230850832e-10 -1.160437470616937462e-10
-8.192429805327781241e-17 -1.937817804327368704e-10 7.241971999513638253e-10 3.655377928178865854e-09 3.519499588704808175e-09 1.052504931077468172e-08 9.218031662214087271e-09 8.397285630945462720e-09 8.166994887107261519e-09 5.653179018063898465e-09 2.498680534201885174e-09 1.050754248437048670e-09 2.035553684505804503e-09
4.059031300364078435e-17 2.287283566407939617e-09 1.785492880836856984e-09 1.594977675550616384e-09 5.614204817518187960e-09 8.711073482585801317e-09 1.180308836301153193e-08 1.173755531776046721e-08 8.649418545102973781e-09 6.908822276127376072e-09 1.723527962253930637e-09 5.749664155500327407e-09 1.794940410870367478e-09
-1.486428206577857943e-17 4.319217404331405028e-10 3.884041082065224744e-09 5.346650695000454363e-09 7.427784533223128989e-09 8.318959359126003475e-09 4.281708731703784462e-09 4.199942232018062286e-09 1.168323604468500831e-08 7.058064494789100575e-09 -3.094412033852568902e-09 -4.051944853419612075e-09 -3.073854939431052531e-09
1.557824546306431040e-18 8.806753757864135091e-10 1.892965370036686889e-09 3.266073224098125255e-09 4.960057774624718958e-09 4.946339513894181647e-09 6.499782699118911715e-09 8.778976399491940192e-09 3.874320338153374064e-09 2.384173819481398811e-09 3.049639805846824174e-09 3.262053148164344454e-09 2.272717519504692212e-09
-1.758321733485181898e-17 6.585731893210683253e-10 9.477508459363846871e-10 2.803310220114629923e-09 4.152621693033478472e-09 7.430930900680533876e-09 7.006782441327221824e-09 7.349050628063778724e-09 3.620986868026181042e-09 1.228941950906428340e-09 3.289234752375566857e-09 -1.259466215936209208e-09 -6.233076281148498839e-10
-2.416944940041158384e-18 1.973986838463086542e-09 2.794280990633908681e-09 4.234896022354170891e-09 3.508175357940010275e-09 3.219987045844555264e-09 7.594976776489904458e-09 1.003980421114169737e-08 6.942060194036276325e-09 2.839174253958931430e-09 -6.211986463331349117e-11 -3.487663335564337767e-09 6.452051480822442980e-10
1.013088089740176350e-17 6.279484921893230005e-10 1.232525028180011440e-09 4.094423502109123920e-09 5.621979550957727000e-09 4.778245126970135577e-09 9.696487453745125050e-09 6.077518545732807938e-09 2.279396260021632525e-09 7.433326537303432052e-09 6.664242716341213322e-09 4.941218655088401959e-09 4.968379573684132072e-10
-7.237715706634450998e-17 -2.515192902007965087e-10 3.267637614643301443e-10 3.255630019907117897e-09 7.575042361468997392e-10 7.946377397746867559e-09 6.834498161335245695e-09 6.053171251261142392e-09 1.190949135914955188e-08 5.301262188827733686e-09 4.184178469040812868e-09 4.301016650968056366e-09 6.241153618386628777e-10
4.273598553342526746e-17 -7.683279856306826087e-10 1.828320798034751417e-09 6.791326372321332378e-09 9.160388614636453476e-09 7.612859071992460036e-09 4.821455403315399656e-09 1.082739144873841207e-08 7.214513822712126494e-09 8.671692903326992760e-09 2.850826578219484047e-09 3.555384406305991482e-09 -2.232946877167719919e-09
2.579034258116399327e-18 3.058572277298165426e-10 1.382807407739863544e-09 5.024748250945268404e-09 4.147065519277718017e-09 6.524822475656592579e-09 6.244250727970951151e-09 7.586973421501235046e-09 6.606359292246815551e-09 1.588739911744179648e-09 2.660135370878405975e-09 1.924247216294382924e-09 6.167430434804649765e-10
3.003605310758577143e-17 8.073652624351171046e-10 -1.533307352184712144e-10 2.981461832592281309e-09 7.052512458582637888e-09 5.960155636947592117e-09 1.301247565908815024e-08 1.229733033635733278e-08 5.740096101490115061e-09 3.416595726880083358e-09 2.118633491245084448e-09 9.778807018324564721e-10 3.834079565360347260e-09
-1.551011769240556017e-18 5.348453937340982268e-10 1.059704634602565787e-10 1.519224582024750353e-09 5.272908888115306570e-09 6.058325333892632746e-09 1.310432491106409863e-08 1.320363526184753984e-08 6.984446618348813956e-09 7.464231143465628781e-09 5.752423384392313787e-09 -6.792353306651727233e-09 -9.079540300424760503e-10
-4.829031902836017763e-18 1.069301572578811642e-09 1.992521799057488300e-09 3.173048425052951793e-09 5.517672583323869315e-09 7.703418484296327411e-09 7.826064015405817661e-09 9.865529188443177701e-09 7.553819296022342857e-09 8.332151509190206644e-09 1.080894483028026648e-08 3.984100185862370759e-09 1.369039881356480813e-09
-2.139112638213214785e-17 1.339384816444628366e-09 2.462204098314526135e-09 -5.151840175251856148e-11 5.095615430615227098e-09 5.377200297693617890e-09 6.423765167282670565e-09 7.976473712681248100e-09 1.060968029986269733e-08 3.334541441461353673e-09 6.565760543222458065e-09 -1.053708261985019000e-09 -1.182926118361642085e-09
3.594953454428390614e-17 2.789900210316698047e-09 3.823374257344799611e-09 2.534202650553795159e-09 2.466596320864855678e-09 7.232477385750482010e-09 6.785792131595470692e-09 8.587940096530961315e-09 9.581346439503698734e-09 4.884731583043442683e-09 1.314822824703490167e-09 1.811913303397246564e-10 -1.192379361553971706e-09
-4.512590428465823662e-18 2.049573027780019744e-09 3.026206914659190881e-09 5.185219880546124381e-09 5.526302791533931228e-09 9.599550615657027445e-09 1.007613332776185872e-08 1.582552832893607725e-08 1.349842762930287832e-08 3.479912677821450882e-09 2.088284478157691605e-09 2.215717498298644478e-09 3.175736956293170140e-09
-5.416556944653310825e-19 8.146047030181052686e-10 2.402796495650298187e-09 2.997647012803555807e-09 6.388629691523250365e-09 9.883968015329660931e-09 7.034267595279367520e-09 3.885858916309600086e-09 7.280654259966646044e-09 4.669838109173732733e-09 2.724289898592483819e-09 3.831411066356915964e-09 -1.862942671516249239e-09
1.032643395868357761e-17 1.732710759971477965e-09 3.592727403643115030e-09 4.527955201564108237e-09 8.743526093764431193e-09 6.005351883258179903e-09 9.483270163902861839e-09 1.051113384700767689e-08 7.452385887886403237e-09 5.757972257494895362e-09 5.266013568139490142e-09 2.457361805484501147e-09 -1.257883406345596265e-11
-6.950726572443033339e-18 1.379045685925455945e-10 1.230204326878078513e-09 2.554689503099704085e-09 9.043475831693031211e-09 6.953081343463173527e-09 9.071689867234575742e-09 9.465295260499780413e-09 8.315873524128569810e-09 9.330947692945022064e-09 4.107261101244176918e-09 7.479881376190878328e-09 2.405218896554174177e-09
6.612486371685974122e-18 1.189193390508963104e-09 3.945487616544804063e-09 2.521297865366396624e-09 5.123247313069373475e-09 5.278722245070161996e-09 6.522771844252178325e-09 1.029579720241270210e-08 1.045628431677705661e-08 7.722090234989053577e-09 -1.488430449581029646e-09 -1.089315303898050658e-09 4.504924886511306063e-09
-1.363513116142445859e-17 -1.187810628677611191e-10 1.235866527715532489e-10 1.262923214891422794e-09 3.880856727005608963e-09 5.149735240264790374e-09 7.566589172430361951e-09 8.475886832412894865e-09 5.241810743508848154e-09 5.583085750713120978e-09 1.768792184222960557e-09 8.883257687952376730e-11 4.075065805077016613e-09
-8.783569970989194182e-18 2.140849772399700706e-09 2.178569399104981964e-09 3.877735777894664568e-09 5.684413917247862472e-09 7.701098533347876297e-09 1.089941842476615470e-08 1.113050893243107126e-08 3.489549725970058409e-09 6.333239073002812173e-09 3.560619247704641860e-09 -9.135614360832822229e-10 4.048934491499648197e-09
1.389084851503666095e-18 2.282816296611793601e-09 4.573189580939924704e-09 8.525887556980747648e-10 7.365166012665954231e-09 4.581209445294284032e-09 7.453010770627839607e-09 7.961405276561054277e-09 1.732635055942571399e-09 5.188632611118682726e-09 4.087141940246645686e-10 4.576048026176124193e-09 1.256203525601321998e-09
-1.875939684745015715e-18 7.358597675651019356e-10 2.663865756158614136e-09 8.026833874304246058e-09 8.303416881027685070e-09 9.028282990466765667e-09 6.409493326035005798e-09 4.396922742016658016e-09 8.025893509465718257e-09 5.631755937460924967e-09 7.119332388235385690e-09 4.941221517182946439e-09 9.663347771588123418e-10
-2.474410271357373038e-17 4.511183109350980677e-10 1.662827900929455796e-09 -4.597043047577506677e-10 7.732965814269750164e-09 6.396810602989128962e-09 7.068206494777091923e-09 8.868673888651909325e-09 8.743945100037565034e-09 1.083926981411924543e-08 9.008747957351916460e-09 -9.643140262835196060e-10 1.582153103638772185e-09
3.447923520843087886e-19 2.822800007603057290e-09 4.300351574785313160e-09 4.443881832189024145e-09 5.170917457180272424e-09 7.407541693871304243e-09 9.040955848373903220e-09 6.788142738819396851e-09 5.438104320918540519e-09 9.972134609471058981e-09 -1.212286319489930349e-09 -2.304081653628043405e-09 2.418700142346674004e-10
-7.014912115530118480e-18 2.724326574218494630e-09 4.711375685469079266e-09 8.174605527590494120e-10 3.878395485607925447e-09 7.704902713681399176e-09 6.127776057189537995e-09 1.191133284091310596e-08 6.259768292769873236e-09 4.268191094888059653e-09 5.659062395146168311e-09 1.794698072725149528e-09 3.334411763891063236e-10
3.308843926229259146e-17 6.855355575448325718e-10 1.798337892562022712e-09 3.082085411842923744e-09 8.883961410384704614e-09 6.568811189089090834e-09 5.353732166234418075e-09 9.979861672809672912e-09 1.081861003547815587e-08 9.946503603851209252e-09 3.885586993155728832e-09 3.082841269949409373e-09 2.365180218671755603e-10
-1.142195770077615802e-17 1.485216928510154803e-09 4.021324130874581700e-09 7.245192111452795891e-09 5.066404238651823470e-09 5.249538647783218859e-09 7.172917855269234198e-09 3.066199273839702791e-09 7.454317857820621802e-09 6.690504411047346318e-09 2.539392861523972929e-09 -8.123856691787051589e-10 -2.315606142327418030e-09
1.929030133808232924e-18 2.272828141444774632e-09 5.342020086702341000e-09 3.168749026271947296e-09 3.080071994818380078e-09 4.909776814912640168e-09 7.216069028457218721e-09 2.316034558295321750e-09 4.772064996125364107e-09 2.648641192235854920e-09 5.050529309229850553e-09 2.373362101415295284e-09 2.629702960033267219e-09
5.803083301947374504e-17 1.023597160511195577e-09 2.814664483569274809e-09 1.101112079388729551e-09 3.266464376950403849e-09 9.757328421112681427e-09 9.918069564404086144e-09 6.518066866019809890e-09 6.328542234687377712e-09 5.686658020120778043e-09 9.887446459928227360e-09 2.778336462321787714e-09 1.325856755896501377e-09
-7.175445055694785496e-18 1.380250199673692269e-09 3.711657296637969016e-09 4.421020159640083779e-09 4.444545368127715327e-09 1.031897219450577607e-08 7.823582151723263145e-09 1.083869408854969487e-08 7.116762168399990423e-09 6.056162528545487888e-09 7.458418378703368951e-09 4.603866892906370371e-09 3.470562863910359115e-10
8.980370556263772412e-18 1.720863577338209525e-09 1.425737268482112739e-09 2.784322695233458356e-09 5.410651328765299403e-09 5.894032996466159818e-09 9.499938297540108013e-09 4.242773763282313076e-09 5.127785860876816304e-09 4.564017809334606080e-09 6.372008101616203607e-10 3.744383688808047157e-09 3.551283850588256679e-09
6.585681864232381951e-18 1.133242322762439038e-09 9.598019051300694383e-10 6.544413986669417168e-09 3.586468601484936325e-09 8.064039961519683429e-09 9.482906904702652194e-09 8.141890762847943113e-09 5.490383447450804385e-09 2.906405496948641055e-09 1.945217570786306424e-10 5.466000425336817684e-09 -9.929137093310051123e-11
5.746984265551664657e-17 2.738321065074206579e-09 4.066180105225238041e-09 1.732115757849179803e-09 6.893315729591367956e-09 5.122685636246363397e-09 6.648535498121540337e-09 1.147969663933659897e-08 1.254538630801472490e-08 6.070060191820102830e-09 1.219226511485640680e-09 2.001090189078469908e-09 5.291388953397292133e-10
-1.346731492599491042e-17 -5.725844844241259818e-10 1.501011598767405827e-09 8.005817967403805369e-09 1.902201796062672047e-09 7.773774732138818893e-09 6.882060284144943030e-09 9.638313866818371841e-09 1.230581063464188597e-08 6.827347911751331194e-09 6.499655586744968883e-09 1.985403544590864229e-09 3.023114787641703476e-09
4.761668425660166322e-17 -8.242633687013617218e-10 2.427572400198712010e-09 5.438625878202571389e-09 3.154032398192436297e-09 8.215739156593806706e-09 4.405126424790776829e-09 8.070814370364714681e-09 3.966737710360270893e-09 1.164091050619766504e-08 7.637051835573672311e-09 -1.254951295343231743e-09 4.471847307287122453e-09
4.433818925012189112e-17 1.277987646581223573e-09 1.682322837384494063e-09 3.521419103083523922e-09 5.124435206780520930e-09 3.874526821907583708e-09 6.501837823592719368e-09 7.400103915802087140e-09 9.894845929970742905e-09 1.296474877335593340e-08 9.228960746172692564e-09 4.323934185855223181e-09 -1.750650020976354400e-09
1.888343048671189124e-17 1.392345387467027994e-09 2.508425981527217436e-09 5.795653354516511788e-09 7.799284841865115294e-09 5.972946072445591540e-09 8.035417501686366062e-09 9.623541298361927659e-09 4.915251437931023347e-09 3.004116438836675133e-09 -9.007313523414333310e-10 7.563783090818228477e-09 3.067828963422193497e-09
7.235359237106189736e-18 4.633384576958734522e-10 1.200552662881798215e-09 1.781051821319591520e-09 7.731736231170064324e-09 3.026140720295530496e-09 4.537338564187449406e-09 8.743773704918961272e-09 9.225802745680956023e-09 9.140713910132747817e-09 4.421133694440987240e-09 4.548941269117283289e-10 1.561299435551024960e-09
9.419865467813170957e-18 4.040489397912798929e-10 3.246250061597112770e-09 2.816070627266941376e-09 8.210279651118018345e-09 6.688095129888040393e-09 5.422911132315674041e-09 1.184305194078782989e-08 7.738776323784640995e-09 7.507292886707026950e-09 2.609095772784464055e-09 2.926895414756116799e-09 2.771929664517108934e-09
-6.016020661325441100e-18 8.662219048310400264e-10 4.876616899557740961e-10 4.574173766981701259e-09 6.580842405388979672e-09 4.809588532877684838e-09 9.818265677849983506e-09 1.180701228332931632e-08 4.877599967796416760e-09 6.953204629073801407e-09 7.502181065142339096e-09 6.963555725024345345e-10 1.306887029154329809e-10
9.084755292090347172e-18 -7.132805715944610419e-10 -1.249088254452606878e-09 1.270424843804394401e-09 4.543388349524609639e-09 7.227872825246775121e-09 8.488622809427075995e-09 1.219765469046774289e-08 6.147494177093003030e-09 3.237348954009058917e-09 5.752939781860134439e-09 7.486984492914576961e-10 2.337029612138419320e-09
-1.339820048586988980e-18 -4.225979982802386337e-11 3.208669753111911954e-09 3.872512407610849359e-09 6.736891005250734281e-09 5.808148675057323243e-09 1.104385909189291622e-08 6.715570811678368377e-09 9.140375820009120306e-09 6.656442445427177425e-09 1.056477220963229902e-08 7.568141606431622890e-09 2.219624010169742951e-09
-7.010878045471386398e-18 1.330841586119080714e-09 4.515368027023962565e-09 5.326550129393467681e-09 7.448234226515046366e-09 1.112678288252482646e-08 8.676071353434895433e-09 6.715142410120588683e-09 1.035733567194785615e-08 5.000196820543263751e-09 6.635305753684055035e-09 -1.340732956121492521e-09 -1.411929174990947800e-10
-3.888229563870073972e-18 3.002857892820338492e-09 3.869511448317619538e-09 3.148697419660246501e-09 5.360459749734547648e-09 3.314578352215409954e-09 4.029494128782481855e-09 7.381688249802586145e-09 8.717893737402030097e-09 3.905759668405650255e-09 5.519333387014590409e-09 1.594589127889463167e-09 -2.143340029427292914e-09
-1.388277703903667237e-18 2.037700915926751403e-11 -8.591474130380458105e-10 4.260781384667284084e-09 5.360964949638374410e-09 1.026523345020755325e-08 1.682888265471961952e-09 6.828158927033343734e-09 9.303412866348064180e-09 1.252731728972768619e-08 5.050665178465883050e-09 6.135804059429627265e-09 2.243833474200290848e-09
3.981024526430287799e-17 1.565601763665439368e-09 3.143706210857086465e-09 2.748911723509077157e-09 6.034281242582863308e-09 3.876375167802068201e-09 7.103785026614257026e-09 2.891130170411635116e-09 1.080970036677962520e-08 7.513535070467882976e-09 5.372379239548228212e-09 1.952304264412882343e-09 -5.061724919437907373e-10
-2.794423512888435297e-17 -1.320302635563401848e-10 2.248617396923615249e-09 4.118723523650795119e-09 3.842648798025762853e-09 6.834156286640875491e-09 8.837724151677052485e-09 6.728995809358211630e-09 5.027263185886074931e-09 6.694035785878638191e-09 6.355549333086232943e-09 3.739476254280842207e-10 3.274474615062011815e-10
1.374209547035269062e-17 1.661718452838239539e-09 2.330734200509929519e-09 1.210256706852676764e-09 8.852697769730421876e-09 7.678154292908283369e-09 1.260298180479439963e-08 7.648408953252974339e-09 9.203298933584435235e-09 1.249779527265568137e-09 7.250273446948114535e-09 5.367422757616809886e-09 5.946474038276009861e-09
-2.029082091558657110e-17 8.304220501001512490e-10 2.226899851199581239e-09 4.063242303684697577e-09 6.150218040849362951e-09 7.055825810248629164e-09 1.008972680895499473e-08 1.345718616127082879e-08 8.523961811501413873e-09 7.095006291242204116e-09 3.817217677102791407e-09 -4.030181908135177002e-09 -1.777893691303742159e-09
3.407450499173599856e-17 6.281718279207922954e-10 3.157709318288819033e-09 7.265514537875379594e-09 6.603822874837633687e-09 1.143969034468640343e-08 5.707413052218841251e-09 8.338303736198914994e-09 1.071388059706876557e-08 8.039631365152390718e-09 5.578010008689484621e-09 3.965646084469175540e-09 1.313481572856319445e-09
8.783531634345993206e-17 2.298934171128301453e-10 9.942425711068846475e-10 1.045705975630493461e-09 3.217906652031092232e-09 6.841915991451091525e-09 1.154692988621501351e-08 1.499436513206459174e-08 6.334306345985295330e-09 8.591354310453995681e-09 7.216381614248804727e-09 6.240178494631471877e-09 1.950660367358115515e-10
1.785505153386811096e-17 1.644407593449695252e-09 1.141935213101786730e-09 5.081704733589918484e-09 4.859676526497689125e-09 8.606254054982957704e-09 9.201004097003570114e-09 1.477860178133668447e-08 8.878414291396380171e-09 7.786112840532778704e-09 4.641545183822051297e-09 6.829942359656080076e-09 1.497979036235032740e-09
1.413800262537143819e-17 5.365431068745794179e-09 5.113252363982610019e-09 5.423854622110427199e-09 7.675279170334972801e-09 7.575278736567262182e-09 6.494927026466318164e-09 1.351424917410958048e-08 1.505121850829966101e-08 4.292694920439807783e-09 3.754546771382302152e-10 2.769099666641306184e-09 -1.786622237062811750e-09
-3.282324928814714458e-17 1.792194498453365431e-10 3.380294215437634355e-09 6.813854541672673306e-09 6.247377823189262471e-09 4.839525786617135075e-09 3.897915775468595765e-09 8.252470538878608269e-09 2.940897793827223171e-09 3.874941938602757755e-09 5.023589848029257879e-09 5.479200171596883332e-09 7.916891385830828079e-10
-2.129696129178129451e-18 3.222526510146197143e-09 2.619908041175490920e-09 6.167141785284210010e-09 5.335854781543660603e-09 5.053546840742447305e-09 8.805870351176107335e-09 8.689699266761534283e-09 8.278639125260122240e-09 1.396074874193146546e-08 5.430247413196755056e-09 2.799233936597397756e-09 2.153752977515038154e-09
1.275831475223184105e-17 9.010078581315242666e-10 9.117878702551898048e-10 2.489934981841320751e-09 3.195164707891946390e-09 2.770076094578059397e-09 7.490248039417355706e-09 7.149981694814225530e-09 5.785242557135103375e-09 8.804607944839157319e-09 5.622976293825566580e-09 -3.644349343573475761e-11 7.164856377852710488e-10
3.257831202042322262e-17 1.724315077196877534e-09 3.530790099443302480e-09 3.814310182033166322e-09 6.618435878451780521e-09 6.473465646409760525e-09 8.674282609719189758e-09 8.020669414378423973e-09 1.063580511252297597e-08 6.532933196817817869e-09 2.734573848216504285e-09 3.990304533187217352e-09 3.953321277948635061e-10
-4.135711270678214090e-17 3.690032052521998577e-09 4.098729914714244361e-09 2.854096840937857672e-09 4.280141144645604083e-09 7.363496622077574429e-09 8.623080827305680157e-09 4.337263150770555699e-09 7.296218141473425232e-09 7.089959141778094710e-09 3.676120265231507340e-09 5.748714634404810423e-10 3.434490638802702234e-10
2.498654996267746730e-17 1.562577636442194678e-09 2.877400626169547983e-09 5.973222617116889752e-10 1.276896731744806102e-09 7.842493202372276305e-09 8.480249119462420450e-09 1.296747113842626924e-08 8.245630582824982150e-09 6.648117456674386780e-09 -1.003139611622371883e-10 3.396828891266054896e-09 7.910763851844629801e-10
-3.255129074128863808e-17 -3.514160191917155043e-11 1.328452993615957368e-09 3.032357079721139094e-09 6.826437295605941127e-09 6.937072248643686225e-09 1.417408754895291575e-08 1.098324473270318280e-08 8.720558948147583612e-09 4.833416072861231917e-09 8.138720855679573105e-09 4.100542601181487286e-09 2.121606437099594931e-09
8.797464639116663859e-17 1.736780210489144547e-09 4.010460374312966055e-09 6.683542057349981257e-09 4.105719094919310563e-09 2.676664999975077131e-09 6.296746524555709634e-09 5.457923051563144140e-09 7.984906292451718773e-09 9.738694931099880804e-09 4.357731329871920114e-09 4.923602207184822677e-09 -2.575001202347383038e-10
1.884285981059898366e-18 1.217648230304056086e-09 3.373386690018534647e-09 1.585510076646580827e-09 2.312321785151762128e-09 7.672474062723201380e-09 6.913542009415560659e-09 1.045981762176098989e-08 4.821129823637182949e-09 6.487850112330744290e-09 3.772002005626406859e-09 -1.754900292230461770e-09 -1.341336135295595774e-09
-2.073386962426295883e-17 -4.453756952449874365e-12 3.165285213983004516e-10 3.003460103788483812e-09 2.073055921796566287e-09 6.023641939868657008e-09 5.588445435938489452e-09 1.033083784328492008e-08 1.011917454989898110e-08 5.044661307727447075e-09 3.541499142580050794e-10 -1.667061692752488064e-09 9.648625373969884044e-11
-3.663996770384504949e-17 2.314048401207084188e-09 2.787039369773584340e-09 5.170403198461180644e-09 5.800512149057827348e-09 8.044403589073339876e-09 1.113076920751845776e-08 5.136377651152011208e-09 6.929872886076019812e-09 5.440601702568614316e-09 3.287890867224253443e-09 3.813838146253796576e-09 3.166491080061868296e-09
1.434511297030437907e-19 1.575019500713782889e-09 2.830271549858474015e-09 5.043247584812064386e-09 6.649055050801673532e-09 6.485544086603608547e-09 1.212056538037666387e-08 7.496348506506680460e-09 8.271589956978196932e-09 7.868662206455485291e-09 3.613159062684573641e-09 1.385507669480684501e-09 -9.707653849410600375e-10
-3.463211897087383865e-17 1.625078124047372442e-09 1.129294516828907385e-09 -1.579920324129177038e-10 6.135306996030442398e-09 4.162607288306394520e-09 1.341525765072491289e-08 4.927021482394036662e-09 3.177089449939045543e-09 1.818688803541886760e-09 3.166793759869347008e-09 2.962793727690452309e-09 1.489885020156957993e-09
4.757865783115168321e-18 1.430116047361730599e-09 2.686213142208398010e-09 1.330290131647550348e-09 4.649806502890503877e-09 5.563946491359560549e-09 6.947786367826265111e-09 7.191800135372079284e-09 5.422899816308599793e-09 4.232196820492769508e-09 -9.944678245700990457e-10 6.762177867220820931e-09 2.379650459307849312e-09
-1.089775378057488488e-17 2.755744100840319035e-09 5.676684310962023723e-09 1.346405664713315671e-09 7.812130756323312936e-09 6.136168218287212370e-09 3.247548119694781851e-09 5.662799756481166740e-09 9.149114690158459746e-09 7.463015754190217015e-09 5.412752565042046933e-09 2.550722109874094578e-09 1.093505721144877154e-09
7.046321203059710100e-18 8.804769112415420898e-10 2.180236341264827546e-09 5.211098390436452327e-09 4.104743688199531931e-09 4.262253722927690662e-09 5.098984394352653353e-09 6.856263020515519090e-09 2.448227595676018392e-09 3.051302634209623808e-09 -2.147741348306173094e-10 3.982740023345390154e-10 -7.229017436341844709e-10
-3.971523802084778132e-17 3.566267735939194074e-10 3.466604654649709026e-09 1.872816935971188876e-09 7.294078417691343560e-09 4.241644086425861003e-09 8.134865168118166012e-09 8.576281786847178754e-09 1.369695096872509125e-08 4.533439905011389762e-09 4.675246526322149867e-09 -7.194954752942289421e-09 3.652968801122381501e-10
-1.034008809133211451e-17 1.815921113450033905e-09 4.399916525994222262e-09 4.167265055754962181e-09 5.241043977101180983e-09 8.100860722841321548e-09 1.114043009497526717e-08 8.961094704911549049e-09 8.759647128174946618e-09 1.089051296924446859e-08 6.748071597765916622e-09 -1.763909129858554818e-09 -9.338871479781971742e-10
-5.519178301748354265e-17 9.890028792137329863e-10 6.260827616800263275e-10 3.316861897273654315e-09 2.999041824419403767e-09 7.291974744548583903e-09 4.693713447760483125e-09 2.473408552975311583e-09 6.920144962483142246e-09 7.776105818591031761e-09 3.912498302283572453e-09 -1.303924113233207569e-09 4.497854845625428994e-10
-3.494571983344744568e-17 -3.348284683903537073e-10 6.194217711030063070e-10 1.092055167942764430e-09 2.219658866886378330e-09 2.831155043234211885e-09 1.334457581763783298e-09 6.843797748926315418e-09 6.762399328080515652e-09 5.697070339782465477e-09 5.625952585571371113e-09 3.690126007989477307e-09 7.011606287259848997e-10
-4.648801800362706526e-18 1.186199943665811812e-09 8.094624434658014913e-10 4.703544559705498596e-09 6.812466957182245486e-09 8.425884646249279480e-09 1.270189422809966410e-08 9.957681386521387966e-09 8.697553634225631331e-09 4.028766709649999164e-09 -8.730998404673714439e-10 6.964212072598836671e-09 8.959221847847769957e-11
-6.495389656328889767e-18 8.859368656670091190e-10 1.040857447397761448e-10 1.344853941655895581e-09 4.974769931467777894e-09 8.728057450484749100e-09 3.155660542194654679e-09 6.926179733074823896e-09 5.717886779479437992e-09 1.256341337934202033e-08 5.582236968840578877e-09 1.612989729038248131e-09 -2.917779640024694524e-09
4.055123075061035376e-18 2.151124499757148974e-09 5.231383179579257769e-09 1.630523186228526467e-09 8.135579545765027174e-09 1.033488002002922830e-08 7.472076212734377844e-09 5.025414520812488843e-09 3.562572900374995017e-09 9.809069097117413749e-09 7.960138878432871331e-09 2.089440002971162216e-09 -2.746543526648152610e-09
-2.371868040862709595e-17 1.614550924157813977e-09 2.704009910476068772e-09 6.596130279130358196e-09 3.709493028531985436e-09 9.430506096954458229e-09 7.346562896075248030e-09 8.545495043209321542e-09 1.125756570841424943e-08 6.447246086632541726e-09 8.197011095408367513e-09 2.030041143283066889e-09 8.068986267450285450e-10
7.775465913627101404e-18 1.600174532262790806e-09 1.800649169268510335e-09 4.101330917820510510e-09 7.204176299640448879e-09 6.695269855254100429e-09 8.686597866438259536e-09 1.115768351777397864e-08 5.556464157872465805e-09 -7.579762934529045999e-10 8.261855314128360664e-09 6.124888153404338905e-09 -4.159812813811300368e-10
-1.722029613714732600e-17 3.677613313554057929e-11 1.480042778684590471e-09 2.506116196511547803e-09 3.310622629168717626e-09 5.401965151738354607e-09 9.486799492447099649e-09 1.020569677355682898e-08 7.927198283048777091e-09 6.295672300820516374e-09 4.611256482990451570e-09 -1.444090536282879302e-09 5.065236804657617030e-09
3.620263310585692857e-18 4.905428158829128075e-09 4.287409901366373077e-09 7.581405923316546136e-09 6.634697733030742896e-09 5.051304056263242200e-09 7.616113183254792112e-09 9.563349602971169835e-09 5.218455022785011175e-09 8.386826186822091474e-09 1.827104067283432330e-09 -3.270246175598332384e-09 6.078071353705703485e-10
5.124059095562233515e-17 2.206723913187861697e-09 3.447735988622419251e-09 3.515150242325805276e-09 7.068632317372783609e-09 8.763437275429963978e-09 9.799948106862517081e-09 9.029159260678424881e-09 3.821447033832165316e-09 1.098515291844007389e-08 4.844820030372702515e-09 3.984129061712208367e-09 1.577872896528916828e-09
-2.644869651538528623e-17 -1.210494109223723701e-10 -1.227932675943040019e-09 -1.211147465178999277e-09 4.480758208280053518e-09 6.406358108581745331e-09 1.184850157703784739e-08 1.344923170617241637e-08 9.080976485815019984e-09 5.660675725556138983e-09 3.159635866218280855e-09 9.396003366101760133e-10 -9.014868661463217301e-10
-6.878430519049197498e-18 1.927865078444497907e-09 1.877436987524131085e-09 5.445101486253983932e-09 7.768397394762444329e-09 8.778632799276727307e-09 4.171667860123367277e-09 6.542076874570771070e-09 9.421864106396732883e-09 6.855532420558422010e-09 1.661947680990296741e-09 3.665796847018560375e-09 -8.504876771725638328e-10
-2.518201884292920769e-18 1.458196915979674046e-09 4.856201311205667116e-09 6.171542665398239646e-09 7.152351490655156655e-09 5.124626514403500414e-09 9.976313603481012761e-09 9.876021088558598573e-09 8.166624972148025596e-09 9.083159277120475917e-09 5.341294057636866337e-09 1.748862431402879311e-10 8.850200954335573291e-10
8.163946139029680889e-17 -3.771506827810933696e-10 1.528744919327239153e-09 1.799514005294608107e-09 3.925336988667246229e-09 4.229458465285565577e-09 9.008228694400743733e-09 9.572691730464135601e-09 7.302553854925870643e-09 1.060599561465565793e-08 7.820377508355511287e-09 8.489101400035089219e-10 2.176182254699553982e-09
2.846250768666880593e-19 1.148690004778530262e-09 3.316394658094342998e-09 2.219827506147078783e-09 5.759649255742369525e-09 4.018674289489186216e-09 8.994685845647878964e-09 6.570411097607226841e-09 1.459325625667023243e-08 5.970633266584011639e-09 7.247734011321637780e-09 3.797066709794790992e-09 4.229030869602073779e-09
5.748554257878678007e-17 9.854628699378892739e-10 2.787634644331134034e-09 6.441080473183733885e-09 3.428195807055775471e-09 2.234854014014854969e-09 1.035994459021005970e-08 8.794556908127697739e-09 7.682775004167060758e-09 4.737290488801336500e-09 6.436176701526970222e-09 6.859728941065974092e-11 1.352694917489737424e-09
5.552639058216233449e-17 2.413287749704543548e-10 1.105058320186767735e-09 5.708837651522472634e-09 2.576045107705843051e-09 2.425880388133697920e-09 8.641035843351269571e-09 9.950544357390895573e-09 4.499133250610119067e-09 6.635454695826193581e-09 6.828867279657535331e-09 3.477440044149218303e-09 -1.206258330569685217e-09
-1.081647408853463109e-17 2.121880081570180773e-09 7.936800408259201606e-10 4.445704707099202242e-09 4.218726125030554785e-09 5.558540332658540021e-09 1.018550476078660838e-08 1.029339348066173286e-08 9.036940504553944609e-09 9.807633400730855246e-09 6.728362109315873871e-09 -2.132463726731216483e-10 4.270394623257095709e-10
-1.771749345585015759e-18 7.760857564349987855e-10 3.100375246710742490e-09 8.326253088495104707e-09 5.043649114454846553e-09 4.373991470591153147e-09 5.127440747802608826e-09 7.985356637297346729e-09 6.728533083454133147e-09 6.573622110321042839e-09 9.707573020947658663e-09 3.935025304943012094e-09 -2.048274825728013897e-10
2.242234437868358233e-17 1.308789057282370203e-09 3.839204578050911707e-09 4.793425657496498339e-09 1.623945598079686151e-09 5.325442545413616188e-09 3.856303012676364770e-09 8.922806074009681703e-09 9.780911111808057658e-09 1.016703566889953341e-08 3.722060840517964252e-09 5.650545968166751177e-09 -4.972216148219622185e-10
-2.507792674403772465e-17 1.848122024068058460e-09 4.096089658598530431e-09 2.072156944124728291e-09 8.538776012788193372e-09 4.228988526919043551e-09 1.040500222796924322e-08 8.080158020309918738e-09 3.077819901044052889e-09 2.344912427787512502e-09 2.608676989114206779e-09 5.906677344622819887e-09 1.024984413241006457e-09
2.886373267483894818e-17 8.867920689617216683e-10 5.097554589149733827e-10 3.427319060043177235e-09 6.071618419916351527e-09 6.979536700848336434e-09 5.142470559753407470e-09 7.095104753351719607e-09 3.460549818608795567e-09 7.939146321808301993e-09 5.439575142996009931e-09 1.215635507673589690e-09 3.973702345559146530e-10
-3.945625009593191240e-18 6.911224189895326183e-10 2.004566033488807251e-09 3.559419897000995548e-09 8.177952713637602997e-09 1.068421677496783503e-08 7.313528052227042633e-09 -1.365474573623308884e-10 7.961757948190549219e-09 9.090166700946527094e-09 1.056918554512826747e-08 -3.360232871566624092e-09 2.542142964097603385e-09
1.572765832016507670e-16 3.181914427897206289e-09 3.525422385242826921e-09 4.112849191044958480e-09 4.570112146407427124e-09 7.549902031095100588e-09 7.737275221380053027e-09 5.566220219338610767e-09 6.786730305974947958e-09 9.123919954081861336e-09 8.269563679904949487e-09 6.672966428430827608e-09 2.404707639361749398e-09
7.296362573107236410e-17 4.178888536416925667e-10 9.824669783500385576e-10 3.369458015737591175e-09 5.521680415583944422e-10 6.974039973773562501e-09 7.630868842437207788e-09 5.947230786202419960e-09 9.729463679457048446e-09 4.587654683699033967e-09 4.308631055903264359e-09 9.227827997858616082e-09 3.786673994737220256e-09
2.336090535868829832e-17 2.601158767760327264e-09 1.740208007032118311e-09 1.623528155173226952e-09 6.130427472737396654e-09 1.025686023087397760e-08 9.714617398747076247e-09 1.287624107926653899e-08 7.272970422657810067e-09 8.323906043277689728e-09 -1.660140785339053164e-09 -2.171677987201162465e-09 2.083738377049776287e-09
2.710396657176433302e-17 1.741803089412383596e-10 1.326412863298757710e-09 1.986839346228766889e-09 8.427810323494093475e-09 1.008779103255634854e-08 6.317344013514374336e-09 9.769300936764887332e-09 9.306830051242726190e-09 1.305711516842714406e-08 7.258030950905552152e-09 8.684762218243766175e-09 3.761991468167324573e-11
4.747394225039800913e-17 6.891570563768221102e-10 1.891777756051016807e-09 7.885796209642128244e-09 7.202190484319183530e-09 6.844491645058857618e-09 6.212969749164446070e-09 9.211180048925796007e-09 3.646216300910747266e-09 5.821978039952559275e-09 5.816179638654087930e-09 3.035045276421635120e-09 -4.426238048455705090e-10
-2.767888803979902683e-18 7.726429387451677324e-10 1.054174256453626123e-09 3.511738255803565739e-09 8.382795290802127743e-09 6.173050930950122921e-09 8.896649885995823390e-09 7.657674738612036952e-09 9.984188182238037434e-09 1.322091793377078013e-08 6.639182230222033090e-09 3.675679141613998702e-09 2.254476382963674665e-09
1.163368927137777714e-18 -5.740681956172526031e-10 2.036281907194450640e-09 3.453412350976970504e-09 5.088545650686901564e-09 9.172699442985585960e-09 7.807430727115956563e-09 1.069385910958527407e-08 5.082242822422540459e-09 2.229207452081234823e-09 2.936395154644761433e-09 -3.209460997848993442e-09 -8.459910358662802517e-10
9.197103329373376563e-17 8.513446545702124983e-10 2.201462188757539152e-09 7.107914146946712364e-09 5.110161711550525272e-09 8.886293660922431388e-09 1.105822760992187287e-08 5.903635138445047642e-09 1.108366681770550970e-08 4.868136738443893003e-09 5.016336470079599860e-09 2.572408387781058927e-09 2.672601045821590584e-09
1.961494992856615342e-18 2.901329837557993735e-09 2.785550923856287194e-09 4.676326262145815292e-09 4.761332569318347144e-09 9.248672939196364193e-09 9.904432294908904541e-09 4.847666455624767964e-09 8.319944500904535134e-09 1.243020309847867889e-09 4.680921063776259377e-10 1.536101969422970992e-09 -1.016861857892088154e-09
1.059931687086148719e-16 9.175123475933563613e-10 1.100284874083199282e-09 3.394140771633832199e-09 7.217966187802198308e-09 7.592250118749737427e-09 5.270279606888535147e-09 5.317504808513764903e-09 6.356876470639448938e-09 8.419557535453867497e-09 6.941587791581658349e-09 -3.387086726915024784e-09 -2.775463163334847399e-11
9.309520653268929707e-19 3.728816688456217408e-09 4.721230117946901280e-09 4.573282662626488294e-09 7.616809081123319876e-09 2.691693303876457920e-09 6.778537116416365764e-09 1.175383662112360849e-08 5.590906653319605095e-09 5.575932907809157279e-09 9.632211280732102496e-09 1.192506959742898362e-08 -4.976960040778717050e-10
1.548679119476568036e-17 3.274654602080559291e-09 3.921952025856119848e-09 8.441094628463039489e-10 4.069144592381187300e-09 1.008394040489188198e-08 6.409473385588525232e-09 9.596445643590396785e-09 9.165946867293237652e-09 9.559360265314151827e-09 7.246906144051061133e-09 8.239824530676176624e-09 8.581769216257680298e-10
-2.649937973030031396e-17 9.701236703306244708e-10 1.847812840153601119e-09 8.593573829086837304e-09 9.095837633658742151e-09 7.229946969266074266e-09 6.664412393299937215e-09 7.439394993224539441e-09 7.418531741978410801e-09 8.054070860491799186e-09 3.109804340639314301e-09 -6.984816321051717367e-10 1.564888226662405157e-09
3.047504000063532705e-18 2.635832829632528609e-10 2.183737754207100003e-09 2.960296471513156526e-09 7.604737553871531991e-09 3.370580864983030993e-09 7.076042877863847332e-09 5.865494123060206714e-09 1.285643265636818524e-09 6.753498373176830851e-09 7.802179163476371299e-09 7.926572437239283848e-09 2.769903694125369555e-09
-7.084596369346250142e-19 4.990874142315734713e-09 9.359796289031135443e-09 3.727468000880409205e-09 6.787556068853049300e-09 5.256346284375459452e-09 4.309502617467951491e-09 5.903365431549394659e-09 1.034182025381109472e-08 9.837930569789434577e-09 5.988201162568616513e-09 5.124033068283981934e-09 2.954462229471787233e-10
2.211731371590871578e-17 9.202217222000068454e-10 3.751496757264147441e-09 4.786359822864107109e-09 5.615502560420009770e-09 5.334084702210621677e-09 4.079547312692426831e-09 6.920924903010644228e-09 1.192802969719881460e-08 1.455656889846434992e-08 7.447765158557991925e-09 6.202760566704096831e-09 -2.744154247895341078e-09
-2.987949124408330017e-17 1.552750239872417806e-09 2.735159106860365529e-09 3.477932009847368492e-09 3.060841696304908593e-09 5.690677985337538966e-09 8.224587916070006870e-09 7.462822716318812803e-09 7.453984231928610852e-09 -8.043814751091787649e-10 -4.776851230164418071e-10 1.823611035626784975e-09 -5.862988177602844642e-10
2.596227690692335161e-18 -1.139948803495771492e-10 -4.931310371178437481e-10 5.429092260657671093e-09 3.997875500406626753e-09 7.568594350376604125e-09 1.038740009516543616e-08 8.347867207235711514e-09 1.134144296304199974e-08 6.424472772299083971e-09 4.249426786382534296e-09 -1.735301173833566104e-09 -9.882155415628311163e-10
-1.343409485301680047e-18 -1.045663121407807225e-10 3.376637044685591135e-09 4.481113936026961171e-09 7.501059789596140483e-09 4.263905595935499019e-09 8.013605618508033695e-09 5.461074155636856738e-09 5.606053360052640087e-10 8.758831207514297288e-09 -4.739386174603938819e-10 -1.651800814355704300e-09 -2.824818532549724204e-10
7.650165396229765140e-17 2.708806725259731472e-09 4.793000052276462575e-09 3.570454290237716088e-09 6.001453981182771226e-09 1.041539192084409462e-08 9.187578979574266098e-09 9.710827901264395000e-09 8.721526403867064257e-09 -3.511099301968352666e-10 7.585733404904317531e-10 1.077964634923400322e-09 3.588939528910284246e-09
-4.476302146673788569e-17 -4.227929495774213987e-10 6.847156212123363980e-11 2.984786757867831573e-09 7.297881861444762389e-09 6.534322962416369296e-09 9.442799327180423171e-09 7.697348099239008221e-09 1.294068935536451537e-08 1.221212514331132306e-08 -1.616063232637954212e-10 3.663390725400560894e-09 1.006130955396923582e-09
-3.680076191187630586e-18 4.393584208197451000e-09 3.832293002857647558e-09 1.173475740776057802e-08 1.151929216031248396e-08 4.325378051480478355e-09 4.231434988976409317e-09 6.528861175623748047e-09 2.151249814937935494e-09 4.321898774882796943e-09 1.031020072903353207e-08 6.194448435183736671e-09 1.799453991129850564e-09
8.740223769304013482e-17 2.006390757936788845e-09 4.766381282769726342e-09 5.278665390310360513e-09 1.192923770239845831e-08 1.743210301622825785e-08 1.128662722798031963e-08 9.167307162386648940e-09 1.293088192028093886e-08 1.073410556781527846e-08 6.038597873504995076e-09 9.422882223626258474e-09 1.577735801010877034e-09
-1.089904816942234583e-18 2.950397705912482454e-09 2.088108834366122418e-09 5.165327061785963305e-09 3.999387374384620401e-09 5.526196172020847218e-09 8.956591274558630050e-09 1.545995692639500773e-08 4.115614054317937047e-09 8.414339407254292014e-09 3.500934791075495128e-09 -1.575572749692347559e-09 1.947104374391203523e-09
5.196372720123271561e-18 1.695753780883296697e-09 4.390214565078924040e-09 4.035344099932027993e-09 1.802952408860006405e-09 3.641850395985452931e-09 1.091462069078606029e-08 1.256964775701085740e-08 1.175848145961804150e-08 1.114650196281844585e-09 2.615070322822864606e-09 -2.680570058180527152e-09 1.105576936236593157e-09
-3.694818077769341055e-18 1.758131014855190536e-09 3.225556045168858826e-09 4.697397153444047392e-09 7.792169497261144435e-09 8.390199441861877086e-09 8.903865336318875159e-09 4.136895647737308555e-09 7.599306336929755504e-09 6.763039418582782095e-09 7.730352073298940838e-09 4.461822936656440498e-09 2.087220792634771575e-10
2.343655073710376310e-17 1.806020604664545682e-10 2.908840082523093603e-09 5.397407694907797947e-09 5.915153779948452663e-09 7.783493483203564390e-09 8.092786150957177569e-09 1.005860900442637618e-08 1.184956613700145728e-08 8.826797274610968397e-09 3.770651871795577663e-10 1.930485295636542209e-09 -1.148925397531681951e-09
1.018189755415384008e-16 1.657408590376307925e-09 7.044782429925905106e-10 -1.554643317258184411e-10 3.832183452684113157e-09 7.866004086676466623e-09 6.482852975618442330e-09 5.409883183360441542e-09 9.912869726016645742e-09 5.614765349883773478e-09 5.762241740192198769e-09 3.522626983584818023e-10 -6.272734098188995969e-10
1.601637063661811389e-18 2.604103897034264408e-09 2.825534927597947430e-09 2.798737403479494088e-09 5.582125710913078515e-09 5.551786063061709921e-09 1.244222200692712425e-08 5.552496588523463907e-09 8.827907225928449351e-09 7.148346086152938673e-09 5.043898176554643529e-09 7.893089567864069973e-09 9.939732376544923467e-10
-7.655827238378647432e-18 1.379616199940280110e-09 2.219976160776255937e-09 7.247089910409713162e-09 5.924545027328868538e-09 6.844688427381154146e-09 7.859789562542277069e-09 7.547907242694681832e-09 7.161433319710106339e-09 5.332744550563666651e-09 7.646490396724417975e-09 2.221194218455429258e-09 -7.998189969117144896e-10
2.756889678009367166e-17 8.092578265102822698e-10 2.597153838004813288e-10 2.820413484684606680e-09 4.482074509662508286e-09 1.012553681021782335e-08 6.984193583415742949e-09 8.814675143183862708e-09 5.135900486146103827e-09 9.344686492447451859e-09 -8.305250174435790538e-10 -2.678320295872173532e-09 -2.794042347714681870e-09
-1.429821307965039941e-17 6.734172935048196366e-10 1.272972016929975511e-09 2.972700755721711812e-09 6.794198707297836490e-09 3.383949545126964803e-09 6.215557525420905919e-09 1.273050955501184429e-08 9.737920207733836264e-09 1.090141591546411809e-08 1.124900572309394849e-08 3.188406920220511550e-09 8.732477742868120853e-10
3.443944570261080418e-17 2.629738731239538821e-09 5.234591096659406026e-09 3.664730384553641739e-09 3.967943964406002876e-09 6.270477572849129914e-09 9.027080265620669242e-09 9.262073955325062942e-09 7.965605947345015874e-09 2.516906178602743559e-09 3.993048822314831128e-09 1.380592688557533988e-09 -1.351634848688819374e-09
-1.651129162362743957e-17 9.064680177985782685e-10 2.882686513443529381e-09 3.683213632493590531e-09 5.807439619823895232e-09 8.126644342889390548e-09 9.244140654884882940e-09 9.316704019213524546e-09 5.754561693920062183e-09 1.307959331763585476e-09 1.186744227772475901e-08 7.673231541946226132e-10 2.269070895243202121e-09
-6.687007508248167199e-18 2.074489554455212357e-09 4.398722949334668436e-09 2.336864273450216171e-09 6.048829494241576720e-09 5.676526426919811899e-09 1.120028914722061166e-08 4.632625280289263429e-09 5.622718360521113376e-09 2.254098631115585198e-09 3.554775131589501601e-09 4.939317492500801959e-09 -6.512488548473779050e-10
4.887745536507133708e-18 6.186857516296704530e-10 -1.863908333848639245e-10 4.048108221206241427e-09 3.749855042850418012e-09 7.598741424320292252e-09 4.811042551868966980e-09 3.212989802306833460e-09 6.432595010610002066e-09 1.042868076541010747e-09 -5.585246849580874150e-10 4.372013013960356363e-09 1.239265571877346491e-09
-1.757083273437985953e-18 -4.542183316860145984e-11 2.718843806551430576e-09 2.028224773658735451e-09 4.864659990734570493e-09 6.456311463131265636e-09 8.061697842589876318e-09 1.164051493886340921e-08 7.768446717740156069e-09 -1.710607796433697097e-09 2.662155130685772697e-09 4.543606180951230129e-09 2.759700973392572376e-09
4.550721603061777859e-18 2.803921103289431472e-10 1.153751515442195141e-09 4.216187843593242792e-09 4.240658229629740195e-09 8.692754974593268393e-09 3.108251801349098543e-09 7.089600367037257211e-09 8.923144635078011331e-09 4.999432887439072629e-09 3.645736902204759461e-09 6.529697643120831615e-10 1.285261239871500292e-09
1.057260202251168597e-17 2.057731065893339112e-09 2.650912343653188562e-09 4.862513711073053202e-09 4.315591737661413460e-09 6.784623342748213366e-09 9.202413540787589185e-09 1.133783375367848157e-08 2.495143943929550765e-09 5.937732217799570833e-09 1.403959242398387961e-09 3.632654884615059414e-10 2.902248023520843666e-09
-2.721501670058313626e-17 3.552622850404896803e-09 8.310199616016516410e-10 5.629174762926423992e-09 6.318848580013330257e-09 8.449385599266049841e-09 1.023417900037937150e-08 1.185996530653788883e-08 3.692306313136795383e-09 2.377452259978259658e-09 3.711377866411177529e-09 -1.263463918391877951e-09 6.627161552075828331e-10
-3.190672796673838797e-18 -4.235948664095356080e-10 -1.163633817418252780e-09 1.090941286355521130e-09 4.683972771347340776e-09 6.986137845488155516e-09 4.788383751651980101e-09 7.011274123900858942e-09 6.648169896286561834e-09 8.234844974476100613e-09 1.291547467765247551e-09 6.501725664490251052e-10 2.161334903533394560e-09
1.746906028838637098e-17 6.963752743185552437e-10 1.160375589056752174e-09 3.535406033347105070e-09 4.779844432864284091e-09 6.033196914430750659e-09 7.508143821957537131e-09 7.579754811709210055e-09 6.389578471352272986e-09 6.072856644408459054e-09 2.326595018377911593e-09 6.869660320683893299e-09 -1.320692927214426005e-09
-5.975736455724561934e-17 1.100444880130105586e-09 1.548602052367305548e-09 3.522203427934816498e-09 6.607332950718338618e-10 5.971259472537834613e-09 5.698717240100392070e-09 6.727788370313000972e-09 1.231557881939294569e-08 4.036046167938645270e-09 6.091769888847798279e-09 3.877678771689733013e-09 -1.891486021422819830e-09
-2.557391433696597092e-17 1.200150217730768940e-09 2.896542362775840887e-09 3.910513957310185493e-09 7.875815618857070622e-09 6.951389130937629876e-09 1.006814833593326730e-08 7.411410108785248900e-09 8.983580802595882970e-09 1.157254634068263323e-08 4.893822293687943017e-09 1.314454528751384578e-09 2.036267528715168064e-09
4.117517060351578480e-17 2.195298265676819943e-09 3.236081258867253580e-09 5.865752518460518437e-10 5.067785199191537298e-09 7.255141322968951725e-09 6.285332229648463186e-09 1.170060130260529003e-08 3.068504835982224485e-09 3.882017458148651562e-09 5.362656788940665088e-09 -1.743383088447484916e-09 5.882819898394786664e-12
2.025818292114969442e-17 3.258117931115751665e-09 4.826083653975672255e-09 6.385458936889124082e-09 8.158620984354479667e-09 5.918092598280515862e-09 8.246242807330235859e-09 1.310399531177080450e-08 8.541525008928958554e-09 4.137306018761984945e-09 3.929164264486626876e-09 5.300744350150017662e-09 -2.620324678146684537e-09
-1.050391837350590756e-18 1.802393450909586911e-09 1.142703641668645886e-09 6.558968132415575310e-09 6.056249563752199364e-09 6.249889934903017658e-09 4.985311435809171966e-09 5.012545201920550991e-09 9.634672811029232391e-09 3.573768613692678150e-09 9.745168832101916109e-10 2.883171880678262234e-09 2.170271770982114456e-09
-9.787504340900925481e-18 3.159021946691958647e-09 2.541406610665339634e-09 3.487556054620718461e-09 6.458582043823719550e-09 8.321610035763022852e-09 7.618478238600897155e-09 1.089224697320724956e-08 8.782002351521860534e-09 2.996260619844259698e-09 -1.171549548427692624e-09 2.494849021687218184e-09 1.231558257035718388e-10
-7.169753910123107202e-17 3.018841606636343892e-09 3.011647357051309424e-09 3.095312002189179350e-09 4.441794181764902572e-09 1.156012215541820739e-08 1.194375915704210728e-08 8.637819787951586426e-09 1.140762323545991530e-08 1.387385904568617329e-08 5.014860120730593531e-09 1.038785902291004117e-09 1.121652900930325116e-09
1.046326890919095803e-17 1.717729672876456267e-09 2.030292880414388985e-09 7.033997895011167496e-09 7.903724915171151687e-09 6.029873278890852246e-09 8.329634441565023484e-09 1.444392411728167156e-08 7.530798589253418433e-09 6.102921026626572268e-09 8.976961683859455606e-09 -1.054801344170534313e-09 4.772291914554414781e-10
-1.285287863502138101e-17 -3.014626462074496220e-11 9.887337151283884215e-10 2.354649047975271177e-09 5.352856170460145024e-09 1.031587481599786924e-08 1.248983891771987592e-08 2.175737743792945336e-09 7.379796709226770091e-10 -1.374320141210085692e-09 7.364830514680606138e-09 4.541902781802831230e-09 1.591578097079412627e-09
-7.617321066817037185e-18 1.663507171445520232e-09 2.923913866195313042e-09 6.453382193053725349e-09 8.445498467307288312e-09 4.897270960318452253e-09 4.276724120394280853e-09 5.814737920228238116e-09 7.487902771227276187e-09 3.795526246610659769e-09 5.458592824389874824e-09 -1.405366325646337160e-09 6.434820604105945011e-11
9.754096136047022582e-18 7.827659500629215903e-10 1.693578394009591468e-09 3.548790601462684338e-09 3.285902608068995912e-09 5.601735202261068688e-09 6.488576806138102997e-09 3.810411111105704794e-09 2.281925385475264288e-09 3.773273629838306020e-09 6.618292917412560519e-09 2.177351218812603106e-09 1.374865642719826149e-09
-2.450447778878723121e-17 7.813840681339828801e-10 -8.469007012357217643e-10 6.646309977477143892e-10 6.341485857048624901e-09 7.887377477033198917e-09 1.058797972071528796e-08 6.130124347558650934e-09 1.725173051960680567e-09 4.505466945679817241e-09 5.081626990744462541e-09 2.225152583974718472e-09 1.107036174250715353e-09
-3.120966332195816717e-17 -2.959854413011331136e-10 1.567723114215147213e-09 1.337935920106412501e-09 3.832817362928421026e-09 8.650027288895489183e-09 9.039750113240542717e-09 6.423306326213965601e-09 6.894910327098789472e-09 1.247099858711127621e-08 1.658507604790751549e-08 5.370471147751550131e-09 3.013069360538859118e-10
-2.500513635980343754e-17 -2.310178568069006293e-11 1.970760883989303619e-09 8.909222426672685673e-09 2.887469142576055135e-09 3.608445823410026303e-09 5.067036543739819416e-09 1.727588167699659916e-08 4.946500239327012537e-09 7.225776468927585858e-11 2.782607616777561913e-09 2.945004549253263495e-10 1.206475445247634125e-09
-3.793454253792330735e-17 1.842777379456969816e-09 2.652644639490409225e-09 5.325906132201621636e-09 6.258933336558273944e-09 9.411399924401797420e-09 4.215234580578700378e-09 4.744151535936471762e-09 3.624375532051786345e-09 9.354006421984827137e-09 -4.330544254852694178e-10 3.265964505556165090e-09 6.799489952345835458e-11
-1.822806072612423377e-17 5.517088108825164349e-10 3.431267749866952949e-09 3.136427028582730554e-09 6.192627515841033966e-09 1.026518667255241968e-08 1.147654586681192065e-08 7.276002640756054116e-09 6.741952906349576482e-09 1.007318733365476015e-08 -1.848216898866183429e-09 4.712250367088621337e-10 -5.243909341509821232e-09
2.439443558732976181e-19 -1.264210828449403409e-10 -1.499384735418936112e-09 1.488371863066806773e-09 7.996187369631044298e-09 1.082674453847453393e-08 4.507722901474139162e-09 9.365530073123550338e-09 1.153677123390882416e-08 4.231073817982380763e-09 8.079865372344422577e-09 -3.423279326456936873e-10 -8.546484959187269209e-10
-6.452365585555535395e-17 1.818863222447597174e-09 6.766088514591926008e-09 3.118226698958953575e-09 2.179779933999290041e-09 8.915672484812626521e-09 1.001739293941423386e-08 7.548745473939263100e-09 1.284894101051996143e-08 8.536891455377997391e-09 6.917118480318237109e-09 2.903063401326810473e-10 -1.493993508112775076e-09
8.694743016744029779e-18 1.253478813310586058e-09 4.086499049354647344e-09 2.237626273395654569e-09 2.775690936232966144e-09 4.887096523303909102e-09 6.219907572009349518e-09 1.025596857745370603e-08 5.193711298279391377e-09 7.307570959964750899e-09 2.969743604444875322e-09 1.103676868165469917e-09 -7.988976746119009032e-10
-4.125898324002145022e-17 1.980274662345761282e-09 2.339160331669650870e-09 2.946329707609179040e-09 3.518364011789890750e-09 1.606515726332072460e-09 3.291789796889427220e-09 4.808311041804488711e-09 8.199122608728721375e-09 8.244534601046108109e-09 4.668850136569901270e-10 7.498723509385681966e-09 2.068537537661439407e-09
-2.401371936415779088e-17 1.615410736100794355e-09 5.305751389835430963e-10 3.645512666379769873e-09 5.207217680588644202e-09 5.723165966655810356e-09 7.129136571685544978e-09 8.541572284835313353e-09 7.973918932678347229e-09 9.194300740792366619e-09 6.478632231544457252e-09 1.007663838310087913e-08 -1.927556796858392563e-09
-6.555587440449508042e-17 1.518920717299029961e-09 5.554893137667419290e-09 7.111092609566514700e-09 4.773132597797775589e-09 7.151448823747815011e-09 6.445641064099028852e-09 1.638930146659776952e-09 5.381891248173732340e-09 1.397624297528314540e-09 3.030939742705296219e-09 3.521866659210659560e-09 3.693698976046837864e-09
1.571860724656518446e-17 2.597205919816415939e-09 6.132611207554582168e-09 4.379382654787575228e-09 5.404841526526963614e-09 6.277875129754963725e-09 1.166407323506897680e-08 1.084972416241210991e-08 8.708129459714452154e-09 7.431439387928904463e-09 6.262087003981427609e-09 6.723947123451735072e-09 1.666851654083758783e-10
-2.107765654545937961e-17 1.458298244824851907e-09 1.376279303342306719e-09 2.499965980470328157e-09 7.646245913943065670e-09 8.590893637051730578e-09 9.095995019112925479e-09 8.221479144203028274e-09 8.482824252327879789e-09 7.640073272266918199e-09 9.830416972394950917e-10 -2.722015896188538692e-09 -1.488491125735538764e-09
-1.012705966688615412e-17 2.443165767839221772e-09 2.506406123931836692e-09 9.232162132328091016e-10 1.759442167928939536e-09 4.508336348886692899e-09 6.058568917821654023e-09 5.957513926948933110e-09 6.602599754645446580e-09 7.607593274578364534e-09 6.643840538461995386e-09 -8.957201047534516187e-10 3.294277495563941167e-09
6.730007419792155900e-18 -7.351566143054201507e-10 2.113743892269312048e-09 3.517918598358894505e-09 7.646581784508888670e-09 5.070376584417766186e-09 1.137436113124089858e-08 8.358667274224777916e-09 4.880191444652132920e-09 9.136132631503406034e-09 1.059600966845601245e-09 9.827765754444515214e-10 -3.581623019869774573e-09
-4.968129353938888207e-18 2.992672790248073520e-09 1.758202312764388535e-09 2.756775814872273529e-09 3.769636240672522677e-09 3.438364838058596098e-09 4.344419681259233588e-09 8.125001674839629615e-09 5.227524432992721096e-09 4.652315382832530302e-09 8.035856052310524089e-10 4.293345547569225643e-09 2.341766343471431877e-09
-7.355232192826834596e-17 1.913483404814741387e-09 3.688350063928616404e-09 2.142941718353615542e-09 4.266320841770556761e-09 3.808054701051630432e-09 3.781491730626201357e-09 9.398485050301395614e-09 1.760821224944385032e-09 1.121219492890692566e-08 4.365260225090436844e-09 9.243980062985995473e-09 7.263555712114057965e-09
3.783974479089134912e-18 2.059881000257137813e-09 3.769229688886639179e-09 4.314637218150735093e-09 8.001510100259539953e-09 1.004826031786154288e-08 1.134454624859128673e-08 9.161170671013675514e-09 1.154786608485367174e-08 6.191609607291317266e-09 4.138273097144147950e-09 6.818446867575330219e-09 -9.459011741232112704e-10
-3.626942190587010060e-17 2.483811300859146933e-10 5.942894771991479190e-10 5.530993688629162212e-09 6.146071720152832645e-09 4.197473991244734120e-09 6.221768351105753539e-09 3.535853465983573970e-09 5.828192697752825256e-09 4.910628412220193894e-09 3.235313230550006228e-09 3.216980818533413864e-09 -3.893269870757310091e-10
-4.820543180390636502e-17 2.560070913938400406e-09 3.727864885981504943e-09 3.939166650039697972e-09 7.702489042174791634e-10 4.225805808807753210e-09 6.056565284251542052e-09 1.049990948400862245e-08 1.185419035804740867e-08 9.650368142551410090e-09 1.137488858588557253e-08 8.455053595168629107e-09 2.568942053567038397e-09
-4.623207196262768430e-17 3.324032702437797818e-09 3.593440178235007428e-09 1.266007726046952320e-09 8.195537391191160933e-09 7.147201889833679035e-09 1.051975399018655278e-08 1.036903735200867699e-08 1.065390429067405301e-08 5.907043784370226569e-09 6.660778713574245432e-09 -4.447412882181073916e-10 2.907067645808849593e-09
-3.656078272371900260e-17 9.800124012923306890e-10 1.241761749622355655e-09 3.328471618257138270e-09 6.454192423418006293e-09 4.928885032751822186e-09 6.651407324352925418e-09 9.714085311484788267e-09 6.685679163513975321e-09 4.373004456579920955e-09 8.057825548350121996e-09 3.930672570304945205e-09 2.414865581168800946e-09
-3.146706937923248569e-17 2.552026057698021445e-09 4.055522803754550606e-09 3.530840138718794821e-09 2.508058495338854267e-09 8.266610187170018745e-09 1.063171396028694166e-08 9.203377788244530416e-09 5.427405513772617365e-09 1.593408709655222046e-09 4.340771873753138004e-09 4.000233654371265182e-09 4.876700192748320146e-12
-9.448650573442386298e-19 6.293908439948903308e-10 5.320685075557059861e-10 1.004005314329300996e-08 4.507259462362824130e-09 6.232146091479252451e-09 6.839211188163668686e-09 8.585304187467035620e-09 8.456759130483723348e-09 1.920031454397391071e-09 1.682056872505230011e-09 -3.949294753146272431e-09 -2.775390388171463746e-10
-1.211731023157911625e-18 -3.056876444302032112e-11 7.854699883191647918e-10 5.001429461885361998e-09 5.480867772799156971e-09 7.629946971023516531e-09 9.529650099155906128e-09 2.218900992686414959e-09 8.294504422800551993e-09 5.399471448213752080e-09 2.398177796113116152e-09 -5.276404593721200067e-10 -3.500655828767675031e-09
1.255604929825767638e-18 1.281646329410826343e-09 2.199867564049016902e-09 3.818186433741098901e-09 3.391841707371202344e-09 5.931647448812939468e-09 6.725822235599751410e-09 8.458638961902566261e-09 2.801572908124230454e-09 2.517628121263087033e-09 -7.928264890081808935e-10 -2.437376301288096996e-09 -5.695120782021010103e-10
-3.101850748143387552e-17 7.885483510648419304e-10 1.818854887158978339e-09 3.800677700482651038e-09 4.349105055578914846e-09 3.166166828884268370e-09 3.889226017056772962e-09 1.011880795496570449e-08 2.531624908730243168e-09 7.562730534936810025e-09 1.892532908328510982e-09 3.106830637304716833e-09 -1.256181110444918615e-09
6.231957719370692582e-18 -1.816141880212237429e-10 2.683277660211391776e-11 7.972264193283511830e-09 8.047454657608949276e-09 5.336166849692001799e-09 1.022508278244125069e-08 1.303669799445883376e-08 9.647998492713845041e-09 3.368648434949617362e-09 3.149481933518127648e-09 1.814551605663783407e-09 2.273956367718366659e-09
2.107365397075825121e-17 1.493482593633930219e-09 3.136493783315733713e-09 3.969217129671762227e-09 7.093386092056656588e-09 5.977213089526283375e-09 3.825564448698472607e-09 7.975048179815925264e-09 7.153216779604391321e-09 6.557664403652667079e-09 2.562889032383943261e-09 7.338683516615395412e-09 3.467650242062490845e-09
-8.789136789636918100e-19 -1.833156266791108774e-10 6.837803293734101815e-10 2.500515600903622967e-10 8.541011198334472279e-09 5.214966784160705620e-09 9.685876413890371030e-09 7.447773650284555655e-09 9.887437297592760382e-09 5.817446068676975559e-09 6.902715705153828419e-09 5.115750988000832160e-09 2.453586988155559323e-09
3.476644720724181358e-18 1.583813756765619097e-09 5.075474440329283209e-09 1.252469776693359533e-09 6.948740958805562642e-09 3.833622900282801819e-09 7.860544601784733624e-09 8.965754221600248478e-09 1.121439184816357669e-08 6.667381644729370878e-09 4.953790454817642422e-09 5.559075968531254212e-09 2.500226821949909196e-09
-5.155536642243981760e-18 9.297499794102205683e-10 2.185354403423981655e-09 3.699698395776849504e-09 5.609798109516437102e-09 6.930295019379053804e-09 8.276830988147152973e-09 8.105394296102992067e-09 7.833706683286301230e-09 5.519252567164375658e-09 4.039628423198391064e-09 1.857378573663525330e-09 1.313154501980288116e-09
-7.562007838490445663e-17 2.237376185356802130e-09 4.048248120438150390e-09 5.375199231839870840e-09 5.620725254157411023e-09 5.665158282819072160e-09 7.240677575678770673e-09 8.909490086885591994e-09 7.374308263780288861e-10 2.398135391794469172e-09 -2.455732400487346793e-09 1.913083499540895377e-09 5.072232102993379091e-10
-2.683100619412433229e-17 -3.558107914607283645e-11 1.326821908499967468e-10 2.700475149415710086e-09 8.086001037833132014e-10 5.958853276331854013e-09 8.804352759904867190e-09 6.117723079168868270e-09 7.857890220401617065e-09 8.616011935121216644e-09 7.393164324729248348e-09 -2.102963707986942375e-09 7.149654467744680970e-10
2.325404524819950773e-17 5.304323839113627671e-10 7.066137066190536052e-10 5.881217288929776155e-09 6.337960764800640266e-09 4.581753932309037203e-09 4.758704968628496214e-09 1.014235595487547291e-08 9.624957367279709324e-09 7.296939269533016929e-09 4.823572158452433404e-09 2.357691901874750408e-09 2.614546504923134113e-09
-1.594184563430443116e-16 2.963746752544597531e-10 1.204430071762631359e-09 5.189683371827231355e-09 3.793239323245792507e-09 6.287072461358361345e-09 7.999273601567557445e-09 3.421720651227954426e-09 9.164172460143034007e-09 1.439006111821507438e-08 6.871877038615518962e-09 -3.673817148004035472e-09 -2.911568145556597856e-09
1.067928993422112474e-17 2.870507054041636461e-09 5.332675917920675000e-09 3.397828443894855312e-09 7.306802981065504660e-09 8.539992267311881773e-09 6.762461165615736655e-09 1.025991168817101502e-08 8.037039272338084778e-09 4.337504085392488787e-09 -1.361155461240832670e-09 1.494712439605419145e-09 1.458014959320387564e-09
6.903602758609103877e-18 1.528296232052142397e-09 3.203685996267244599e-09 5.500916333331572542e-09 1.013858779838977874e-08 5.126832602965689583e-09 7.599033175060031133e-09 6.770232399591001413e-09 3.100940038245942850e-09 1.004982954338040617e-08 1.976177247837905437e-09 6.014649980243861138e-09 1.879844780331514796e-10
-2.541498727452338023e-17 -4.472912922928763338e-10 2.985410966659490148e-09 6.409165053881153954e-09 4.299369292598930092e-09 7.905677790652948065e-09 1.194025489983562092e-08 1.188479059714925070e-08 9.153782549564985497e-09 8.575724170116144844e-09 4.411341498673733608e-09 -1.012414386383789013e-09 1.184132564937644721e-09
-1.515270595030690832e-18 1.121160844891723944e-09 1.895158333989955836e-09 4.307834861471142105e-09 4.236696502468482498e-09 8.784654215510994252e-09 6.526772499496947385e-09 7.745070487981218075e-09 6.911933134044036198e-09 5.210943555009246654e-09 1.354830420822690494e-10 2.993946981963676988e-11 2.621159979195355911e-09
-4.613828103729898923e-19 -1.898536735754363877e-09 1.719478164658310027e-09 2.486529220312359461e-09 3.239296757206860686e-09 5.020565982600516925e-09 6.362739310119462995e-09 8.335639981838305397e-09 1.058925701963943223e-08 6.088406371725850961e-09 2.893357274988262291e-10 -3.901048325463098482e-09 -2.012736162089885545e-09
-3.044449097986516165e-19 -9.266812450052395563e-11 -4.738072607169809730e-11 1.621042731494021135e-09 4.674858833188749502e-09 5.559784980755858061e-09 8.077329749828067393e-09 1.168786588208849119e-08 4.195117715286986737e-09 -1.785933854440943948e-09 7.295772039183414655e-09 3.963831560441175820e-09 7.759360101048058985e-11
2.041893389156425886e-17 5.222398511414025407e-09 3.836775273779240031e-09 3.312031274794926397e-09 8.231291062545870209e-09 6.491769859744492601e-09 9.294152922485650428e-09 7.256464714321526192e-09 5.154498922231121264e-09 5.393006223235362993e-09 3.737626020676481229e-09 1.297398320701621057e-09 -4.337486744151531850e-10
2.422510555605704936e-17 4.048519801761426865e-09 3.177622784487348541e-09 5.666239510010090732e-10 8.551013979125368763e-09 4.257944687748913046e-09 1.085916192723377866e-08 1.081035198249229904e-08 6.701037518992572562e-09 -3.860896239957453424e-10 3.412299454869057770e-09 -2.869016319480455849e-10 -3.927960805736464870e-10
-3.985430280093303590e-17 9.719685437282922536e-10 2.639225516074258812e-09 2.468922298016794466e-09 5.742440163939528486e-09 7.165396563911828591e-09 5.498853955514721232e-09 1.129930005786604557e-08 9.069541381433360938e-09 2.778552572995488754e-09 5.808701857141940461e-09 -3.117702633048309350e-11 2.070006968862114132e-09
-7.581539052913889356e-19 3.895707171738639752e-09 5.340279845948668754e-09 3.221746395551371851e-09 -3.323231044244300213e-10 1.071634354549838315e-08 5.397322248431244135e-09 7.492098341538265864e-09 4.994472137729695317e-09 5.944787086101799658e-10 7.424280439089965900e-09 1.502135816360892449e-09 8.123195808313478539e-11
-1.689799395186721159e-17 4.508611117443043931e-09 4.739435253293749715e-09 6.486889340830560554e-09 8.462917798004770563e-09 7.359395972183621241e-09 6.871232030592017927e-09 1.115783482409114565e-08 2.057863453269885937e-09 7.204234147637231918e-09 7.263531880160876434e-09 -3.113259975207696007e-09 2.500325640515593468e-09
-2.051530216383494951e-18 4.701692985826922206e-09 8.017706382372705155e-09 3.749330061342782322e-09 4.777727331352566963e-09 1.086726455002717760e-08 9.283850263345578174e-09 7.231225937778118187e-09 8.126273621724938237e-09 4.171633268995068495e-09 5.265980735423020696e-09 2.498130296180292546e-09 1.764292996095020163e-09
-5.401887696254590306e-17 1.320173650304583905e-10 1.530875873819060419e-09 9.510415171262769492e-10 5.936716622795103660e-09 8.764494656045027261e-09 4.281258833731228646e-09 1.121837640211870152e-08 3.707251306242843747e-09 7.139048499538137098e-09 4.062530621735680009e-09 2.231259766787317784e-09 3.953014484346912088e-11
7.064391596564239470e-18 1.187518673173890894e-09 2.425653559448977700e-09 4.983399702115755834e-09 3.330294393334437839e-09 2.105783840324758848e-09 3.927507371305579160e-09 8.429042154233793213e-09 9.557855821166238956e-09 6.250829855319844571e-09 3.216944445088816149e-09 2.287041778611809844e-09 -1.417358610102542857e-09
-9.736154850074568558e-18 1.468956352792713057e-09 3.623125619447960657e-10 4.827646978410902251e-09 8.651234179319283011e-09 5.566542081315149606e-09 6.026733416247169103e-09 8.579434136333403495e-09 5.406261732743575239e-09 3.200673901521909626e-09 4.941264684031314882e-09 1.397733783555942929e-10 -2.813921769932465939e-10
-1.561484237577984469e-17 4.484609366236834624e-09 4.804239192813773820e-09 3.296393248699733940e-09 4.636345199636956365e-09 2.160378801147008723e-09 8.303928132576814049e-09 5.925582860896237420e-09 6.462806511017205405e-09 4.103167696288281047e-09 1.094067235373383615e-08 1.027280637527414864e-08 7.977355713947935950e-10
1.090746707802810693e-16 1.142248998309774862e-10 2.306207354221367802e-09 2.841272777936579794e-09 1.459743976325355919e-09 1.111021864257078083e-08 1.201510063619620040e-08 6.029835042738912224e-09 8.479360077885258494e-09 4.333476280533335230e-09 -1.886848279339038998e-09 2.671791064196723276e-09 6.332966106946385987e-09
-7.585570891272813876e-18 5.169891115037641603e-10 3.256965675528429073e-09 3.829257943501006781e-09 1.684689341716499092e-09 3.728670998258809643e-09 7.619417289373522628e-09 1.128872831719125376e-08 8.850053550732108973e-09 5.993943091902396291e-09 2.597928002094322180e-09 7.294403826292493631e-10 4.836364742558785677e-10
-7.493480270007372471e-18 -2.234145971593736301e-12 2.080832786614023802e-09 1.296091573619386241e-09 3.352706317926481792e-09 5.429575805577464719e-09 9.270982701406053396e-09 4.748713213611824033e-09 1.208659196473761965e-08 1.394249583463082716e-08 4.121254255818075053e-09 3.940548897813132638e-09 2.419492358702086673e-09
1.154310594722049230e-17 3.734787180673667093e-10 4.225609845088389090e-09 2.702418088257991370e-09 2.433292804226997614e-09 5.805071666242298687e-09 1.026934887469541800e-08 1.003514574534205614e-08 6.079284419278150461e-09 4.818521863625566991e-09 7.602433932566405306e-09 4.284288425676628171e-09 4.216391199379083723e-10
3.166419010880144024e-18 7.651918522618832110e-09 6.442888174280837292e-09 3.890115802338778849e-09 1.842897100771699149e-09 1.033485964179637208e-08 9.011884503523146994e-09 1.005506354728968411e-08 6.236747970834137460e-09 3.203305923471489051e-09 3.979272625689490672e-09 2.435836345322727711e-09 6.237732392688236926e-10
-4.997596772673122683e-18 2.205997417183281390e-09 2.344182496730148458e-09 5.755745383102132229e-09 5.376486046578015734e-09 9.645404304476679485e-09 9.615773421648744783e-09 1.025580872361890945e-08 6.773562158599049724e-09 6.918539066973895148e-09 2.400734442561184617e-10 2.998409478328229879e-09 -1.047867503697814614e-09
-5.889612643446617442e-17 2.158893081154898659e-09 3.921069228470961671e-09 2.226560076343267525e-09 6.634157315210724575e-09 6.408934197833512449e-09 7.851164426451250511e-09 9.556923642338440212e-09 5.117664951731297927e-09 1.069368348185203922e-08 7.177278854054698638e-09 6.885911566369961743e-09 -6.635056267575560062e-10
-1.214726407617049610e-17 3.775253576558528286e-09 5.783550795229774101e-09 4.163084831641936837e-09 8.514527388311071433e-09 9.151684998841098787e-09 9.070434474739638549e-09 4.135030881534435474e-09 3.323885754554565305e-09 6.238185374194029247e-09 2.627668334524178427e-09 -4.528434279516344378e-10 -1.003595248591252753e-09
-1.409197124376729086e-17 3.068892979339918222e-10 2.595404785705810539e-09 3.710730600293124531e-09 2.072229940697483376e-09 6.926804492772454280e-09 9.920371079488536021e-09 7.309028971602235716e-09 3.215840593144968269e-09 7.262952814208038935e-09 5.618396360072711527e-09 -2.740353580657974487e-10 -1.640915366070154461e-09
-1.470867876091219903e-17 2.501342904587699665e-09 2.923197198441521761e-09 3.443833100533358866e-09 4.812351252437227930e-09 8.453762636019063175e-09 7.414214760523764031e-09 8.704548975920243992e-09 7.372127793063520615e-09 5.089022628910116131e-09 2.703699686768537196e-09 -5.536604173891912342e-09 -5.532278883118699234e-10
-1.072905090875795822e-17 4.036817103549400607e-10 2.167847253847678252e-09 4.685547411234289191e-09 3.382371312643387602e-09 4.749262971688001825e-09 8.128702910866467348e-09 8.240454063563748339e-09 7.480851505266660545e-09 3.820375129099981599e-09 3.065682333849212544e-09 4.967311595250177525e-09 1.553324111956461104e-09
1.321820681768488858e-17 9.130215921288672488e-10 3.310953154666081373e-09 6.471261415970253950e-09 4.866614025593681226e-09 3.593426910712599715e-09 6.955061339362245343e-09 7.105331417759573894e-09 4.979355351628521989e-09 2.702714287332830095e-09 -2.403051587216407929e-09 2.984095237651917505e-09 -1.041179908285048756e-09
2.982854320057839632e-17 1.974298907653092974e-09 4.439653334140155820e-09 5.836695812259134545e-09 5.660946294068447099e-09 4.603684942488228819e-09 9.288786615175483111e-09 6.516779618629570456e-09 8.031727586994654055e-09 3.826032271803069120e-09 1.109903125210284435e-09 -9.337251769634736084e-10 1.197532067651261614e-09
1.883266614441922608e-17 2.278830573826377800e-09 1.901543165117206909e-09 6.504991103872938863e-09 6.920906529715380271e-09 5.734615557638590704e-09 5.487319268587893801e-09 4.676657531765954319e-09 5.357357600852555469e-09 4.578314142833176232e-09 3.289920687464351990e-09 3.063428521005235853e-09 -3.519559815312547502e-10
-2.911193496584669521e-17 1.276159354141311651e-09 1.805259010081754565e-09 -8.257034069142405101e-10 3.167688586248064637e-09 9.542934496025308271e-09 5.538049086289674537e-09 7.830949522167359681e-09 1.102208800083778933e-08 6.281526850025420241e-09 4.177573538368019935e-09 4.447076058708882048e-09 2.919588298323801747e-09
-1.908197564951365425e-17 1.363919875121753068e-09 6.044936320597858600e-09 2.889815966099720050e-09 4.284913462303097834e-09 6.083484767475607846e-09 6.141273387863906814e-09 8.348382336199695851e-09 1.184024057539328036e-08 5.007905845946045564e-09 1.295241889828275680e-08 6.194746285503120852e-09 4.064775573814561813e-11
-1.717898475107780843e-19 1.786297289571934290e-09 2.654578528159975207e-09 3.281335037631948577e-09 4.964758800496474793e-09 1.067059216346387978e-08 7.432506119153814596e-09 8.851710362886368766e-09 8.025650002425033295e-09 4.960119373771391777e-09 1.884048475010454997e-09 1.268343272980967771e-10 -1.027294580699799847e-10
7.709746584647409333e-18 8.031346744720629735e-10 8.363433399376243971e-10 3.698311200782019644e-09 2.205351208111902197e-09 8.520452420936462240e-09 9.089956884500959857e-09 4.601178046710747547e-09 3.301699006724467156e-09 4.896932616349618510e-09 1.132570862661716513e-09 4.032817749245111916e-09 -2.174904205008596912e-09
1.651947146335476381e-17 6.530098526294204890e-10 1.076652499703076871e-09 4.859608810220817732e-09 5.299090291682954376e-09 8.905096252160183238e-09 5.959029717603702269e-09 3.145980298922376002e-09 7.804738826646780232e-09 4.889044035503352832e-09 1.656590446489176340e-09 4.779587802655087387e-09 1.589306832077345933e-09
-3.909076009820442772e-18 8.028381093810825515e-11 1.387483092215869636e-10 2.247548513223705178e-09 6.574622070980640097e-09 8.963044090535859097e-09 4.727551345375352611e-09 1.195227548585495533e-08 1.020226636558807042e-08 6.642691881551171934e-10 -1.725794841770353139e-10 9.512652501389668595e-10 1.750471499532101479e-09
1.418108878911403295e-17 1.738620418482174188e-09 2.162196011596294024e-09 2.706495431252852121e-09 4.291840149820965012e-09 6.823404098359312790e-09 1.209640852494702523e-08 4.773476384236596530e-09 6.810091908307020640e-09 4.450852229881528709e-09 4.482060822577987025e-09 4.382328327107947355e-09 3.720748745390373096e-09
-4.767935742703931747e-19 2.350965706785475965e-09 2.001646824115997281e-09 3.320653630161871330e-09 2.219194824532919597e-09 6.719527216701370270e-09 7.069516440069576300e-09 6.766399647190395864e-09 9.355794402853273669e-09 8.443182831573795269e-09 6.876435569760798599e-09 3.114818582814890750e-09 -2.282467032772077946e-09
5.453914330429592539e-17 8.742621847102587441e-10 3.602347157849630403e-10 6.334283329731387484e-09 4.775656768763770626e-09 8.234280134291810668e-09 1.095785588767947397e-08 6.529849139855556524e-09 5.130785580263518628e-09 4.957910647063100297e-09 2.540303826014687553e-09 6.267983631899266594e-09 -2.499560131009422522e-09
-7.515343065273003867e-18 1.479758531464505214e-09 1.400367461851353307e-09 6.651867677289317666e-09 2.790775356255173210e-09 5.646831076610530952e-09 9.289626037408133820e-09 1.220562493075877373e-08 1.333354976813661162e-08 7.122828205646152205e-09 9.574735849341022310e-09 2.732429449970896140e-09 2.162084987630245978e-09
1.661083393848890045e-17 1.046366585371459478e-09 7.643502185828087240e-10 4.878618645154033763e-09 6.123609867861328819e-09 5.061713262133754094e-09 1.594889581901335282e-09 7.728529634230685753e-09 1.046322674371620281e-08 9.733759889223099381e-10 4.917486126409467114e-09 5.465646417200130336e-09 4.897034500914121618e-09
6.961445513557225546e-18 1.293570538066171087e-09 1.386166109253370672e-09 3.395774109316237262e-09 5.427918024832227712e-09 6.843160431870151788e-09 7.310810627107001590e-09 7.663286483563784779e-09 1.021022207908972257e-08 5.396051855524314930e-09 1.073758255993838071e-09 2.180371325866950161e-10 -3.210042659176165407e-09
-1.043549194383732106e-17 7.358068208170581606e-10 1.154289475460603933e-09 3.283486720907350202e-09 1.044134885962432230e-09 8.711767747544951209e-09 3.335534040389581146e-09 6.877707425854105578e-09 8.575592340107561850e-09 6.026440829056172757e-09 7.461811827496492574e-10 -2.714646075027794012e-09 9.162411197733953780e-10
-2.881081734557638632e-17 -3.642466756761544244e-10 -2.027331435872805569e-09 7.995463441169404914e-10 1.271003883118659890e-09 5.269811787296169849e-09 1.236251763102250858e-08 1.004027352397788517e-08 4.702590332421453384e-09 5.576616886833169344e-09 2.468812075715170139e-09 -5.994695091498380227e-10 2.817459949831042873e-09
3.629977141849399230e-18 -6.691681819396038456e-10 2.332474677409382481e-09 4.693462332822099418e-09 7.720109371555802257e-09 1.181094941077257604e-08 6.666237174864354640e-09 5.401224073797604206e-09 8.046125811774168364e-09 2.876895627499925630e-09 4.942961223317812044e-09 5.087557850861229325e-09 2.179528137912502404e-09
-6.840410369880994109e-18 6.074752668662372890e-10 1.797697069968280553e-10 1.482826805017883512e-09 6.217702097348454340e-09 2.794766031430151597e-09 5.783757651755060091e-09 1.122472335813580928e-08 9.183329273988299118e-09 8.105147718136879122e-09 3.339511750864075266e-09 -1.022839106956441381e-09 -9.553875657504823122e-10
-1.035587967384369406e-17 2.782889936705438711e-09 2.455159170090116212e-09 1.109335919987471356e-09 4.761350096531089406e-09 3.355103166495583142e-09 6.599306956924339136e-09 1.537981646664962832e-08 9.170669784582867610e-09 4.254295662442758010e-09 1.059456715771851501e-08 -1.156663061528631095e-11 6.523687928959475157e-10
-4.356470782942260321e-17 4.957474185998841656e-10 1.084437407109068560e-09 7.247063063799351786e-09 5.363381512919699043e-09 7.360059716849700743e-09 5.568504072277089764e-09 2.707423078494071593e-09 4.414298033048431934e-09 6.877050412000185084e-09 3.303504019819904724e-09 1.178049987823484361e-09 8.917624186712774025e-10
1.373867155680615149e-18 1.360410963258375477e-10 2.395017928335213765e-09 7.482985395619974646e-09 4.204232389153540873e-09 2.817531049306657844e-09 2.326130157127746844e-09 3.459344568508930491e-09 9.370660384191672840e-09 3.380763268134374060e-09 5.018694429911114327e-09 4.705120529052156551e-09 -1.565012198878454588e-09
-1.654436212108496244e-17 1.240052872294147832e-09 3.772964295561841308e-09 1.636369405627303939e-09 7.087783162620609424e-10 5.600050434848331768e-09 1.074256511561393997e-08 2.797588885088364758e-09 7.999439767921593986e-09 1.167429262682072072e-08 4.946980237139882459e-09 3.285918808193547593e-09 -4.590761686673981055e-10
-4.440565433571708415e-17 9.366544375400862425e-10 1.963349274973305666e-09 4.670850762647199986e-09 7.076134311528893245e-09 7.320447841190302335e-09 4.273731663828008486e-09 5.931626682240045853e-09 1.315881598011499645e-08 9.131008061400262021e-09 -1.412569498874183880e-09 5.393769238242323506e-11 2.301052843855295549e-09
1.210407068013011056e-19 5.288645091793105861e-10 -2.466774485991297046e-11 2.779178085161941245e-09 4.643728736416824628e-09 3.166503327271484284e-09 7.808801057102261335e-09 1.110906230677132077e-08 8.654164352881337632e-09 5.665737369376632957e-09 8.227035905843975495e-10 2.820763397308786422e-09 -6.068787963187462218e-10
-3.250546042486097271e-17 3.084022412767290190e-09 7.441300972096681082e-09 4.053186700381288824e-09 5.223247050641949253e-09 5.356523169968591418e-09 4.276882669933448691e-09 1.238254184373479455e-08 1.107944474745634663e-08 5.421660371209483086e-09 3.838349549557846265e-09 4.847782961686578190e-09 -5.660115039929562803e-10
-1.257269535419167190e-18 -5.861254434382785803e-11 1.253896460691213555e-09 6.018977271424249371e-09 1.042265471547531762e-08 1.388500036205984917e-08 1.034857089561790095e-08 3.154434726266614616e-09 9.470427336050574549e-09 1.236011813703445008e-08 3.770131226415726303e-09 4.209829233079845516e-09 -2.349183200967096285e-10
-3.763762870800473718e-18 2.165670407559742741e-09 3.260534802216687694e-09 3.694225210480250242e-09 1.064482548949465335e-09 4.541933411483422223e-09 5.326985161411137424e-09 5.694354731522082292e-09 1.041166459734729446e-08 7.707682779459409738e-09 6.298970176248407314e-09 7.819972708015553292e-09 1.016256119393868773e-09
-7.460025527759751258e-18 3.922276409692480881e-10 2.771691874918723454e-09 1.353351276793052405e-09 3.511039591146246033e-09 5.167117935843009585e-10 1.051776317442685696e-08 1.126581131116804586e-08 4.730520675389529406e-09 2.445982000951656490e-09 4.327637808240552223e-09 2.824741768868526248e-09 1.943975431723079516e-09
-2.087272984286399740e-18 5.479905858708592719e-10 2.563365351650187868e-09 2.378252171298103305e-09 9.898992149383144761e-09 6.083887898564052425e-09 7.988537454463231889e-09 6.828441875735392335e-09 1.039260906912309833e-08 1.000858699270567604e-08 3.702992392085857455e-09 -1.610524493794528190e-09 1.984551928750055082e-09
1.151669472541839199e-17 5.776374020722420978e-10 2.183613445481752897e-09 1.037290699582270625e-08 7.698940599838204376e-09 1.101202595406392390e-08 1.080340369555664763e-08 7.879981444003474880e-09 1.383414922021910741e-09 4.270346696299208028e-09 3.798497276553930356e-09 -5.150759428651783334e-10 -1.070720582436546003e-09
-6.789548085890321431e-18 9.498663978462305881e-10 1.747783974083149248e-09 5.720459403907738658e-09 3.867136550832176456e-09 9.271188978281423213e-09 7.446141348355465381e-09 8.260399163578457480e-09 5.212429747522116248e-09 2.164153950572360423e-09 1.469118699129414107e-09 3.790245878480693863e-09 1.051782572840971804e-09
1.714608811009875976e-18 5.863786723431194338e-10 2.031383189293374771e-09 1.394698677696635622e-09 4.186253197600200854e-09 6.057503259113755243e-09 6.435318942336922849e-09 7.523991386543879731e-09 1.083639115081020025e-08 6.591568064847810948e-09 3.849218722022866213e-09 3.003498880256483266e-09 4.968957987671114048e-10
4.589694893537242582e-17 2.146888314574802962e-09 1.980341743046275107e-09 3.844696433657339569e-09 5.532906201093362063e-09 3.979498029095301678e-09 9.387712108211849063e-09 5.441275457366895194e-09 8.069518760802732383e-09 4.541573885653444871e-09 8.188265257592296722e-09 -1.004841142322744592e-09 4.198115427668620898e-09
-9.078868300398996639e-19 1.431247276049691737e-09 4.293775544844758817e-09 4.803546539599067124e-09 8.478763389904159748e-09 5.320045950624621864e-09 5.832966608212785261e-09 7.705832117114018528e-09 6.148589602760664049e-09 5.503076720963270697e-09 6.888268070294138106e-09 -9.205557247840216486e-10 7.669847473562581119e-10
-4.622117556498928480e-18 1.920172041413747606e-09 3.282471501003517529e-09 1.838136125112736268e-09 2.561172851476544107e-09 5.375511148053349682e-09 9.543379645083495768e-09 8.370435296948182940e-09 2.921891519656238086e-09 4.673824469600960788e-09 3.418761220042882642e-09 -1.140566906281099993e-09 1.721716749300154251e-09
-6.159659472200427245e-17 8.497815637629995549e-10 4.316977415730951258e-09 1.782382326951962940e-09 5.801727373005716319e-09 7.997795682115436266e-09 8.800430362700215231e-09 6.580754776375293150e-09 7.921843966056785475e-09 6.311763423580540682e-09 1.135190578248618704e-08 9.621370488388440149e-09 2.768503046646184051e-09
1.079821060211702916e-18 1.229926950176829265e-09 2.376203804682509901e-09 3.938086320197845204e-09 4.651478644500897635e-09 6.914397992404536666e-09 9.243498803372023903e-09 1.231905945595444070e-08 3.199296035179882132e-09 9.164552720352738636e-09 6.995040162176100598e-09 5.438108242726152761e-09 1.869247271270535742e-09
-4.454584024796630260e-18 1.150092008196783039e-09 1.490573739937341757e-09 1.973662700256136496e-09 3.623524605003322840e-09 5.229291160340709118e-09 7.263173480274442445e-09 9.545579640501636324e-09 7.197852708849558229e-09 9.088568655613452944e-09 3.840995367084460612e-09 -1.550044817622835918e-10 -3.025297460832987982e-09
-5.934888355311133433e-18 2.069684889986303439e-09 1.870452631973384748e-09 5.370464946659702833e-09 2.066503305328224427e-09 5.755010454840216853e-09 8.428432326948718757e-09 5.452936694999300052e-09 4.868584964511987680e-09 8.284389160855090255e-09 7.317618636847700658e-09 1.892379524220082562e-10 -1.468498391156686675e-09
2.176251758652445664e-20 7.967096158799914144e-12 2.076875327875948302e-09 3.151163787628588402e-09 6.590935016116265981e-09 7.602227757362195130e-09 7.737152402831843567e-09 1.083956948354464779e-08 4.636029639527716902e-09 9.839592013859564762e-09 8.749193165409303435e-09 3.364189874664569683e-09 3.487193884238321926e-10
-1.859617769868694252e-17 1.460411587005427486e-09 2.513261028046880475e-09 5.962206684259048674e-09 4.578910525692660389e-09 6.400466393841747889e-09 9.194022842252311371e-09 1.064214380963671513e-08 1.041271511788699047e-08 7.039344791453173787e-09 5.774600666965944713e-09 -1.501736455107699385e-09 3.042174404983303079e-09
1.820053920079077127e-17 2.375135510632995606e-09 1.642597127469997506e-09 3.666693901771947724e-09 7.823557602161225120e-09 5.534753133685096066e-09 9.613435470324709883e-09 7.241046475632858976e-09 2.031849491935191702e-09 6.410941782258859295e-09 4.725635021347727413e-09 5.275613567872774489e-09 2.436974878282547576e-10
-1.469176646502391589e-17 7.581549795533175767e-10 1.531429590165378414e-09 5.645273592778560014e-09 5.247815011669619069e-09 3.959004840984644503e-09 4.499807879939445479e-09 3.802385926843535034e-09 5.380298730304439326e-09 5.853943863564835746e-09 3.305124378309639904e-10 -7.215420485675904662e-10 1.523085083201667702e-11
4.698270151950893582e-18 5.524459463464888609e-09 3.937075333192788430e-09 3.871129579960819599e-09 5.309354652609387054e-09 9.144403343678324501e-09 9.667054104434621653e-09 1.345145127469744246e-08 8.701032040085769612e-09 1.638087392810798838e-09 6.067878280705307676e-09 -1.210527198650435902e-09 -1.354919451051674475e-09
-4.770313689745483239e-19 5.374736845216717416e-11 4.354806512228730775e-09 4.632193296302712067e-09 3.102815000457540792e-09 2.799569433897277405e-09 8.086911279962336874e-09 1.114552169270483188e-08 1.168127229428194986e-08 6.939394269649177562e-09 6.187005849569463700e-09 1.166073681687171904e-09 2.432859610649212634e-09
-7.095231348302892092e-18 1.738050105613888744e-09 3.657709880982308886e-09 3.758817366003225533e-09 4.938739229353710894e-09 1.036440572956472515e-08 7.411176916148776080e-09 5.106082753195714130e-09 1.330812072393448546e-08 7.004443259643944142e-09 1.343077093430360746e-09 -3.553233625800655060e-09 3.225539360878458937e-10
4.290669181052220258e-17 5.432682911764700954e-10 1.208714874312359131e-09 -4.196117586077773715e-10 4.066347007471305913e-10 2.606123641464757961e-09 1.095951437420603615e-08 1.068749119390107931e-08 4.505811289520304244e-09 5.944400537627914623e-09 9.530590974464211302e-09 3.576888685324127286e-09 2.099844677534110303e-09
7.674550640916266017e-18 1.036063347627835707e-09 1.869521070782867701e-10 3.393018507251860038e-09 9.558358011442861164e-09 5.303939297108521898e-09 9.948937192180565832e-09 9.156246370324664106e-09 8.581602818129747084e-09 8.625609859348543313e-09 7.210429528686838849e-09 4.755266008835393049e-09 2.809640819652650794e-10
1.267387095865005946e-17 1.875559168300025459e-09 3.301642953187006023e-09 3.593720773664563340e-09 5.251978247249770206e-09 3.700078724167147734e-09 4.856140220533526006e-09 9.395642037997033041e-09 1.204943325678424673e-08 3.724340990793124810e-09 3.486789721354234152e-09 6.727972909635384802e-09 3.822621151239266002e-09
1.477674162011527071e-20 1.615665062041884363e-09 4.393784482948464408e-09 3.800299477526530574e-09 5.885379496982200739e-09 6.770858752897265794e-09 5.279110065106361946e-09 9.931435345846299681e-09 8.753878836506586907e-09 7.242916662450046581e-09 3.417379555231243534e-09 4.116877243476897847e-09 -1.387539104743083691e-09
1.262201789422109889e-16 4.361035008915744028e-10 2.777195776663680430e-09 -4.143935356865895141e-10 3.962163395818238192e-09 5.312644326858104601e-09 9.077128210950288406e-09 1.327515300846284735e-08 7.911505607973841973e-09 -3.237356919306627852e-09 -8.085815198861148715e-10 5.836547403668567596e-09 3.309390450936559556e-09
-2.333927822352534166e-17 1.772618886389853393e-09 5.073860621415445370e-09 2.575485375630618035e-09 5.015975292410300690e-09 2.069975046494488381e-09 9.252992162843578960e-09 1.117614729441546803e-08 1.089415294913471590e-08 5.527200520458976404e-09 6.677100403380384988e-09 4.050792578513212067e-09 2.052042711557017943e-09
1.549122322824365483e-17 2.759652158088939592e-09 2.245609336942195778e-09 4.547785620669358272e-09 5.197460738861117826e-09 9.512625407732282783e-09 9.346185013196850268e-09 1.054916931029194834e-08 2.108749551118312664e-09 8.459049690824460148e-09 7.385834618214944059e-09 7.459195486622112447e-09 2.781878010087880019e-09
4.095985536987693428e-17 4.716530534116409446e-09 4.722918020526124436e-09 4.710472063992236105e-09 2.936961063422271111e-09 4.576781922809578363e-09 7.733083318150619614e-09 5.188598963853328623e-09 5.844779609292797255e-09 9.388612207620584392e-09 3.839799335940893908e-09 -1.730769757545200267e-09 -1.374756796864197310e-09
7.286455064546755643e-18 9.879003170434797577e-11 5.679036903179517572e-10 5.292904803606514163e-09 3.447881847683386871e-09 3.066045982605286047e-09 8.234969586655281319e-09 5.657019337817830056e-09 6.658558548726726015e-09 7.475718021151803693e-09 5.798224924391194428e-09 6.010555652047553912e-09 -2.486324595246290183e-10
-7.517053939609400328e-17 2.417352994086747869e-09 1.029582281253982542e-09 3.581331851133104934e-09 1.564913883940833653e-09 7.786750013035711553e-09 8.173266504820215072e-09 1.184730979034022911e-08 6.200223840713631527e-09 7.134081597951597984e-09 4.284068972603083451e-09 3.088246372843409493e-09 -7.873481707367275763e-10
-7.575730869091946105e-20 3.326849253701123504e-10 3.634905764956659838e-10 4.449365148530581901e-09 7.327233949010035367e-09 2.437441024930114537e-09 5.057664513445077505e-09 7.427385508829098119e-09 8.978946968616789245e-09 4.670963245495481237e-09 8.144865392377359843e-09 3.798890836375014885e-09 9.068362304456288737e-10
-2.868060551748874212e-18 5.211737740275703330e-10 2.254289705770993446e-09 -1.942662186352686030e-10 2.676776247573830023e-09 9.423636980314683626e-09 6.658804624901190409e-09 7.270540239087610100e-09 9.929104918863633301e-09 5.422526134113016439e-09 -9.998613852058182174e-10 -1.995718437917159517e-09 1.840725537883237261e-09
-4.537748340993325620e-17 5.573226599642024714e-10 1.765969324679832759e-09 2.505582734028422014e-09 3.627059862582990868e-09 6.976094416665882992e-09 6.104170036707746092e-09 1.156728083666692847e-08 1.180713093993419861e-08 5.081573105959727142e-09 -3.579841212894746398e-09 2.912916315186009481e-09 -7.277593421466536659e-10
-9.511166881026629694e-18 8.620779081084011837e-10 1.964127336016469458e-09 2.787520116281483199e-09 3.457011709725828716e-09 4.583132080483475316e-09 4.770108185776292319e-09 5.457705949383205039e-09 9.017496976881531285e-09 8.967279226423660797e-09 7.195185859121687642e-09 3.811556172865251296e-10 -6.434632722372633643e-10
7.971478536238351463e-17 1.233852037947459281e-09 7.157737271243625080e-10 4.108530351650933167e-09 8.274192691877864323e-09 6.211324486248950530e-09 4.013823412879347255e-09 6.598006272011845294e-09 9.310387028634519141e-09 4.722597031872858101e-09 1.699690107769730429e-09 2.613792233192067376e-09 3.673769980688774307e-10
2.964792690642203292e-17 1.445375738043610187e-09 2.520343547653214052e-09 5.064350885879437235e-09 4.785556295694196340e-09 1.061507077273547403e-08 6.236604522855066849e-09 7.760507534146787595e-09 7.727815916808001336e-09 8.598124040847707395e-09 8.069013092363242134e-09 8.082620612776229873e-10 1.972128985897674826e-09
4.740749484099840001e-18 1.516636806165292944e-09 6.482133359259449916e-09 3.393756215634073093e-09 1.250730070000285153e-09 1.090880889495479606e-08 6.705203669548494606e-09 3.864891810542418183e-09 9.013682035958067374e-09 5.575400717983329842e-09 4.183108633584618969e-09 3.894584777307296944e-09 2.110157233402114808e-09
-3.184528471639980294e-17 1.158049612485389951e-09 1.567907976252939978e-09 2.656684248377865402e-09 3.263151918432568135e-09 4.405525037792700812e-09 7.623812963295525522e-09 1.012559080288259646e-08 6.564932050739852080e-09 4.166482758529677114e-09 4.354034613670025604e-09 -9.219623984023357284e-10 1.607511646722444136e-09
1.081172013381684837e-17 2.396151551359928065e-10 1.617914277174231385e-09 5.214482064385024266e-09 5.934063530667566485e-09 3.984757246160211934e-10 1.130557879589453862e-09 4.722810185741087289e-09 4.631191355279918692e-09 5.999929390233539508e-09 5.160172335765698901e-09 6.712475777970277225e-09 4.375467603791549064e-09
4.312121943846764943e-18 9.463221288572895563e-10 2.060552509425998794e-09 3.871789036222399929e-09 3.525599952729559423e-09 8.999231617190490079e-09 3.597776866646102604e-09 1.071836758074061001e-08 1.248298421232919976e-08 4.998460586208429134e-09 2.921198261179796859e-09 3.974269673936469968e-09 4.051276502278271109e-09
-8.631518375194556008e-17 -2.824020254378805179e-10 1.292062134832072493e-09 1.576967428478755619e-09 1.009282620459325020e-08 1.081291670119629063e-08 1.031772873545048582e-08 1.262400702256563104e-08 6.956209630289950500e-09 5.585794755955986890e-09 2.049247535920584204e-09 4.109114232585576151e-10 1.748193579517584299e-09
-2.869599410841551647e-17 2.194483351880145641e-10 2.195371315416452149e-09 5.245110210276338916e-09 4.683421146339995346e-09 8.846229733092089019e-09 4.816109754556324383e-09 7.224987210791254574e-09 1.077595808695245988e-08 1.901717815655205018e-09 6.452151519578494863e-09 -2.872121240195856875e-09 -2.281303596032263046e-09
2.482122210122814681e-18 -7.258810069956887328e-10 2.297169044376159019e-09 3.022062997695723722e-09 6.809272398263919058e-09 7.209692822497033998e-09 9.246534061036359090e-09 9.631870306994213929e-09 2.305118623292331920e-09 1.033622095790639330e-08 5.682399516224704334e-09 2.451601037900240658e-09 -1.201693378853204580e-10
-1.720522278047437749e-19 1.048740772657355310e-09 2.231198516821639490e-09 5.033659867054983289e-09 4.794667162599063226e-09 1.078093603415492624e-08 8.423274316989274144e-09 9.244422717815199623e-09 8.142069647749619658e-09 3.680280900522974510e-09 2.637586149432161811e-09 2.466310977927461089e-09 1.411683918731464059e-09
4.121152502995878164e-18 7.120647481937728443e-10 2.118811275231088662e-09 -1.395972035052281492e-09 1.491125982224534836e-09 8.164255568597527271e-09 8.258746606225482053e-09 1.183988111300523531e-08 1.116925754842582153e-08 3.927752226058734619e-09 7.441347375582632671e-09 8.482760396281745703e-09 2.142349392805701638e-09
-1.276990193880963646e-17 2.087532486514734723e-09 3.601862378302234191e-09 5.502242807540935681e-09 7.434254468449861365e-09 5.580210129652870830e-09 1.298772186055911279e-08 8.304132724164564937e-09 4.374387658738110484e-09 5.488543589934450712e-09 6.537242032007606850e-09 3.512666952131811414e-09 1.275006364754364544e-09
2.411751545462545401e-18 3.721079751826512978e-10 1.228132163046941172e-09 3.827089833176372863e-09 6.955542379226211007e-09 7.216420704989120013e-09 9.250058036782685723e-09 1.025095416721786674e-08 1.286304894974575842e-08 1.193839943201530003e-08 6.535927488394727784e-09 5.290942254721981026e-09 -1.122197242987645286e-09
6.424888324838801467e-18 2.292210249534715418e-09 2.249419791494678525e-09 3.945694375050335593e-09 2.581124471101358450e-09 6.082752249307100790e-09 8.895905682298654614e-09 1.005141011995368931e-08 4.267093265601439676e-09 7.893059716870574356e-09 1.017688057293766533e-08 4.270496019354562694e-09 4.304266764857494594e-10
2.729937490236007844e-17 1.739287265427270442e-09 1.950055317863108364e-09 3.455260847993221143e-09 5.194826703813327152e-09 6.324384372863182974e-09 1.355441261635492836e-08 6.205409896829134589e-09 7.849463817211013286e-09 5.983498132425889964e-09 9.185308986684187211e-10 4.986510731521263030e-09 -1.150006049370998032e-09
-1.232518209626496823e-17 1.562736275836762853e-09 1.589596901113134485e-09 8.174613269200339531e-10 6.283259182409451538e-09 4.298523467938777696e-09 1.120206195521718600e-08 8.425494694479489109e-09 6.032986335427497051e-09 8.740352927069479764e-09 5.661354120595703473e-09 6.336374748438551810e-09 4.068085164184838353e-09
1.329505177664061036e-17 1.055411050615328803e-09 3.347678931154558592e-09 4.563603074640280645e-09 5.068646072454676599e-09 6.001913896270716190e-09 9.901287770569503958e-09 2.451045999108236947e-09 9.864046327879027081e-09 3.836313128388737000e-09 3.942659559992107678e-09 1.118256381456672092e-10 -2.983698836595922803e-09
5.821686679443142640e-17 9.918642984876791806e-10 -2.709551864404610750e-11 3.475299821845718094e-09 9.355325031061362663e-09 6.044113941059581454e-09 9.651195264747593102e-09 9.038958162420574959e-09 9.270440677623680314e-09 4.723252300225947393e-09 4.791816544507494510e-09 6.422299516286539496e-10 4.825672608419643511e-09
2.571941732363738149e-19 9.742160698842685822e-10 1.598795654218285660e-09 2.100584596787035717e-09 6.302682902601043885e-09 5.408330412483779819e-09 6.954815652545300131e-09 5.019891340001781638e-09 7.328706176242311995e-09 6.400474119302046997e-09 8.025611722603465127e-09 4.081868598855235031e-09 -7.293078138156504748e-10
-1.461192624079741362e-17 -1.758279114100433990e-10 4.147017673402496481e-10 3.914640868531831326e-09 4.981433434798164964e-09 5.321424617463544452e-09 6.876542450241502691e-09 2.377351351053016514e-09 7.913357122078821151e-09 6.775514417929840048e-09 3.738477645987707679e-09 -9.193922118610800324e-11 1.423759356125918518e-09
-4.183427033882544248e-17 5.637875923618592370e-10 4.237438792206680046e-10 1.847746756670928281e-09 2.924975200716237996e-09 5.485466143680911385e-09 1.049485613840385457e-08 7.861766270087808494e-09 9.189053808323623405e-09 6.821246502761787025e-10 9.944569007283256441e-09 4.478555308388375356e-09 1.440090668125956379e-09
-1.526845676989238073e-18 1.648224618809632118e-09 2.041061282386097909e-09 2.458646867810400701e-09 4.939932008153444580e-09 5.218722339966966158e-09 8.970570953520030147e-09 1.095457464963707159e-08 1.045680347584365845e-08 2.862683349193374119e-09 3.626239270402960142e-09 1.171599299975155580e-09 2.411398909747692615e-09
-5.952978040352970632e-20 1.534928146663575501e-09 2.960039532404384313e-09 5.928311847628674545e-09 2.612725641777337700e-09 6.447780370379726394e-09 1.312164359457576034e-08 5.872571979617299356e-09 7.802380756979486063e-09 6.855504526465366946e-09 1.788366450285466237e-09 1.728254367730911366e-09 1.628855715114417211e-09
2.330505302720542211e-17 2.505762681925713364e-10 2.347162585257602061e-09 1.945616951098487176e-09 5.093002552744223460e-09 4.721002793815132299e-09 9.646306306946432017e-09 5.484448915003482682e-09 3.442967771090524670e-09 3.943235634174038049e-09 4.000656322220691116e-09 2.284930075965540540e-09 4.806616206117247255e-10
-5.191508485187089784e-18 1.689545712019826515e-09 3.750772164995573645e-09 3.100201209729906421e-09 4.864345849668720761e-09 4.652880719826533677e-09 3.914090184342807869e-09 1.015221539455219976e-08 6.670465135601970727e-09 8.649116696524585139e-09 8.824701659978683028e-09 -9.745523278671223888e-10 4.030919183093212268e-10
-5.492362113971023842e-18 3.916903097600441836e-09 3.271096715068649738e-09 1.289309586406245380e-09 2.041139274825447956e-09 7.271767180314304082e-09 8.320797436688992692e-09 1.070121256861101463e-08 9.560856776335490350e-09 7.623500477250651054e-09 3.073954443865436558e-09 -3.102698235365099473e-09 1.121125984735840504e-10
3.878800666926929669e-17 5.500495056511559013e-10 -2.188309734008950628e-11 7.932144835525207991e-10 1.969269071471875212e-09 4.635605776952835885e-09 1.114358937254227247e-08 1.118851583577139380e-08 1.137240208572434823e-08 9.372793560242367220e-09 6.469101686775626197e-09 6.950157177275270543e-09 1.835931857047957314e-09
1.054408899276489902e-17 2.360909470979686852e-09 5.343489121313098278e-09 1.683134967203796972e-09 3.168741043325363711e-09 4.374942793540784260e-09 8.942273607958780598e-09 9.298998760527302516e-09 6.747193677199211938e-09 8.584709464612016121e-09 7.203506781246867035e-09 4.004272390919179604e-09 2.217357968384305474e-09
-1.957259817727127992e-18 1.379269858379794853e-09 2.589650266480446385e-09 2.669938784228343318e-09 5.347581892116129216e-09 5.421391702145041616e-09 8.792681125386372161e-09 6.391516570123094083e-09 8.528023282214233269e-09 2.701019466358084817e-09 2.672794078951172835e-09 4.950921308930908292e-09 3.582146467561679045e-09
-4.027496981721264162e-18 2.181200059039905663e-09 4.043447807686929723e-09 5.678803547772299387e-09 4.776855430720159256e-09 4.830013967170688330e-09 8.502783810941092163e-09 8.772892100063792722e-09 8.827184704175478239e-09 7.430581499892191338e-09 -7.677939971314968948e-10 -2.800625746846646021e-09 1.405860638285190174e-09
-1.279601827411626962e-16 6.572071314108341690e-10 1.462039246915740059e-09 3.101615429322330214e-09 5.200841013401488433e-09 2.535691036836317507e-09 9.001399963589636073e-09 5.435881728802901429e-09 4.385197763247161254e-09 4.190090566554076626e-09 2.967197985842770454e-10 -4.455624872124442535e-09 4.511681759859260372e-11
1.093319619114256872e-16 -5.646789093541480918e-10 -1.793269173631435981e-10 4.918312218313490102e-09 4.113437807145846982e-09 8.481565765598684954e-09 1.014694789833809297e-08 7.034605125804023760e-09 8.068136185290411202e-09 9.465496683531722624e-09 -6.467886876198354257e-09 8.163692876127117594e-10 -1.389680524343786106e-09
-7.048595355603188677e-17 6.205183185439309566e-11 3.178359142748887095e-09 2.810705848076881617e-09 1.782180408911083217e-09 6.006347320524151783e-09 4.368976881224320469e-09 1.348821604063361220e-08 1.127058137328193325e-08 6.724772003387910051e-09 5.052115541168686376e-09 1.371628925674107135e-09 1.197733367006512026e-09
5.999229452593312094e-18 2.573442564896392121e-10 2.979660271895185131e-09 3.970712583067038625e-09 5.666554972307441673e-10 5.152881916970120100e-09 1.493985803970516687e-08 7.992867553265903416e-09 6.230329309784597990e-09 7.609965873321551548e-09 3.593525698426374882e-09 5.625480365085880961e-09 4.432747099614424157e-09
2.980553298825317539e-17 -1.988039071122978472e-10 1.493478288309711145e-09 5.078617509460395197e-09 2.835994261147782375e-09 1.076282227277473625e-08 1.197153704565181271e-08 1.386849759952161198e-08 1.254544902211139145e-08 9.332420470524794134e-09 2.825368587250132621e-09 3.720375068272736958e-09 2.598580882728638188e-09
1.235123160128674987e-17 1.921807292647107134e-09 3.999355426364946777e-09 5.686331287127120158e-09 7.816924179015837814e-09 7.071887550305898952e-09 7.969906555955116805e-09 1.001259346162260262e-08 1.107522214645543223e-08 2.001066039710661049e-09 4.410464812362738240e-09 3.737050120821164271e-09 1.252485608547443517e-09
5.416065275620662645e-18 -5.513616584936350850e-11 8.101104027608161388e-10 3.554860173313539534e-09 5.644014491597442697e-09 1.668822676962288987e-09 3.319258231114590458e-09 1.151513582951277308e-08 1.148712323294631441e-08 5.607694219034970028e-09 5.581674271859981798e-09 2.057580091197290201e-09 1.238343283178927284e-09
1.572830359238174758e-17 6.370355852404809290e-10 2.076240339432988496e-09 9.068470291456318536e-10 2.599553858645424345e-09 6.043371699731060537e-09 1.086269954753496909e-08 7.488029554512277792e-09 1.140880036053773821e-08 1.019977608903077290e-08 2.955643514262016738e-09 -2.101676182314484097e-09 1.169989381739984488e-09
-5.196519561619576291e-17 3.318127621794596198e-10 3.362392377275365870e-10 5.831119482467272746e-10 7.117003385355528653e-09 1.339289301412955034e-08 9.151371384978166438e-09 9.773676318847258725e-09 7.488196313528926360e-09 8.830919434429024529e-09 4.503051345415314741e-09 3.511617121791895108e-10 -1.758348919112546644e-09
-1.916847596262736437e-18 3.107398255400281409e-09 1.951074844194455060e-09 4.673251341220585996e-09 4.857097570383485315e-09 5.180072067913394924e-09 7.222471457778104025e-09 9.843208754303700355e-09 7.516037023202998006e-09 7.867368572232734941e-09 1.210912643397977888e-08 7.495120521757931170e-09 4.296924551982177336e-09
-6.987025827511014500e-19 1.870426352370862794e-09 2.097581760701802873e-09 1.946162400860440065e-09 2.070122410469679837e-09 3.623597228683568157e-09 9.582928655957368108e-09 8.782203624676937629e-09 7.362322525255113922e-09 6.022718623539815740e-09 8.452540039450195820e-09 2.975521637933285873e-09 -7.049582996321654886e-10
4.908048451243207421e-18 5.575111976372666524e-09 3.280409428115991921e-09 5.959161161206972860e-09 8.997210046060093464e-09 9.098357239223284550e-09 6.027305686845425112e-09 1.128144659946418415e-08 7.114011438805737030e-09 3.750472832473305774e-09 1.854313786896551837e-09 8.849411106973752212e-10 8.097772109753045163e-10
8.597736667006181272e-17 6.220719312318657182e-10 2.898669405633394960e-09 5.119191154244803804e-09 5.924210024394613977e-09 7.100802597456572776e-09 8.904705065390900113e-09 1.325559247855697930e-08 1.113395853430376298e-08 7.234745256357928355e-09 6.584420766256246115e-09 3.022982009257905561e-09 -6.497027077221587456e-10
-5.804635372658010038e-18 1.816869753590407719e-09 5.632158606492184616e-09 5.591330300041751588e-09 6.547245861820422978e-09 7.508312469356237733e-09 9.605438146908755432e-09 7.824049477708664047e-09 3.976872534415388407e-09 8.417569314570607511e-09 5.076916796121885804e-09 7.167094357454866062e-09 4.294258153249923398e-10
-1.604732389274770079e-17 1.579996021872815671e-09 1.051585278562925835e-09 5.652144081519075694e-09 3.577390604107574168e-09 8.342504719000710836e-09 9.312085198520445165e-09 9.444562449140560854e-09 8.108086711142627483e-09 5.436452176122183462e-09 1.617197877308755702e-09 6.146747662657788399e-09 2.297458829474630714e-09
1.688773135521936190e-17 2.314491791731168098e-09 4.278682314272895863e-09 3.381974854292427918e-09 5.776503453604383190e-09 5.846515187429279476e-09 5.342058839250928253e-09 6.649493742470243452e-09 7.193159146171159349e-09 8.158231237409205393e-09 1.659568455357571290e-09 5.574637363322551587e-09 3.511669970081843115e-09
1.401371114051119804e-18 1.259425897937232201e-09 2.539727479042419968e-09 6.281734693977232022e-09 4.932801867460040622e-09 3.198714649611165393e-09 6.731525518388908713e-09 1.200050780178855936e-08 1.053644416233931391e-08 8.579731804706950776e-09 6.960911175384391314e-09 2.372530669446381005e-09 1.758963607029836212e-09
6.304613590630039140e-18 3.411767953337124694e-10 8.985544817858842507e-10 5.220372377427084783e-10 5.442926156176537734e-09 9.185392569736992064e-09 7.495875562661417681e-09 1.084274698211425938e-08 5.444797140646488109e-09 4.173937663336626231e-09 4.469410814580796640e-09 7.661070899386957601e-09 2.911604219083756889e-10
4.970969596892301438e-17 3.467897411267239385e-10 1.237605473061184219e-09 4.349682341781189415e-09 6.288036952591564295e-09 7.204614777092081086e-09 6.109510235931256727e-09 9.721084394542772125e-09 5.722250388730444482e-09 1.300477462788608711e-08 4.897517935412374209e-09 3.109572083830698446e-09 1.581285803005560271e-09
-1.102603569239354062e-17 1.747949947042930156e-09 1.537186818702379897e-09 1.354608579017661626e-09 1.453106309414416833e-10 4.300208831539461227e-09 7.121553244332674482e-09 5.004674644618419679e-09 9.898879027680051685e-09 4.025757605349019290e-09 6.669108041017652075e-09 6.818543814014763004e-09 5.648978439973152764e-09
2.968167571191717478e-18 9.081155728750658562e-10 3.544931903454795376e-09 3.370343421037122464e-09 4.315119822109937471e-09 6.438412166327137599e-09 4.250088395291001455e-09 1.258076374163302204e-08 9.073482095451855998e-09 1.114777774120756417e-08 1.205646573374675392e-08 3.222617291985829772e-09 2.768881432900894302e-09
1.202137775077385975e-17 1.569838049775423801e-09 1.428417434370039682e-09 -5.523162610476263120e-10 -3.180242979685439146e-10 4.720978586010993143e-09 1.342280817961422370e-08 7.535468604634998825e-09 6.974431206939474012e-09 9.413703718104259508e-09 -3.821929785487031153e-09 7.723670333791665737e-09 -1.685976670119607687e-10
2.758853514666085087e-17 4.921324829238049330e-10 3.669804219273856671e-09 3.346202168806341394e-09 7.030965510895288829e-09 6.789164511488641157e-09 7.651927295760950442e-09 8.260715224836915671e-09 6.986350147117086574e-09 6.373807478665879142e-09 5.111630501429618953e-09 8.616438008907155343e-10 1.059470187583933934e-09
5.657410766690485018e-18 6.948449069181530346e-10 9.396051332434856554e-10 2.052955990581912498e-09 3.077914707252782913e-09 4.073296287911717819e-09 6.813940808895822899e-09 7.294652160251448781e-09 1.069746079362384310e-08 9.737289580672163427e-09 9.830334658681699908e-09 5.030760840425642871e-09 -1.422567933587611007e-09
-5.208637985157989227e-17 8.804635123557823634e-10 4.023008295596001934e-09 1.551433384540408082e-09 1.829575509933736897e-09 9.628377729292569723e-09 8.307213734891965342e-09 8.359761076177509407e-09 1.284774776850715552e-08 1.002220362909986560e-08 1.837454617373322502e-09 9.955141887687338620e-10 -8.584421362320767163e-10
9.630407077740856900e-17 2.434825644429818091e-09 4.205071716371372528e-09 6.767017693585727364e-09 5.542684184306660584e-09 4.661218844899145882e-09 9.123219101247135638e-09 9.779346561404365452e-09 1.124279573216211849e-08 8.592686305961340633e-09 3.127597420318759342e-09 -6.706729716932751272e-10 2.517600154329363359e-10
-3.311312770636068906e-17 5.688645136151620222e-10 1.397080647393296945e-09 5.913930454781787405e-09 2.254015154474869004e-09 1.042073068289084568e-08 8.580654517057967968e-09 5.367455662837063748e-09 4.943271604610431480e-09 2.271398607112774095e-09 3.679015966970432412e-09 4.782724007613962036e-09 -1.088877015330013122e-09
7.473835937394541406e-18 1.493161897684316175e-09 -2.192429525136996930e-11 4.583460271372730601e-09 5.063260797964756012e-09 5.833634092323288607e-09 7.279654014205297787e-09 1.096194011917299931e-08 5.609499746084521999e-09 5.882360263338578565e-09 2.498784328859348110e-09 -4.712572040194315460e-09 -2.408888110073265868e-09
9.742234261274316368e-20 7.745294893540916915e-10 3.799318748121455956e-09 3.208119105367876920e-09 3.417691034377179912e-09 7.161342630701183568e-09 1.028669464378466993e-08 4.283923148115514647e-09 5.729416626623815524e-09 4.390902642203222010e-09 -9.275190669282709077e-10 1.129248455842275467e-09 -2.785292100195184280e-10
5.489519077229598865e-18 4.057542034482956487e-10 1.291261851218036186e-09 3.887234036306687195e-10 3.499093790311421392e-09 4.061922946814417115e-09 7.556277561121971007e-09 2.816056316817449930e-09 3.896413184186207525e-09 1.495685990765639156e-09 3.151797218822962351e-09 7.075239067611091902e-09 4.281753285976997267e-10
-9.266472749004840654e-17 5.373032691071645978e-10 1.105305432018442386e-09 2.880336240854890546e-09 4.071137292213923877e-09 6.766498155144144393e-09 4.761624186561309479e-09 9.167904847825631731e-09 7.004934622182006532e-09 2.813897327487893703e-09 6.035930806105491763e-09 3.564305804300334548e-09 6.906245712931321014e-10
4.420926311572846682e-17 4.772716786899398680e-09 3.890100322645555847e-09 6.240608241805676173e-09 7.797700677285071424e-09 1.575567449726739213e-09 8.120375204133199582e-09 9.488351136000041515e-09 3.429519647673746696e-09 4.981305256302588291e-09 2.957471058973752883e-09 3.427982353418584867e-10 1.179888634068686205e-09
-2.740895580547173583e-18 1.381749530213440397e-09 9.923841002648501045e-10 6.536559067286009461e-10 4.803677288056507951e-09 4.348844548421058467e-09 8.926316679431014242e-09 1.101756746574099068e-08 7.093607038153703425e-09 5.333531366198861882e-09 1.770064660489042478e-09 5.405062629318938234e-09 1.210434686544400188e-09
1.831491301997735325e-17 4.540961221601130972e-09 5.295814938234060195e-09 1.935795612538863346e-09 6.629904400070131458e-09 5.787846777362202661e-09 1.124449180363525951e-08 1.118333209552008569e-08 1.031622159228063210e-08 5.068244551930061007e-09 4.760259543765313201e-09 1.299450128792627796e-09 2.031438218723131021e-09
1.239521021243183639e-19 2.279543088937857164e-09 1.742226635741842760e-09 1.402322584418494437e-11 3.013969922917995148e-09 4.784015886843332662e-09 3.721937896040551337e-09 1.212731914078758694e-08 9.617704718899428259e-09 1.775524537112895278e-09 1.235629815057153740e-09 1.231515745016550510e-09 1.210759050089546408e-09
-1.538403170884121795e-17 1.961657308567437162e-09 1.731752163487049611e-09 1.297168301977097999e-09 6.730322619435467912e-09 6.092921697458108110e-09 4.269562273270210026e-09 7.304965974201633617e-09 3.254942558247006752e-09 7.185565855609234522e-09 5.099347979651436297e-09 3.936843638251337606e-09 1.031937229179052733e-09
-6.975550794851681169e-18 1.891574031847390310e-09 2.545546543579384277e-09 4.118015164058697913e-09 3.404205449980684476e-09 5.589542216776339922e-09 8.820356727160181053e-09 6.322232367267049442e-09 2.174444435809685119e-09 1.087443782340004375e-08 3.378624276808483357e-09 -2.006606054211616500e-09 -2.151455347605931374e-09
1.198449769988102470e-17 7.385245100341536464e-10 1.261274710617515578e-09 1.361564068769039997e-09 2.849627248757790370e-09 7.830942427814099252e-09 9.114514504568616110e-09 5.460147561969700980e-09 3.277647780170122705e-09 8.606077149629135271e-09 2.959521345536139830e-09 6.886101758560123001e-09 -1.032466892345564335e-10
1.701096609753804823e-17 6.567210352026578664e-09 6.038693292223151639e-09 2.369465385088341757e-09 2.043364722336955008e-09 3.013874391425197008e-09 6.555207791045079868e-09 7.290754304721590778e-09 6.365598068463903584e-09 5.202132594569599921e-09 3.408734633234966293e-09 6.224103403624473721e-09 1.332044265200049245e-09
1.707175907551141321e-17 1.214110311519272492e-09 5.694596698266042849e-09 3.316466025850421285e-09 6.816550369961349359e-09 4.214214665686583138e-09 7.176712981701851487e-09 1.056669759599794384e-08 4.639623680130129578e-09 4.429813610409368978e-09 2.279421638333330988e-09 4.931277630165947055e-10 -1.939612420831286852e-09
2.756924749683785756e-17 2.970318380062824736e-09 2.583676752186791446e-09 7.006127284199961958e-09 1.982306655881525181e-09 1.012900034667094398e-08 6.687171216658055736e-09 5.685734516071089625e-09 6.063812084178424833e-09 1.029567452203904007e-08 3.753401366043876358e-09 -4.388099367586570448e-10 -2.098680745143467803e-09
-2.408858261039057881e-17 2.292948667630841502e-09 8.162977516563794942e-09 3.092633711564288374e-09 1.405490459046542052e-09 2.659203772219199564e-09 6.564159454633645385e-09 8.222450370085766292e-09 4.373166240221632195e-09 7.159089379977265423e-09 3.728051512706136335e-09 -2.291089174162144561e-09 -1.053599080391050252e-10
1.459070260061043550e-17 2.967635558546565053e-09 6.501045427567134137e-09 5.527764493535401672e-09 1.041795884022652887e-08 6.137208815956476326e-09 5.013124948752497567e-09 8.535165655937488235e-09 4.890500793796030700e-09 4.679783631513183398e-09 1.318461770467808315e-09 5.142613327221275985e-10 4.606916961831828537e-10
-2.335503042838328206e-19 1.458940928341856632e-09 3.343246953937168649e-09 3.045164362629838615e-09 3.429702622840950514e-09 3.224627400594545845e-09 8.365606749918193308e-09 8.897246882100110471e-09 1.069529007240354810e-08 2.906433460381611472e-09 -1.727653162368631673e-10 4.597208837821494427e-09 2.237887068728328498e-09
-2.431859068477597931e-18 3.613588308566834158e-09 7.114203055608965571e-09 5.169156741349437966e-09 7.632780478655223786e-09 6.179394771039003421e-09 9.494266393766493692e-09 7.242252856380069672e-09 7.587153834320545602e-09 5.901466218261522371e-09 4.270976063689006634e-09 3.031273880140090826e-09 2.045550057594128326e-09
1.419941726696278030e-16 3.622548228527406587e-09 4.866822949477931224e-09 3.446668464622583270e-09 4.576935594983520534e-09 8.198463340938591736e-09 6.815483703940223214e-09 1.446491284074249436e-08 8.017826024950419400e-09 3.898723674973733591e-09 6.526564657680687644e-09 -3.190831607352665286e-09 1.056480844080214859e-09
-3.249249306733469918e-17 5.057660017659463684e-09 3.608236812871988869e-09 1.176624164161447784e-09 8.103994957323781227e-09 8.152874937074460154e-09 8.328228414109132235e-09 9.444944253646234441e-09 8.876064116744653658e-09 6.185188792837858579e-09 7.720365072243543826e-09 1.789301160673488192e-09 -6.352891567964232344e-10
2.948431731358329676e-18 6.204978579221025088e-10 1.815593131176101130e-09 1.143796726259327589e-09 5.177801463831778879e-09 6.542171686620685380e-09 8.251828095300320249e-09 8.281397050995404181e-09 6.737979632427560999e-09 3.705223832131950963e-09 7.311919874233102736e-10 8.769692951287945699e-09 3.329240683028627621e-09
6.726411062781760065e-18 1.025344382904362826e-09 1.041685449370498954e-09 2.307046711161907349e-09 6.690150350398837343e-09 4.645235073024782508e-09 6.169486725743587138e-09 1.317948121562473168e-08 8.061876810808166973e-09 5.223986964539577100e-09 6.203846293877321080e-09 7.212124236530207676e-09 -7.072581354469504600e-10
-1.111051180596875482e-18 3.877692142892109002e-10 1.653123817464603982e-09 1.422456628898342402e-09 7.094335717194023543e-09 7.673714101204839463e-09 7.524565525984345364e-09 9.800453906474295512e-09 1.024345012516773182e-08 4.297611916845464721e-09 3.707993402334173388e-09 4.966003061348950011e-09 5.428974168092350989e-10
-7.286318607751010737e-18 -1.194859287185735244e-10 5.047119098730048178e-09 2.617774926482847462e-09 5.774121384722742478e-09 3.043528652090334747e-09 9.013796358587331803e-09 7.048171177291192725e-09 7.220615229953124378e-09 1.015937667599481776e-08 2.632616034321642178e-09 4.590076666663661492e-09 -1.048967399935003814e-09
2.045221609905157117e-18 1.375222417747866323e-09 1.849419990350726820e-09 1.778651752114778013e-09 6.241255518393403815e-09 5.228534580911298335e-09 5.933628864073773734e-09 7.785671916356264780e-09 6.896152582000603653e-09 4.333511829469589813e-09 6.764308635145867925e-09 4.278919173269040290e-09 1.736422056762146416e-09
1.890437908074754530e-17 2.700315545127873380e-09 2.785785283476230058e-09 7.876512070406725168e-09 5.173013826533849370e-09 6.012995878897062670e-09 9.985719492744730162e-09 8.525720877244731270e-09 5.300673695889004999e-09 6.516463085355830813e-09 2.362255842814997105e-09 6.269028428831267463e-09 -1.482488563106533568e-09
1.126869068115798723e-17 1.002828532421003210e-10 1.560136123900090243e-09 3.827625207242843142e-09 6.170150362705430460e-09 4.872256059986358252e-09 5.302027170118473924e-09 1.047262510456544156e-08 8.895365868696271609e-09 4.461955296052361918e-09 5.273257484802790951e-09 6.500352563948390342e-09 2.115237085597545730e-09
3.828180311921602731e-17 2.348136994670881454e-09 2.007390618125311261e-09 4.432916905998349714e-09 6.623561357711108616e-09 3.364744412824090672e-09 3.990557976341276771e-09 8.440008418354177438e-09 1.063333796979760613e-08 8.729790019699415788e-09 3.701257796378495143e-09 8.171676811176854992e-10 7.184991096132225630e-10
7.682318339209532904e-18 1.475169919529284642e-09 1.035480353087221198e-09 2.746493792138729057e-09 3.280276557790301298e-09 8.972270402105910228e-09 1.379113622287712372e-08 5.806276136390549940e-09 5.416507653104044899e-09 9.550321752818156680e-09 5.028424812466286161e-09 2.773006421486082391e-09 7.802709336093240639e-10
1.414635786736535759e-18 -4.507071127042337341e-10 3.505140398416965607e-09 3.735998694440780411e-09 3.711620244022889392e-09 5.253455504056652114e-09 9.298316635429799949e-09 1.461450159194142329e-08 6.443767122381359060e-09 4.831582400661699737e-09 -2.637490836120450732e-09 5.206514018215894218e-10 -2.910114570043379298e-09
-7.397023663395069192e-18 -2.684743748621875773e-10 1.061906507818294664e-09 4.391525210664000621e-09 7.116665859879710730e-09 6.761906684083386158e-09 7.740700483540449267e-09 5.675689574825142022e-09 5.203889373791776689e-09 5.401620994798556077e-09 6.262628695134663547e-10 1.403652189796737572e-09 -1.860369210667611531e-09
2.559418603210436436e-17 7.062695790248054182e-10 1.201544122464912115e-09 2.752751388815562376e-09 7.147376419288105989e-09 7.810639051721190319e-09 1.002220290459918592e-08 7.417835060495073403e-09 1.462082023111838041e-09 4.274424667822050953e-09 4.247663813502301332e-09 6.852767179459865903e-09 2.015618120322003643e-09
4.612361669866665537e-17 5.669820908828316127e-10 4.014699256412866561e-09 7.412467688151375401e-09 5.998840598641877094e-09 5.864769545777343956e-09 1.015902917318598875e-08 9.924776521143880705e-09 3.732974879157973986e-09 1.648646837079699722e-09 1.209655837359720978e-09 -2.654660880394609203e-09 -1.670930693955774880e-09
1.200876692883492827e-17 4.699334018019523711e-10 1.398177545159595553e-09 2.036048795198653963e-09 7.397867913128188017e-09 1.123734869443155771e-08 7.573448718976037904e-09 1.140898002979316634e-08 7.626631083756096065e-09 9.286073886521785065e-09 6.795362058178650932e-09 -3.770765759871682708e-09 -3.464449876264621355e-09
1.320717732596628447e-17 1.035428000346636440e-09 2.377909395919334328e-09 4.496907510101154890e-09 5.174109066164220631e-09 9.144062394094472125e-09 1.032902476349489069e-08 9.471190154407080466e-09 9.677976112737580244e-09 8.876180437965850527e-09 8.716468248921397479e-09 -7.591615056452005434e-13 -2.258840613990456231e-09
-6.779252275350198897e-18 2.133014011421289993e-09 7.629176175198077843e-09 7.290886847994494883e-09 3.705795056383401009e-09 4.900997582871562362e-09 9.976770942372299114e-09 5.111685687196281019e-09 1.143409318915047900e-08 1.014088513196219043e-08 7.127576224114428238e-09 5.915259154103802086e-09 6.841476632217817391e-11
1.064340426579584702e-17 1.113375002865071981e-09 1.161266835455177977e-09 2.638578983182707902e-09 7.838110913313772446e-09 8.843349778481433214e-09 6.998018414087686647e-09 1.125910638192541633e-08 8.413024177168870519e-09 6.862559588078202558e-09 3.980670541463989322e-09 3.904886568463570709e-09 8.960110774034269558e-10
-6.071200993005217147e-19 9.265435948962536385e-10 6.138923959424569319e-09 4.021488355321307710e-09 8.861729565026942709e-09 1.003004535415440201e-08 8.299625511349020185e-09 9.001611533320335954e-09 7.651665230417851895e-09 5.555519810313567671e-09 5.591867853276067616e-09 7.185497937958252906e-10 -1.834967345573632368e-09
4.217003524013099870e-18 1.578833481475388715e-09 1.973776924573287336e-09 3.328772124671952296e-09 2.670595000309355540e-09 5.117584629638125201e-09 1.179107182484709035e-08 1.015658959059934654e-08 4.862424800418285928e-09 1.383967294224724945e-09 -2.610214377019592872e-11 -1.100015318333059559e-09 -2.249911346663813659e-10
9.715208639420663880e-19 1.163227834182946866e-09 8.900057277981677501e-10 3.443025335040448565e-09 4.217715124727599381e-09 7.330296645389711726e-09 1.132880914606263644e-08 7.516480314428624100e-09 6.399352128864985787e-09 7.964571701202576325e-09 4.286506125598521341e-09 1.745519409576848566e-09 1.877276984760082534e-09
1.089522741811129755e-16 -5.041930397380307526e-10 1.334498259690315569e-09 1.344617142682437056e-09 2.441447451148920468e-09 1.029707463730105140e-08 1.068108640311118103e-08 1.109531670491163582e-08 4.466199733121664220e-09 3.673663572460183093e-09 4.661613672157524031e-09 1.860096017090505592e-09 -9.581168395765643645e-10
1.727465823985949678e-18 1.871262445084582570e-09 2.578320122433895368e-09 6.201931935039835305e-09 9.778518326244564929e-10 7.699174312181808772e-09 1.251283406359557379e-08 7.276561144368201494e-09 9.047810766749829450e-09 8.437437272054877747e-09 4.556717760806575447e-09 -4.182392493635328714e-10 3.327393788900366104e-09
4.557173061848588538e-17 6.873328463043645649e-10 4.501288208106897867e-09 9.730610493688014205e-09 1.295344770230406431e-08 8.574347706830345845e-09 8.690193511975779495e-09 3.750491228059279849e-09 4.509364117684686701e-09 3.512056661263543076e-10 4.370005215821094396e-09 1.253921364023249963e-09 4.890540304176200657e-10
4.710526727654879274e-17 -1.751302453385458699e-11 5.388100070264277316e-10 5.228832986198530927e-09 1.227091425243331171e-08 5.986398420527571576e-09 1.061343873066912711e-08 1.215381264629799437e-08 3.808310335159071792e-09 4.311256739579982308e-09 2.538593539352248997e-09 -1.129123917494676320e-10 -1.821750018635657941e-09
-1.171820661061149007e-18 3.208541296008922063e-10 4.907161588657994674e-09 3.027480851884811505e-09 6.689626921981755711e-09 1.106233950428690232e-08 8.430565471656356859e-09 1.404099629179283004e-08 9.037893911993914263e-09 3.574070982156255199e-09 -3.139901158939500772e-09 6.012971263502063922e-09 1.967538032390344062e-09
1.215085642419298213e-19 3.616107184580556572e-09 2.948471800289262588e-09 3.219782579130163892e-09 3.134239489199822003e-09 4.182142998982299757e-09 8.237210263531797606e-09 8.474749834077850482e-09 8.765983529810123757e-09 1.135106786654883125e-08 8.935621480102846860e-09 1.331392062261991937e-09 8.355197481685909479e-10
-1.793113749870728294e-17 3.423736786224802669e-09 3.394260604937178867e-09 6.980027931733019090e-09 3.957692227712493658e-09 5.440965342249942436e-09 7.072056051083932575e-09 7.437850166565327769e-09 6.883265333631969778e-09 3.897968900983468524e-09 4.182755317005486630e-09 1.037968553594691028e-09 1.390372948475046360e-09
2.849358351888387432e-18 1.813323270524837401e-09 2.387991377492280468e-09 3.277500188910307129e-10 1.163015275757090627e-09 7.995168180714726202e-09 5.452187513698694103e-09 6.942608185472612907e-09 1.151499906943895259e-08 6.819957171245892923e-09 1.003582744613523732e-09 2.264164074293760454e-09 1.632244562596073458e-09
1.746540985028000036e-17 1.123764610845035013e-09 8.156993081966168243e-10 3.376990544711016374e-09 5.063128876098789216e-09 7.157272802234937067e-09 7.036364008644270171e-09 9.729355844223494119e-09 1.103870465202461531e-08 4.531049352723694187e-09 3.778086981642518396e-09 2.054228480424404142e-09 -1.932376419397294778e-09
1.544080348635176585e-17 1.475361103400667246e-10 5.736007018660056006e-10 2.698430536837775458e-09 8.170114073103298930e-09 9.528648036702669613e-09 6.900598019625200952e-09 7.304807624094855334e-09 1.224415992377216827e-08 9.412329957267683607e-09 4.009512667585935261e-09 9.063897060271695984e-09 2.855392250138067502e-09
-2.253805192751708172e-17 -1.921103577749766128e-10 -1.581320211484998817e-10 1.207489870580095740e-09 2.940930233496473101e-09 6.158365565876010011e-09 1.129355240166682817e-08 1.094715130725186326e-08 6.344631934636187227e-09 1.472042798825326064e-09 7.744779093191352229e-10 4.207752385281500572e-09 6.997257979814521690e-10
2.083035863829714273e-17 1.165265129037326446e-09 7.953506723609286011e-10 1.706967849161837207e-09 1.524323322655142717e-09 6.159135160389396762e-09 7.386359138780256441e-09 4.805688456915319359e-09 5.470321417980280444e-09 6.470584751259715493e-09 3.997892947556198531e-09 4.368632561023857246e-10 -7.308088761982885360e-11
-2.492449431896638137e-18 1.500216395847701086e-09 3.019763208030815852e-09 2.467037512454882287e-09 1.034419116777338289e-09 9.100776688186294030e-09 9.032894141016152563e-09 9.135970529372499053e-09 4.614715126065647747e-09 1.072148116602145204e-08 7.396534645038313153e-09 6.511577289152867886e-09 2.934915131917054403e-09
1.179350299665291810e-16 -4.444722967729249040e-10 2.513521265249186062e-09 3.515081193501014182e-09 3.597998441705403917e-09 8.122768558011910129e-09 6.287358836399001441e-09 9.440851753147724839e-09 4.789703994122275576e-09 9.408361283773350091e-09 5.352612339595243019e-09 4.182784501307983574e-09 8.243148592649960091e-10
-2.331569592990747634e-17 2.014091640889430385e-09 4.642372337379965844e-09 4.101549999265866212e-09 6.046341038173436014e-09 6.619037626159453681e-09 9.122445536864746892e-09 8.572647240952071106e-09 1.392156175745148180e-08 5.097944273752827938e-09 4.749311456072018609e-09 6.542953767079825041e-09 4.490578614967787674e-09
3.602230643741880817e-17 7.377802684735705008e-10 1.249409901407041976e-09 6.506424595270364245e-09 6.747119738103759006e-09 7.744936647777826954e-09 7.585904118407940142e-09 6.260946133465529737e-09 2.909759001082028530e-09 7.551502565904742423e-09 -2.463736484168724812e-09 -2.168028831858362904e-10 1.597674913356259981e-09
-1.514908743760207431e-17 3.362034758929759735e-09 3.914111560164287336e-09 7.997398829384734447e-09 9.577735023398786909e-09 4.204129858538474257e-09 6.379715691262723879e-09 7.119288800336678391e-09 2.468274715901933143e-09 4.807048783263856799e-09 4.340182445037320562e-09 -2.052791770798257133e-09 8.957521671353862530e-10
6.955165717816436221e-17 4.750357896327575618e-10 2.296921183527401964e-09 2.196310603542387348e-09 5.113210608107175833e-09 1.156343724484159115e-08 1.426842297348019743e-08 6.254942676221702686e-09 2.977026700595068138e-09 5.782087838758603867e-09 7.727624540762447316e-09 4.006586005462242800e-09 1.632847930627066684e-09
1.507957158970105605e-18 -1.581273856751264576e-12 3.316513852155620417e-09 2.130327872634360403e-09 9.706027771178689800e-09 1.093521754453291089e-08 7.734709548824153166e-09 3.636577128533423771e-09 8.840841054701579799e-10 2.570185695153608831e-09 5.234207749531615563e-09 1.623193227146097610e-09 -1.491227523188376919e-09
-1.407412798416548808e-18 1.535918511414683768e-09 1.943910881194209700e-09 5.159809431509441182e-09 5.610215672737194449e-09 5.699580773284786114e-09 4.442356873511939496e-09 1.025047201698880653e-08 1.158626295623222252e-08 2.314883436386908372e-09 6.864137249206242643e-09 4.037960670622007425e-09 -1.035412911526483840e-09
-1.062709505964477194e-17 2.204176857755961366e-09 1.109745327871107694e-09 2.818890479482223856e-09 4.567022286373321192e-09 9.416454599509701001e-09 5.368439108955611362e-09 6.898397157729437035e-09 5.562721786853555403e-09 5.471283100125426127e-09 1.864648810770330185e-09 3.871334774000941163e-09 3.058793485533897684e-10
-1.991329111383315321e-18 2.729923914966877812e-09 2.476262869052891074e-09 5.359128911604788896e-10 3.813423192073076943e-09 4.857223483396964110e-09 7.722768169006428817e-09 9.803184028687691623e-09 8.283401251935496900e-09 8.973167690280693185e-09 6.199499369661848391e-09 5.394703930420846877e-10 -1.403213045313591796e-09
2.342147974843999675e-17 5.835682381733929908e-10 -3.745313321210842664e-10 2.965183063496283870e-09 7.862937081282201874e-09 3.290515270643002799e-09 6.130471654664017285e-09 8.081155023785882397e-09 1.124808774794952833e-08 8.111086615402466251e-10 9.898789549506364417e-10 1.493997724975503779e-09 -7.602929905083789485e-10
3.067572984161665052e-18 4.361739097129536861e-09 4.391456401947150221e-09 4.638602417593675882e-09 3.079273150643484507e-09 3.871599704584121277e-09 8.582136312112853172e-09 7.492442022592767988e-09 1.119779351460168741e-08 8.429080413376967724e-09 6.618399482421735207e-10 1.084929254521734081e-09 -2.013398945862363758e-09
-3.700546292672717135e-18 -8.898692327593338580e-11 7.012869141920730230e-10 1.746486582055679997e-09 4.776640390926537453e-09 4.953617800004359060e-09 7.442382706206332135e-09 1.168910756156312306e-08 1.109814074649017064e-08 4.794030125954434778e-09 6.414648712850192470e-09 5.820667106209153748e-09 -1.032146788648424276e-09
1.460556291312775889e-17 -7.754608255023446999e-10 5.858754444006746862e-10 1.560091933541194170e-09 4.013168942335496009e-09 8.893390366108773477e-09 1.183402003586305574e-08 1.137787112462042509e-08 1.132751068527117250e-08 5.930625743951653822e-09 1.807318997624936792e-09 5.231042360989288914e-09 1.451977469674654443e-09
-2.192664164351847836e-19 6.922403598533615890e-10 -3.030116444213757445e-10 -4.945470035167789384e-10 4.106527255210973819e-09 6.661083035201728148e-09 4.221973359529984526e-09 3.231827301605485152e-09 3.482984553509743060e-10 2.483842990976981634e-09 9.603730566609041053e-09 4.079533024639733485e-09 -1.302552674989606516e-09
9.517939668498122474e-19 7.401642170768873728e-10 2.186103772599220451e-09 3.968234388105684401e-09 5.613831036450712666e-09 8.534196235998667186e-09 9.586797658373176384e-09 1.062290746562248180e-08 6.757882024558495717e-09 6.959037068379316159e-09 8.866254110625358026e-09 1.189011416128115875e-11 -1.890362698606345122e-09
-4.168852950019352507e-17 2.952790705350482870e-09 2.173712391852708000e-09 1.401238778549220286e-09 5.313427437454066385e-09 9.530742308956776214e-09 1.400281629667786802e-08 1.014728280309870026e-08 5.822120582665782102e-09 9.979528244729658463e-09 8.353043511081150762e-09 3.161420635275882171e-09 1.617640206604927457e-09
1.656505291562126012e-17 3.189160018817971584e-09 2.607751185774298978e-09 5.389565060215920556e-09 4.219668727528734741e-09 7.264226567561395113e-09 4.057978900409650178e-09 6.789416891407798860e-09 5.785012466600899490e-09 9.955210781599790626e-09 5.006414821335662441e-09 -1.014809787845257607e-09 -1.850275664847420919e-09
-2.139894590898969677e-17 7.253852001689014246e-10 6.170668443435053435e-10 3.128526834979644134e-09 2.483846059526456558e-09 7.176132247066071437e-09 7.300645242736215761e-09 6.056670321707083765e-09 6.888538492887314429e-09 5.882658654146376012e-09 5.749838361571785236e-09 8.200473129444588335e-09 6.815725945031963940e-09
1.546593398793472282e-17 1.510056154412629169e-09 1.083929156004855346e-09 2.575943861180719601e-09 2.943894619167580190e-09 3.551220755731613767e-09 6.046291397696594243e-09 8.393411869792035759e-09 6.301122557219952338e-09 1.446870808023907577e-09 2.787503127492129236e-09 2.844110144537398145e-09 1.130875472473103986e-09
2.679431031441023254e-18 7.611055258226495151e-10 2.217344275906724611e-09 2.627306545763600112e-09 5.919722454324269729e-09 1.422573310961101196e-09 3.581899303944479398e-09 8.492103912953106662e-09 6.010809850277011829e-09 6.506836550172311624e-09 9.026438707615112509e-09 2.672820765756008623e-09 1.321030612860569348e-10
2.067737718969384539e-17 5.520387438863496615e-10 4.797894014927577092e-09 3.736615819433890263e-09 5.261563500450459457e-09 1.005284863979147089e-08 5.651476637369754594e-09 1.125037873699183440e-08 7.339066639623514839e-09 9.436603049830517728e-09 2.266759430370256260e-09 -1.813373726274653750e-09 1.916851468222051567e-09
-7.662998362829057020e-18 3.482240295836073562e-09 4.292453667011221096e-09 1.407167832115230758e-09 4.350279841166783031e-09 7.119870974086384848e-09 1.265685843848088378e-08 9.771323577842575181e-09 5.089978379428630426e-09 1.544389156078879822e-09 8.473048290629499180e-10 -6.237964599963983577e-10 2.185165646352997563e-09
-1.133772372856576416e-18 9.759020620281163596e-10 1.604367881409713645e-09 2.896529758936851530e-09 7.637932730565703725e-09 7.604047368632098544e-09 1.006453458789088151e-08 7.464261211400491474e-09 5.115027394205826730e-09 4.897450161363634710e-09 3.657160475783944668e-09 -1.335737421769158245e-09 4.261745717236236599e-09
1.377973775151417576e-17 2.847193186888844171e-09 3.912693822021247794e-09 6.215735912104482373e-09 5.628568963946432434e-09 4.805467245497654999e-09 1.262963051497213380e-08 1.187674227568381323e-08 1.009568008247085712e-08 9.547113786090123477e-09 1.036897905484398043e-08 2.201733485335641479e-09 8.925878664556288007e-11
9.093298326741330709e-18 -5.527087896345331324e-10 8.238723330402616109e-11 2.296832686615398626e-09 7.164128274162369223e-09 6.004417929650611229e-09 5.542716220977321937e-09 3.164496179644963662e-09 3.051101521431059775e-09 4.738188003649726351e-09 7.687147648716757852e-09 8.305176073110932942e-09 5.321379068310881137e-10
3.130372287596545585e-17 1.127069880156723015e-09 3.378059106002764778e-11 7.890615077666165526e-09 6.895617693136465463e-09 1.069258988444890869e-08 6.682927901644953237e-09 5.660358257264503568e-09 9.390344476159753789e-09 8.514509368789232661e-09 4.954895775672890562e-09 5.787494111052501453e-09 -6.842749383696694457e-10
-9.953267778341586763e-18 2.814694078969925119e-09 1.293263297868059385e-09 3.900436165375520149e-09 3.555610769853879998e-09 2.687973753606386423e-09 5.793239102567206592e-09 8.276877937996812147e-09 7.214901216369824441e-09 7.021516736398209031e-09 1.049987155706993392e-09 -8.404802649865383786e-10 3.914705238784905089e-09
8.263637590050771767e-18 1.157545513675300210e-09 1.893331496172574692e-09 2.045334500982440961e-09 5.316450761651355927e-09 1.097349987805109391e-08 2.789354047850487362e-09 9.598416903917573573e-09 4.675617799293810012e-09 5.192792680213813119e-09 -2.565747935765974789e-09 4.767524549115779180e-10 1.510728661628549716e-09
1.028111523997485421e-17 1.871088163550369691e-09 1.374016415112031100e-09 1.215832025175486732e-09 8.819455686440515363e-09 7.752919754100036580e-09 7.052547378729483174e-09 6.325132637403292937e-09 1.007927104294331889e-08 -2.763598337570181868e-10 3.681773226592564205e-09 -1.470420409287200828e-09 -1.071206482530951094e-09
-3.986079078120399483e-17 1.170986251592658256e-09 9.570741999643156139e-10 6.419580145235299796e-09 3.728142812345326095e-09 5.180603346024987196e-09 1.104651354549068531e-08 8.667014616945885543e-09 8.167252542676402472e-09 6.748621277268776302e-09 7.283216941671680338e-09 7.634794705027129693e-10 -1.564740609751898285e-09
8.453824127748057137e-17 4.101180371997627728e-10 1.842109931783470945e-09 6.332764180864512894e-09 3.596682978197653341e-09 8.237404056671454994e-09 1.351664006524988501e-08 7.561488865951278305e-09 6.530624793960148247e-09 3.752330459491570530e-09 1.533668530885372361e-09 5.437097761970155333e-09 1.145240876406389576e-09
3.257717296834461691e-18 3.694487281986299302e-09 2.939196398031612925e-09 3.815717415361897200e-09 7.419032306185475965e-09 7.727398948701459706e-09 5.148059560153661836e-09 5.965706102062134039e-09 8.270374284181561250e-09 9.134144448522086148e-09 9.437220407671011541e-10 -2.211007863119624184e-09 3.262243995290417125e-09
1.150338017051094509e-18 2.484655693051288552e-09 2.763845507922160951e-09 2.332025498079771835e-09 1.962380114056809163e-09 6.892519578710666431e-09 8.092310562228175753e-09 8.263187729821235413e-09 8.348477400796723513e-09 6.494399774391811071e-09 3.114305947505569989e-09 2.217200743445257857e-09 6.830695641101473510e-10
-1.469315314921549051e-16 1.932378462291257536e-10 2.817915218042382711e-09 1.002819247204858509e-09 1.707433574666388411e-09 6.585216351379859899e-09 4.096316329965578703e-09 9.159276549485565593e-09 6.873725127189263875e-09 7.495013313280339621e-09 3.650856893089549724e-09 -2.635295371721083724e-10 7.270440251089716828e-10
1.482798557874832811e-17 1.503520929530528268e-09 1.057034933308941300e-09 3.791425592172302027e-09 5.684365829655691985e-09 9.893930504453265928e-09 6.106789316979268785e-09 8.220062884404892947e-09 1.039698653837777059e-09 3.128034824336188685e-09 -3.610236117928261034e-10 -1.819028467395800597e-09 -3.611595894843210327e-10
2.326162412740297537e-18 1.941155183722350837e-10 7.323319262743538175e-10 1.695555098799918276e-09 2.798471716529895817e-09 5.187534266865059894e-09 7.985359065711173588e-09 7.693854713680004899e-09 9.988886056750824681e-09 6.989847902369009254e-09 7.404240474101605351e-10 4.910265577069796431e-10 -1.938762455435051000e-09
3.000987130552292542e-17 2.206652991121201452e-09 2.341844876743516151e-09 7.380730155601092275e-09 5.191899044638565516e-09 5.046915334655946820e-09 4.386712158087112313e-09 9.573977685802217114e-09 1.478370314654266039e-08 8.749803387396274614e-09 2.368542490222668645e-09 4.715376492703199548e-09 1.904708537765636316e-10
4.425478262307504598e-18 1.160444209940999807e-09 1.454074105522897996e-09 4.564922302100083258e-09 4.094020919328896640e-09 7.282293845836297540e-09 9.324920993321673367e-09 1.001897194386699052e-08 7.157628092194851993e-09 8.152260401555558900e-09 5.712364997157016477e-09 7.479124805924138918e-09 2.125690221728156981e-09
5.296252908951362121e-18 1.111097971799451055e-09 3.944532935442182807e-09 2.635467665053632467e-10 5.852061082887736329e-09 5.653955635529722204e-09 8.337039566330719794e-09 6.843660677346458001e-09 6.537014817663838791e-09 5.259272914080319124e-09 4.534078229481719953e-09 1.838922369663318988e-09 -1.398592385944496331e-09
1.105768317738782060e-17 1.298780543828625383e-09 3.292069338375546878e-09 8.080412547083429198e-09 8.418331213747512852e-09 8.538238810518807628e-09 9.073946736129184785e-09 1.152225359820416143e-08 7.111696548517556162e-09 8.203750820446632717e-09 1.576411055731117216e-09 2.359750823409629569e-09 1.983115207501741707e-09
8.730377142328133253e-18 4.562046526518967069e-10 9.603633807423169923e-10 8.283861996561458779e-10 1.864816985906418610e-09 3.593636560323155880e-09 6.844623897792285850e-09 4.157827416371150368e-09 4.621075180291442163e-09 5.469184709536428153e-09 4.524221403720691428e-09 1.452943936120402494e-09 1.883543799220538882e-09
-5.434007789019264603e-17 1.976915335541246852e-09 3.927066502481341543e-09 7.815088206861887516e-09 3.917916756129560384e-09 5.034563304380198295e-09 7.184295779356798744e-09 5.445650245227759904e-09 1.256561223960483064e-08 5.516067331018609082e-09 3.085781872239663395e-09 -2.829630924578792357e-09 4.287291916003402693e-11
-5.528806469858198379e-17 1.078902067674545267e-09 2.035409040715742809e-09 7.774271720740744464e-09 8.195599904207352523e-09 3.684089851809746893e-09 1.070211665949761875e-08 8.595165344371753068e-09 9.211907365007787115e-09 6.189417693268020369e-09 1.971425489070646922e-09 1.435410784987686167e-09 1.569125167183188966e-09
-5.307911394713782279e-17 3.119310678450326944e-09 4.901792333253490075e-09 1.345498903420093155e-11 2.166641275564359554e-09 5.238937309983731338e-09 5.143935264059604234e-09 8.052489023135454531e-09 1.277599014543012727e-08 6.963036134290300774e-09 4.285490476095769881e-09 4.691408409466459183e-09 1.343369630864914618e-09
-2.073565873442545546e-17 2.337098719573730059e-09 4.243576020616073361e-09 3.307186706164440073e-09 6.748472004060686061e-09 7.217140960865222126e-09 8.398190095399257374e-09 1.045701642737690808e-08 7.105527707334816521e-09 9.628855632388053422e-09 4.852473448741063945e-09 5.958069322629285966e-09 4.286641268827289571e-10
1.253468609504119527e-17 9.859268724081790250e-10 1.805309004751240586e-09 1.019381894670390150e-08 6.384602039273396739e-09 7.602358646996518964e-10 5.834732174492758004e-09 1.137683118983869897e-08 6.396533066149267311e-09 6.257161220731555211e-09 3.888230451249013424e-09 3.430910586576927312e-09 3.720805437467747597e-10
3.923602775456743508e-18 3.506055278174231498e-09 3.651602107697284866e-09 5.292885589182168917e-09 5.198838730685133991e-09 8.657399619188865729e-09 1.078866441655074793e-08 1.276670309720779635e-08 4.679091249866711637e-09 6.107229359818143365e-09 3.179995595590627742e-09 4.732867773491918768e-09 -9.460687946697436994e-11
-4.100784910987013472e-17 2.839250593990925220e-09 2.148142994801931386e-09 5.019783931594656715e-09 2.278619201186548702e-09 4.713644380994608110e-09 9.889697805699667334e-09 6.108241409909007513e-09 5.812061068041569970e-09 6.437093417235230366e-09 -1.328543489864368313e-09 -2.554946538358024611e-09 -1.490277752889043529e-09
4.849157659511075765e-18 1.068768266833538934e-09 5.885414889108977913e-09 4.844939419190313350e-09 6.047854780754867812e-09 4.710904932613084831e-09 6.549252322875438108e-09 7.926890947419500484e-09 7.071864701329140556e-09 1.163823383215500995e-08 4.938368688273633048e-09 1.617753316845641473e-09 8.574004618915972848e-10
1.346045785607570268e-17 1.562500353960058361e-09 2.603610730296520688e-09 3.134017387994757501e-09 8.663186607121817758e-09 7.391169913508245071e-09 8.538018755021825354e-09 6.662675281146431029e-09 6.308589748638571089e-09 5.164595171594611408e-09 -1.650227032155664266e-10 -4.436021150960234791e-10 -2.441715651714941018e-09
4.932403401183048919e-18 -2.832155239638704116e-10 -6.552561655301721567e-10 4.323030742631673567e-09 3.867833993617569834e-09 3.585606449114977639e-09 7.266609096722747757e-09 1.075892946790650193e-08 9.710931254902862106e-09 6.981509796147594227e-09 6.564347297906046821e-09 6.716650830571971135e-09 8.417491707257362554e-10
2.770739566162516190e-17 -5.024025611842526365e-10 -5.003078068123932621e-11 4.079187883236317180e-09 5.354801530551505042e-09 6.449856840059557710e-09 1.344336012699327969e-08 8.028705943736568581e-09 6.672303632558381587e-09 7.236547736894814087e-09 7.482057093412764165e-09 7.799597891225287277e-10 -7.209918478861452742e-11
1.955430017770509145e-17 2.131228175067474496e-09 4.570496158833441804e-09 7.252546552437846104e-10 2.169116739309170192e-09 3.687572181932458631e-09 8.938321239988771381e-09 5.264863524864667711e-09 5.297333365500591865e-09 5.540792088157318552e-09 1.650925847440390847e-09 2.800029438012879612e-09 1.538500942084744809e-09
-3.484294174379087323e-18 1.341994925817762286e-09 1.763879654391675999e-09 3.702031141589600838e-09 7.543878162072383029e-09 9.446259107439366849e-09 1.216527163252332121e-08 9.556317328494385119e-09 7.349159074411838187e-09 4.386062968183021937e-09 1.117533350107633154e-09 5.746961397893127146e-10 1.556594243284334235e-09
-1.293459036440287592e-17 9.274346716765548856e-10 4.020688396447095493e-09 1.532279093201789593e-09 6.326281640602308731e-09 9.185886759769047502e-09 6.088613520566433114e-09 6.720721751303841858e-09 6.313428912662337140e-09 1.053289065240482560e-08 3.890990119643710706e-09 -1.467140815488211069e-09 -8.442630635255919619e-10
4.964033850808391346e-17 1.238159096816473936e-09 8.989174383122502546e-10 4.232739804857873275e-09 6.739085221634735069e-09 7.870272206077970355e-09 5.001075731952726167e-09 1.069837560875934624e-08 1.232032251861740438e-08 5.796907374953800705e-09 -5.683262407711762889e-10 5.451122903656140980e-10 2.090888959338527327e-11
5.088579132146912254e-18 1.920668229325417998e-09 1.509654041139030039e-09 7.835707416302399169e-10 5.525691533790605371e-09 6.904069678484241514e-09 1.155058519456902538e-08 1.171863965979031851e-08 8.053778857882255675e-09 4.700820314936488828e-09 1.053102370895875588e-08 6.619599004177139943e-09 4.166988596807632775e-09
-2.915757777579536263e-17 2.205071229177395781e-09 2.874343817668673624e-09 9.393782906010434429e-10 3.949251903483739362e-09 1.123649574856591585e-08 1.182564508208360758e-08 8.065327057236404914e-09 6.281218772637069214e-09 2.393363638145468694e-09 1.116707294659524281e-08 5.569740075751993062e-09 5.294720673068820613e-09
-3.724144913554873620e-19 3.379666266976564082e-10 -1.313045886966373081e-10 2.325459039549296804e-09 3.082242881497925558e-09 4.372378559130443697e-09 4.061015942750510586e-09 1.284357915164068437e-08 1.008243798934468903e-08 1.104272767176491365e-08 3.535369411484248246e-09 9.170277807891137214e-09 1.624887586593571159e-09
-3.547766637389557279e-17 -2.157964922492690276e-10 2.587261920358595502e-09 2.233780243078989111e-09 1.257581182398830805e-09 6.624977102561574782e-09 9.503079128039081378e-09 5.732884190565738195e-09 1.169749127531372758e-08 7.824569745585700949e-09 8.548117557028110391e-09 1.122634127749442840e-09 -2.988864262513990385e-09
3.211031770433212987e-17 1.072623281097818904e-09 1.788150887692948301e-09 2.707344315850323648e-09 2.827312211444612987e-09 7.609645922143247407e-09 8.359595579175382529e-09 4.716005745912874974e-09 6.142820883754554067e-09 3.371217515940510623e-09 5.084967339384018666e-09 -1.318742533420990957e-09 -1.389535575598072859e-09
2.383939834190072634e-18 1.080114813499477334e-10 2.017525581948431707e-09 4.936274545344548266e-09 3.813348136961243924e-09 1.343815067342848523e-09 8.645563707265545888e-09 9.490364098931752029e-09 8.438809177320610835e-09 7.611280540552820241e-09 4.449956696775787686e-09 7.884438984613984635e-09 4.423743549017866706e-09
-3.028143358763074649e-18 3.295871704598504893e-09 3.892929588945958230e-09 2.635649504887249761e-09 7.058372997165710322e-09 9.115270792601388419e-09 1.164067855935212295e-08 1.301532659069650870e-08 3.205391579486012135e-09 4.200265277509469271e-09 5.742469318362229322e-09 3.049681817674232402e-09 -2.185639250284681736e-09
1.225182441721831495e-17 3.805603853262982317e-10 -1.310513840138638314e-10 1.948973103697631236e-09 5.459734259241659093e-09 5.265196505686324181e-09 1.003268349638787392e-08 9.892690325392577218e-09 8.286775195238838886e-09 4.375239019794574718e-09 -2.427799018585843349e-09 1.411686612950669368e-09 4.228005584019607693e-10
-3.540504969540368626e-17 3.213950160452801501e-09 3.171623597592372296e-09 4.389987824556691353e-09 3.535356889139386486e-09 2.205187573379868299e-09 2.934782944888136913e-09 7.879635598916297175e-09 8.872586906516601770e-09 8.939935845279228509e-09 6.962877483669387665e-10 1.949368277207613253e-09 3.962137817052756240e-09
6.035742429980968971e-17 1.473397021249279982e-09 9.590341090906074089e-10 5.546253271091525864e-09 2.582823089527853054e-09 5.806753300924712082e-09 7.860424127613487594e-09 7.886149622776644797e-09 9.056810036449038998e-09 9.203518183192998060e-09 5.541433660992171433e-09 -2.919997729975644358e-09 -7.400869153524384816e-10
7.717655262150237393e-17 2.410245460486182090e-09 5.904792813652045152e-09 6.397466129954339798e-09 9.655253881255775608e-09 5.862050444648111840e-09 9.953041361419764997e-09 5.393351191737607358e-09 7.129928437834441659e-09 6.462871893172693818e-09 6.258053287326621215e-09 3.912653366337313779e-09 6.262562456730693048e-10
3.538262838649220098e-17 1.025875737261115268e-09 3.960954238843313152e-09 3.026487441113914221e-09 3.441067880158019678e-09 9.175721250283451859e-09 4.228631908573337749e-09 8.909484157334733129e-09 7.953300956362576616e-09 3.596404356545128480e-09 6.551244007586365646e-09 -3.190166649003009365e-10 -5.407483127223163689e-10
8.918119906847306664e-19 2.663068090225184162e-09 8.722882547436922719e-10 5.375969368153898601e-09 2.808277809139522586e-09 4.381807358145757626e-09 6.319009975549888652e-09 5.289551138385598951e-09 5.356414279356110362e-09 9.155912768104408308e-09 2.876147991035083960e-09 8.826089215035916170e-09 1.310621020453575972e-09
1.165746510379771079e-17 -9.722886955386331961e-11 -1.126343417184337987e-09 3.790790247284256937e-10 4.070794485109367116e-09 8.671795381084491142e-09 7.318309942785826299e-09 1.086541347611200773e-08 9.515710232805062519e-09 1.247838481311783171e-08 4.046403409900249150e-09 5.491505418964893955e-09 -7.594964372847271918e-10
1.908776879829046282e-17 8.894115534093349463e-11 1.351890363610548789e-09 3.570669550096383392e-09 3.637426823862819124e-09 1.711643407264391692e-09 1.104081243033277178e-08 1.342646057516655753e-08 4.805925374625652737e-09 5.632648742790222228e-09 2.850072037359725190e-11 -3.622593195231916901e-09 -4.896377376395938413e-10
-1.701206095854512673e-18 2.503167518156789994e-09 3.186608426864524590e-09 4.325854256515385721e-09 3.348893841277383325e-09 4.062300051444144789e-09 1.035346246650863026e-08 9.245726133765448992e-09 9.374459069927305406e-09 4.566768801614713186e-09 2.058421398220394162e-09 1.914403753821559006e-09 1.049912053224685427e-09
-5.166270641055221678e-17 1.419551188640767358e-09 3.411737445046530295e-09 3.448710583188087127e-09 4.178836738150041962e-09 1.036875009732755132e-08 8.240323629930883863e-09 1.216032918517322601e-08 7.375656608585449746e-09 3.664304255018909642e-09 2.817444040795016054e-09 3.273601625508472108e-09 6.159698675540739061e-10
-1.374259028858606201e-17 2.182152403815502404e-09 2.098792987242690445e-09 5.122483353869593618e-09 5.195557686816437053e-09 4.998382685209368645e-09 5.279792384184430727e-09 4.081532031722367686e-09 8.191779040119457991e-09 7.316351499277081712e-09 7.989824292091247941e-10 -3.616982708977559195e-10 -3.366926821664296051e-11
9.149565751321897830e-19 1.724020417150549751e-09 6.987303463078060614e-10 6.200471819016718447e-09 8.469350643408687100e-09 3.927287528078406031e-09 1.111358597526967353e-08 1.049725273513801446e-08 5.639704305988235492e-09 8.370373329711452170e-09 6.488257676648861893e-09 3.430610331914959542e-09 2.997187498815025822e-09
2.714584956878213408e-18 1.292820515065760866e-09 -4.473999315733753051e-10 4.048671646247091433e-09 4.425970354525122847e-09 8.822253815833817855e-09 1.182111238633846354e-08 8.294806448361748454e-09 8.370794494628318868e-09 2.325895440810076540e-09 7.936538130528750101e-09 3.308530800365656633e-09 9.445427424812963017e-10
-6.260829431998664712e-18 -8.496903180725908676e-12 9.755434463380021390e-10 6.981007081473327669e-09 8.886629023444878372e-10 3.796728383602704714e-09 6.243449528327324746e-09 3.304369127240760693e-09 5.538912547114732234e-09 2.408061560557898557e-09 7.092002922666195532e-09 9.102652508447413845e-09 2.148048249349006068e-09
1.545300401609581362e-17 -1.507863744377568702e-10 2.589788119565086950e-09 1.977499806314329718e-09 4.556243947382462631e-09 3.058720248412696692e-09 5.478835557900238561e-09 1.204601774914791861e-08 1.189137395228432344e-08 1.145722416578535806e-08 3.797266266167526007e-09 4.367428142806851778e-09 8.255106571872133960e-10
-1.273648158814948438e-17 2.368742955115096042e-10 3.521566736575067178e-09 7.592939753657637537e-09 8.042870206289746983e-09 7.744678987081469840e-09 7.941341953669067555e-09 6.682053551948933055e-09 1.141231261722531522e-08 5.835591264397726754e-09 6.678286811447691555e-09 1.193473718920756405e-09 -7.116610428661475097e-10
1.419404521756158042e-17 2.112154962692850254e-09 3.665039037479718250e-09 4.164552836500004743e-09 3.791258986005296507e-09 3.631721976719027885e-09 7.583044783811908514e-09 1.605894586113204962e-08 1.166249934196646325e-08 6.157956769482283770e-09 8.478860284780322903e-10 9.387641513295693492e-09 2.344643392035624369e-09
-2.541352275104268198e-17 1.561254852782876969e-09 2.674297560066812667e-09 2.773277197146297609e-10 5.672135338732661427e-09 1.103815146377036065e-08 6.102821816701485853e-09 6.196191211806493901e-09 9.693609008864084071e-09 1.079973991134577528e-08 1.674821390246751493e-09 2.400662296018127241e-09 -3.239042755627417822e-10
8.715802889882577629e-18 6.364899102696608316e-10 1.933088110651136776e-09 1.669723761806811128e-09 8.106872938111784489e-09 7.991269042452159675e-09 8.359217482682936278e-09 7.292668655322908678e-09 1.377818366119438495e-08 7.654034144739881108e-09 2.031767617305766919e-09 4.363975586818880147e-09 7.354717148011901729e-10
-1.539730661703766072e-17 1.828141445795030772e-09 4.318458757843693847e-09 2.824050979827443306e-09 5.742686346207795261e-09 7.213127333990639586e-09 8.690876386009054059e-09 1.330270540162953634e-08 1.176317725317850795e-08 9.969916682399064833e-09 3.695748534056059505e-09 1.478516660501450731e-09 4.938404570372041557e-09
1.820714496729487184e-17 1.313637737911547509e-09 1.299408867571174481e-09 2.023603430906887839e-09 5.253582863008730812e-09 9.504572375067342759e-09 5.229998705810245593e-09 1.199325451742665600e-08 5.371552955412606537e-09 2.199963932534197935e-09 8.320580848493915746e-10 -2.515563352606770550e-09 1.729215106179947668e-09
4.357952512533402032e-17 2.410132560849842941e-09 3.981855379278752516e-09 1.401033325133253518e-09 2.387913482608594371e-09 8.411636684276953710e-09 6.816995398079109720e-09 4.383347219611861823e-09 3.745517553865662486e-09 1.441307040427287990e-08 1.605708498953449815e-09 3.752041813960701452e-09 -1.242215359813760582e-09
1.291157334282642086e-16 1.513128963498858646e-09 2.049686980056197793e-09 2.703112324612053225e-09 6.952149563417681504e-09 7.237552588463154517e-09 1.047854355301421139e-08 5.677067849761512516e-09 5.459533456044775281e-09 1.050075831250005058e-08 5.170562784609810921e-09 7.483988046636061301e-09 5.527706660635334208e-10
4.054403179631591003e-17 2.551239121078254103e-09 7.293830277507326623e-09 5.670783928900966548e-09 2.891172834387234083e-09 7.151805650713381443e-09 1.007298939231411753e-08 9.633983824346140855e-09 3.324912919522852474e-09 1.030694358801308202e-08 7.160008166685040490e-09 3.172794245299802048e-09 3.918032053581737750e-09
4.892870745110747892e-17 8.229101972712446549e-10 2.323583215890494159e-09 3.879538893914674686e-09 3.323195535586964390e-09 4.039690942033176223e-09 8.223997775278879237e-09 6.478617503499540753e-09 6.058665613845569092e-09 7.604215050196948089e-09 3.710252615512506477e-09 2.149745588378515012e-09 1.518293788168145373e-10
-5.292256307154556591e-18 1.032129341026608547e-10 2.537788402861042054e-09 5.936720162589178341e-09 1.227824867461531993e-09 3.487236209000276870e-09 9.143523657143596501e-09 2.486347281096123585e-09 7.437535947700596192e-09 9.479715900007383364e-09 4.923298231982615362e-09 2.743119134098382136e-09 4.967273341962267567e-10
-1.153679145969109711e-17 7.524683552858083766e-10 1.419619004186138358e-09 3.670063636699978376e-09 5.138038458021712301e-09 8.831349116653898829e-09 1.085327903098811563e-08 1.275612157486067516e-08 1.485749059984630770e-08 4.276324419660689083e-09 7.431367351153509294e-09 1.846636248748785914e-09 -6.484580806487910281e-10
-2.127114805476873494e-17 4.402494832135896636e-10 5.753792446057336871e-09 5.676113556023640529e-09 5.185485005112183505e-09 7.304494262180128622e-09 7.124284130956404964e-09 9.871911243586090818e-09 9.664257340720401544e-09 4.995653779411765082e-09 2.801064708635505956e-09 2.737631228686093168e-09 3.686895887528447867e-09
-4.569530392505420363e-18 5.382954314676270664e-10 1.294022172370506689e-09 1.933106643577550029e-09 3.916103134556694220e-09 6.395633857329971410e-09 8.167408457555646332e-09 1.005711884819343026e-08 9.253219915605785470e-09 9.818605271167766122e-09 3.856170522355542557e-09 -1.031042370098106308e-09 -3.572207546537428219e-09
-1.654062514089970522e-18 5.630871422332798564e-10 2.077410898388500837e-09 7.033225856145637664e-09 7.618241742925121831e-09 7.262692550008890390e-09 9.905910944783062931e-09 3.420636304329151424e-09 4.483340498382343780e-09 7.520911393666160452e-09 2.610881295316860698e-09 2.943262454497289156e-09 4.481536168012785033e-10
-1.110911086623326277e-17 7.560226188101669965e-10 2.370112470686557260e-09 -8.996984336797989209e-10 2.813137440488601358e-09 8.016882776651798811e-09 6.582267519444693361e-09 3.828113069025575194e-09 4.982518209407039676e-09 4.340150045846126609e-09 4.055607005878774778e-09 7.439183074323914366e-09 1.821817375806162948e-10
3.687124796438457832e-17 -1.142919949834356879e-09 4.481323070649677492e-10 2.369528203117520924e-09 7.469960280267468155e-09 6.195671424086734296e-09 5.355968663286289198e-09 1.013029617503456961e-08 9.215825618644168196e-09 4.366443883381083781e-09 1.407268378035636774e-09 6.516626238066948253e-09 6.465093905449408446e-10
-1.158359573488898792e-18 8.128730109855616849e-10 2.446141372033600887e-09 3.696172599294016721e-09 6.171512519560543320e-09 9.598979999847817664e-09 5.011017352727523756e-09 6.788652806613464286e-09 8.423857986961776616e-09 4.758735078200442161e-09 3.783756239045821905e-09 -2.292137459735376820e-09 7.498359725657989773e-10
5.843810752955704089e-18 4.710860651707557422e-10 1.922853469603825757e-09 2.691805663136695492e-09 6.879195036435590455e-09 8.289270038999539968e-09 1.332684394495258514e-08 7.583456853449877534e-09 6.433437120723183804e-09 4.055951158165095064e-09 -2.509056682573219004e-10 -1.476762501722961947e-09 2.186862165146882939e-09
-4.941457215439867625e-17 1.587020268428250056e-09 2.669191519674641856e-09 7.021832876776717806e-09 4.871731707764393285e-10 6.705031342438197293e-09 1.058729332095601529e-08 8.781473564083493324e-09 4.168846231953538354e-11 5.116023544212793979e-09 2.826109608830214407e-09 -1.595164788944972423e-09 -1.153210401934890343e-09
1.199040699507829432e-18 2.293766185009640681e-09 2.363850367549287240e-09 3.674653520927562173e-09 5.544932839253932342e-09 4.851307945946952764e-09 5.132022644351259535e-09 1.131271787905422470e-08 8.758265303468887717e-09 5.860694554393046794e-09 6.093444634812024933e-09 5.067902553847018330e-09 -1.677544895443057756e-09
3.391002121939018067e-18 -2.843165149209914737e-10 1.523875011892949495e-09 1.189837991575400465e-09 2.976350621667975621e-09 9.750352558089069032e-09 1.184930040436715023e-08 7.773569167771996768e-09 9.031741085823192622e-09 4.959996246688665188e-09 2.879280778843884160e-09 -2.228032846505025723e-09 2.481610695351435096e-09
5.823155037518963327e-17 1.343290998850420914e-09 2.443934120859567636e-09 6.605981461813300942e-09 5.924553344536859186e-09 5.938535498090691227e-09 8.046331295435171806e-09 6.856164331395091476e-09 8.947056427546454851e-09 4.502744686868648761e-09 3.950289418384974434e-09 6.743078714222818741e-09 4.944091365145470687e-09
-4.612582586134560220e-17 1.926869881450544200e-09 4.894957762160345713e-09 3.585082613884076234e-09 5.500418930021891651e-09 9.044686412263869314e-09 1.605115138116359319e-08 4.848282116540499135e-09 1.133649481886445635e-08 1.307871017947469336e-09 3.158551662961866147e-09 4.887390705458372781e-09 2.260847583885740979e-09
1.459518158219686553e-17 -3.875578438293202632e-11 -3.776845403328356536e-10 2.906401806260308397e-09 5.996714365780899414e-09 5.624288409284893647e-09 9.679297161446579688e-09 7.371499926849746671e-09 5.523923317186481208e-09 3.034662240861216607e-09 3.980173601320697068e-09 1.507688192590161399e-09 -3.405794469881407054e-09
-2.559550226455543275e-17 1.125734261587182737e-09 3.007473657600490827e-09 5.304436853130587622e-09 6.248123438536483145e-09 8.650876086469246936e-09 9.317917048457755152e-09 8.191500668613259805e-09 3.453828113938635284e-09 7.218467194046588119e-09 4.596814085138427300e-09 8.558662659535721466e-09 3.071784707081171207e-09
-8.716523803879586702e-18 1.646859643841496286e-10 2.139299411217601490e-09 4.872311450036228596e-09 2.456924998105544403e-09 6.107987833513738099e-09 1.165953655287823303e-08 8.855448351393124716e-09 6.632557704975888625e-09 3.321703267997128252e-09 -8.290671186503610275e-11 -3.563566805167461127e-09 -1.553660119536365170e-09
-6.680780821073333523e-18 2.585289125072090034e-09 1.390427715750580980e-09 2.618078908864420424e-09 4.318639245670483380e-09 1.171029272366627522e-09 7.718292691202059713e-09 1.057027648060387541e-08 5.361860869842873195e-09 5.646884614038377131e-09 3.341252831533957444e-09 -4.784781656615702447e-10 -2.689753506366852106e-10
-1.426700953869584032e-17 5.850424972684969496e-10 1.572460804958913458e-09 8.395340592449740285e-10 2.591759349301748257e-09 5.923842377056351585e-09 7.070247431796437343e-09 1.117214275251665307e-08 4.896906140204926520e-09 4.581163042360500318e-09 1.354382279110814398e-09 2.126287852239818821e-09 3.960166126715596569e-09
1.875109369960524646e-18 1.077603965245585233e-09 2.585968026280776378e-09 1.728819906845126365e-09 6.024645303926819540e-09 1.123625018356515291e-09 4.300182173330718301e-09 5.556351548934683835e-09 5.834461285198329341e-09 7.634768767019361983e-09 6.826048178098060491e-09 -9.647582096246127967e-10 -8.781652166402457632e-10
-6.603128622405742345e-18 2.629690269837551662e-09 3.159402618054976768e-09 3.782025372142424122e-09 6.738432171483580496e-09 5.921961265860988973e-09 6.070363786403031000e-09 6.148661023687050189e-09 6.459868885731648947e-09 6.435101143085815835e-09 9.376397910815643098e-09 4.297606411985010073e-09 -4.066734285209015242e-10
-2.962809574209723581e-18 3.565198646784911952e-09 2.951939356956544121e-09 7.922440265022008830e-09 5.175735946467468644e-09 7.217485431553053700e-09 7.902953461220710546e-09 1.235984891262216004e-08 8.765248004087217574e-09 6.797840953727312713e-09 7.251722293402705184e-10 5.570968518512089092e-10 3.922213104162053137e-09
-3.385552084618431731e-19 2.502382741337256989e-09 3.185777832051259632e-09 6.146109155364142324e-09 3.191519466183568228e-09 6.145856176650208089e-09 5.945475845435940754e-09 7.849198938836460845e-09 5.300489789674915806e-09 5.779760903742544129e-09 1.041152574351885649e-09 8.165847175327966165e-09 9.804331295970881607e-10
-1.171583224175429787e-17 2.003769702061422498e-09 1.082567425491575779e-09 4.069566613743166843e-09 4.211099106525011384e-09 7.014925513872328936e-09 8.228443921559054984e-09 7.001017992782588664e-09 5.131603459634273723e-09 2.711816177915902515e-09 5.431169276597832269e-09 3.208304892068958461e-09 -7.558360723565667544e-10
1.510623375378332208e-17 -1.067131993574704775e-11 2.513897866298578101e-09 4.821104865575697739e-09 6.742553077380056490e-09 1.100616199804870553e-08 8.719835731509518336e-09 1.252532660558974533e-08 8.357813764068484854e-09 7.182898351701247861e-09 2.098013850187725190e-09 -3.020369844383945675e-09 -5.780163418430115172e-10
-1.105955986474843458e-17 2.475817898972634948e-10 4.327741332366282717e-10 2.795020493514585828e-09 1.308091380870899924e-09 6.469142562403469725e-09 1.032641304920398368e-08 7.275443457965538903e-09 5.601351695224946495e-09 6.941980150303250715e-09 1.888549623502586310e-09 3.185273342601006666e-09 2.353146066217162805e-09
-5.236222541728483952e-17 -6.397373472357013731e-11 1.372176761888017985e-09 2.161603430130284915e-09 1.666092372981225302e-09 5.337523677410634595e-09 1.221118655817230626e-08 6.643094586948299147e-09 1.178965478651308895e-08 1.052970249509957041e-08 6.365085729566945092e-09 3.190623199892846689e-09 8.562291428832420888e-10
-2.562848867761503019e-17 4.301997130664258672e-10 -1.660586527789597215e-10 4.327225812751319665e-09 7.260223211990361171e-09 5.737088896387100643e-09 8.955192002510870132e-09 1.333809148028804060e-08 5.418097266471136017e-09 7.895142055832986849e-09 1.817067790247006978e-09 2.668995579383637889e-09 -4.643719882218811232e-10
1.720243744576742210e-18 1.807276584265327933e-09 6.124727839326626693e-09 3.013084422583637374e-09 6.092831452006839001e-09 7.268773182464085448e-09 9.770631945864075015e-09 4.772640496611574900e-09 1.328233985664494185e-09 3.804772561691601841e-09 2.059525999575564309e-09 -2.972308823332680250e-09 2.264363972306524409e-09
4.055141040534284978e-18 1.215688471304473727e-09 2.482729925634956809e-09 5.649558118082077091e-09 6.873555576297346999e-09 8.326192503790908922e-09 8.961138631701097583e-09 7.792049517870287983e-09 7.172946440677754355e-10 6.698345510919991714e-09 -1.385844323519279471e-09 -3.211120177270825048e-09 -2.373590923359454919e-09
4.687968735501901151e-17 9.346002998043221296e-11 2.032779848482110536e-10 6.425026379763484346e-09 5.437215314397477385e-09 6.149675397092937831e-09 6.596759650494458552e-09 4.435645910406600899e-09 8.618084079762636035e-09 4.859248403841927677e-09 4.325332250627531253e-10 -2.080654473586839705e-09 6.249550157579440484e-10
-3.958441740391184697e-18 8.825401213698385480e-10 1.552434651838039800e-09 5.150206690555067641e-09 3.631594465522755612e-09 1.522763225821371340e-08 1.158714355470119504e-08 1.146426035063108957e-08 6.368229672852996824e-09 8.843958146369322685e-10 6.991846221840408329e-09 4.781925647622493193e-09 2.378037081195977444e-09
-2.746023220523229127e-17 5.717004829447244844e-10 2.252391803327060289e-09 6.359477562302065082e-09 6.992539668639849038e-09 5.512323233043784732e-09 1.215222143713922795e-08 8.057630695133990761e-09 1.362120049228501652e-08 1.269912841163296198e-09 2.429980273953369201e-09 2.453104063563056117e-09 2.157377098825160086e-09
5.304487709102754351e-18 8.709855754289922737e-11 9.976732882488529598e-10 1.861968937521467823e-09 6.319315894195219506e-09 4.583953520865773180e-09 1.012480729498993027e-08 6.486447824567727200e-09 1.249230799112939042e-08 1.906330172654153860e-09 1.855492704557275487e-09 -7.583483068759090098e-10 -1.126547732801522826e-09
6.984214244875533744e-17 -3.802955371080834740e-10 1.665319663975657012e-09 2.193588895215674741e-09 6.533048919352999222e-09 2.930951233753683577e-09 2.725183116566312205e-09 4.384323049667534764e-09 5.409267516704471485e-09 5.537546442889877927e-09 4.472815572215490962e-09 3.262686459027272904e-10 1.478603333339211488e-09
8.894753642882562629e-18 1.018438753006962274e-09 2.878542026195599095e-10 2.698711318379472289e-09 4.225734763960011950e-09 5.010093119299882039e-09 5.615960128859335794e-09 4.900311559377726013e-09 1.073141050382382314e-08 6.058714462374218951e-09 2.107269044604486991e-09 8.146989870801172036e-10 -1.534674182924700588e-09
-1.438168171311150701e-17 2.117563007276121947e-10 1.073993349459752174e-09 1.457316791519100299e-09 7.996772667361933657e-09 1.040772615271023330e-08 8.610790965858449132e-09 6.921466503176307591e-09 4.981792365373178509e-09 5.485181649725883908e-09 5.233782930213394108e-09 -1.219109191447227809e-09 2.403435618603063642e-09
1.095931563263451437e-17 3.182677331264888209e-10 5.461929371640479959e-10 6.983130484482435620e-09 5.155567963335856687e-09 2.706150682827546873e-09 5.496117600358118231e-09 7.422114395249092579e-09 1.388593790444442931e-08 1.047895685718211912e-08 -6.712806448186637714e-10 7.392095830082299277e-10 -1.207226685514773929e-09
-4.336009061358049678e-18 8.576731404166830567e-10 2.102533748952389127e-09 -1.458997362859552111e-10 5.923216898620558029e-09 9.318424470196729629e-09 1.136127932337414349e-08 4.137237055578108555e-09 5.311161072058326561e-09 5.489820062277286367e-09 -7.699531822503554174e-10 1.666698280325515871e-09 -4.551485407500990994e-10
-2.571842712988405383e-17 9.283543616490896948e-10 2.662176652707684508e-09 2.131006150233401499e-09 3.967779821784969060e-09 9.649450416970869785e-09 5.910495341993203080e-09 7.698819295371044640e-09 1.066126319728407968e-08 1.244564577030908049e-08 8.246663045728275821e-09 6.168577816249061439e-09 1.967417793035279798e-09
2.012799662293518875e-17 1.535765308558595086e-10 1.820307800813168809e-09 4.891856853502114723e-09 7.266821902945363640e-09 8.140955477803629615e-09 5.517481190384496279e-09 8.218973753304988306e-09 9.302664667799396956e-09 8.139751013778149404e-09 6.723200042236968807e-09 1.986716494211814481e-09 -2.047936423862209873e-10
-2.905932504200195214e-17 3.632625963873132899e-09 4.616284140015325530e-09 1.562018016061263521e-09 2.443018760117358694e-09 6.123939481843050231e-09 7.554095699506042558e-09 6.070269736587872578e-09 1.003061509496560874e-08 1.211928076458119095e-08 4.815339891295613579e-09 2.921703041815140165e-09 2.877561644524047642e-09
4.550113948467231599e-17 2.193393106194807479e-10 4.351223654726161900e-10 3.606857849871922900e-09 7.230658885949223901e-09 2.742707177682695890e-09 -1.663466525433949469e-09 1.114071098431595827e-08 1.306619557485758106e-08 -3.857644194383850638e-10 2.272556847448069732e-09 1.830997815215203518e-09 1.680555640237304315e-09
4.927699114412702936e-17 1.360289318907066403e-10 1.676916724096297349e-09 2.605995972866866901e-09 1.408703843973125343e-09 8.139975455146664879e-09 9.538995583659869719e-09 1.062659942438558173e-08 7.159922987832464717e-09 4.522607295364494660e-09 2.544094714643125709e-10 -3.402518133549820469e-10 -6.711054737926375378e-10
1.705383346400264287e-17 1.639333790507993010e-09 4.668317667447821101e-09 5.018057304270794617e-09 3.079493211178021940e-09 1.026666530342160554e-08 6.523126236737376112e-09 5.132057324166381992e-09 4.937670089753831213e-09 1.156479834572574675e-08 5.926964173795123406e-09 3.624205285911707537e-09 -5.628135158429157457e-10
7.728150615369630034e-19 8.732986524975270587e-10 1.549040351551972154e-09 1.488605679306524530e-09 8.029537832875025882e-09 5.173946562429239088e-09 1.227930566810419200e-08 1.047636976392091391e-08 9.080666520832484123e-09 7.946994121445198088e-09 7.742920366327172673e-09 3.797740906476434218e-09 -1.119075657079509527e-09
-9.772424929673331314e-18 1.846745845872754187e-09 3.311388592082581258e-09 2.940366644313929469e-09 3.821309386389042590e-09 3.896254476693117369e-09 1.275283168022496638e-08 1.120904204759570590e-08 3.463654164159863641e-09 6.835055020861071355e-09 2.199557936444687696e-09 -8.095584533359186664e-10 5.663690420166570726e-10
-7.408079256322831636e-17 -1.468723831511765546e-10 7.909326779228861237e-10 4.038386134644303649e-09 4.329971430869591042e-09 7.437848123336611067e-09 5.469654599006587771e-09 7.236375638708774581e-09 8.309124303548515566e-09 2.986973684594329381e-09 4.730549118736449535e-09 8.754880162685602491e-09 3.840199840902982767e-09
6.306319540601911031e-18 3.904512798240053570e-09 3.008924677031325037e-09 1.726816192609379111e-09 6.565817516675871407e-09 8.217822260213586096e-09 8.198453614054967273e-09 7.563885283780128639e-09 9.384273875792591946e-09 3.468689838046317735e-09 3.312820937640315300e-09 6.125398973015312104e-09 2.942959537858994728e-09
4.681601450707087094e-18 3.460705949316836171e-09 4.912829379560018920e-09 3.180271450559868374e-09 3.525349688816393564e-09 6.702946280399833747e-09 7.612671803392184655e-09 6.171151955638034865e-09 8.885551902727290968e-09 8.304782444184913566e-09 -5.911409333175139268e-10 -1.771018423299857705e-09 -4.033612299763720925e-10
-2.712420668517215293e-18 3.449100060019864607e-09 3.037674048500000153e-09 2.807850026327159579e-09 9.683779110235608954e-09 1.040012730499051600e-08 1.169406255657074355e-08 1.217755315590400055e-08 6.293595268130627736e-09 6.803516942353556432e-09 5.958181049485980991e-09 3.515679732974200932e-09 6.680251249624194425e-10
-2.493953246816162471e-18 1.364884248568664510e-09 2.776480281855654715e-09 4.231322069753586765e-09 5.141875073678671732e-09 4.470034273544113564e-09 7.196126659202855200e-09 5.338547489504765025e-09 -2.177820424899880864e-10 7.585149136672694428e-09 3.492375497519320191e-09 4.033350699986978265e-09 1.387128815281083149e-09
1.121939159022651694e-17 8.462829413930900910e-10 3.162439794085617704e-09 3.398996001154776721e-09 3.324529107388774297e-09 5.883833090384131769e-09 7.997328591716518322e-09 1.120826540756392356e-08 7.900246244209020546e-09 6.229329143881885750e-09 3.043424888394953514e-09 -3.240287346607505421e-09 -1.115705044488478767e-09
6.290673444653219795e-18 2.530463910157805187e-09 2.356220097240282273e-09 4.660197671814572728e-09 6.115796472271331366e-09 5.622088016976604651e-09 1.223614342470765550e-08 8.261902009466938175e-09 7.472933601941500918e-09 3.189476154501432568e-09 4.656339155367356008e-09 -5.711995822847550972e-10 1.213449250003115732e-10
8.808504334829182356e-20 1.031608135388330674e-09 1.993380181397277184e-09 4.348323371638459146e-09 3.787376503208770418e-09 5.384647167197806167e-09 9.123304851604322191e-09 8.479118963898644396e-09 1.062279386446425542e-08 6.152572359009522923e-09 2.115342276067820024e-09 6.201917496565140005e-09 7.499116687523190659e-10
3.686341642926903283e-17 2.027096276617081654e-09 4.049408660089089633e-09 3.110694942086313102e-09 2.227208574400228052e-09 5.722426770427023659e-09 8.269387793164499372e-09 1.181809858969444164e-08 3.430090237475665137e-09 6.923521514401191464e-09 4.588089499661119685e-09 9.405076158618226436e-10 -6.409038839335874501e-10
6.155866672813573331e-17 1.061126801166399781e-09 2.090276358525734048e-09 1.420331467042082499e-09 2.695854332676907429e-09 7.780270460947341871e-09 1.145674638709998419e-08 8.081811330966841541e-09 7.717200882249216973e-09 5.267221143706266741e-09 9.783385825201567346e-09 -2.408720117546311038e-09 -1.764197411358046735e-10
-1.277072962454398961e-17 6.264322191675922691e-10 3.462406711363523141e-09 3.265174156473892963e-09 4.940110527858490500e-09 9.086448949255015771e-09 8.604692363870368322e-09 8.983466541215941533e-09 7.303430531489257175e-09 5.243586358271975035e-09 3.602214995846840351e-09 9.836389782349764147e-10 4.111313174339129551e-09
-2.285738407564869618e-18 2.268675138970428897e-09 1.773037554100553453e-09 3.142138581796919548e-09 7.314263831756803647e-09 9.005935125533262787e-09 4.594269249464148538e-09 1.153080402659804178e-08 9.209584112846507845e-09 9.788162569362406609e-09 5.534871169387125730e-09 -7.314963015728726296e-10 -2.292281328445500359e-09
6.420523367385180178e-18 -1.740406458742045427e-10 1.723910422455550277e-09 3.717603439849284885e-09 8.398540975761929435e-09 4.766609725778699411e-09 7.089494972811261926e-09 2.700831465356764529e-09 5.969743730930777100e-09 8.602773353195116527e-09 8.262941844535115246e-09 4.757639290962414369e-09 8.313906001244487496e-10
-3.340861434036109921e-17 6.099384154449541375e-10 2.966843988512975193e-09 5.409479111515922813e-09 9.222238086623221847e-09 5.469093825344005144e-09 6.500650592023409744e-09 4.746577709825780352e-09 8.186019895076390413e-09 3.019362860249253223e-09 7.349008320115943426e-09 -1.566294686291122085e-09 2.197819540622139273e-09
1.814255816461587271e-17 1.802143999008336773e-09 6.608510024742521598e-10 2.086966785068070688e-09 3.589840024380531460e-10 7.239399952308740940e-09 1.200997764990210483e-08 7.966026267842132876e-09 4.140233415812217633e-09 6.471342748650939307e-09 6.055353489867131444e-09 3.538359941799693046e-09 1.542051314096062435e-09
-2.502948540357062067e-17 1.078255208151911132e-09 1.655490894934747644e-09 2.292144658585842495e-09 4.670846163324835630e-09 9.396700647266437145e-09 8.175634647528369500e-09 9.208316260705503367e-09 9.701420252498028646e-09 6.089401702518045946e-09 1.420546502802836512e-09 7.609273122957946968e-10 -2.571905274510966486e-09
1.331841016028037476e-17 4.910142842024441416e-10 1.411943610788527847e-09 5.837715026902611823e-09 5.504980198409585430e-09 5.727088272296409993e-09 3.856396902063174444e-09 6.288338303613102681e-09 7.755308501458168573e-09 5.722313306563667903e-09 9.470044579646492615e-10 1.988300040135697348e-09 2.627154463294504855e-09
5.798822676838084403e-17 8.876123397821079915e-10 3.337191050000024045e-09 6.365368670549962592e-09 6.571806782079431973e-09 5.690373250159627524e-09 9.658350404323731349e-09 6.822245985872680398e-09 1.065102829552452570e-08 9.720875613085308954e-09 6.684931744952917511e-09 1.602253621477895187e-09 -1.159327929344395102e-09
6.415468596348526832e-18 -7.586265903440027075e-11 2.582497389568700874e-09 3.648889905010369114e-10 5.158301241011746946e-09 7.965472187111396620e-09 4.127737300232984130e-09 6.164694875648259007e-09 1.382463965843039964e-08 9.397822320673720530e-09 8.854296667834616697e-09 3.869525154536510025e-09 2.170290790549120502e-09
-4.214164361609134111e-17 3.781357119678575245e-10 4.624832814090870988e-10 5.914375473218491402e-09 4.971014950084278235e-09 5.864892183564055519e-09 -4.739733515585348336e-10 7.230133903111752274e-09 7.842861648945944480e-09 6.854270832940893146e-10 -1.023766086452145452e-09 -8.849171037662445117e-10 1.153564978736756808e-09
4.120532152044284283e-19 2.501794347731207716e-10 1.047784249794923299e-09 4.038417806354207409e-09 4.586618246315347007e-09 6.025486188836236110e-09 5.477896553647684120e-09 1.022862744754670605e-08 5.888702696363201357e-09 4.491285384978473167e-09 3.904533581884212986e-09 3.978881000489984286e-10 -1.112698286400960860e-11
-3.845564496502369638e-18 6.768305719902122540e-10 2.525662552677360024e-09 2.420223791760711704e-09 1.394381927475319465e-09 8.224351234090522628e-09 1.032457439074908149e-08 1.357684985827990987e-08 1.348173669924520762e-08 6.398540859380831135e-09 3.854686391657625177e-09 3.996680047300721800e-09 -4.785003753974403855e-11
-7.086030797879022762e-18 2.527733939425774622e-09 1.498422014185165950e-09 1.749670347617917455e-09 5.432555482929003361e-09 7.529150737416096410e-09 4.356330783897377417e-09 9.929381660816844829e-09 9.415637088767529041e-09 1.022155635538126534e-08 7.999378966116924588e-09 2.025993539548523583e-09 -3.034226638339206308e-09
-2.016566451886639519e-18 1.152088769741954597e-09 4.046472766848142448e-10 4.288814381542448930e-09 7.772594808380488785e-09 7.132940215665089408e-09 9.659690064672210188e-09 5.932011633935895437e-09 1.048599058523977000e-08 7.252146814780402989e-09 5.481800064992177779e-09 1.248583564346416787e-09 1.181785243127696044e-09
-3.263652339071052351e-17 3.030266769994956271e-10 1.585491348026295657e-09 2.883182431867399766e-09 3.008762150428021839e-09 5.511676052523586724e-09 4.773615596601911590e-09 5.609456754799526061e-09 4.866696404776736268e-09 2.102051367513481737e-09 7.782041064834063671e-09 7.297953592336690599e-09 5.458841397063778871e-10
-4.518040250363803842e-17 3.249770111003166505e-10 3.129242536664442554e-09 6.080659124975824096e-09 5.283452905003574666e-09 8.774123806605597466e-09 9.958654334538963557e-09 1.025500636034863269e-08 9.912027717946044284e-09 4.264065372958136002e-09 4.768346746191102710e-09 -1.835154732519324547e-10 2.268957306163650264e-09
-6.956585603721244287e-18 4.107200739848100307e-09 3.095633805701578079e-09 1.780712578910745265e-09 3.863088076126396606e-09 1.094372963207953828e-09 1.122815998313251286e-08 1.510050514747243146e-08 5.586176909678114581e-09 3.413960038169712181e-09 4.519859816247458515e-09 4.465956004857956588e-09 1.541680060076196625e-09
7.379625324862686710e-19 1.286267517338505703e-09 1.086456194579128329e-09 1.478608097637685018e-09 1.945648200549911369e-09 8.243137129302931555e-09 4.953432908751323988e-09 3.715764350233642271e-09 3.024773601976561307e-09 6.948325759057774142e-09 5.341083384147237183e-09 -6.180254985255200327e-09 6.324821906324364540e-10
1.490999801583586443e-17 1.655556855666400658e-09 1.527130976854284140e-09 9.119283173464544692e-10 5.349943718721928882e-09 9.558367649068167002e-09 5.007006087598518715e-09 5.678608154441365072e-09 4.607171836194431361e-09 8.506808818563107482e-09 1.116716440462671015e-08 5.329506941244435071e-09 2.858709705161738392e-09
2.161895312296852087e-17 1.735617644105445323e-09 1.878561165410956453e-09 2.905270879991571887e-09 7.328194216693865678e-09 4.766208175471718834e-09 5.685909519978951764e-09 8.533327122053160644e-09 4.822166771077109916e-09 1.078275067768795237e-08 5.251600896840286505e-09 1.466962673435717393e-09 -6.946275817012755832e-10
-2.398091762511040980e-18 3.631791790643300264e-09 3.082260347259694324e-09 4.673417484936729826e-09 4.495308443384883387e-09 7.431820850417966865e-09 1.132698499686081943e-08 1.074173429291190671e-08 2.673091911911615997e-09 6.328727341597882225e-09 3.659143659273390084e-09 6.168056884417550261e-09 1.209742329209104947e-09
1.548471103146646411e-17 1.045877244327100299e-09 5.710006717010100546e-10 8.370382190175605516e-10 5.355090094536760319e-09 4.120601693057634153e-09 4.643122729270710785e-09 9.192627180351112298e-09 8.219164762387518787e-09 1.265458457795528737e-08 6.284664399862173766e-09 4.100754381524158447e-09 1.191606387798983264e-09
-6.677834172563719350e-18 1.934426959228880324e-09 1.608659807862076937e-09 3.436653036811167469e-10 3.023060819383761233e-09 4.575524116249517696e-09 8.108896474591916754e-09 4.046902475929504216e-09 7.439157109945434961e-09 4.284823751154199904e-09 4.423411544489355648e-09 -3.796317269901659408e-10 1.133112476991521068e-09
1.104944924969205936e-17 1.677136251057032293e-09 5.124828995441006115e-09 3.398939484166883055e-09 4.038839218736166792e-09 8.667138340040609154e-09 9.015867019464511159e-09 1.065110019465224862e-08 1.108869555739379589e-08 1.010922064250862696e-08 4.796063590258912647e-09 8.656703652779230930e-09 8.333315765943170545e-10
-3.638805954254779252e-18 3.154688672689504619e-09 2.358072735020594511e-09 5.754023394163249606e-09 5.848062760014206473e-09 2.875750891050796230e-09 4.467419024027864635e-09 1.023556379526046988e-08 9.409018643280818735e-09 8.549232611683236964e-09 7.519326331464440882e-09 3.492894250923512445e-09 9.746357293874839859e-10
-4.229373184276577426e-17 2.582964901010389281e-10 3.471011823122267081e-10 2.796077361422311371e-09 3.246360566529135055e-09 7.326046184287042082e-09 1.126715637703756493e-08 7.495843660989333041e-09 6.171150087184172476e-09 4.705963260688544931e-09 4.156922681353776301e-09 1.712871594439384825e-10 -1.461873428941738021e-09
5.500044031610911507e-18 3.942223610349933602e-09 3.299277801252259968e-09 5.230735145821880717e-09 3.808390817506230211e-09 6.499564600755826006e-09 6.878186550989165264e-09 1.045987334465696996e-08 2.786373830090647483e-09 3.899757185545435406e-09 7.984820756962758033e-09 1.590530910208955757e-09 1.879098431487778310e-09
3.466616027229600664e-19 1.850696926091538314e-09 1.343510539911742902e-09 1.601277892180387075e-09 7.285882693938117416e-09 7.099419834207187568e-09 8.886175263050004751e-09 8.360366876163997790e-09 1.355277899806212397e-08 4.610234373258881033e-09 3.040338461095199159e-09 2.845721936372742631e-09 9.504840431584938521e-10
-2.553004496749457648e-19 2.198885859184896025e-09 3.783627184302106750e-09 2.086238938407518769e-09 4.027926539890804363e-09 6.611222039514949804e-09 2.203452982985627683e-09 1.029066511329256919e-08 6.109685598442041366e-09 7.345182548826957026e-09 1.865640086219888380e-09 3.002047631697805142e-09 -2.747467712885142448e-09
4.950757669122099917e-19 -3.031922877026959248e-10 6.684359245512406244e-10 4.136303488544169475e-09 4.021695928263790643e-09 8.326660635084281748e-09 1.250444996209733547e-08 1.010381518640825919e-08 6.050744571967657560e-09 3.674162065464332102e-09 5.583363141943653964e-09 1.761969802592142922e-09 1.833343433443835762e-10
-1.440729522308270851e-17 3.029593802468673855e-09 3.004336418570228821e-09 3.788848052526660818e-09 4.451768331789778992e-09 9.177917800054924592e-09 1.587521288058227087e-08 1.245037482980112148e-08 4.756894280892208320e-09 3.365104642728832323e-09 -1.350993067844104675e-10 -1.282275032551959340e-09 2.501693353467432462e-09
-4.848088628813999035e-17 4.330499183291088980e-09 2.301002303770674413e-09 3.303801159620922464e-09 6.272003662150714282e-09 9.313260577956163526e-09 5.652918436397913846e-09 1.036146548469001556e-08 9.294053997848006307e-09 2.067281082066493752e-10 4.804845266295031390e-09 8.415763682376748141e-10 -1.862670170438867160e-09
6.074538558878417839e-17 3.008531857884080952e-10 2.498661181330878616e-09 4.583060187584359549e-09 5.209041244814757347e-10 6.344640889310492596e-09 4.177968631650933073e-09 9.484464342901391461e-09 1.226889889744461881e-08 5.751623491311150002e-09 9.184568214001852184e-10 -2.329648925694467944e-09 1.139108976348599384e-09
-6.071055165103464114e-18 1.377294186218658145e-09 1.171616367033733729e-09 2.665406661013255110e-09 3.688067314770958440e-09 8.890865463796447131e-09 7.644707154261313655e-09 1.043036498778508541e-08 1.205244844097675075e-08 5.628042565842685375e-09 3.710595392350333545e-09 3.778882731701410891e-09 2.964478607192098492e-09
1.703567196764638682e-17 1.772950649340753352e-09 1.863131124654721478e-09 3.355560422019873468e-09 7.673521753371035959e-09 1.158817009906534602e-08 4.630831211979899020e-09 5.175125747054383767e-09 1.382601725074216190e-08 5.759596928190650789e-09 5.014371456536513933e-09 5.348379964481071800e-09 -1.562626088829522646e-09
1.409997504387595240e-17 8.198596652772809260e-10 7.801367589336923267e-10 4.507901904999793021e-09 4.772564906102259671e-09 5.223144206275230678e-09 8.703540178022160583e-09 1.066940374827228103e-08 5.640338601108162237e-09 4.719206520638319654e-09 8.685092588091073527e-09 3.638186523420089533e-09 -8.580115558668624485e-10
9.470240492593608510e-18 9.525937082842064483e-10 2.384189721529191643e-09 4.208172910020732345e-09 7.297150530133996908e-09 6.235101032970345551e-09 1.893766670283630740e-09 1.131620209503631591e-08 1.667047145619974503e-09 2.752017728078179225e-09 1.055687077958190396e-09 7.139088333765397089e-10 -2.916733723964661523e-09
1.320858149968274670e-17 5.173962620274334115e-10 4.288718600754560794e-09 4.191881499793689437e-09 5.038169641192240060e-09 3.478904936348296760e-09 1.620760916553938952e-09 4.653259824208326181e-09 3.587681049076706052e-09 1.597648533558829221e-09 8.040383450005449636e-09 5.583126518243133457e-09 1.308443278017803124e-09
5.067321320689320371e-17 3.649340255719349071e-09 2.862999961847507863e-09 2.288048869287176182e-09 6.310514265988574130e-09 1.080818524700592901e-08 1.134193770972020921e-08 9.511866108527206154e-09 1.202367503863881869e-08 5.982256034017950700e-09 4.069082875271582690e-09 2.024603971387771845e-10 -1.563194774365600786e-09
5.846163404925058368e-18 -2.588803477170498524e-10 -2.970390030517235154e-10 4.654020441611691856e-09 9.420179141722472443e-09 4.126516052898328284e-09 1.022998780018025989e-08 6.380251307788316335e-09 9.266197172368316239e-09 6.934976244907041955e-09 9.076060540057558652e-09 4.012532048871061243e-09 3.496296644143786443e-09
-3.882056781930681028e-19 1.061544235220256052e-09 1.202945842885516319e-09 6.280740324452583106e-09 3.891908724640306778e-09 4.444973744823106020e-09 4.183394822166297445e-09 6.945223215908488415e-09 8.546906908431945451e-09 4.159313593437029174e-09 3.615284239497519435e-09 3.785899902390006336e-09 3.847766442798757437e-09
-1.867459834451651625e-18 -1.615107851238263275e-10 1.007806629179784184e-09 9.313033263456886515e-10 7.116764324054381882e-09 4.586941564255201743e-09 8.254363564635544718e-09 1.072945761382493753e-08 6.873161663906256037e-09 1.666836239541729415e-08 4.703258849565078976e-09 3.782573928378263636e-09 1.471586889726637367e-09
4.848505859480163395e-17 4.967179614583711478e-10 2.990465056507098167e-09 5.508733565203245639e-09 5.356209762523258025e-09 1.638669869669951759e-09 6.319128109961002086e-09 5.444691825418044576e-09 6.778890742973658814e-09 5.506739676103637867e-09 4.653310143187972419e-09 2.995310957682454712e-11 -1.802444716586450987e-12
2.634530994719169972e-17 -6.418702135701300134e-10 4.008102287535664253e-09 2.419761892732231608e-09 2.435864839408658873e-09 8.550679906013486065e-09 9.537541250999460118e-09 8.928146523035318407e-09 7.555864225391329331e-09 1.300348438236335254e-08 4.197545176414789825e-09 -6.338540754918680562e-10 2.197841625163687497e-09
2.374288585796240248e-17 9.734449371567039656e-11 1.388538351004594658e-09 7.215895983945836140e-09 5.052687297052205630e-09 6.260863304356532859e-09 2.940183537767896674e-09 4.283789659567029147e-09 9.357380039998974684e-09 2.648513653334544044e-09 2.669813815124496930e-09 3.494243091982923191e-09 1.256238588411933911e-09
1.706962688503433714e-17 1.928956799074235370e-10 3.642266533945886572e-09 3.483588452843220651e-09 4.345100737945702953e-09 7.479522610247141385e-09 9.452481305876427159e-09 1.413731149386201826e-08 1.399389819192448226e-08 6.843951345657210943e-09 1.015200606018360329e-09 -3.239904003247528438e-09 -2.177588714561587956e-09
-1.059244049062680271e-17 1.245922304884896790e-09 1.041872100090664877e-09 3.191775685889316791e-10 5.240034430502970309e-09 8.596164343448878400e-09 6.481617930002773413e-09 9.003624382600173234e-09 6.781161444209915859e-09 9.013165657709598003e-09 1.075878687514018236e-08 8.192444846546789142e-09 2.525671612213558855e-09
1.028404518928465174e-17 2.061039896046306750e-09 3.677798190291250975e-09 2.131240772868821278e-09 2.171440163438371833e-09 4.983370673989426969e-09 5.761930769391317174e-09 5.180687617429858403e-09 8.343260521743257326e-09 8.048574524254412737e-09 2.345537719102743050e-09 1.232272593980086104e-09 1.314738226173307933e-09
-1.513949468208915954e-17 1.104158952410405873e-09 3.245208985834390455e-09 1.802284457349364991e-09 4.873285617516678650e-09 5.116690928293201154e-09 7.461251136370089695e-09 9.043408336125493402e-09 1.061773490693308152e-08 3.874620588866222358e-09 1.212714503747191072e-09 -2.184897142221159289e-09 -8.386432930619538565e-11
1.412522386149320741e-17 1.177269407260263523e-09 2.566313034921867805e-09 3.759532767387586482e-09 2.161317757473547308e-09 7.635444393575329136e-09 6.577311433997176879e-09 1.138239676594844639e-08 1.034012730609863837e-08 3.877284582598514075e-09 6.465035639789501824e-09 2.782996067268466473e-09 2.234577854545079624e-10
-5.282083098580718904e-19 2.215891031852831761e-09 4.830939196564551847e-09 1.253930261347599383e-09 5.061858996562240501e-09 7.381691349503247013e-09 6.626460180463092788e-09 1.667116944968067795e-08 3.754147221667736250e-09 7.216300241544673584e-09 2.560577683910577272e-09 2.302478486002928231e-09 3.627719104584744170e-09
3.717118248726197169e-17 3.270443823889010109e-09 2.661467258060994870e-09 2.577142702181406887e-09 4.137548833928927590e-09 5.321302301575782921e-09 3.736637935438404521e-09 1.246814066652938528e-08 1.169855087783827647e-08 5.480725925957600834e-09 8.115545726107962980e-09 9.638463024881406661e-10 -1.546428527862080436e-09
-5.968313763161703437e-17 4.760594193354146711e-10 8.886401239697786858e-10 7.984622071311616454e-09 8.941954585205567384e-09 5.468456950095161974e-09 7.723753873331407054e-09 5.344532705262093732e-09 4.202715012324352335e-09 7.325956568653754065e-09 5.105462367752518716e-09 3.654078596101366901e-09 1.951474492609057548e-09
-1.184473915101718289e-17 3.329261772695923441e-10 9.141992037047666635e-10 5.669778362787472207e-11 4.440394162545958662e-09 3.598110359608631950e-09 5.279030112195311695e-09 8.585702128216092791e-09 6.927557636744030832e-09 4.542710832084585821e-09 6.688642684150525258e-09 4.983579188976169791e-09 5.612135973047615090e-10
6.320810797916641720e-18 1.152808602275769329e-09 3.665354478575949913e-09 5.701858333435067878e-09 2.852662270181583444e-09 1.192972537249166009e-09 2.507044493375580154e-09 5.362720175267887735e-09 4.456537720991089941e-09 -6.456582920289073186e-10 2.869512949897813063e-09 6.016448904677975924e-09 1.671348671571798563e-09
1.399155978072036791e-17 2.215936880817542572e-09 2.593354991647474990e-09 2.794659467395761491e-09 5.314222826048696219e-09 5.028964450129395185e-09 2.306814678602217361e-09 2.861315025647137583e-09 8.843072871923691969e-09 1.183742425374123117e-08 7.179833174596845186e-09 1.934272703554789464e-09 8.756927206798957495e-10
-5.883035806414424603e-17 3.771979080451369375e-09 3.076709408391967792e-09 6.986426106336698801e-09 3.301366805016001685e-09 4.106853820113089855e-09 7.880863831954626462e-09 8.896537561394466719e-09 8.844286684599458765e-09 1.402940647613813886e-08 5.234347096129825948e-09 -1.919272481954642279e-09 -1.885058700014374850e-09
9.819640252672460227e-20 -9.165721316154691020e-11 3.546503810683724664e-09 5.728945992121476606e-09 7.264396870553016741e-09 6.611807488437152172e-09 7.636768511532072153e-09 1.013398354295549218e-08 7.486504111427235683e-09 5.109895612693818294e-09 -1.209723704773618552e-09 2.387297892555570911e-09 1.085991903190030589e-09
6.402497238947064761e-18 2.464170887265789450e-09 4.022971260516910587e-09 5.125623967449002734e-09 3.928515944616129079e-09 3.836108747350200026e-09 6.455453675776093947e-09 8.116083036231127579e-09 1.194597413345692948e-08 1.547237949765029517e-09 6.059008484642184332e-09 5.572947967119351093e-09 1.173938564489366207e-09
-4.456291683076434781e-18 5.555749350481474299e-09 5.349894335082495132e-09 1.874609412233291763e-09 5.061396896484773316e-09 6.465856909812386680e-09 6.222588389567313587e-09 9.834722169786271087e-09 9.246757962575222975e-09 8.609592071251951259e-09 4.394951157323712347e-09 3.697491478135719975e-09 1.469639525309387632e-09
-2.313865476549451791e-17 1.402258556633593563e-09 3.423349736480616828e-09 4.530944199678209127e-09 5.547978322667327913e-09 4.218184881518668688e-09 6.774575306296695422e-09 4.126149739512513456e-09 1.143250791515671947e-09 5.370844045159600117e-09 3.040903999706094609e-09 -1.062866201795447735e-09 -1.306376713401592103e-09
-5.323499969830932408e-19 7.509146811172211628e-10 -2.260056272632887383e-10 1.698052587246527812e-09 7.392465054623322016e-09 6.341440995877238647e-09 9.394867323119257866e-09 8.067507660583968738e-09 9.553173724539262833e-09 1.062636702862468587e-08 7.742472870773479848e-09 2.054328866739904613e-09 1.729529337347443823e-09
7.694608555119975144e-18 5.689439442211723316e-10 1.572409877453795008e-09 5.649418507048444108e-09 1.275538468588691995e-08 6.188739682854016402e-09 1.152390400250877957e-08 7.078904454294018017e-09 7.030727464537363835e-10 3.559315048556375591e-09 6.229233995728614718e-09 5.618196229574631732e-09 3.890753083593036008e-10
1.665448797222951379e-17 1.474347485498310605e-09 1.946129180669511144e-09 4.303294901946687108e-09 5.053177470536628271e-09 4.144897906560648797e-09 9.718006012473003511e-09 1.004780127828716693e-08 1.160738628287782623e-08 6.328120449392883345e-09 -1.479717313647831496e-09 8.466949519181613082e-09 2.015606829802973823e-09
-2.167028154572601186e-18 1.786988274859814927e-09 1.860065954773649306e-09 3.803512436667822784e-09 7.744714210740937692e-09 3.838048227742235510e-09 9.007429243580684249e-09 9.047049254206352245e-09 5.421022263198624398e-09 5.703862187585152312e-09 6.993183999541144790e-09 -8.370791040671411834e-10 1.169365457692831254e-09
2.134617511625887469e-17 1.258995501346057681e-09 2.491829818653965480e-09 3.041644712641700078e-09 5.159930180931523617e-09 6.733466806110578944e-09 4.735512588014279813e-09 6.469714252720829572e-09 6.653961806848352989e-09 2.134607355687679744e-09 4.213256156883416554e-09 1.820989758613581498e-09 -1.830302109840906355e-09
-4.455911530230514298e-18 4.662034475128293706e-10 2.428618573071190790e-09 3.262613422079140081e-09 2.817334448512181253e-09 5.960992285257463950e-09 8.834846911643996689e-09 8.321184460388078834e-09 6.917914376908066512e-09 5.299787678679497102e-09 2.943178882138279812e-09 2.519581414317466699e-09 4.530717123634155814e-09
5.066633497135370534e-18 2.025584695081226113e-09 3.021886257981322875e-09 3.548758997482639327e-09 2.419134422956771929e-09 4.970018534798675360e-09 5.240066848459062514e-09 7.116383055152243676e-09 7.901592092321003671e-09 5.241856057240436303e-09 -9.664755051049401551e-11 2.308803168600572931e-09 2.591119234826083670e-09
1.073431333279163459e-17 2.727607541132185322e-09 5.406980332850695068e-09 5.914162005972370160e-09 2.792735033690469614e-09 1.627856991199491952e-09 6.154907462980395082e-09 1.366229324869632714e-08 5.279685057477149084e-09 5.427521913746796804e-09 7.642398942930876923e-09 2.986642816747936616e-09 4.375981451180232430e-10
6.040791854400406014e-18 1.315470409793002988e-09 3.549104928952915403e-09 2.836967544038958506e-09 1.009122463293667891e-08 7.781052746410313843e-09 9.609671492453501435e-09 9.036019954114759884e-09 8.548612272970068392e-09 8.933876585045737043e-09 4.180178251492772106e-09 5.420795336592775703e-09 2.366576965318173714e-12
1.043287439402215715e-18 4.042792848724444827e-09 6.729982003270283961e-09 2.420861602758233697e-09 3.966980713365928136e-09 5.304809462113266636e-09 6.219865334483599364e-09 8.943832956882931236e-09 5.603039977885197406e-09 7.750483026228237718e-10 1.633269353831865059e-09 -5.990996255697306698e-09 -3.047036630381053608e-10
-6.600588986163486734e-19 -7.139405909821187372e-10 1.072902579959660394e-10 2.788858641022894818e-09 3.507811340237911497e-09 1.465563710945649872e-09 5.341587392499956649e-09 1.155655592583133967e-08 1.206749031423527599e-08 8.683065010378502735e-09 5.795017875365364288e-09 5.512565691806776854e-09 1.795831230095831036e-09
3.438626940304624395e-19 1.433821020031475165e-09 4.076874450387900121e-09 5.762003339577987492e-09 7.143549942333903280e-09 5.617202754293628257e-09 6.027559981454416090e-09 7.776376908934163378e-09 7.379164575865267517e-09 3.508783532476944951e-09 4.126028673385392724e-09 -3.917967793810161038e-10 -1.206847064149739890e-09
1.217091769008392566e-17 1.323604946112354090e-09 2.089923969238708728e-09 7.965713331450854049e-09 6.733201930762954988e-09 5.291212105088508057e-09 1.119772339749115451e-08 8.889429094555247920e-09 9.696516032929832193e-09 1.113389816809856003e-08 4.720723898928885699e-09 7.617636840803361282e-09 -5.949484646410900388e-11
-4.276058580590912302e-17 2.517855846627905330e-09 2.999695743309210423e-09 4.862613188611356864e-09 7.818266758650867357e-09 8.778203077444067962e-09 8.071207285473211096e-09 4.941613708570117853e-09 5.379706762228275540e-09 6.744156456611870644e-09 4.293222502630240538e-09 7.018425033723160944e-10 1.434685408814651796e-09
5.969107593372009845e-18 -1.334948132414563752e-09 -2.253079202569763331e-10 5.116355517773875612e-09 5.964034576035651986e-09 7.149752700775287518e-09 9.250706876320711343e-09 5.775101438295149166e-09 9.608323405423420868e-09 7.709531818063846663e-09 5.524083813953319103e-09 -5.228628387491632726e-09 2.057526808612034859e-09
-1.290441937855229309e-17 2.643741099793814636e-09 3.266315948835191040e-09 3.845932978017209828e-09 7.045069033582585793e-09 8.795584920718553120e-09 8.055020281644860405e-09 1.454207064165371186e-08 1.673802460961888163e-08 6.387815464623045868e-09 5.019441123275948741e-10 4.888468060698033541e-09 7.006317559710697659e-10
8.555934303517278970e-17 7.443512390463057951e-10 4.072191252598287382e-09 6.285039126344396148e-09 5.720279304913085368e-09 7.578141799146805186e-09 8.252776723778723973e-09 8.324697232704848212e-09 8.905214253433003661e-09 8.029031957949329490e-09 5.323282342880444649e-09 -1.490315757304903094e-09 1.365513745939520019e-09
-3.381969409651242811e-17 -2.209082858001402867e-10 9.285169049048060707e-10 4.472309530495529175e-09 4.565044792837592036e-09 6.388696817936146293e-09 7.746241359164486557e-09 9.588823113770302860e-09 5.474595302105987206e-09 8.209653831071090096e-09 4.042629684409437576e-09 1.693362729944634521e-09 8.722653147593048589e-10
3.511083420574369552e-18 -6.635834662521651002e-11 1.426617461998427661e-09 6.973195921534288404e-09 6.030858250396250798e-09 4.892371647103968959e-09 9.185415122320637511e-09 6.294565161940862320e-09 5.532702226419981685e-09 6.541691244446042979e-09 -1.434084877293011016e-09 -3.378961309697358113e-09 9.909085528880221094e-10
2.555254342713924308e-19 5.213261978878336242e-10 1.938571509992528659e-09 2.273972734905409043e-09 5.620677964386841623e-09 8.640463406311689591e-09 7.840914204388512091e-09 8.562354292950457076e-09 8.240253312448554717e-09 4.387776536695890956e-09 9.927399436332357112e-10 2.912513940652791584e-09 2.760049963263288340e-09
2.704844854583938244e-17 5.611414411335075053e-10 7.731277730274563190e-10 4.985873265173955913e-09 7.649587283395844556e-09 8.197540660452512305e-09 1.124232879872724658e-08 1.342422912464672502e-08 9.082076559735413161e-09 6.866208444001504918e-09 6.455542289838227345e-09 4.567169296828626591e-09 5.276223032773970097e-10
-3.309824884050845732e-17 9.309491235507810207e-10 1.588525283939400062e-09 3.344675025622644221e-09 6.015255185664599219e-09 6.045393607189402509e-09 1.308335629346131578e-08 4.107168501186638494e-09 8.034248152318269487e-09 5.021835982561383359e-09 4.495565997225574170e-09 1.021199061915327216e-08 3.617120255188797372e-09
-5.846357215094436273e-19 -3.254157360943630257e-10 2.248919972105149219e-09 4.522449012123773573e-09 5.607850285548748469e-09 5.548423136651441032e-09 3.608333157898752487e-09 8.013054297246042232e-09 7.809566380436984166e-09 8.543842175888415975e-09 2.470648486049105020e-09 2.644558786967899571e-09 -1.515587393592153706e-09
-5.147983752694329646e-17 1.520397136772132925e-09 8.640832202692097053e-10 2.325968563338048669e-09 7.749464689675227222e-09 7.313766811868074215e-09 8.586731181539351754e-09 1.249925215053904723e-08 9.971236050361711578e-09 2.607982118607347406e-09 4.425836217843567239e-09 1.432992679444253719e-09 -2.949490852790144394e-10
-9.002044522666392176e-18 5.280045275307880681e-10 3.329784771963607664e-09 5.060350905412717221e-09 6.792150724270053832e-09 7.984922963381149682e-09 9.468540206763429996e-09 1.111980057087572067e-08 1.249186174468980328e-08 9.337846342995539256e-09 2.820979346672492394e-09 3.496144528117761685e-09 1.454291487463290560e-09
-1.192867160975945741e-17 4.119044579653052748e-11 1.231246490636205641e-09 2.933928753611667046e-09 4.791333019701997894e-09 8.064683289894130688e-09 2.781460409796625647e-09 1.062341705686415979e-08 7.002777811076784897e-09 4.676009762338427631e-09 9.926177458885208688e-09 -3.657504154984305732e-09 2.373281032122433509e-09
6.857499467837111524e-17 2.203089699316192118e-09 1.393861149950802955e-09 7.423705116188623854e-09 2.227439559515328014e-09 2.542203053277662139e-09 1.145410416267123782e-08 8.645674371084380237e-09 9.149989927009199927e-09 1.807213417660181438e-09 3.858485622496373507e-09 -1.552411342884062856e-10 -1.478472894146287916e-09
-3.548027631652629672e-17 1.592318981202238099e-09 1.376405664579330713e-09 4.890354532057760965e-09 2.824611564541684112e-09 3.981382668377257196e-09 1.543829032387975152e-09 1.132433939693976262e-08 7.045531992059198039e-09 4.736026235002098258e-09 9.828357151465591666e-10 2.852082590556414720e-09 3.733060988709090351e-09
4.132052146678107334e-19 -6.228300756817760717e-11 6.648285949579566795e-09 5.341178748420483287e-09 5.619539299905962384e-09 8.048829556980224055e-09 3.664172246370809652e-09 1.033176434141564827e-08 1.232586828473357781e-08 6.255476739447925956e-09 9.286372704007234383e-09 4.464987183208931956e-10 -2.017984592042859079e-09
-1.483860584526687546e-17 3.850242265230544534e-10 1.961961285095387523e-09 2.895747865905692415e-09 6.359647535951649721e-09 5.307010337280896154e-09 8.088879160742183534e-09 8.056505816284367469e-09 4.037487432309867337e-09 1.298747838561998185e-09 2.046596796769080668e-09 1.963630393694070330e-10 5.460162165154370017e-10
-1.562672722214713605e-17 2.000134403106358044e-09 2.525635051118993855e-09 4.308821540481205963e-09 4.555750687125690145e-09 5.983603845770256898e-09 1.170427880754347159e-08 1.543207501956521119e-09 3.488960830723980413e-09 2.803202879024138228e-09 1.236781439605062562e-09 9.380405068448545869e-10 -6.861105320633553074e-10
5.030407049651849341e-18 9.583180911983094907e-10 1.976223291712822629e-09 4.032947180769851688e-09 1.484057035641934618e-09 5.305445997735719717e-09 6.337250327292705510e-09 1.079137004708454914e-08 8.684645966538153006e-09 8.325739882016087016e-09 8.216149820816971787e-10 6.099683953272063657e-09 3.731318854139482728e-10
-3.603896165748183568e-18 -5.426969321607504128e-10 4.810219944792152078e-10 3.475931111171964994e-09 4.895482303437497146e-09 6.490729596363177040e-09 8.475448382160753699e-09 1.934072907314042041e-09 6.141587808306706331e-09 9.893517609898565196e-09 7.668046435533053123e-09 -2.927369435658327055e-09 2.289169584264446575e-09
5.144661813629453450e-18 8.005703004967948012e-10 4.854547269335730531e-09 6.781452918782485850e-09 7.479798557702263438e-09 3.990128568598015501e-09 8.229573547761184843e-09 7.205977045508268093e-09 7.925932314966550286e-09 6.293919264875851408e-09 7.518403107191982392e-09 7.118950405456095555e-09 1.682644289372720119e-10
2.201379478153959708e-17 1.064918361923462738e-09 -2.115233055887640491e-10 3.865592553476526453e-09 5.823667745042430019e-09 8.578185120575970724e-09 1.116141888881292916e-08 2.392187794543801194e-09 8.317979637077215108e-09 9.807859083359374977e-09 5.407968249489810870e-09 1.083189263149552708e-09 -2.630096372163394119e-09
7.018290240812731373e-18 1.458250597238558844e-09 1.119611645268949516e-09 1.603459711696858780e-09 5.224017546017346170e-09 8.138381173333378444e-09 1.081880580990593958e-08 9.498834845855144217e-09 1.085712565923802461e-08 1.110601749742365262e-08 5.350252535608855004e-09 3.509240811510918451e-09 -4.464254461287627061e-10
-1.180626945153079168e-17 1.339606022746733401e-09 1.280328812146736696e-09 8.519233569769000443e-09 3.599262505820711367e-09 6.183532241434439644e-09 4.607121461848053837e-09 8.396672946816858278e-09 3.973293039716924251e-09 4.381701965192284587e-09 3.868976927714842613e-09 -2.121714367447291610e-09 7.847259454581193443e-11
7.715528460471683264e-18 8.451286379420354308e-10 6.648434901862928070e-09 1.531402665752748716e-09 1.459888637295153882e-09 7.081365797972384097e-09 9.521343915607108270e-09 8.887210817409162265e-09 1.792615964549753056e-09 4.447386246080516262e-09 6.333928025344717239e-09 -9.238133082559426161e-11 -1.536544388128303959e-09
9.627427498954729792e-18 3.490800356660403377e-09 2.730970970001259495e-09 2.831152319555998900e-09 3.130627628060552179e-09 7.430148662832310524e-09 4.456484689520114793e-09 1.972211011227415992e-09 1.109748249113908245e-08 3.974105564327900897e-09 4.482105291208098786e-09 7.260805596654207985e-09 -1.553538335754073480e-09
-5.524177230888204619e-18 1.327471510862839824e-09 1.703082549610968750e-09 1.589984568780666721e-09 4.299148921267337617e-09 5.297463930649686221e-09 8.250657804775036410e-09 9.491786182141163529e-09 1.517352974480842148e-08 9.249021825673832638e-09 1.047310517871779030e-08 -1.584307921246708339e-09 1.727068232837313343e-09
9.134694257291302417e-17 3.380778273814943677e-09 3.696971289924083495e-09 4.016654896458605386e-09 6.893737064036631414e-09 8.671563297802811015e-09 1.245239415426968001e-08 6.357262597759490763e-09 8.822753529166403120e-09 9.042703278918048318e-10 6.725354743350858788e-09 -5.123153829075268671e-09 -1.249213906589195518e-09
2.253184026325552538e-17 2.030160062169064235e-10 9.917959371034361470e-10 3.230792634459282807e-09 5.001167222568104253e-09 7.218952556636893324e-09 2.789408519622018383e-09 6.127118897620174798e-09 6.999266653487468046e-09 4.487408779777510604e-09 5.671556193882198902e-09 2.722401315580949410e-09 -8.842707241340192517e-10
-1.817025020602559088e-17 1.334314631352018713e-09 2.104494501647030984e-09 2.625147911216865992e-09 3.606463130094165060e-09 1.168106890239017739e-08 8.712560096962373155e-09 4.615709725776923903e-09 7.414672408906663459e-09 5.052181975426412464e-09 -2.979151022506933377e-10 5.604033595757750506e-09 1.656083926462422797e-09
1.845494230712979219e-17 1.231761341279346970e-09 1.620848915377097856e-09 2.872165736555462833e-09 4.782458323136095241e-09 2.556499332581569610e-09 1.079608594985546305e-08 6.388716756004064872e-09 8.071181944373592788e-09 8.438278411801988244e-09 9.193690784477623453e-09 5.621037997267823308e-09 5.784282829291341546e-10
2.423113575347264826e-19 -5.849688923478820808e-10 1.892371820899361625e-09 3.530456795888206399e-09 1.118694170027566038e-08 4.874127366269313766e-09 3.092380092408389928e-09 7.252872471383088211e-09 6.544466984935290441e-09 1.219775019403876497e-08 3.891305551162427511e-09 2.589024861713357357e-09 -1.360224443397249813e-09
1.565987919360616649e-17 3.447358011775388503e-09 5.454777483688945531e-09 4.076136790158277204e-09 1.120037742267015911e-08 9.005533452571658912e-09 6.244540718353550270e-09 3.535736437927099753e-09 3.502307294440381009e-09 7.686203596531906832e-09 5.715444470162022474e-09 2.393769358666466710e-09 -3.532724724131999714e-10
2.418688021281163740e-17 1.486277905650331811e-10 4.233625522040244588e-09 3.027120895866361410e-09 3.219921527580106872e-09 6.953711286915063538e-09 1.285357554888449567e-08 5.962371369417745561e-09 6.624231082800404080e-09 1.195814634516543846e-09 4.433195199134607856e-09 6.636639686981676273e-09 1.781794591087665248e-09
-1.388448910808500938e-19 2.029595922542889816e-09 4.985535973845651764e-09 7.858931505851850298e-09 9.146087680536232866e-09 6.720423637111860348e-09 7.929834635796450206e-09 7.742446587157729025e-09 5.447547189256921286e-09 6.836210240970292108e-09 6.890271337709941998e-09 1.805678150237890261e-09 -9.552570876812844582e-10
-3.585550479808453305e-18 3.453086385930175807e-09 2.238918079455310342e-09 4.628456847252405536e-10 6.883559378924042634e-09 4.860074732869713223e-09 3.885207774621978648e-09 9.776042454751358978e-09 5.803318363947465848e-09 1.240649143342630389e-09 5.158754407813469021e-09 5.394983971314161712e-09 -3.044696111767082660e-10
-4.790557373731198472e-18 9.015862216445211885e-10 1.495585488587110551e-09 2.202868582946944407e-09 5.484490293450823600e-09 6.415632965942101204e-09 8.392701628921900562e-09 4.268676673129485689e-09 8.226042396534539023e-09 9.656667681030137973e-09 3.308283242329671926e-09 4.680802855085371458e-09 -9.064872709931837445e-10
-1.558835770315025921e-17 -4.938178676208952970e-11 1.543588117751446964e-09 3.095741144883099874e-09 7.047075798628122126e-09 6.642565844563794726e-09 1.041422189582961284e-08 9.390396124349074374e-09 6.956047806899918710e-09 3.579677655432382801e-10 1.919935602308830800e-09 2.980588055629156120e-09 2.526572331352333731e-09
1.456131200699797855e-18 -2.375412254409386138e-11 3.331213468352257530e-09 4.456913004945446730e-09 1.170025358573030881e-09 6.352825816098090888e-10 5.155329993043869122e-09 1.332312688557110179e-08 1.019627753504336262e-08 1.133263382157323470e-09 3.225698988210057240e-09 1.113522340938713049e-10 2.442048873002991523e-09
8.746288086569255914e-18 1.374731941441747297e-09 4.685960362855924785e-09 6.464632410719248041e-09 8.870323258459409689e-09 9.648788227872611309e-09 8.077191191757552035e-09 9.918990331417985175e-09 1.186553413088729686e-08 6.555252500134125737e-09 8.875819730090094341e-09 2.607726094919790494e-09 2.437577774044379215e-09
-1.269402492505353066e-17 -1.053419786913415030e-10 8.200204310796464545e-11 2.006892813039631695e-09 2.982606141103348169e-09 3.289545139827387197e-09 8.746210700548035640e-09 6.634340612924928940e-09 7.695337199929410431e-09 5.568920692518029405e-09 3.949992266938746316e-09 2.714573163725583511e-09 1.247287987472770994e-09
4.898472597989858136e-18 -1.150962381481028613e-11 5.150776036440233208e-10 9.051496716764749685e-10 2.660675760081175463e-09 8.111481213586244861e-09 1.177021595496834193e-08 4.386301819008820369e-09 1.085434929719314420e-08 3.474293228635043752e-09 -2.539747987473971544e-09 -1.271309952568809198e-09 -1.212031689920364719e-09
-1.021890545987214459e-16 -5.115628994229050856e-11 5.720826001932004966e-10 3.509818546025125156e-09 7.702726013027273982e-09 9.241038859575096818e-09 6.157614818179327251e-09 8.122939068400661451e-09 4.445558652537083381e-09 7.231683564169711309e-09 3.647599190746964367e-09 5.201175060161208341e-09 -1.458429167911407544e-10
-7.464670211322905862e-18 1.229185272982748555e-09 3.502762845612844226e-09 3.510976546237041599e-09 5.279677468519038383e-09 7.230449804891705769e-09 7.731490661494217186e-09 7.682127121944165002e-09 7.672375287495176169e-09 4.529490393295011642e-09 3.718913182608663816e-09 5.184037250388990545e-09 3.222503177650510193e-09
-3.536116401463589209e-17 7.308340502998206828e-11 1.405020146749513360e-09 2.012944173559159699e-09 1.899991013924266342e-09 6.609979056649256680e-09 7.904176310704854453e-09 1.169492687417938317e-08 1.019667042903320180e-08 1.503144027713353913e-09 1.238995335913438608e-10 -3.673434077052732501e-09 -1.164426724946259596e-09
1.397612964491205748e-17 8.760125133806411218e-10 1.373212423179905079e-09 3.344939071989295779e-09 4.623560199797200303e-09 4.883479563231000848e-09 7.516709746268149553e-09 3.136334845238867053e-09 9.152711763479739465e-09 5.532719724456090090e-09 3.354312351999316732e-09 3.009264416680278375e-09 -1.341058458453309861e-09
9.797102434551042486e-17 3.040690592156948011e-09 2.085452189690942271e-09 3.043875106834415334e-09 4.526872835272532868e-09 4.628208292871365300e-09 8.829325804979609561e-09 1.248078601971744206e-08 6.096435736624538693e-09 2.994585499252109104e-09 3.478882410446489831e-09 4.205494929737305182e-09 -1.192761219778564350e-09
1.342237447243645084e-17 1.026726826810389255e-09 4.603903885954192161e-09 3.117158821429473702e-09 7.451905568766506285e-09 7.626626899304875052e-09 3.410909697501314502e-09 9.279348145185454020e-09 1.042752561359431644e-08 4.602578465450277554e-09 6.648882986373372788e-09 2.602088430957194269e-09 1.977472410423636807e-09
2.521849388611731119e-17 2.604705510307481903e-09 4.467500973737015177e-09 1.184700147512886666e-08 6.709555901260297423e-09 5.670588149708426473e-09 5.339415082377260994e-09 1.039641703822896579e-08 8.451416740122226394e-09 6.349908018979365743e-09 5.572339200694233627e-09 2.875433802313616560e-09 -2.719616484561690765e-09
1.600937177827589026e-17 3.163834786173614439e-10 -4.549379383449111222e-10 3.028428093940187607e-09 5.095886497626090892e-09 4.244470387942208114e-09 5.047103173706088365e-09 1.024888999934518827e-08 9.819456841978067924e-09 8.331810894433434171e-09 -1.896976218858029512e-09 -3.658624658583752334e-10 7.629566311103890573e-10
-7.064487051799776187e-18 3.144206691785369348e-10 1.196573217879250572e-09 4.676317143255397752e-09 7.555166494715726021e-09 6.311236000468924740e-09 5.541397671246521969e-09 5.869135846537780726e-09 7.618205652583653313e-09 9.113079832826491452e-09 3.694671349085227617e-09 4.474612811929668466e-09 6.642529752201736350e-10
-1.342600360418840643e-17 1.135479802486339930e-09 -7.689287048685394647e-10 8.161630952143237751e-09 4.496613820938099229e-09 5.120732220377783644e-09 8.325411810946314986e-09 9.359011208506970157e-09 3.769717623145569173e-09 2.085252043207669930e-09 4.053462571405998440e-09 5.234902167951047293e-09 3.684548786015448910e-09
3.335342509178995150e-18 1.083110669148892032e-09 3.508163330479567636e-09 2.533004246168158967e-09 8.164880658577695692e-09 2.617773577808507361e-09 4.539846871638790489e-09 1.175671513344835088e-08 8.450020608824430117e-09 6.561469935631468343e-09 3.317620746969707575e-09 -1.134888999719780044e-09 -4.775910814361375946e-10
1.043170995198239170e-18 1.947573606300071867e-09 1.234627861575531829e-09 4.203946347677971899e-09 5.419687791741195963e-09 3.262134256676484808e-09 5.151967327629548768e-09 3.403282340435696645e-09 5.371274908422030100e-09 7.194664912468264558e-09 -1.071182320585061964e-09 7.344494324850100264e-09 4.212011738600345483e-10
1.727007707875234079e-17 -1.957085160199986794e-11 3.984542270323562403e-09 2.738629916029387205e-09 4.365841629651050874e-09 5.992021864537388581e-09 8.057428208455532663e-09 9.029135336878330001e-09 8.565923412954616996e-09 9.131071022937460609e-09 8.298520989779665623e-09 2.569914704735736516e-09 -2.532064269615815797e-10
-1.961622977942311679e-17 2.846003471130746638e-09 2.793914427023752879e-09 4.679968131001587162e-09 6.599650909900735612e-09 8.582383445953990950e-09 7.884362059156318717e-09 4.303798332654763975e-09 8.475365065695907157e-09 1.295547298791911593e-08 9.607742795597901756e-09 6.853754417055273289e-10 2.264017710609527617e-09
-2.735020676327297036e-17 1.389940074025447735e-09 4.932279853836011012e-09 5.338058627278753182e-09 3.478201136092512891e-09 3.920125951108163256e-09 8.750719728550153792e-09 -7.382806040995188445e-10 9.063598116683576405e-09 5.909425455091784014e-09 2.874936579091122962e-09 2.188302287905820689e-09 9.257322453999905672e-10
6.359575593021577440e-18 -7.492704017240715217e-10 -7.330881182321568317e-10 1.431890854753956666e-09 6.322141591695784877e-09 8.842116338900728972e-09 1.487672884734653055e-08 1.157834633394271857e-08 1.174065816098452850e-08 7.811443571330340563e-09 2.432161543095191400e-09 7.072832739799401745e-09 9.730468843841691469e-10
4.974366758140147006e-19 4.415659740413507289e-09 3.911492275024072202e-09 5.443627507048003346e-09 3.316147113504431852e-09 5.407940668896936587e-09 6.034350643049395444e-09 1.029475951341634342e-08 1.115041384771697753e-08 8.524249341704915363e-09 7.258356728104962571e-11 -1.935920443180440351e-09 2.109586845676002870e-09
-2.974269105570849529e-17 1.047915343111304175e-09 3.797891915676941818e-09 2.293814280909514864e-09 5.960589562346382278e-09 8.578405946254392498e-09 7.666132897812206510e-09 3.517915337831200790e-09 -5.150390709439171022e-10 4.753779697138414171e-09 4.372133434222920865e-09 3.877192576472870687e-09 1.305942088710491542e-09
6.223228467275142972e-17 5.116290802944264156e-10 1.164144695292885838e-09 4.201244935170708181e-09 4.038741195966477106e-09 6.637938157582412878e-09 6.738096523586814299e-09 6.650873538065094535e-09 5.545394057055891224e-09 2.425898901711757353e-09 6.256387271676617120e-09 -1.502433475854842176e-09 -1.073257956261969659e-09
-6.252971361913176297e-18 4.169627955561614166e-10 1.981583056998390355e-09 8.930305762710627937e-09 6.560533873300215685e-09 6.717998414367455228e-09 8.027680421976246507e-09 9.489087500481794227e-09 8.688498448687767971e-09 8.473997389384984240e-09 1.729586897206782778e-09 2.407593716166158878e-09 7.090066061883112416e-11
2.664948042257981421e-17 1.530378390309002734e-09 3.022629963140965840e-09 3.296577861544448138e-09 2.491545341787522484e-09 7.240535641949713007e-09 7.627262752623103493e-09 6.147557121761032585e-09 7.019895658934737603e-09 3.837190761972695207e-09 4.452475278777362099e-09 2.601416154656385795e-10 -7.249041873070937677e-10
2.363240169183552653e-20 2.374576688319590674e-09 1.833663429951765063e-09 9.273073386199677615e-10 1.394984516416561716e-09 3.905887634386616990e-09 8.813397279698342602e-09 8.200205973594131808e-09 9.708673794075475725e-09 4.956189835748247951e-09 1.100192469514790477e-08 3.799453702147820458e-09 1.143314178423498043e-09
-1.604285145568232220e-17 4.701914900345418485e-10 2.573479408829479201e-09 2.017634336935738877e-09 4.585299443995168997e-10 7.513005158725044849e-09 4.168916186992795531e-09 8.117606531664045961e-09 9.492087395733448355e-09 1.037170915688164896e-08 -4.453165492696029882e-10 3.878370078234116695e-09 6.422863129430517139e-10
6.104418307359098117e-19 1.202160674449317454e-09 2.731284456556005103e-09 2.461639608497483814e-09 3.873204894830921195e-09 7.288329006882564031e-09 7.533494650601902978e-09 1.114372141836560420e-08 3.546688810555486270e-09 4.646065975894117539e-09 9.711292802603407810e-09 2.379405872151774047e-09 1.328250562990001955e-09
-1.362514979167418425e-17 2.358836472435343269e-09 8.635194624101750163e-09 7.130703816274495001e-09 4.702140964496374926e-09 9.689757615756743362e-09 5.784583112302361586e-09 6.702917741029557084e-09 6.630009588990031884e-09 5.985240787285842056e-09 3.992274235246216362e-09 -5.457584374049058729e-10 -2.301887879373097046e-09
6.019221814376303727e-17 9.186187694386910343e-10 2.723281789187252904e-09 2.351417887124211105e-09 1.042963766385529269e-08 1.170762372609141611e-08 1.203855974360295796e-08 1.290545285277988605e-08 1.192311998991275791e-08 4.859121214622872851e-09 4.094305758368477058e-09 1.887445704238022651e-09 5.053630120348703615e-11
5.979855089112183940e-17 1.969773195750143398e-09 7.495050280584808514e-09 5.490866973759785309e-09 4.248484929404928371e-09 8.109508845892852315e-09 1.311104609391332932e-08 1.201957808505456913e-08 1.254592298790021103e-08 -3.291497823410314152e-09 2.016407027854745466e-10 3.646053134128501371e-09 2.154488456780196195e-11
-5.669559175627399983e-17 1.642824238948334136e-09 6.190471307003794523e-09 1.103110299812238212e-08 6.547616792325618033e-09 6.085826193813992543e-09 9.021431788049710621e-09 9.211066228769019256e-09 6.904385716050085539e-09 5.538642338157259449e-09 2.236455133592586401e-09 1.003135570662439969e-09 2.292735899840984010e-10
3.258543810249365511e-17 4.376540096499867539e-10 4.444832203889028137e-10 4.632257174618766741e-09 1.079201368523321077e-08 6.568927360747193702e-09 4.167717287734939478e-09 7.282361279659065083e-09 9.169020642867588892e-09 3.066693991812811885e-09 9.642539298573988045e-09 5.433423165882487124e-09 -4.461444609774887256e-10
1.105686048673208259e-16 1.797219952732143968e-09 3.488517044612469847e-09 3.045337985162792216e-09 4.465106161724328666e-09 4.923894184116049540e-09 1.160764897006521646e-08 1.073552223019170280e-08 8.751328522459467939e-09 6.941987120571394782e-09 4.769342431297564171e-09 2.258665875740148335e-09 6.670333160377389239e-10
5.946018101164088958e-18 2.294851590699185622e-09 1.887551401174663257e-09 2.852608950142680190e-09 5.149784957380483344e-09 6.209239625701504000e-09 4.067519996783888310e-09 8.465848261343948243e-09 3.399745658123949483e-09 8.631022282190065376e-09 7.993546600052022754e-09 8.767013959446139884e-10 -2.034735247599458254e-09
1.475965156496211268e-18 2.405983897515569235e-09 2.490167579731401498e-09 3.522428027906302387e-09 5.145045154239186733e-09 7.753060954919865554e-09 6.296667751645000889e-09 6.833891300890915979e-09 7.822418992287923888e-09 4.085843547817153827e-09 8.247584470177235882e-09 4.138718862209487348e-09 1.616460905467354377e-09
-1.368700863447945056e-17 2.992875173178419066e-09 5.457532010064526221e-09 1.807437010669127319e-09 6.321602577314401476e-09 8.891741781992701478e-09 1.113471608074544121e-08 8.019011469795437960e-09 8.507938402646313935e-09 3.607532674946392777e-09 3.353946289090926232e-09 2.367141241102777235e-09 5.493739891910400322e-10
-1.196214097074519511e-18 -2.594291356227426407e-10 1.629568308127720635e-09 3.132856285875133275e-09 5.113380460244238681e-09 6.079657392843590343e-09 1.046785456728423565e-08 9.585498866862800241e-09 9.920017896395181206e-09 5.064237258623184417e-09 2.853511150804381403e-09 5.300120144859843158e-09 -6.837359111798744379e-10
-1.738480996045107930e-17 6.486668394051689212e-10 1.485362907451922716e-09 1.168217401285172654e-09 2.541468254273990292e-09 4.036723549532459722e-09 8.952850033820162106e-09 1.060728830761552057e-08 9.398616676362707403e-09 6.851948577325095164e-09 3.901423801994166119e-09 3.116179264013042649e-09 -2.950634083561568457e-10
-2.393963950288261492e-17 2.792114500176703124e-09 6.463254227581628305e-09 4.441545787335212317e-09 6.998365952784412416e-09 8.142714479147796346e-09 6.293331383151794466e-09 7.839183425743831484e-09 7.155447393744586138e-09 6.276640995192292543e-09 -4.048928754951499746e-10 3.132010761130275199e-09 1.311763233681219605e-09
1.924983373429599845e-19 3.644811176768713581e-10 3.173504033898433378e-09 2.843759929511847229e-09 4.186106455369072438e-09 2.766428342171100517e-09 3.968817301061084458e-09 4.715407967598606389e-09 3.594989592979004788e-09 3.315346171220798055e-09 2.722483989430945008e-10 -3.803171283483076949e-10 4.627709045050485442e-09
7.902162016977218953e-17 1.471892149967962503e-09 9.666052125294529639e-10 3.362183015092623089e-09 5.368877343142976872e-09 5.091936687170177938e-09 7.345003616564299293e-09 8.232275171105314532e-09 7.923557102283464952e-09 2.897305454010765933e-09 9.411070794360042801e-09 9.545786981454031900e-10 -9.562124465188479304e-10
6.084474046348942242e-18 2.856909045016225145e-09 3.286279298262247112e-09 3.846507476995903488e-09 1.134777813377827444e-09 5.754502112691827716e-09 3.955844286698207817e-09 8.586138147114261439e-09 4.174191305545943711e-09 1.898559039380885888e-09 -3.114370439250131167e-09 2.534419780023268460e-09 3.832989246296788689e-09
-6.538714614485387493e-18 5.761059492676842241e-10 3.660355163503623895e-09 3.242857226415135269e-09 6.203288632750779911e-09 1.188575546549971064e-08 1.175741501354599799e-08 1.155046088185804870e-08 8.884635473937258868e-09 6.006814236807594166e-09 7.173269149867507712e-09 2.894276879604177343e-09 1.770695457935610656e-09
-1.726418469165114655e-18 1.602288113488073522e-09 5.114498050648237735e-09 3.043785060423759053e-09 6.813942969659736299e-09 6.058098925929577369e-09 5.810397573955177588e-09 3.192765477022756588e-09 6.300045802235261093e-09 1.015662043184630071e-08 3.474778937029490301e-09 -2.419773679189920999e-09 1.380817783622375307e-09
-1.685836707186401581e-18 2.553154136309308347e-10 4.369966364492574527e-09 3.375300571280348588e-09 5.791629930536614898e-09 8.703259792828202155e-09 1.071423233331070599e-08 1.124508215469364579e-08 7.250976112096282838e-09 6.599351633180701348e-09 4.110937881312442747e-09 -1.754059404109101640e-09 1.494031199373208677e-09
-6.552951726863725550e-17 3.148067136801944747e-10 5.438098735367895317e-10 3.951326831548819995e-09 5.513457573366741142e-09 6.381757949389873506e-09 7.145594409768576715e-09 3.969622053130786409e-09 1.299956797577338222e-08 8.519398538899101060e-09 4.947664800379072611e-09 3.133447498417269100e-09 1.133081120656756105e-10
9.301073362646346788e-17 1.418395353064626362e-09 3.217823365201030900e-09 3.151460607248254881e-09 2.391405614161655473e-09 3.156476896892944272e-09 1.010818517227196757e-08 1.358396718215095831e-08 9.653624935288828068e-09 6.565734144590432675e-09 1.092400625034357799e-08 4.436646973328766612e-09 -5.921028285203001791e-10
4.268098742731812672e-17 -8.929551177938307875e-10 -2.995690014210495667e-11 1.283015539505918988e-09 6.841216920533493453e-09 9.673296157984335320e-09 6.316914878638250691e-09 -4.631476610957408424e-10 5.405142572469560005e-09 6.330461320587162332e-09 3.967296429698106125e-09 6.967388100316195664e-09 2.304821454698947902e-09
-1.024339667600133129e-16 1.497236698590074031e-09 3.947957060710620335e-09 4.303829348651743800e-09 4.938489300600387290e-09 8.262626574844742105e-09 1.153197193064066705e-08 9.422837497667758195e-09 3.623016379123571297e-09 6.608318178894087174e-09 5.789990061349936465e-09 4.296757061487529330e-09 -1.648271814654444323e-09
1.913931927745363654e-17 1.771639468172028517e-10 2.067811813418011740e-09 2.916983791448287912e-09 5.931991743781812480e-09 3.884127172751893325e-09 7.768428915142313581e-09 9.271029100699775058e-09 1.102039581027990206e-08 4.290113233962493644e-09 4.441703565127878540e-09 3.222991406064418707e-09 -8.831310240024005828e-10
1.790487637195232365e-17 2.183462853998768412e-09 4.617672061494283490e-09 5.614470146914430196e-09 4.267488726820838894e-09 6.000912519470900713e-09 9.043937524143404984e-09 1.144434162953959026e-08 5.577245276423577102e-09 8.985635766109930443e-09 9.020807974224847157e-09 4.775033811553166861e-09 1.763587577709572123e-09
7.222840634818416323e-17 3.165835681441003725e-09 4.501832989927281142e-09 4.604706561528052704e-09 3.601912267594362740e-09 4.936715323137294775e-09 6.623620939494027241e-09 6.927592109222698121e-09 8.643783400456067638e-09 5.747945530643820241e-09 5.663548003950249957e-09 3.134274736538040475e-09 1.927462160289126080e-09
-6.273920422631134936e-18 1.670975918974284435e-09 1.907739684272840427e-09 2.806167115247608358e-09 6.135850046176317581e-09 7.898140992154756950e-09 9.700321709348263389e-09 4.511899281116864019e-09 5.893579204934306459e-09 6.374058648800315343e-09 -4.167263131882667236e-10 3.938615605771954268e-09 -7.997597043644038948e-10
-9.559886966996006900e-18 2.727200332035165683e-09 4.825886704103430384e-09 3.596975788660781129e-09 3.590004680981186312e-09 5.178746605624168779e-09 8.898574566729979367e-09 6.172017560035128955e-09 6.266704813870808224e-09 8.985522483106859456e-09 4.169942752773990120e-09 1.179318965488467790e-09 1.098728273993014577e-09
3.185969570425716412e-17 1.475232272512577098e-09 3.437452895330593617e-09 3.817399932523676732e-09 3.273102838761443893e-09 6.312556802392406694e-09 9.766640178057340347e-09 9.765415374490554087e-09 6.067034404860955866e-09 8.072569792376652922e-09 6.775135071995479751e-09 5.983754951223088761e-09 2.874921465532056266e-09
2.175478932532250020e-18 4.228405145955439169e-10 3.194405221398284451e-09 3.228219519147573190e-09 5.165318457899882589e-09 7.597622253719803882e-09 8.221783661730468752e-09 9.921206789757444049e-09 9.248948961495577201e-09 9.306648747562209324e-09 2.202417079407212336e-09 1.232474624811237106e-08 4.852127420974720640e-09
-1.767884493937250174e-17 -2.803414713695101753e-10 2.966839333320957048e-09 3.956733669312964727e-09 6.073785792730677093e-09 7.288819487978136972e-09 6.838863047284703785e-09 1.019782695877844597e-08 8.364349932168991507e-09 4.755754572529935761e-09 2.229300960110621221e-09 4.095781851040692333e-09 -9.351447816419768140e-10
-1.219445696958576391e-17 1.427096300127087640e-09 6.716336569436992558e-09 6.030616992560545896e-09 3.789018631640853065e-09 4.259198808778576638e-09 9.144397528590763346e-09 4.590429875301893006e-09 1.246600474381590968e-08 2.406778980739553484e-09 5.285262342578197983e-09 3.133487136586540954e-09 5.539623563552477152e-10
-4.547986090762993772e-18 6.288738533289960346e-10 2.643854021724962584e-09 5.598971973051760488e-09 4.940143212183901463e-09 6.925863689338611203e-09 9.001267900199425006e-09 7.754037561770291129e-09 7.228269374464875880e-09 4.071536864460378158e-09 1.569415985234573891e-09 2.615128055607875558e-09 -4.009568129862026981e-10
-1.137006105253331361e-17 6.684372161932372134e-10 3.190946022274465113e-09 2.668425834972979538e-09 3.246973597778281711e-09 4.994264991152429867e-09 9.746240785781520371e-09 1.518466814897710440e-08 1.076732448568937234e-08 4.650340278802966150e-09 7.494053398523396202e-09 1.335264449135417765e-09 1.621133876061433364e-09
-8.458455507692126701e-18 1.693933820293441102e-09 2.941085067083833878e-09 5.538594607307843565e-09 7.110812716785891599e-09 7.241178090801658763e-09 4.464401842372850654e-09 7.654722271017264433e-09 7.057100072759635061e-09 6.939864834529435759e-09 3.557416550739353927e-09 8.317017847286388740e-10 3.921783175565188452e-11
-7.498487934016695908e-18 3.924806666706396414e-09 3.821167632460887074e-09 1.138520167253024430e-09 6.314579525297948987e-09 8.986335076560205625e-09 1.046293167164500351e-08 2.128278424614984163e-09 8.649482431989701554e-09 6.967712105322923754e-09 2.981146405849708256e-09 8.550649174663810828e-11 -2.139561038958477538e-09
-9.456657613033099471e-18 2.219229360221334962e-09 1.759230566865900329e-09 2.535795683691025125e-09 4.227761135480182562e-09 7.400925482124781453e-09 5.890266574229187934e-09 8.631646581554973130e-09 1.120082093266248512e-08 9.895974588282146124e-09 7.574894730950394817e-09 3.486159934134404401e-09 1.958374713310460173e-09
-1.228242779863796807e-17 8.144136351127845708e-10 1.483102221335789095e-09 9.781651155775927160e-10 1.019099205807118672e-08 7.293652593028688823e-09 5.390705325020693627e-09 5.464468175726678259e-09 1.026380446284057594e-08 3.600738185391631346e-09 5.555726960333429791e-09 5.167167718450045751e-09 -5.073883793785384437e-10
5.163801072870279814e-17 1.223455347000777307e-09 1.032476089762021058e-09 5.290960936919201530e-09 3.841191658325375332e-09 1.054585577485724570e-08 1.166583816706404673e-08 1.169019855109812235e-08 1.246970153851917992e-08 5.252349771905187174e-09 5.747161401799303188e-10 5.919662126504984466e-09 2.092832353042031587e-09
1.857084079162166834e-18 1.736078439467687092e-09 1.860654005128863713e-09 4.615818673628924024e-10 3.112212868374534379e-09 7.276114362797797798e-09 8.770826737293170509e-09 7.096348863612407433e-09 4.476548200324120858e-09 6.484125553966758536e-09 1.112923875959596258e-08 4.029667437288752147e-09 3.176052644382614004e-09
-7.323247164876457279e-18 -2.645574369532088249e-10 1.272739163893597534e-09 2.794537125184984947e-09 5.049905891725157629e-09 5.817016002546509642e-09 8.683238287892781300e-09 5.888253159325168503e-09 3.825512291636285698e-09 5.432417465793549022e-09 5.597765818936255025e-09 4.037481579248269847e-09 2.600031618085144240e-09
-1.604441261642197054e-17 3.837067614339358313e-11 3.415286815113738243e-09 5.071503574968014595e-09 5.974397084357763436e-09 8.643210003909830441e-09 6.251636546630911842e-09 6.595736579381319235e-09 3.491962233033350109e-09 6.913489587154395617e-09 1.103649677541034889e-08 9.876018441832544678e-09 2.600654639642772230e-09
-3.716055134727531221e-18 1.564067512911914842e-09 2.274749399116670825e-09 4.544548830039959386e-09 7.098639367233133884e-09 8.918800321228898429e-09 6.265132500703854834e-09 8.172323744411640696e-09 9.030355434529400263e-09 7.604376101184248587e-09 1.491663086934098806e-09 -1.345265505258193036e-09 -4.561481525842821688e-10
-1.225325853890307648e-17 9.827032729943436863e-12 3.079281609965889218e-09 4.319017783156020646e-09 1.764369083096952235e-09 3.940940902675729639e-09 7.886195857008956766e-09 8.385260606414822706e-09 1.071434654176127744e-08 1.042200395029686955e-08 5.992861444494396654e-09 1.357212853536060829e-09 1.514278565460904814e-09
3.343577577134833213e-17 1.932608613566492009e-09 6.349523360872224615e-09 3.042677754713041647e-09 3.831988343673101060e-09 4.866965760255108632e-09 8.132431508385199219e-09 6.528080980771800337e-09 6.009687695577201178e-09 1.988651095610493383e-09 1.887233759631717793e-09 3.551654420923942625e-09 -9.769400351145378280e-10
-9.569447291827054700e-19 1.634114434715302696e-09 2.994951815250941991e-09 3.037641097207746176e-09 8.304649922341367309e-09 3.289526387334404024e-09 1.083753271928459178e-08 9.561526545660983050e-09 3.883733962036933550e-09 9.800679568297241326e-10 6.386322616305607086e-09 2.133841102889684833e-09 2.119799822635700681e-09
1.510755021895411681e-17 5.198315204972901291e-10 7.691979272879816274e-10 3.447032282627787432e-09 4.626371264726672404e-09 6.963413965679582877e-09 9.308524780115734377e-09 6.581686102318501068e-09 1.222755124915405936e-08 6.345784107396154430e-09 2.383293742213419163e-09 -2.852250078766860540e-09 1.985737243144175515e-10
-4.671233589053010809e-18 1.004800693250067959e-09 3.521991721958996092e-09 8.521494505936105840e-10 3.179686336389180891e-09 8.808556273846511609e-09 6.114213567176205674e-09 9.067775170224904288e-09 1.072395135357966296e-08 1.042823903119732945e-08 2.603899224227114525e-09 -1.606860598717482058e-09 3.102106971903370402e-09
-4.542659936683676409e-17 -1.394828646765546338e-10 1.506499741713537311e-09 2.723956829013493145e-09 5.492305620125865415e-09 6.179791684082907933e-09 7.324513246536742606e-09 7.149286553610088714e-09 7.536813693142305549e-09 6.668449755292955018e-09 -9.967750382892841755e-10 -9.015694497541089311e-10 -8.164499168054508481e-11
5.227225713932407304e-19 4.324873636076444291e-10 1.297061153580813815e-09 4.508054755799717953e-09 2.325357914938508468e-09 6.759482086291100301e-09 5.366254803364104708e-09 4.034717236970459702e-09 8.986502699059929055e-09 3.071565178536707164e-09 -1.534546897933719874e-09 5.751695989881849682e-09 8.052452267175235099e-12
2.544343666619401042e-17 1.584785387679296404e-09 4.162398356934901010e-09 3.835717306014704479e-09 1.079999123388622309e-09 7.974475472406626400e-09 7.416316046039919832e-09 1.225762148775495233e-08 6.451168900378363400e-09 3.732981961333403682e-09 3.836567750731754807e-09 2.032041816838382716e-09 -3.998389805030456421e-10
-1.143295875324584721e-17 8.798125733277472496e-10 1.285195053653894106e-09 2.329948138212511696e-09 3.583005371707964048e-09 7.616444956396452579e-09 5.794306724732573554e-09 8.139103054183730530e-09 8.205897368623579767e-09 8.755659562130483532e-09 4.298316255319040735e-09 2.964978804845429498e-09 -7.594940591273360572e-10
1.406281021987381072e-17 4.339229444661439138e-10 4.366344332299960074e-09 3.306987905919725628e-09 3.601365751884564176e-09 6.621679859165512101e-09 9.940100747132366507e-09 5.101335316109408434e-09 8.518524302889476495e-09 4.643329626957875522e-09 8.554196461310401783e-09 6.918497423485108509e-09 -4.148858536753868101e-11
-7.956141115641658082e-18 3.241035694471971903e-09 3.585099912803868654e-09 4.300437421212429823e-09 8.959325743359157269e-09 8.065966835540405859e-09 6.685892775291479850e-09 1.599112827836111094e-08 1.095552755957981830e-08 5.964904955244192192e-09 -1.334052336469941431e-10 4.969870632118522497e-09 2.638053432791758330e-09
5.085811699074457693e-17 1.985455895844887969e-12 -3.109999379681910944e-10 1.410785406140018199e-09 6.228805823635650400e-09 5.837629955963422366e-09 5.736158799275684467e-09 7.027001865290352148e-09 8.309483526012044746e-09 2.344027412270083932e-09 1.795037519504373594e-09 3.877506411583766030e-09 1.765621355906008533e-09
2.871902761436778208e-18 2.560176881934030165e-10 1.143707334651144426e-09 8.730642054477273663e-09 3.562204160315698739e-09 5.531754418968831161e-09 5.418023851847446126e-09 5.676873515628747537e-09 6.161638932062886109e-09 4.864718145076622192e-09 3.906191504288840686e-09 9.004664750528292411e-10 -9.105773652468783823e-10
1.177495376569442005e-17 1.998651768812432662e-09 1.532742691790512892e-09 7.821295095234332033e-09 6.292897412193700246e-09 3.153196775062352911e-09 7.036372354038874462e-09 8.913528102569346795e-09 6.001801777674549382e-09 5.308506023299216446e-09 5.460412049354471144e-09 2.002632424524113572e-09 1.308196516721552462e-09
3.606112020453107086e-18 7.661205789985116868e-10 1.314805254612292370e-09 2.229045548548295180e-10 5.006652535286706689e-09 2.233096833581269585e-09 9.172990050143159938e-09 1.266756680100919399e-08 8.267006390116214968e-09 8.427483071965864793e-09 3.737115124084737589e-09 -1.389145975919800248e-10 9.695204904218611705e-10
-5.193155031957026293e-18 9.593611645462688966e-10 3.825812679429114674e-09 4.685079835691669720e-09 7.032951658059449326e-09 6.791073265498573361e-09 9.998805084380708956e-09 7.682929203091285425e-09 1.213095046708000363e-08 3.940708526899935926e-09 4.674191744599613341e-09 8.363349435129047764e-10 -1.111994469521900009e-09
8.717437319906118833e-18 1.563783485612566189e-09 8.228521472377906827e-10 -2.321936897665172852e-10 1.008067085707385582e-09 8.022913226781893608e-09 7.014297497868046706e-09 1.030391409669345459e-08 4.915790797646728529e-09 9.782170463480349112e-09 3.732503377090089288e-10 3.257051839977722749e-09 1.662834626003193233e-09
3.259690467022676745e-17 1.941188353337116960e-09 2.281861913918418509e-09 4.992296524189876623e-09 2.690837904298032053e-09 6.638625464507333108e-09 4.484433906715971205e-09 8.286614755564143354e-09 1.012845588241505290e-08 1.042404813936836921e-08 3.293483090524022637e-09 2.306099849875325355e-09 -6.893398811386980749e-10
1.613659258648462939e-18 -5.991461591924801266e-10 9.981675904267597396e-10 3.973233091921578874e-09 6.946664135350387082e-09 9.866027620861582067e-09 7.267339727343218386e-09 8.764361146509243295e-09 7.108928195418126255e-09 1.207812583351170986e-08 4.062378919266415632e-09 -2.793216220218834056e-09 -8.640410576616906770e-11
-6.905002997147458248e-17 9.710358677835714054e-10 1.991824549278112920e-09 2.465890173721675190e-09 5.174359150868442082e-09 5.218244216578032125e-09 8.801165084991294381e-09 8.048946658287049586e-09 1.092065399593543253e-08 7.802563162247705327e-09 -2.263652196039864146e-09 -8.767713922219459379e-10 -2.271116038437803291e-09
8.133841188567062204e-17 1.719582368905024195e-09 4.730796137187916800e-09 3.477664737110257956e-09 4.441873845868612178e-09 5.736427829078687331e-09 3.028798974841356487e-09 9.559288099850945978e-09 8.347717158614063393e-09 9.232409642371244353e-09 4.095768485550812937e-09 -1.378829826561974488e-09 -1.582443056725758729e-09
1.010442412911177748e-19 3.194960022988630833e-10 4.060562304005756322e-09 5.958745021253196897e-09 6.500987534579542632e-09 1.935450047437735660e-09 3.790278176066506404e-09 6.378836311814055236e-09 5.506652712740528034e-09 6.776221140245836534e-09 4.586819062496578365e-09 -2.622239961344409269e-09 -1.981839570061527556e-09
1.737965816042442284e-17 1.611427662446892075e-09 2.095978708220118125e-09 4.530269850263049912e-09 4.344840514009160442e-09 5.531494676327006291e-09 5.351444844877306629e-09 1.127364863290933209e-08 3.141896203754960443e-09 5.645728641451737796e-09 5.853412739815181132e-09 1.897430351508453844e-09 2.442271337790922210e-09
3.266214316084362668e-17 7.046371618224110554e-10 3.933923836795775836e-09 4.093091656918576782e-09 7.919591187121890896e-09 5.785503040417521301e-09 5.563685320077810071e-09 5.437385886805227542e-09 6.143480909516563480e-09 7.155180536408133651e-09 6.914931587923970300e-09 -2.073491162205068133e-09 -3.582526713741036052e-09
2.055133588714912143e-17 1.821547212360405333e-09 3.847869496803431367e-09 2.085184848964926488e-09 2.872529554460816781e-09 9.166649885202568865e-09 6.067453233728326243e-09 1.065967922225881434e-08 5.476311017530813840e-09 3.515217049647891213e-09 8.017522297437941382e-09 4.294686605817568626e-09 1.581434987386403623e-09
2.141558696779660598e-17 1.178295888014878249e-09 9.962761950532378649e-10 5.865379983111660503e-09 5.366704357461757486e-09 1.079023415230858039e-08 7.414701584796356379e-09 1.287067993408732436e-08 1.106648268558991780e-08 6.768034852729119622e-09 3.607342396874015410e-09 2.595976909615673329e-09 1.615001457633566131e-09
-3.915341139903833323e-17 2.546500234852826121e-09 4.316472975211588874e-09 5.024776986826039876e-09 8.290258426870205925e-09 9.743473339317623609e-09 8.019401488855130392e-09 1.211627551803002363e-08 1.061225305579778643e-08 6.810835458346273290e-09 -3.158608749634132875e-10 -2.865545208563264471e-09 1.955136105483874449e-09
-3.318636176068589968e-17 4.360463045219563383e-10 7.359265102051451607e-10 7.219146231750347876e-09 7.078178974228195137e-09 8.819487369581864937e-09 5.085087819804068284e-09 1.311727722778750639e-08 6.890422172738569418e-09 6.125543261236826476e-09 6.412491425732588880e-09 7.199482775462576040e-09 2.503271943241407049e-09
-7.577371220843605418e-17 2.003804384395833525e-09 7.860951039367974778e-10 1.159367116192039196e-09 8.667183225290821857e-09 6.511647089918253060e-09 7.446776888013960654e-09 4.559107981764036776e-09 6.774084601536141873e-09 8.272441936128800505e-09 6.834988784241551122e-09 4.039354320784893409e-09 -1.445909553098754527e-09
-6.991166353735010403e-19 3.381905170074041504e-10 2.035621703772657214e-09 4.499973154966864194e-09 4.835280621741556553e-09 6.546115518101726820e-09 4.632478343416012905e-09 7.500118969633892870e-09 8.858358419856947794e-09 4.274653101314929806e-09 1.852455040717309585e-09 -1.226755882402340029e-10 -2.557171557476294276e-10
-9.102020969229919887e-18 7.495617617377158300e-10 1.285052465072617093e-09 3.962003664857026234e-09 7.615189452922457926e-09 3.875628424371323399e-09 6.491686759872667526e-09 5.378912444262533766e-09 4.970285792960996679e-09 6.191141213651356374e-09 1.920687481688002925e-09 1.197014809956485655e-09 -7.639204887428707530e-10
-6.376150984492173327e-18 1.922107781169183068e-10 2.904342763204818032e-09 3.104205586879747732e-09 4.480211406875711173e-09 8.815129808924352240e-09 1.030062245650260938e-08 3.936911928674823075e-09 7.728061677041844889e-09 5.180562383564662885e-09 3.019795320673039323e-09 8.167100986383042673e-10 3.815349316718727469e-09
-1.809101968027930942e-17 3.633443798755772799e-10 3.054956363661018552e-09 1.491018523389948598e-09 6.045655626230092677e-09 8.894586980921900010e-09 8.263227960900046770e-09 6.002472156984676404e-09 8.373837753513600004e-09 5.688997547092374683e-09 8.324377126264561115e-09 -1.928782089952764716e-09 -1.746846527102846300e-09
2.688997647257554426e-17 6.169344960017654813e-10 3.079974065861752914e-09 5.704536996248583003e-09 5.843015865835457833e-09 7.689700507677152789e-09 1.209485523862823307e-08 1.109793192759774556e-08 1.131055070241072877e-08 5.245172687982457458e-09 8.904902703145557520e-09 2.605843191338598791e-09 -1.785421068196360005e-10
7.288845202061451974e-18 1.437311262129569767e-09 3.984349215118850671e-09 5.623576204741902363e-10 5.755377213687664862e-09 7.580197894542781060e-09 6.246426488473791991e-09 3.881064425425257276e-09 6.199108660092971313e-09 6.625640348142558895e-09 -7.243251733743802327e-10 7.181022421728649602e-09 3.431608448893613903e-09
5.350629624864888541e-18 1.536591979654630480e-09 3.677181542833909351e-09 2.153202416767945193e-09 4.402386011934370903e-09 8.195985270903178830e-09 7.939097474037391761e-09 9.926319871613199626e-09 7.224018914225561111e-09 5.279823320034593082e-09 3.347734267803512227e-09 1.210211142443507259e-09 -1.627713305880816136e-09
1.472891313203952606e-17 1.515311686801408680e-09 2.594531245390588686e-09 1.504162596234986222e-09 3.211924806520544506e-09 6.465201509298773221e-09 5.697965639018121658e-09 1.339376345016064234e-08 8.736174854205847728e-09 7.222395380931142217e-09 3.692286818209326622e-09 9.522722398620118305e-09 4.425926261346474390e-09
-6.793959959437501812e-17 9.306849525149030263e-10 1.115866409645960212e-09 9.617448007699480995e-10 7.904402626611220996e-09 5.195300877665243668e-09 8.568004858821201373e-09 8.394601550283014493e-09 9.708810102096388480e-09 5.484491415030586395e-09 6.476058580512778724e-09 9.825211802666032876e-09 2.516556317941159438e-09
-9.277286744649646134e-17 -9.114554634369228454e-10 1.821971201835922237e-09 5.343486276598475427e-09 6.961326943475889455e-09 1.433712608232716678e-09 1.061119720933951417e-08 1.001610710319593593e-08 1.031680043587301320e-08 5.756240832648381420e-09 1.203198952030022424e-09 5.409979804536731114e-09 -3.925997098867743384e-09
-4.077527378766221864e-18 1.296139583125254849e-10 6.604199093556110544e-09 5.219547641362019534e-09 5.560972176804357969e-09 5.220304759925584312e-09 5.885304845024686283e-09 7.303909398152742401e-09 9.679597490517142295e-09 8.174537946465827353e-09 8.067235388242245632e-09 3.081937100009763332e-09 -8.873891153214646791e-10
3.026126626273589204e-17 2.431694269735924763e-09 2.741170561143723162e-09 -5.307492645304330228e-10 4.540257962301643916e-09 3.772235684146271753e-09 8.209343300006367142e-09 7.753420931708769545e-09 1.038296479348958045e-08 4.769054523367736060e-09 6.758563997385193895e-09 4.480216625528689410e-09 -1.509071908437493945e-09
3.016559785511767071e-17 3.763954200956828879e-09 3.690529485314486784e-09 3.027718539017254088e-09 7.848454605530423222e-09 1.240455642953745636e-09 6.772295820977089587e-09 6.803561145113044218e-09 1.041842925243178169e-08 5.311629837290261675e-09 1.609644737618261699e-09 -6.291728140847481623e-10 3.517880231966128670e-11
5.800395840471708840e-19 1.421920689101533541e-09 1.609750966357702004e-09 3.048416871985163697e-10 2.488408744895485921e-09 5.115687102776346989e-09 6.406536619671288272e-09 9.849566179470602628e-09 7.342924193015516664e-09 5.835764341074445180e-10 1.755733458670090653e-09 8.666866364681020250e-09 1.232952860856739590e-09
-1.997400852048732542e-18 2.416674807542739856e-09 2.626105885627878386e-09 1.459657417856565950e-09 4.589216500486244185e-09 3.727212623234757286e-09 6.438608748111680638e-09 8.689254491820882091e-09 8.653707249786272498e-09 4.772737922554875164e-09 8.355957154124149739e-09 6.579826768382710423e-09 2.207582426699685231e-09
-1.628333774662208674e-18 1.232999303136527193e-09 3.755021278111309302e-09 3.211643016123402443e-09 6.015812521328800502e-09 1.099556441880768808e-08 6.977677456236202582e-09 -2.932733792936512467e-09 4.559921697980674106e-09 7.337062260562345123e-09 4.306714057298628092e-09 -8.224087163315564935e-10 6.393154048139901629e-10
5.532092751198058706e-18 2.116479223702050507e-09 2.425872138348236162e-09 8.032396169513081573e-10 3.186113425057316304e-09 7.151139665995939763e-09 1.272675866265068562e-08 5.680126327001580602e-09 9.072266859812016396e-09 8.200144651531380570e-09 2.803211217733211555e-09 2.614184702223856064e-09 2.417205244706454264e-09
4.622723174315784378e-17 6.383212786386267049e-10 1.377460870126621568e-09 5.187868371911385858e-09 3.943744018577588067e-09 5.354575125254564449e-09 5.687194453321102713e-09 1.277568711797272316e-08 1.091584391126655379e-08 4.022850697141818257e-09 1.243155980741588261e-09 4.107209313659841133e-09 4.272601829437954343e-09
9.014603280858055498e-18 1.286119736639396968e-09 3.176572166868164614e-09 8.025781836648075041e-09 4.908405660408225329e-09 2.449897355930647975e-09 8.233039557519103405e-09 8.351025838880295997e-09 9.989628432516666203e-09 8.991339711712133012e-09 3.010355353449064395e-10 4.228423659945518506e-09 3.939129292453904663e-09
-3.539428720989431173e-17 1.674657754426351396e-09 1.676293178211653826e-09 3.714621727960161642e-09 6.341105259835645637e-09 6.804591690781549455e-09 1.056401573326980928e-08 9.482790442424267834e-09 6.277677715575446839e-09 2.716780942766367678e-09 8.124311054646921559e-09 3.119355930603584320e-09 -8.024945730887090292e-10
-1.739512104030460823e-18 4.317079049606629558e-09 3.856295180035024528e-09 4.668723030253808829e-09 6.081539870520648685e-09 3.271596382171096154e-09 8.426772523692626800e-09 6.912545317034305954e-09 7.022596283638470659e-09 4.793663449799448439e-09 6.688821645698227967e-09 2.563615700096810074e-09 1.190093124137830822e-09
-4.244698015363305279e-19 8.430657141639249256e-10 9.501790048708336110e-10 2.573523926548290233e-09 6.556289510514097300e-09 8.267309215199635471e-09 4.086386330922519359e-09 5.161441801652053462e-09 1.200218563272188047e-08 8.449754942813932980e-09 5.722262409320109473e-09 5.141800430300839199e-09 -1.572420822937483189e-10
2.455216584171484661e-18 7.040230923049773725e-10 1.209559689211695607e-09 1.589921290987232393e-09 3.070538000964884896e-09 4.457982485439403048e-09 7.030191971137782368e-09 1.121282029636905250e-08 1.433104797369746291e-08 1.350464113190166184e-08 3.821167211318578142e-09 1.424981608778837306e-09 2.519136239044234419e-09
1.410980216359963600e-17 2.222753666203087560e-09 1.470296602048804090e-09 1.241692087637659939e-09 2.695491606804119979e-09 4.944316840089754606e-09 8.280807191424970559e-09 5.760518176096332067e-09 3.052779133613132702e-09 5.260067777076217679e-09 4.102395159193992902e-09 -1.683699847488022921e-09 2.178592878138105807e-09
-4.176982754112847802e-18 1.225406332908371996e-09 3.148614530809356177e-09 4.851970973846126521e-09 3.600333456257621312e-09 7.412895290818179875e-09 8.087444764856506467e-09 1.111078485713506088e-08 8.798781028477988423e-09 5.920669810884460563e-09 3.276589900276591126e-09 3.620755749685769083e-09 3.489061318976380983e-09
-2.193554626002769732e-18 1.247158711466739400e-09 6.150117471012902053e-09 7.424012788652561152e-10 2.352655614264084736e-09 1.029853234130035531e-08 7.852237202721263023e-09 4.997112691724496745e-09 1.054495234235249685e-08 8.432493118046135231e-09 3.299892099523705798e-09 -4.306942661243888436e-10 5.253891997280490948e-11
8.302028983754416440e-18 3.956020665020844144e-10 2.925380442874857823e-10 1.536611708420937334e-09 7.918857854945970785e-09 6.726967936379012225e-09 6.055875589506268279e-09 1.106845057762714335e-08 9.001094927851193865e-09 8.777986756727328399e-09 1.380511224710456594e-09 1.591611077194405918e-10 2.009222665177972455e-09
-8.215831927645182049e-18 1.319527868749583654e-09 1.492906573851186865e-09 1.413605876983140879e-09 4.776009327395783189e-09 1.030384133105089925e-08 8.113828531825361127e-09 1.064824511973173756e-08 7.120649133127872505e-09 5.051266902482944648e-09 4.645087345149686805e-09 5.684894320746215360e-09 1.754047248658976972e-09
-5.775088312046135174e-18 6.177545886624348222e-10 2.073432157378657660e-09 3.622601504642901441e-09 5.400162200986950518e-09 6.598838952925013226e-09 1.056805323913793602e-08 8.009579842782516130e-09 7.533462039332096061e-09 7.064390369422081619e-09 6.640098181509974794e-09 3.172031363374810577e-09 4.515400044148902735e-09
-1.931069155834542398e-18 2.142872311771962130e-09 4.000825605989972541e-09 3.979269896778579453e-09 9.028773686887296333e-09 8.048092157221902926e-09 5.630180661949948565e-09 7.494397866018342044e-09 1.063992652036435392e-08 6.744337502973677830e-09 3.023870103733869145e-09 2.634714082838155811e-09 1.020109047831911238e-09
6.382418340448961583e-17 5.487843462038058517e-09 7.703079185901861194e-09 4.396869238728298588e-09 9.099486476716628166e-09 6.767474466092217486e-09 7.929387453178740600e-09 8.705020132095657277e-09 7.106295839783122584e-09 4.972441910910911840e-09 3.344840377733117981e-09 4.513706855630721773e-09 2.621520665406143846e-09
-4.985474008128851318e-17 1.203368906735729673e-09 5.289487002861795914e-09 4.411129114104050211e-09 4.123795043887893220e-09 7.451807991358845653e-09 1.124512752800331957e-08 7.345045350837454352e-09 6.946866963976417391e-09 1.374023988920453662e-08 1.943111625991536049e-09 2.868352616048584284e-09 4.449007736512158193e-09
-5.116532047644414190e-17 7.828201418863104182e-10 3.046468813197835580e-10 1.360088947499314598e-09 5.190738947172820208e-09 6.411385276030991575e-09 8.681745939134508350e-09 8.547082084035121424e-09 4.013870856466222820e-09 5.429867038673842984e-09 4.125712608076211221e-09 2.808078513633734810e-09 -9.004958247558876848e-10
4.176901585563831110e-17 3.210871932160239051e-10 1.003424658199160093e-09 5.153384928199849518e-09 5.580883462403955162e-09 6.990556431631439141e-09 7.598363860975911452e-09 4.068483735403811571e-09 6.079813636863095371e-09 8.697939513607731638e-09 -2.434902838437886963e-09 -1.201866632985828970e-09 -1.406309575760371369e-11
-1.355748005373498410e-17 5.563631677995883429e-09 6.246726229112582807e-09 7.239131728876760337e-09 6.493842394786070830e-09 9.073439355307779606e-09 5.156947781744823866e-09 1.286900362825577052e-08 1.184070822623167193e-08 5.662222235214461923e-09 6.761392342133048616e-09 -1.802369084093252480e-09 6.442130741695350043e-10
-2.733823600098920925e-18 -1.401256910811603144e-11 3.062491336604635356e-10 3.013990056246718542e-09 5.897820410799640229e-09 8.390890931011918137e-09 1.129250826019546611e-08 1.716190008243963521e-08 6.019366385926130018e-09 3.023933985187014564e-09 4.990362594121302787e-09 9.661528331731163742e-09 -2.278402264108588367e-09
5.940663203592565698e-18 4.223147361722794463e-10 2.750547282060858106e-09 1.483003782609014540e-09 4.783478791091278181e-09 8.426628611850969336e-09 5.437852743308890366e-09 9.641550809538797337e-09 4.668976613963471614e-09 7.750322051400703813e-10 2.827849592037262142e-10 1.258738954392067265e-09 2.598223083356606093e-09
-1.176023318821024897e-17 1.023780405198330820e-09 2.360651796895458674e-09 4.438493146675442640e-09 3.187640724772933741e-09 5.714127694787829997e-09 6.533500646994712659e-09 1.141717102438846630e-08 1.159277946042909315e-08 8.874944389207952101e-09 1.057013733744245660e-08 3.829569319721798389e-09 1.251772641832897081e-09
7.596400232934213346e-17 6.644855177613176112e-10 1.462726913993179108e-10 3.746744641385435936e-09 2.220169731708855918e-09 4.252894039822880353e-09 7.330789425916494505e-09 1.369688142346524661e-08 6.174340346146090779e-09 -2.646983981345640299e-09 3.581736540667129822e-09 -2.201152463325273706e-09 3.648106038358914474e-09
2.872481953291591282e-16 -1.460183908161839308e-09 2.953455074081878257e-09 1.957988621660839117e-09 6.669686262382947119e-09 9.400962881842256313e-09 5.962016190367339577e-09 9.116580195763486989e-09 2.931359368961641401e-09 -5.050276175301434208e-09 6.164890931378272743e-09 5.495799524500665226e-09 2.353116047137016044e-09
8.780776955076154832e-17 1.047625807851066017e-09 1.940257709025448488e-09 4.794950025942389789e-09 5.238036734736129252e-09 9.093507362087124946e-09 1.489268678074538684e-08 8.722986046475093345e-09 5.115274067344175335e-09 5.261607035705536379e-09 7.854962437092414286e-09 7.659961819918396489e-09 2.538167972300275948e-09
-5.705982541843225037e-18 6.808020506857311751e-10 1.991090594439835627e-09 4.054591607969033463e-09 4.920650142488995732e-09 2.070938124393189513e-09 7.777316501464406541e-09 1.189148934542241729e-08 1.208109828182402525e-08 3.728252592245854074e-09 4.522529519335684247e-09 5.868916816843958480e-09 1.836274068953801031e-09
-1.873696449224035607e-19 1.336336160239190663e-09 3.536005465482862583e-09 1.172746921201672613e-08 5.485549733916615188e-09 7.806931721468198703e-09 8.413644745741965557e-09 9.614736417408271508e-09 6.956700911041286695e-09 5.842824443409939807e-09 5.997180515596575979e-09 5.889541292713442408e-09 3.030745650879719363e-09
1.693047977507044613e-19 1.546356833945649419e-09 2.471213613887243412e-09 6.101647484826453766e-10 3.292787558068218163e-09 5.718373445419182373e-09 1.042359084827195916e-08 8.464989807787371196e-09 4.996962190552266841e-09 5.814520779608629479e-09 5.340436240250360706e-09 2.766243452946371037e-09 3.338171361233519152e-09
-4.795118913341668171e-18 3.162118181831687236e-09 1.884647512146212716e-09 2.714922146828241114e-09 6.161714163561545796e-09 7.507598285335835864e-09 8.766494355025924721e-09 5.994724734876036495e-09 6.090980081959283508e-09 5.578473605882350149e-09 8.480608270491508741e-09 2.626747496543625274e-09 -1.372927687053971207e-09
-2.972377330348243367e-17 7.165426532251550874e-10 3.834626073411347947e-09 3.098158147748269834e-09 4.540199790192924774e-09 9.870622444296587128e-09 6.666106802215463543e-09 9.094603026223095040e-09 3.148429100663626095e-09 4.485817314549815902e-09 1.413443834139191449e-09 5.039616269721846193e-09 3.623077830156717964e-09
-1.795242121443706737e-18 3.133998281568609399e-09 1.429273602598035625e-09 3.652222505386292437e-09 8.140291841515964135e-09 1.009412406691657303e-08 1.010946238683144832e-08 7.167714303052001136e-09 1.165511181375967804e-08 7.447712222654791181e-09 4.449126034377760557e-09 1.133241970785049196e-09 1.858866382180080275e-10
-4.880085734531529615e-18 1.911672851350183293e-09 5.150823012862517003e-09 7.337107151009561561e-09 1.335293408208752728e-09 1.056390479427793734e-08 9.044796011103943916e-09 1.099330719770423289e-08 9.575953768340242089e-09 1.990003565399623789e-09 2.615844453235978230e-09 2.671567754037437773e-09 2.271742947735507837e-09
4.529404919736634424e-19 2.017821874375017996e-10 -8.062047346268991169e-10 4.192782408239712356e-09 4.689572869120612021e-09 4.408879934986875125e-09 1.108701023361937318e-08 9.905872333516306399e-09 1.024884183222493721e-08 8.627631630403913055e-09 3.348173605186988583e-09 6.168135772369747693e-09 -1.553999009407104797e-09
2.878259614621296993e-17 -2.904051457464062875e-10 2.146091998230490473e-09 3.972623461596396528e-09 5.431200412609165040e-09 1.055040909747346935e-08 9.972587649767356555e-09 8.342574302564162906e-09 1.153602684318627439e-08 6.630222214765483466e-09 8.100530878555660487e-09 -1.351891434907952845e-09 -2.231227196168003812e-09
1.328459995424973425e-18 1.116414352508339404e-09 2.693175680173254000e-09 3.777122169450277510e-09 4.511808138370730824e-09 4.376549616163391677e-09 4.171761326490005901e-09 1.132121992550784784e-08 7.314812437965474429e-09 4.332583966782362593e-09 9.942145033673032674e-09 5.290049434729354996e-10 2.201595598604045625e-09
3.694131004797361598e-20 8.279936444968208174e-10 2.319023149660327269e-09 3.364488674401834082e-09 2.714705125997632059e-09 9.916010266093602881e-09 8.937831837071993078e-09 1.212810055694764805e-08 5.425832760872889330e-09 2.339893867261048598e-09 1.324396961739900923e-08 -2.668810197147178800e-11 -8.913711202025181324e-10
5.942046228211880236e-17 2.270287289260483316e-09 1.503532526726034829e-09 4.024516071934421154e-09 7.394501624777359122e-09 6.196773650627473385e-09 4.432939917808992379e-09 7.119322254386985541e-09 7.809190526435287980e-09 5.936085718925271405e-09 2.791030209007745500e-09 -2.612349962968271255e-09 -2.782532070012446922e-10
-1.146572310115887725e-17 1.638760580766463006e-09 1.068394568968341744e-09 2.528477330071083183e-09 8.074932723260803122e-09 5.448695492850114889e-09 1.102415827043991580e-08 1.187945423758081789e-08 8.964663582967502343e-09 6.405176865939552267e-09 2.150969779248595200e-10 -1.598167531366165949e-09 2.856487459777536582e-09
-1.239030623092344615e-18 9.144293701440656020e-10 1.659101205167933257e-09 7.421738599491636740e-09 9.608130520059996062e-09 6.372654707645571838e-09 4.395105639428335220e-09 1.174650868977353279e-08 9.586536795902305732e-09 7.829564838478870328e-09 4.143133061878112263e-09 3.588908417789037378e-09 1.362412670677556829e-09
2.531336296532803867e-17 1.074555764938302577e-09 3.175193451340252970e-09 1.698288228417856098e-09 5.119840661280790761e-09 8.684575648263020873e-09 1.019873145450426194e-08 7.341911237831893931e-09 6.675771179559386405e-09 9.473959070128868143e-09 4.840924509878940358e-09 2.138697154392234329e-09 -2.107923793112736919e-09
5.107529713506140214e-18 1.148519428672240725e-09 5.326472897985002303e-09 6.841733428620002059e-09 5.473947538912252433e-09 8.175857958830704045e-09 5.221219413559453660e-09 7.928382772569547247e-09 9.761698453448989773e-09 5.829279984478173722e-09 3.785938575581863471e-09 4.054197624277231902e-09 1.413064961595593194e-09
3.118675096452537074e-17 9.548316837836084302e-10 1.074571267219131085e-09 3.969034194770599724e-09 6.057954138448712086e-09 4.021782166308376566e-09 1.019412233368519777e-08 6.891810853905476877e-09 3.410568279168948110e-09 9.351676800666966817e-09 6.698959493083930947e-09 8.261657713016164922e-10 1.463414665654671490e-09
-2.884209716062268903e-18 2.829967633627637271e-09 2.669503377555756250e-09 6.755730857900424011e-09 3.590589372212367744e-09 7.270058605494574915e-09 7.603761828025284439e-09 9.232475748934250407e-09 8.344975010224759619e-09 1.912747033270200485e-09 3.952410186539737050e-09 -1.420282483916320592e-09 -1.359049089067205490e-10
-4.833657704411501950e-18 1.733189433349347599e-09 1.641073967517583320e-09 3.872866042338760358e-09 4.085396552553409473e-09 9.017645029876441308e-09 1.471006206629327080e-08 1.013908231278475012e-08 6.389167748633316350e-09 6.408766910252871258e-09 6.632045966189070250e-09 4.816925861477100137e-09 7.301820476977410685e-10
1.044067498676572443e-17 8.848851342137293333e-10 3.931553560794520908e-10 2.042437688566806686e-09 4.489736076070649477e-09 4.586035271023649902e-09 8.085457321580620522e-09 7.020550747314101072e-09 1.373175765823759375e-08 2.983230729360473158e-09 6.110194663666671260e-09 4.832073328733893149e-10 -7.280375416683977585e-11
5.494040272489064890e-18 1.730092287372736271e-09 6.898000005833442250e-09 7.819213555918442358e-09 4.882209943832419160e-09 1.032919484662239768e-08 7.280935875894212655e-09 4.040408536391160520e-09 5.024517487738979263e-09 7.109077925178367211e-09 2.895107418219041293e-09 2.841300160045817110e-09 2.559255822583834406e-09
1.062644159931625339e-17 2.039761465094357534e-09 2.571162977173842394e-09 3.456255917497933988e-09 4.052447886721873627e-09 7.063132325350894676e-09 1.273267036376386244e-08 5.481505305682091581e-09 8.548014399401583932e-09 8.513694051678253760e-09 1.758768747490474778e-09 5.098501967165802539e-09 -7.138840472299640018e-10
-4.781106162610705709e-17 3.432006884605566060e-09 5.280987331504938364e-09 1.752858353272629846e-09 4.614632736795076332e-09 5.947964495296057939e-09 5.666071224252443830e-09 8.584475865819264700e-09 8.255477040741670982e-09 6.453973598456600201e-09 4.308624194834486256e-09 2.853481517000365686e-09 -8.534021012684251355e-10
-1.682566887130161991e-17 2.326230663851642635e-09 9.191788904869449332e-10 -1.486742389562694708e-09 3.208675116065579009e-09 6.572785371425201029e-09 8.027436911174538391e-09 9.537775031339195183e-09 8.885078666738200776e-09 5.642096535793985605e-09 1.042386753789615225e-09 2.219055693889557942e-09 -1.434238536529170945e-09
-2.938257417639878932e-17 2.377848365587415353e-09 1.972801486441615282e-09 -6.491328918477958211e-10 4.683322974732807047e-09 9.082235987727466006e-09 5.094484019839336802e-09 4.066756207336012722e-10 3.215911562088928246e-09 1.210822617784803961e-08 8.649719682394418222e-09 1.252327173133091910e-09 4.882620415082002888e-10
-2.309080287274761220e-17 2.836302328088579532e-10 2.899146954498920914e-09 4.711716764895815674e-09 8.013224647762699779e-09 6.215571718994896646e-09 4.838936389695562884e-09 8.159101833443757374e-09 1.136888593195735943e-08 9.958023812921686010e-09 6.173607321597618908e-09 1.056601329519300098e-09 2.463360309938784082e-09
2.659626811907808315e-17 2.483878949821079163e-09 4.561940326501521581e-09 2.238350772517332440e-09 7.203623720555586627e-09 3.750482968311440909e-09 6.474596744430161721e-09 7.336069269069560503e-09 3.037103960299467555e-09 4.853636220670809063e-09 2.308824083531680168e-09 5.878558973606110194e-09 6.439893438448837828e-10
3.547510709471601568e-17 1.153582919599475882e-09 1.994818952391203809e-09 4.647832619514557223e-09 5.333083761524989094e-09 7.186643823496696316e-09 6.091259449898716433e-09 4.044085521163266721e-09 6.840548908403786908e-09 7.636845643490899639e-09 5.859137589867584835e-09 1.519142671381583624e-09 -1.090060372990956108e-09
-5.362502047784104902e-18 8.893922935979690360e-10 1.233118548680688417e-09 2.182836108982097721e-09 7.126385239059496604e-09 5.140696888428070469e-09 1.053223908486918715e-08 1.133983923449790096e-08 2.168341279217922542e-09 3.656205185824553991e-09 1.707963134637482069e-09 6.371135929650326197e-09 1.979643141345861247e-09
1.841663600069468028e-17 -1.214569756486856654e-10 1.414013573452942570e-09 3.184434353667177110e-09 2.241786843927750874e-09 7.491426582142096398e-09 6.800767907575929300e-09 1.278185878077816881e-09 4.096199235578277814e-09 9.285859085032354739e-09 4.885808096845863461e-09 6.136720060294572809e-09 2.852240770673521457e-09
1.447371386748711883e-19 2.554321021520738386e-09 6.284731864161302350e-10 -2.856798121792114817e-11 2.532352320398703374e-09 7.791434002324534149e-09 8.370867710638135099e-09 1.227850925289014775e-08 1.150663331717641433e-08 1.130759263457806063e-08 5.807733551529183215e-09 9.822529056903228462e-09 -3.382636870893967620e-10
-1.506137831781109283e-17 -1.083120727321660261e-10 1.836810203651601274e-09 2.847923257324755489e-09 2.804202465601912463e-09 1.170478443107332627e-08 8.060676148749437265e-09 3.374712699983578247e-09 8.581135725967548081e-09 7.061344156754062069e-09 2.174143299972227326e-09 -1.197448236182100582e-09 -3.102762216418087204e-09
-8.947141612184030767e-17 1.893025859152269936e-09 1.802489144450464073e-09 3.298181960769567817e-09 2.155890657782888500e-09 5.942590039322468791e-09 8.961514986843054131e-09 8.221290438412894086e-09 3.646684135299721843e-09 9.492561660477095544e-09 3.234622203040306913e-09 5.472896803309321128e-09 2.405383322915432112e-09
1.880614262520716903e-19 1.706634131839743074e-10 4.489941744995130930e-09 6.265901830240001624e-09 5.836521258193648320e-09 9.162154592807569514e-09 7.047820842892945685e-09 1.123647342068229053e-08 7.430947600413073657e-09 9.294970552343564366e-09 3.583397139512291344e-09 7.194313680438968208e-09 7.653042442881167045e-10
-9.594906633128049251e-19 9.110085778919910301e-10 4.233337994652970483e-09 2.851292394505515155e-09 2.894356630369927167e-09 5.019683144141958550e-09 9.786305662720935756e-09 3.040483430582221421e-09 6.873053170411992005e-09 2.511239562571425567e-09 1.286398536043032579e-09 -2.190870737041480481e-09 -7.787801499857255709e-10
1.103831527446469819e-17 3.660843843326928374e-09 3.772463399530980597e-09 5.852163631131522303e-09 6.783602724534408224e-09 9.478789159212727214e-09 7.745149613147091770e-09 7.602719554112523057e-09 9.794157577937391220e-09 6.452030608813782603e-09 -1.926259647182218567e-09 -4.636724990952467651e-09 -1.191247971228267309e-09
7.620888738408864940e-17 4.495837993094927175e-10 9.069986044955424153e-10 4.194823704806082869e-09 4.576569658107061049e-09 4.692662650649767972e-09 1.161234543499959257e-08 5.989208522475490871e-09 8.840146581437539802e-09 5.568228052019087192e-09 4.259217711771370095e-09 -2.805756175662867861e-09 3.772893600962169660e-10
-3.163813946496748509e-19 5.225917039016609772e-09 8.005370313754536374e-09 4.075992832524552021e-09 2.996191859627798693e-09 6.011601867652005293e-09 9.878157239069837724e-09 7.841812399060855294e-09 9.485765040707479556e-09 7.942757495434784420e-09 3.145254411356426971e-09 2.033118658136805379e-09 -3.779623173550760544e-09
5.178522043028625490e-17 1.314477119503627098e-09 1.217682754055738224e-09 1.157690747531402083e-09 3.000570046818213094e-09 7.352756694806887254e-09 9.254989581494026634e-09 8.449291374064011959e-09 6.404173357961062137e-09 6.679413857063175498e-09 -8.192716942643979049e-10 -4.514794061440732082e-10 2.420904230263504804e-09
3.541920658746042708e-17 1.925098001434347813e-09 2.673934498187217016e-09 3.434039813177473748e-09 5.079609355428428396e-09 6.121053661303650956e-09 1.041492610239979213e-08 1.258612031280064775e-08 9.362000814970041735e-09 5.340912879316736741e-09 6.610194048846068104e-09 -6.708356534810819819e-09 1.408187814732789602e-09
8.314637460471954812e-18 3.433501238215007337e-10 3.041310419824209153e-09 3.904059280061454512e-09 3.238281289240332077e-09 6.871213068784390800e-09 8.220564493723617983e-09 7.364301791252369859e-09 9.284642780281192481e-09 9.263267082814918190e-09 9.207050930580396418e-09 4.930312362095693799e-09 2.626336181678861377e-10
2.654592509274256018e-17 1.323518401810808482e-09 2.098969230551025872e-09 5.114723860086757312e-09 8.427584776418828825e-09 7.936418009715428163e-09 5.938284795637775949e-09 7.360754511482191720e-09 1.226716771283721655e-08 7.750999804250496686e-09 3.939320333419682548e-09 6.536671207543942918e-09 -8.486029415197541367e-10
4.587315439315058700e-18 2.531625719002056736e-11 1.084379579387004906e-09 6.853747425328822327e-09 5.024781254771195224e-09 6.628029605227749407e-09 8.773002807131833227e-09 1.117377097892907056e-08 1.046705925207902439e-08 4.933599801885163994e-09 2.101104395282501150e-09 3.707776813000618194e-09 -9.571975577445835451e-10
-6.267688476686718099e-17 1.736604950892157827e-09 2.100734697002657586e-09 1.291439805283189314e-09 6.212444086042949852e-09 4.744274550494519175e-09 8.928195060911975475e-09 1.030116113031363741e-08 6.232461821615456899e-09 3.317651150510564794e-09 -2.795647739735410380e-09 5.183479633732887618e-09 -4.440022790921574284e-10
-4.306440423450723121e-19 1.419505846787031060e-09 2.547616058043188211e-09 3.167024768480861649e-10 1.321277472953611860e-09 8.842501880949572446e-09 4.948163109926649347e-09 5.173912027325390195e-09 5.369014712687667330e-09 9.624557183920824476e-09 3.584628687132922114e-09 -3.014042029374116490e-09 -3.189701951902019885e-10
1.528417597623874232e-17 2.565402770337414195e-10 1.452033484041482456e-09 4.098541198913224638e-09 5.767443033043727432e-09 1.138287923446371884e-08 7.025873723219046438e-09 8.367920476333760842e-09 8.737121291223401650e-09 6.491789285329299356e-09 9.043340899799757562e-10 3.500756427514878368e-09 1.288943501328687527e-10
1.462861332598807382e-17 1.707236095694505254e-09 2.432225885950993996e-09 2.302598167142164815e-09 4.347626682705941778e-09 9.059729983810663934e-09 8.641325823861840311e-09 1.120093967672492045e-08 8.500428925124993451e-09 7.156580701888452024e-09 4.099720952649621502e-09 -1.633434559137593135e-09 -1.241338433829941995e-09
-6.622505034632387526e-17 2.038886553669755111e-10 9.375864084764877865e-10 4.834377049349700276e-09 3.882068253414315236e-09 2.390872638552820025e-09 6.999792075267446640e-09 7.108068926567958809e-09 7.205160986820755335e-09 1.499243501224534153e-09 8.113372007040584894e-09 7.827786649649623954e-10 9.770415891774282508e-10
-4.408832768668960727e-17 6.944883505957302441e-10 2.601004378407244792e-09 4.202556343027150836e-09 4.526807624389182614e-09 7.785430008024260403e-09 1.571311199579365625e-09 5.976967405451523785e-09 1.146584333562834774e-08 6.407262653115240021e-09 5.347159342784436690e-09 1.412899772725273046e-09 1.445678925409694269e-09
-5.286472123827001081e-18 5.329989009579424413e-10 1.989605286780798785e-09 6.465618853789772539e-09 5.111196353564284827e-09 9.052512470300866104e-09 1.135521946032041097e-08 7.629441422262720915e-09 8.393395948738002737e-09 3.527696018151758580e-09 3.748367364391308496e-10 -2.577639964396251575e-09 2.127548724686763831e-09
3.058254792750138795e-18 9.356401162818109500e-10 4.134846603780381040e-09 7.127303104361039025e-09 4.441703463423755752e-09 6.877708957087326811e-09 5.865531638409928054e-09 6.855106228271457503e-09 5.741510283843076126e-09 3.712848117348381924e-09 3.369957117326846949e-09 3.716914862597634029e-09 1.876949914476825995e-09
-8.517606543108025949e-18 2.316710071172722551e-09 2.086154033426970235e-09 3.027729178302921011e-09 4.100860926350369586e-09 6.925596728920947298e-09 4.858193880931534067e-09 5.248965808928944280e-09 3.973569141226844356e-09 5.632380273549587215e-09 7.640944983296790927e-09 2.481068811347508514e-09 1.917038416719872586e-09
4.633001171719209697e-18 6.848582479977030462e-10 1.762121951390804641e-09 5.378997900971166172e-09 5.567044611725593367e-09 7.460914071228804273e-09 6.271226447410092301e-09 3.062889727502827545e-09 2.078402061211469549e-09 6.365702144913099705e-09 4.860811091245167368e-09 2.819558847081367010e-09 1.117696627173950939e-09
-1.701996194164123852e-17 4.985154012066518335e-11 8.665264016848428256e-10 5.622217509856376135e-09 8.415081284575471156e-09 4.236701596569678850e-09 8.532046771834850798e-09 8.724385094194841073e-09 1.067434625634937272e-08 9.490988559859707599e-09 4.165533673993478897e-09 5.299466924896774843e-09 -1.795635874159096764e-10
-2.695124643546214760e-17 3.050676259239578283e-10 3.637242077644892208e-09 4.410261841788225059e-09 2.958497469484428219e-10 7.012824214238615447e-09 4.606318185356945756e-09 9.954168022430522615e-09 2.923227703297832346e-09 4.855512527303803363e-09 3.080181133800136675e-09 1.081668030091532044e-09 -2.685120849943946303e-10
-6.062177478473753319e-18 2.932317105381608495e-09 4.506648133362713446e-09 3.292785452553231883e-09 6.245243975832115014e-09 6.411716907705828995e-09 7.925124618827661250e-09 6.171739316699411941e-09 8.032530721017396248e-09 5.340525632744285146e-09 7.732444827665013098e-09 2.349157723963407325e-09 -6.699304988490271216e-11
6.098899155393416111e-18 1.230202515282248384e-09 4.531989677020064992e-10 1.699476604273025165e-09 1.592012914336542651e-09 7.184320760224241567e-09 5.852352073476419544e-09 4.169094045170971047e-09 4.750902865296281254e-09 3.717581531599199331e-09 7.863236905389602892e-09 4.750601067753879270e-09 2.903193304771644301e-09
-5.446397795829019756e-17 1.245521401312053092e-09 2.752396967055977836e-09 4.735755571308501818e-09 7.499731016234770742e-09 7.827552582205624824e-09 4.354294652338497596e-09 5.076370437889489419e-09 6.496799577852639474e-09 8.201807084978214102e-09 -2.808649400636472499e-09 8.996298995997721695e-10 7.463162008839330525e-10
2.619397477367649895e-17 8.310130508955705076e-10 4.314897707412919422e-09 5.445647233289856088e-09 5.324797798910158708e-09 1.178117710462118506e-09 7.005863054942986682e-09 8.650296566071541037e-09 7.542679051713176621e-09 4.890771338166010539e-09 4.634354507876696704e-09 5.483454757897537903e-09 4.448984829371764787e-10
3.186896646936567821e-17 -1.037595083251022201e-10 3.083592902636615654e-09 2.744740266495245194e-09 9.910881489356105058e-09 7.855778346089858338e-09 1.372582045963971781e-08 8.705013184529042580e-09 1.125296806472822426e-08 7.958259382792111253e-09 6.138994099950489909e-10 -3.517046077294551827e-10 -2.159902038139479667e-09
-4.151244805224876837e-17 1.223187269498430381e-09 2.410930175040522876e-09 5.576343739930392453e-10 1.109779553227439887e-09 6.964924776728085607e-09 7.279701456291159004e-09 1.075144221808705365e-08 4.260245482654857448e-09 2.424006168000240707e-09 2.285654777958636592e-09 1.041869896177976629e-09 2.087455249729802985e-11
2.395169013338397039e-17 4.494866389420232889e-09 5.104304261417436635e-09 1.120920266105813852e-09 8.341987125031521341e-09 5.935942385491112280e-09 6.485484993360298736e-09 8.550018836821794257e-09 1.036261698911636800e-08 9.553548462023538264e-09 2.982139645374511164e-09 -7.406979888365159537e-10 1.231197369668891303e-09
-8.517826963768231991e-19 1.595315191179509359e-10 7.717791341680118859e-10 9.702019428454655087e-10 3.308779640439515669e-09 4.036745662183026257e-09 1.171256073597996542e-08 8.186967593781345871e-09 9.789074479932373114e-09 7.172630282065678315e-09 2.739098353761554281e-09 8.479341635369395232e-10 2.775936452018004646e-09
1.861073382972009135e-17 1.944460263983060811e-09 2.304093696697741959e-09 2.339854165453216998e-09 3.261346171659535873e-09 1.172444609291538787e-08 5.441563852831156301e-09 7.921525331787287623e-09 1.108850766468397982e-08 1.364371093854870735e-09 9.100061973718900630e-09 6.017644195860174043e-09 -4.796193203268091489e-10
-2.429331144827295733e-18 1.664594869743198593e-09 4.001259679382884506e-09 3.635400977812965377e-09 9.263068552273606310e-09 5.175862834212830802e-09 2.993258746561229533e-09 1.019900264236438929e-08 8.294401553051665628e-09 8.139594495048427577e-09 3.362117510550238310e-09 -1.995327424053271865e-10 -2.568941742123119535e-10
-2.651891063373793755e-17 4.118730427076308676e-10 4.274700648091359250e-09 4.047956691842206175e-09 5.499157601368082206e-09 3.616249478250740849e-09 4.046456201975404220e-09 9.097557636637302771e-09 7.138279130282241403e-09 1.581119447783813459e-10 6.552957315146249890e-09 3.380458053710814457e-09 1.540431375735577854e-09
-5.348675436383028276e-18 -6.142590260435838882e-10 1.810685297753191786e-09 4.476367359999498053e-09 4.276588655787467175e-09 6.121452412183533451e-09 1.103195253567394619e-08 7.625734637024595645e-09 1.094168696871816084e-08 5.637714594866220763e-09 4.333209089784655574e-09 -2.035958062653961391e-10 -6.298980278214177962e-10
1.467740435689067581e-17 6.301232665394711714e-10 3.068023007171581511e-09 1.365641813240442257e-09 4.455572800163616960e-09 1.031186874050719122e-08 5.728747497504299438e-09 7.603058384877122473e-09 8.039586195519948418e-09 8.022337318642032770e-09 8.680410536656304497e-09 5.043807551805939821e-09 -4.093065225331462375e-10
1.182710830657542495e-17 2.379269561582107515e-10 2.683652183225804340e-09 1.811264696742462925e-09 1.901354040192073055e-09 7.639811839972161893e-09 5.274621375668098637e-09 9.553634431391039349e-09 9.006870262297647863e-09 7.105768768379784439e-09 -1.041328978513806213e-09 1.611211427145931607e-09 2.431735755693124757e-09
-9.170318601728258167e-18 -4.763881042069405688e-10 9.003536728060853336e-10 3.807830977935843877e-09 2.897457910587053014e-09 7.055941773144463987e-09 7.945066638062169015e-09 7.953952511049257963e-09 4.941180177229815211e-09 6.466751471042953116e-09 3.809551786853406867e-09 -1.431018780147144916e-09 1.459645043599063312e-09
3.611121414354747684e-17 1.425521375830275797e-09 1.014242492767458401e-09 3.115192888469383882e-09 4.292695377491155380e-09 2.524605952606721544e-09 5.734318010633768964e-09 1.622099786704532403e-08 7.276140839420054243e-09 6.070242022154076565e-09 3.869048757828574224e-09 -1.837555816512288282e-09 -1.751622537975382123e-09
4.206764216176254203e-17 3.918976960198853545e-09 6.457852847956212964e-09 3.718219187110398301e-09 7.536136377408902637e-09 9.941907963756347992e-09 1.306418134663868321e-08 3.982900920552287331e-09 4.017336812835625765e-09 7.367549545980519838e-09 1.503203591712830493e-09 2.493572408469069307e-09 4.443839239142205284e-10
1.651706536996797441e-17 1.040395077133081796e-09 1.290086191202505568e-09 3.263229569838376827e-09 3.047279230703058366e-09 4.989289770840010445e-09 7.453917439469733813e-09 6.302420938692908518e-09 1.194272736043851946e-08 6.821573180977432748e-09 4.388906233535878502e-09 3.686360217734197438e-09 1.515280188386826354e-09
2.207377316942879622e-17 5.982784880107070587e-10 2.008913773219307830e-09 6.221959380482281883e-09 7.963261294683338451e-09 7.871930554035767368e-09 7.904814104788595495e-09 8.642217399381451255e-09 9.928417920822983670e-09 9.082729863876198048e-09 5.626092187432533528e-10 -3.389326374516956716e-09 2.969383307178215096e-10
1.521217522955378227e-17 1.422260177843566389e-09 9.551403598571999056e-10 4.677412454801495842e-09 5.178707917185611888e-09 7.577389187019285207e-09 8.844813689076445692e-09 8.850803773997537380e-09 5.261970529412209862e-09 1.326809223931198331e-09 6.867504098054906894e-09 2.104541941976336948e-09 -1.673682563316271283e-09
1.626320343542134922e-17 2.742189567295338151e-09 2.970170819021106837e-09 4.045675452737652909e-09 2.017890543100710384e-09 3.336786188404866766e-09 4.252420742668169575e-09 5.237679685211661658e-09 3.636844285627672080e-09 2.461158978614974380e-09 2.114299772026284829e-09 4.889488981421426175e-09 1.311670184388820831e-09
-1.472477530026953311e-17 -6.442787497316564953e-10 -2.005475931803901729e-10 6.625966446366263530e-09 3.722454006101214442e-09 4.929817352460547812e-09 9.220125501791990326e-09 1.018443852746569469e-08 1.295982695840815213e-08 8.444540906510698645e-09 4.577084729828322237e-09 8.219925348538952883e-10 5.710134374501512252e-11
1.107916062818881740e-17 3.223611374053865253e-09 2.345931481542752599e-09 3.190867253196451414e-09 3.668654911694772613e-09 6.401593620957616255e-09 2.926317769259325600e-09 1.443499203472795444e-08 1.515701176440535792e-08 9.171800798480135401e-09 -7.846955527121434736e-10 3.169822739641660007e-10 3.446907710548703203e-09
1.726451895134951590e-17 8.771284514962122244e-10 5.280000217846353916e-09 4.636625865616787254e-09 5.420444744780785032e-09 8.425597082590158676e-09 6.651387845545183098e-09 7.172567449862272970e-09 6.228059925130873285e-09 1.352875997631879258e-09 7.836273787055448362e-09 3.305310760340973060e-09 1.050533939218449633e-09
3.045740005705261410e-17 -4.691871106684613611e-10 4.557488466745225188e-09 5.401266550465862784e-09 5.086813148701948794e-09 9.683234854288383225e-09 7.936176105870704900e-09 1.007305785457190799e-08 5.316768224626509639e-09 6.242191324588399826e-09 1.184779139117430145e-09 -8.641180159383257262e-10 2.789311116186604921e-09
-1.785524759832171373e-17 1.636725444055961172e-09 3.506999046105885650e-09 5.169129997119967951e-09 2.552570579968349697e-09 7.209399497796742594e-09 9.901187672390759976e-09 1.085107490216741974e-08 1.105987510053132557e-08 6.034525483115380120e-09 6.312450414882989451e-09 4.439127526783096781e-09 1.294732028281697177e-09
2.574437442394525534e-17 1.572138618375816150e-09 3.266960776382633527e-09 1.080292234610267783e-09 3.519527779546720100e-09 4.976976248909950856e-09 5.808523137918562576e-09 1.009143934807936711e-08 8.624517976671987708e-09 9.439210010041018192e-09 6.650035512673319918e-09 7.012388150835651611e-09 -2.831920070509769780e-10
2.511707901950070902e-17 -2.955678116261513767e-10 1.552240957670467638e-09 8.938967022817241259e-10 9.740210567479899623e-09 8.719628589915447803e-09 9.041305472064258956e-09 6.022697025622097908e-09 1.159102225673548755e-08 1.084857370602873368e-08 -1.348212597558855432e-10 -1.067315009941369741e-09 1.360905315196142435e-09
1.907080229870072811e-17 1.068619099035036636e-09 2.167997349257826198e-09 8.551260091109234608e-10 5.919626172186715495e-09 1.801389081192269139e-09 1.024049483763838376e-08 8.373458487957446891e-09 1.315494394820114406e-08 1.635705217604066741e-09 6.052029354914199407e-09 4.074489444599266115e-09 6.573647439070577704e-10
-7.136997744512294297e-18 2.372197662668764715e-09 1.767644059065555982e-09 2.114650910822360272e-09 5.706486956559999346e-09 1.127939668558649687e-09 3.505030723457883117e-09 7.509064376558676144e-09 4.079917202583265249e-09 7.661950548753107289e-09 3.408885441200089511e-10 2.095084360407301408e-09 3.294179864725635782e-10
1.046949684587475638e-17 8.516994942811706280e-10 3.515383517670596404e-09 -2.137591511849875200e-10 1.734676328368583772e-09 7.129824994911293683e-09 9.568334608890734921e-09 7.636156773717598354e-09 9.418167263083517309e-09 5.279741494040226006e-09 6.469431465702806433e-09 8.071245984399832511e-09 5.383402119027042426e-10
4.431213076602940105e-17 9.594218762266023074e-10 9.654592163043895985e-10 -6.222837473398988213e-10 4.055913388157436897e-09 5.177071516241217615e-09 8.963961473724823936e-09 6.956852602159489843e-09 8.659351682861967085e-09 6.390218464267747018e-09 3.055596583033247877e-09 4.745186092132141971e-09 3.111261432783881964e-10
-2.034219345681502575e-17 1.569712432705700153e-09 1.797122204058005988e-09 3.105464318941692260e-09 5.584860659357037607e-09 4.894454592699800643e-10 7.190437138513749085e-09 7.480863438031993160e-09 6.037945094843030058e-09 7.585239958815309431e-09 3.454635512360040617e-09 3.615479946665972434e-09 -2.349605470022980731e-09
-3.230647741699197417e-18 2.254366727386045627e-09 3.502691602977107110e-09 3.748220623094583152e-09 2.686747321736518567e-09 4.287271852187013833e-09 1.078234740960823892e-08 1.307400551278592618e-08 5.134693133884841611e-09 5.493771048103442842e-09 5.788342131035782811e-09 2.460421140253929332e-09 -4.804956295375863072e-10
-6.281266770521272724e-17 6.808972508811392046e-10 8.312020406853702913e-10 1.792821920039038055e-09 3.216280743293965931e-09 7.901069025901792296e-09 8.050085887663152270e-09 3.521643278660747007e-09 6.916461491080238052e-09 1.394846552360625334e-09 2.635564842506731553e-09 -3.874679966818008417e-09 1.986988906711257978e-09
7.108174758053089682e-17 5.615161780216864985e-10 1.535056975565971801e-09 5.595796689928472856e-09 4.279238535741389564e-09 1.263986486888112387e-08 5.540840493699358058e-09 8.522258368515029103e-09 4.621753129813852282e-09 1.131380353346027121e-08 1.464103098775554210e-09 3.138759838124058322e-09 1.164124564821908506e-09
-5.650089991348066287e-18 2.375486185498233111e-09 5.736992862746726407e-09 3.795090031538308924e-09 3.739791134904308187e-09 6.581075496571539431e-09 7.476536909675803929e-09 3.564489647002275389e-09 5.405762973761505349e-09 3.352374355075603209e-09 5.333578360727642077e-09 -9.427318810702929341e-09 -1.016025970607156456e-09
1.175836382180085863e-17 1.231760447788752490e-09 2.238439348481942192e-09 5.700219033181851566e-09 6.942049637893563559e-09 9.452200573182363113e-09 1.111251352734820777e-08 9.416387412411238754e-09 8.720216890052062235e-09 4.078174083843228125e-09 6.715746222005303571e-09 1.434890838038014455e-09 8.208749014034433173e-10
-4.350956617551316630e-17 1.211483069741923231e-09 1.339643834480109706e-09 8.308611522198661022e-09 8.730873719776326732e-09 5.204084776838181391e-09 9.374847451195431246e-09 1.230791128160251051e-08 7.115303542971209266e-09 5.362875414181212520e-10 7.233678145054444711e-09 -1.031751813359232453e-09 8.226280579487110124e-10
-1.501556353257329066e-17 9.348620369080464380e-10 1.565654397807165106e-09 9.794491522793384694e-10 9.530235598207399324e-09 4.911448509716341376e-09 5.746730289309535298e-09 2.466639068703886425e-09 9.101779464097590590e-09 8.480969154063983911e-09 -7.850630625557093944e-10 -4.512765178107777565e-09 -9.102916930528102924e-10
2.006895277284919089e-17 -2.644139568087745551e-10 2.552852394564067491e-09 2.710739857432599178e-09 6.121598643055282144e-10 3.037928331796785884e-09 7.206151414449006902e-09 1.013979637283000680e-08 1.072810063776412600e-08 4.727911501084190722e-09 6.811242100569820727e-09 4.188507399329523422e-09 -2.847080398717313233e-10
6.419040179090113180e-17 -1.513531047964113368e-10 6.422704173776618948e-10 2.177379423540565546e-09 3.951887179822248336e-09 5.506048203949534588e-09 5.730601952984385596e-09 1.033440476478676259e-08 6.063137887585659682e-10 8.060445367140689603e-10 1.984693963883830069e-09 -4.534415970448147616e-09 -1.917010769998141427e-09
4.183654864381155206e-19 -3.049552558734786938e-10 7.408852338788821874e-10 2.716941140304425254e-09 4.240855871174766643e-09 2.261521550844063721e-09 5.843980639530081045e-09 8.033466060211558262e-09 3.266737329861902743e-09 1.230803826948363661e-09 9.234500349879747809e-09 4.043242009426742585e-09 1.004210970401337661e-09
9.687973587776164099e-18 4.189782586612007865e-11 -3.087882022905283298e-10 3.603971808535355867e-09 5.787756732652744226e-09 6.683140719029452489e-09 8.494552242643290230e-09 1.257308775129740153e-08 9.876933894374081750e-09 5.717480566936141048e-09 4.114309247032354516e-09 2.847369780179710069e-09 4.740687130203673301e-10
1.784182628711218390e-18 1.535115657740964651e-09 5.298221410454827541e-09 3.883500984524521926e-09 9.631309388722890911e-09 8.091873630375104420e-09 4.656248885862988248e-09 7.349347970604663976e-09 8.455472674852766800e-09 1.030101961053519928e-08 8.985049248213413619e-10 -4.777972423312924341e-09 -1.410078288599307759e-09
-6.365668242846680926e-17 1.464155675568826780e-09 1.482056019128924636e-09 2.439732027005466758e-09 3.745425236779364688e-09 7.218264237514080431e-09 7.648050750960453165e-09 1.083189839387599946e-08 8.579313280260296731e-09 3.393906160965743885e-09 2.026973244402418992e-10 -5.320676578130920617e-10 1.921845970106653746e-09
2.888806663302796387e-17 1.621914414581508191e-09 2.305533326422692983e-09 7.585878477820571530e-09 4.587238520158079587e-09 3.619026994899983127e-09 4.620956715089739669e-09 8.351889393374968622e-09 6.779835588465871162e-09 7.055656147622628353e-09 1.623549635671257863e-09 4.952748988905426774e-09 6.762104202814725992e-10
1.257829961686160777e-17 3.190172144407326640e-09 2.262572524140534066e-09 1.318333473716612744e-09 6.749519770926536257e-09 5.407137638848052806e-09 9.549155325547494609e-09 1.240497468504270951e-08 1.140561114262628933e-08 6.871240197700322511e-09 4.517473086234493967e-09 2.336700674830453838e-09 4.712630922908437399e-09
4.076215174375742964e-17 2.026373762896418102e-09 4.241716590119804723e-09 7.784645589297407467e-10 3.268196730643549060e-12 4.139235583727940919e-09 8.605249403098888288e-09 1.236692308056087788e-08 4.589931702268123257e-09 7.586439363572565932e-09 8.153975112046520868e-09 7.847242079740776946e-09 4.505782738574499313e-12
-6.514412196239531028e-18 1.090708870706717454e-09 1.554711749295426001e-09 2.630832879098111030e-09 6.130642233815315200e-09 4.944213596257119129e-09 6.572493581422346721e-09 1.430943147406915953e-09 4.435980722277337539e-09 4.127240297047660045e-09 -5.500971372643296367e-10 2.026293742024936229e-09 -3.400784530057707049e-10
-9.372870760776305321e-19 1.067558866706807855e-10 1.962919124042442292e-09 6.969057229370960359e-09 4.184847636956358652e-09 3.692586935795423143e-09 2.542072695192306053e-09 1.002935030757926984e-08 3.435761012556964383e-11 4.514686264047481732e-09 1.300013522918550564e-09 6.336201284987131897e-09 -1.002101784501372087e-09
4.148865955317119786e-17 -1.037337634029918295e-10 -3.087948437542540028e-10 5.866589429775288992e-10 2.408350368509047535e-09 2.383297341221063310e-09 3.594979421334237602e-09 9.440867573766980118e-09 6.925868585998527761e-09 9.554640382872654378e-09 7.309580931656772155e-09 -1.840145122216690884e-10 1.337819873270624246e-09
-2.147693610334561137e-17 1.384056757969722944e-09 3.809888991251547647e-09 2.828378348878388997e-09 8.751783517163906746e-09 6.808686410930348978e-09 4.247379010404072563e-09 1.073549531439626187e-08 1.096940329487992406e-08 9.642754949204650483e-09 2.478733781296332709e-09 4.711002381706362162e-09 8.268144537222023626e-10
-1.813690940554022224e-17 1.566172202792925768e-09 1.294576821693955869e-09 3.624908329470433856e-09 6.691793091035554875e-09 1.023273476088327358e-08 8.066242707830394928e-09 1.355549852362341939e-08 7.812572225769382117e-09 7.725542657340906781e-09 6.071598996340301604e-09 5.161843461369615610e-09 6.496793342687184779e-10
5.289432189274388657e-18 2.354457808083571950e-09 4.972251716916877288e-09 2.670104520995751322e-09 4.910076031825635962e-09 9.256749868896517850e-09 7.793996359624830256e-09 7.409757692141862300e-09 4.461726818063081278e-09 7.507659688504695028e-09 5.379564750513456076e-09 4.879104277561220789e-09 1.926772055076884070e-09
-5.604029304732803145e-18 3.444804450001169331e-09 3.624752497670115410e-09 7.722117065271303930e-09 8.914284746549416299e-09 1.390118640074665142e-09 7.931211117904965727e-09 7.829866871256868563e-09 9.160245237064759910e-09 6.083517533006040993e-09 6.381170248259166013e-09 -2.621306984089659642e-09 -6.431967573917308386e-10
-4.692146850653177779e-18 1.856377328595322675e-09 2.738099974403167555e-09 2.942928447399468451e-09 1.262162307837812191e-09 4.721388007371257231e-09 8.804862208320802525e-09 1.321694286110422406e-08 8.161963481909462901e-09 1.042885456418784263e-08 9.473922366272408080e-09 4.787861508469005270e-09 8.920056233734186588e-10
1.202352326852711848e-17 1.887296076073126097e-09 2.549442744589117018e-09 1.178914332187673177e-09 2.147596702757722648e-09 6.560516540181099510e-09 9.908552757775291088e-09 7.331747619143732600e-09 1.147752503521538261e-08 8.302939147001964530e-09 1.850704623440467438e-09 2.538505674762532185e-09 -7.951031470492536556e-10
4.602318501003858611e-18 1.377093772589743339e-11 2.159556662209187188e-09 7.841482974272132566e-09 5.788458006501804088e-09 5.687027037696908734e-09 9.670284915588034739e-09 9.383720143174232126e-09 6.329570415645995364e-09 9.106138711982902467e-09 7.424326326532500368e-09 -2.844523521320710875e-09 1.604967559854386205e-09
4.229681150441869143e-17 3.408559128079556398e-09 3.057014090892492927e-09 5.687935992025559176e-09 8.787343629784083747e-09 4.133493522403768173e-09 4.258103613268905865e-09 7.151291950430209424e-09 7.205083482504178766e-09 5.757190964986580759e-09 9.943056205658095114e-10 7.071024235141286580e-10 7.673760054249440628e-10
-1.221686286527513104e-17 3.175083109427609792e-09 1.223728290802542526e-09 5.356977554200602533e-09 7.508435159141176961e-09 5.173940474992767307e-09 7.723510064160847725e-09 6.966456189325219285e-09 5.309697496818576930e-09 5.203724777693460722e-09 1.097345745494031748e-08 7.464810010886767225e-09 -6.315381104367445703e-10
1.969338500178617515e-17 5.555903151176868100e-10 8.977799963527378323e-10 5.953941384564283940e-09 7.131745996895981459e-09 7.904575510070788949e-09 7.158555565105434233e-09 5.647932462427864593e-09 6.444823422394563399e-09 4.766592680433310420e-09 2.309587960488488300e-09 4.836725777275805065e-09 8.855455122558821722e-10
-6.658662788665306927e-18 2.553014765140851886e-10 1.658852709242610260e-09 2.299858551947071399e-09 4.454680247519545743e-09 9.753769547629920106e-09 5.747192230590839902e-09 1.021872092446097554e-08 9.178563975551524554e-09 8.217991526325918142e-09 -8.063531262426354619e-10 4.873194608185772745e-09 -3.717702006612652537e-10
-1.280528890396683219e-16 2.075822619996311665e-09 3.335720353398671562e-09 2.937618301421000247e-09 4.130025883182446615e-09 4.416472020093757669e-09 1.039815604759780048e-08 9.243938473117007459e-09 3.604502270566131605e-09 3.417413727234448139e-09 1.199767761911105921e-08 6.585184581286503598e-09 7.728320212452955044e-10
-3.131837510903581848e-18 1.203199718609388762e-09 -1.756202706022433700e-10 5.475999741062774670e-09 7.472128808919700669e-09 4.091971681582197081e-09 6.392668629314216306e-09 5.468881963963390703e-09 1.213118416687021082e-08 7.733410388387523019e-09 1.008960692628439986e-09 3.330347016861640095e-09 -1.799504757381724739e-09
-4.759453427652716233e-17 1.026031263342560807e-09 8.547315519040615979e-10 9.752706020478393263e-10 1.892479833163876436e-09 8.804073038602223661e-09 1.324079485103566738e-08 1.330531668769705727e-08 1.033521663183066515e-08 1.049221390898022108e-08 6.828591360568102424e-09 4.213145441447590917e-10 1.121901135595945388e-09
-1.333662460960768986e-18 5.621451628752596626e-10 2.461154079726725895e-09 1.201094269960737492e-09 6.717698597141649313e-09 4.666868081657916616e-09 6.170244522164147527e-09 8.943016084830374033e-09 4.571361040199361593e-09 4.714752643450648707e-09 5.756667648373843784e-09 4.957164527362561075e-09 4.798504606268778080e-09
2.299829729229795805e-17 6.281358200399383019e-10 1.805523929214054876e-09 1.452665262908984822e-09 3.782067886806037134e-09 7.614485375810555947e-09 5.417810273922985627e-09 7.158071207771513068e-09 3.198476286819617225e-09 3.203214224339731456e-09 1.883787058933973776e-09 1.121094394875006328e-09 -3.829304895357147937e-10
6.658236915391363192e-18 1.869141835253355935e-09 5.285930791357643029e-09 6.346946845897589601e-09 7.731970060957792831e-09 6.905149857497023514e-09 6.168072845174580127e-09 6.587101641844985821e-09 1.145475830700463297e-08 7.098109415316245196e-09 -5.167912627653434314e-10 3.872826878883641091e-09 1.177427811531427195e-09
-8.488919076442228246e-18 -4.712631454736583360e-10 5.360431889268276453e-10 7.000662737134336478e-09 8.476831455630230095e-09 5.827096941607253584e-09 1.244802517085806285e-08 1.068028837606878605e-08 6.897607796395872171e-09 5.230271951350069782e-09 1.808267611338040023e-09 -2.299810796412307154e-09 1.138619058100989038e-09
-1.017645168059888314e-17 8.992586029956338884e-10 3.720394285977527899e-09 4.527766143678508724e-09 9.728623388637153621e-09 7.036555148716710397e-09 4.021554110658475825e-09 9.908639735748413970e-09 5.563833173940332404e-09 2.050135016139366784e-09 7.266469367402754536e-09 6.149214377310253676e-09 1.254054433002418413e-09
4.734250166468580794e-17 1.056076414650345990e-09 3.200896194001436753e-09 2.841182309771578269e-09 5.041160497154668416e-09 4.195056367915742204e-09 5.892503503369611163e-09 7.744716607214743607e-09 1.478768949269042008e-08 2.954271683391171691e-09 7.714314617847210667e-09 -1.039656493892743585e-09 -2.362586122006295857e-09
-9.391921937217739229e-18 -1.168282555975975702e-10 1.047017888577952350e-10 3.174434280845741105e-09 6.905444449597965264e-09 5.358164384985451160e-09 1.011336463412441772e-08 1.021544654505901534e-08 2.876232363582708937e-09 3.454763543670081493e-09 -4.929400798084495791e-10 6.612638462661214351e-10 -1.909742749168048687e-10
1.921988758978971635e-17 3.451005290968443587e-10 8.217413039382202330e-10 5.256312266545166846e-09 4.300597109775838568e-09 5.712699468155932602e-09 1.183629125105012591e-08 1.078133208273577352e-08 1.638934680500552433e-09 6.416606516815376603e-09 5.475000164561675366e-09 3.030826870903418005e-09 -2.393123441044324751e-09
-6.359361387317308472e-18 -2.873771140565761248e-10 2.441128629344089329e-09 2.661215265653662045e-09 4.502438831580301237e-09 7.163159940481550686e-09 1.021634071152384160e-08 1.231094951583000086e-08 6.596415563481357450e-09 5.344041263697518341e-09 5.747908515803779630e-09 5.456867780754859417e-09 -5.248024582583513532e-10
-1.229238085113793143e-17 3.536250576030748771e-09 3.076164753861957924e-09 9.854347962218532322e-09 5.896863548371130970e-09 9.384068610726501205e-09 8.943227380969064683e-09 8.421513046399792696e-09 1.064393036941800633e-08 8.552468747800673113e-09 4.919045963138456917e-09 7.975517436437213109e-09 2.722475176312014335e-09
2.407932683772120385e-20 5.118027458211365661e-10 9.928248236838911023e-10 3.299336760184126624e-09 3.416896374045822080e-09 2.865386941719628861e-09 1.071548365512412398e-08 9.673482990689463580e-09 1.108282802623969813e-08 2.466490904927938950e-09 4.560732601303446630e-09 -1.713164660010746920e-09 1.608456451129773157e-09
-8.371726717290286574e-18 -9.486528406987660567e-10 6.033676555732236047e-10 5.009821974193427541e-09 7.598159393031508712e-09 8.683842656282617581e-09 9.798741794417321000e-09 1.008797746646025163e-08 4.728148760288065971e-09 5.966647477218914774e-09 1.030572943148575275e-08 4.209511111913713425e-09 1.667033578702159001e-09
-7.981655157847810692e-17 2.677296802750676281e-09 3.230886129483954404e-09 3.675340976143334159e-09 1.576547561991371551e-09 4.936558498112467002e-09 6.455261655185166375e-09 1.065453293045027705e-08 1.142463516716521869e-08 5.614665700110636527e-09 2.213974663751629313e-09 1.553158302372649007e-09 3.403180487654356223e-09
1.776701057984464259e-17 7.691146211784158198e-10 2.075918455914200268e-09 3.925127231683051195e-10 3.270742603574201332e-09 8.242516041486855835e-09 4.398775453297009346e-09 1.157653190815627352e-08 1.151742451728652250e-08 8.639272097359238649e-09 7.544012024863887960e-09 2.729299855854702514e-09 4.623383268514324684e-10
-1.914956390813044922e-17 1.897525622989553251e-09 1.126921879622842008e-09 4.082166134769045410e-09 6.419845926041166300e-09 1.309258416330782973e-08 7.644487126860022158e-09 9.997616011622031146e-09 1.204492362185597306e-08 9.784378668530221385e-09 6.773403117087135213e-09 -2.243494768449519451e-09 -3.024757994661053302e-09
-6.604031257112658450e-19 1.919610968027000667e-09 4.846993146057826566e-09 3.336146219676040108e-09 4.812695705973811128e-09 6.200692504951944023e-09 5.487991179413251915e-09 5.208373381402811091e-09 4.107478446660221352e-09 9.577174171337405561e-09 2.640072351089957580e-09 3.946342539142897354e-09 1.770214601734345092e-10
2.585428755120258740e-17 -2.620715374846268791e-10 1.970699703334131098e-09 3.210094979183708270e-09 5.468107375911703211e-09 8.116330116414251815e-09 6.606869996601619397e-09 5.097356093825789348e-09 7.899170962236660669e-09 4.978230979992606975e-09 5.774780707527006915e-09 2.649597919073536073e-09 4.088717316427407425e-10
4.070763010021526984e-17 1.576633813697812885e-09 4.215224821409629309e-09 8.065105602382831398e-09 6.791681417083651065e-09 8.572636887993627394e-09 1.189739132818738830e-08 7.431644490686028999e-09 1.329567459566311446e-08 1.004206684953583470e-08 7.434145351983295162e-09 -1.065101624473471699e-09 9.274073679020333669e-10
-2.869628455722903858e-17 -3.812962559996306393e-10 1.077150432926251092e-09 1.530371093999327123e-09 6.157289029053739256e-09 4.273770648957378148e-09 8.062253513149198261e-09 9.176388146542688842e-09 8.732192570967449647e-09 2.259416095220732026e-09 -1.276564481497780367e-09 9.705237508354150465e-11 -1.217423906780767910e-09
-1.334609386806777415e-18 1.616022290195633834e-09 3.556605546232902458e-09 4.599884940497934320e-09 7.972334345260887112e-09 7.197870297846622398e-09 8.826870428896099135e-09 6.698473195951855130e-09 7.070907845399868779e-09 1.189030935309254486e-08 4.246321865581298083e-09 -3.104854957217506544e-09 -4.342937317076282202e-10
1.639307120763104963e-17 2.313442871917456762e-09 2.313555675415969575e-09 5.137662560440451393e-09 6.537151819310246506e-09 7.751701103754175299e-09 2.434796073790866153e-09 1.147615873983861703e-08 1.072056490298199516e-08 4.762360050989589769e-09 -1.368849774079461730e-09 4.181761480451974194e-09 -1.573707388121511182e-09
3.720168588924241176e-17 1.100846408380443135e-09 1.509361838171323049e-09 6.407357016781884484e-09 6.622091574753100976e-09 5.739928332201585304e-09 8.170790686167022514e-09 7.332002225309407941e-09 8.473274411717594677e-09 7.241474369316463895e-09 2.682489024739814896e-09 4.154837775221651120e-09 1.993473034177829743e-09
1.036814442808188335e-18 2.418990517948399739e-09 6.148941398437273530e-09 6.261421449323430077e-09 4.721172030633951521e-09 6.018213140153370837e-09 5.612639443018860739e-09 1.408238381206325618e-08 6.156734441874262255e-09 6.706550222014735192e-09 3.048275041702805858e-09 1.201321179528630123e-09 3.133879798492192304e-09
9.580953190426694499e-18 4.367670224861940499e-10 1.473765058404616997e-10 5.701588184535122051e-09 4.403183563166879407e-09 4.894513507160736057e-09 7.680810355214008272e-09 8.403386818537417055e-09 1.149709305161119831e-08 9.525578493945587204e-09 -1.545089715504741638e-09 1.329509294311053216e-09 -1.608289894562808042e-09
7.887915793884329697e-18 6.951596619990783452e-10 2.110817954799669724e-09 3.657722107021368265e-09 5.791163920109240962e-09 9.739215381594440153e-09 7.304647850772595932e-09 1.831100557239840186e-09 5.486210994953235972e-09 2.438792076399791689e-09 6.377251174454058354e-09 -2.246478824611879742e-09 1.430966241469951102e-09
7.405278354979087472e-18 1.084229195002089996e-09 3.343149750261476240e-09 5.184408913864266661e-09 2.258468482388710469e-09 4.287257312497467288e-09 8.484422780528141097e-09 1.183158949624501974e-08 1.928770190818404607e-09 1.511631679244406408e-09 2.192645357373279519e-10 -1.515624708665311073e-09 -2.410222513129392785e-10
-1.395612409249041578e-17 5.660534133181360921e-10 2.667375386899011433e-09 4.907218917475767044e-09 1.624099846223407403e-09 6.517677382748706378e-09 1.044684912792823043e-08 1.071276346961004646e-08 6.307891259095461507e-09 5.217593928088603053e-09 5.783422081343033223e-09 5.156415367907361798e-09 2.643873685840578113e-09
3.328008844949630367e-18 2.386541081033694694e-09 1.301650108908899164e-09 2.411319740477796875e-09 1.013031968324487573e-08 6.721262103984690578e-09 1.158551633859180375e-08 7.657175092962041199e-09 -9.246977319348371210e-10 6.771571312314933662e-10 5.281088498646987648e-09 -1.669265755328864654e-09 -3.957678858281969664e-10
-2.206205652397970090e-18 7.571654752625350157e-10 2.852433808002868837e-09 2.555172410717149213e-09 7.282077303910584969e-09 6.359501174328693067e-09 7.750411432100914554e-09 9.168221662222574706e-09 1.217173246310662186e-08 9.227156853163166828e-09 9.267997987497211395e-09 6.218865337814575147e-09 5.009962694151299091e-10
5.423496312688609440e-18 3.054788782535567380e-09 2.595491490639097441e-09 1.406820195808655332e-09 5.121155145593786544e-09 5.609556629862888087e-09 1.177923596112582481e-08 2.465857623994634830e-09 8.458470723820230627e-09 5.625895959625698266e-09 8.309846479943520146e-10 7.409932638259570679e-09 2.238947954152891880e-09
1.085827804653531173e-17 8.350228132400244629e-10 8.074634399905657175e-09 6.743079268587957715e-09 5.335494229724214853e-09 2.652958926765621543e-09 8.585704839233504136e-09 1.127609563136945349e-08 8.906643148618065268e-09 8.071397243996837637e-09 4.974424055217817172e-09 3.984286847888032874e-10 1.535390087774846512e-09
-7.559860296679932595e-18 8.719855403021393921e-10 1.256954468131733121e-09 3.006228084722147880e-09 3.513838977032570556e-09 4.432094112211420686e-09 6.604072024135434287e-09 7.654544681906077745e-09 1.066696682231539385e-08 1.019368746543269607e-08 4.473944445816171470e-09 3.083838852151317294e-09 9.439044243596062635e-10
-1.790794719719388106e-18 3.457370344387527568e-09 4.050492449207252119e-09 4.212950594896720998e-09 5.729834397566447882e-09 9.036086692600480802e-09 8.346643508982181303e-09 8.270255301871793185e-09 6.140362867908885184e-09 7.959430477706427258e-09 -1.103496818872127514e-09 -1.070606363560589233e-09 2.724170344415654282e-09
1.851108646681020400e-17 1.811231671903651650e-10 2.532770977544914660e-09 4.953855333879956603e-09 3.136144206949301886e-09 7.799685019980475769e-09 8.870843673686331182e-09 5.976400795782426507e-09 5.788432118072314695e-09 1.002107120749832813e-08 3.377440786028606489e-09 4.564031750831076370e-10 7.292672724838106325e-10
2.015751594352950217e-17 2.521379079298168548e-09 1.417243469407065882e-09 4.293876175713502095e-09 5.108469254893416052e-09 2.784557680527595392e-09 6.808459621028768087e-09 1.144902100523813337e-08 7.771832072483384745e-09 7.760803134392895264e-09 5.675401150956775020e-09 6.570447979143003961e-10 -3.086738413853117601e-10
1.188765381535307631e-17 6.276773583719424709e-10 3.501776851000145431e-09 5.905230158089027472e-10 3.870638080182009837e-09 3.428189857798537511e-09 4.157568883989718039e-09 1.122871282164931040e-08 1.038243964493895857e-08 8.743148218789689052e-09 6.337724204512079994e-09 8.158533285214820464e-09 3.673566363987102039e-09
-3.861262385931326540e-17 3.999423687888825310e-09 8.524335226500911447e-09 1.494766605484434264e-09 6.025064424283030906e-09 8.759957416248528813e-09 3.731037433081019789e-09 1.211937380752641637e-08 8.542304868857084281e-09 8.108012088183474574e-09 -2.715795392511288916e-09 -1.192270507521321920e-09 1.497158730324819306e-09
-9.940228562723772020e-20 1.357081151593245385e-09 1.591941406829107202e-09 3.984919923406914148e-09 1.605945455132678675e-09 5.521783470649192730e-09 9.667674110971680256e-09 3.748427307406502018e-09 8.587520225098231218e-09 7.484045934851766967e-09 5.115886390601482364e-09 6.569240312061570958e-09 1.626234035734835577e-09
-2.877839347538065283e-17 9.552678504693055608e-10 1.771190558582563335e-09 3.077378860588112868e-09 2.907416043793017689e-09 3.854341681309046600e-09 7.330734978467307770e-09 6.981935234275179219e-09 1.232919553684443621e-08 4.972822260156448324e-09 1.555517960961623758e-09 1.584638602356305233e-09 1.894694411999290369e-09
2.138749124960075901e-17 2.233758614631620161e-10 -3.862989938301124187e-11 5.799491584999397116e-09 6.538705055156594441e-09 5.229799526378289414e-09 8.474338343562231768e-09 5.917031905640829533e-09 1.052561067039075671e-08 1.287598743896680435e-08 6.136743251468273555e-09 -2.064095488567404973e-09 1.094147532685065646e-09
6.971216186487422322e-18 1.025685007672804795e-09 4.240838155583523148e-09 4.595252444457327603e-09 5.096783263649975292e-09 3.294679318603348871e-09 7.242763747249211571e-09 6.825985788700895458e-09 4.482625831271369666e-09 4.107673983213456151e-09 3.509995412042553056e-09 -2.896675703881581673e-09 8.257116296431337674e-10
-1.737097181016225023e-18 2.417667917599293380e-09 3.225970201145915056e-09 1.686392533515250119e-09 1.892255868929744346e-09 4.544598519394341898e-09 6.005077225459016639e-09 8.113941914220475903e-09 7.638635048705960381e-09 5.968703171305297348e-09 5.172087786068457648e-09 4.174549396724452908e-09 3.571045599152253022e-09
9.653590052679471303e-18 3.133102691224485444e-09 4.809695865767687438e-09 4.928755287908841663e-09 2.251182979633633553e-09 8.062203193175543143e-09 4.320074878526049532e-09 9.592522737280717856e-09 9.559100137188430891e-09 8.768260740298095278e-09 8.462117897267747460e-09 4.336070610303724102e-09 3.190049885050156061e-09
-9.698755049585366723e-18 -4.054759948916028146e-11 3.579154256994928051e-09 4.402217272226673183e-09 4.699158673477112645e-09 7.166089149089598971e-09 7.614672219712708690e-09 5.842168621360204171e-09 1.053659014861863769e-08 4.299972950734255246e-09 -7.459638039057115694e-10 -2.379180213304145611e-09 -1.187498003950284630e-09
3.682045996346974673e-18 -1.099236727911572577e-09 1.634450572831631072e-09 4.452694890638058921e-09 3.696486779318072767e-09 4.562305921652522566e-09 8.610907882891152641e-09 5.651878533936839975e-09 4.103066946333960586e-09 1.324648679150623778e-08 2.791586035638413128e-09 -1.312576551247970251e-09 2.934657579378307027e-09
-7.419165872252513092e-18 2.477599995665386446e-09 3.140778258570247354e-09 4.069580788974089996e-09 6.573772971799117762e-09 9.986290925201529053e-09 8.639412148814058244e-09 1.083351932763222998e-08 6.578870644556988459e-09 2.006473001274021227e-09 2.343401594538241483e-09 1.287122883056563270e-09 -2.546530266572506881e-09
-5.263500199215586273e-18 3.343361283833368616e-09 3.705479420558154397e-09 1.816367501657831283e-09 8.619098029092702248e-09 7.068067104432273482e-09 8.991482443156311286e-09 7.335805550756433045e-09 4.996369441249599595e-09 6.140327601355214760e-09 3.397797189009446342e-09 1.739766034625039130e-09 -1.893888891561361495e-09
-1.219263513658885340e-19 -2.023180951934961289e-10 1.589669832814518864e-09 3.721255606152345099e-09 4.003299649693945564e-09 6.434752872643661482e-09 6.910744438841945065e-09 9.198721265660922691e-09 1.087366089225198422e-08 1.010453851170281097e-08 -1.269251806751383113e-09 4.592376355294573712e-09 1.824836184328339828e-09
-7.369511141351022853e-18 1.143237008953784641e-09 4.437612281430395214e-10 2.732868190528154300e-09 5.182576986409559828e-09 5.224797151852749237e-09 6.583757480753198781e-09 2.276003552695083365e-09 4.278459262929622412e-09 8.477890837846096950e-09 2.441451093300517415e-09 3.863099070330125530e-09 -9.494507319714559593e-10
3.849762423232121119e-17 6.069439408504769651e-10 3.179779205343049615e-09 1.234923127018623520e-09 2.483575432951254209e-09 5.539078071367321849e-09 1.068025671499433550e-08 8.339687124658796774e-09 1.336971917773614738e-08 5.874121828202061378e-09 3.650842309577287888e-09 1.765338421763348288e-09 -2.817523971842578326e-10
-8.908458194158558727e-18 4.711879025834502367e-10 -2.315049241226581743e-11 2.668657319111224023e-09 3.154133650799518111e-09 3.442074072305866481e-09 9.741376866424453109e-09 6.328920406354798742e-09 1.359311500263855722e-08 6.156884388014013645e-09 8.423643861086807284e-09 6.070367003152477413e-09 3.474561118446496978e-09
1.261024742862068925e-16 1.462953096886046484e-09 2.135173019428349945e-09 3.791460527491987285e-09 4.313583253376571226e-09 2.664152083034324626e-09 1.003944428349805361e-08 1.126082549165521141e-08 1.184673730529086138e-08 4.019867936937805518e-09 2.870978879498333488e-09 7.766434186550703460e-10 -2.421447288515134568e-09
-2.687631033199064958e-18 1.066636502372327600e-09 1.466172860646126323e-09 2.790772678851974450e-09 4.445611814112622802e-09 5.859335709021264876e-09 5.737945813010251459e-09 7.361006009413192913e-09 6.925262679934902205e-09 2.781402617188170340e-09 3.084475632215168851e-09 4.925871271118304907e-09 -1.513506226728264968e-10
1.167443145240006297e-17 8.418907415081288899e-10 2.745811654788148377e-09 3.662590836360385746e-09 5.526300691803918175e-09 1.473037573247879225e-09 7.761190611056538135e-09 1.098774085804745966e-08 5.114175805358682926e-09 5.741019892655697910e-09 4.252938493836144899e-09 -4.243129038991356922e-10 2.601701940188132903e-09
1.296882189030489862e-18 1.549384986652118176e-09 3.479098861394373808e-09 3.815260360421609685e-09 4.861182739552414394e-09 8.330716087342868509e-09 9.683127006499702890e-09 1.549889214818194292e-08 4.469256910770586589e-09 2.697567387786093667e-09 1.403685161940191921e-09 3.966702811226255831e-09 3.163001435996749556e-09
-3.067488771482721386e-17 4.409460248151348389e-10 1.520058793423820298e-09 4.475425120743174629e-10 6.186956429040821963e-09 9.566698969872952732e-09 6.976110144549409428e-09 3.816595572102895102e-09 7.695593038624767763e-09 6.267515479183221194e-09 5.458858651459072041e-09 3.686027166466509774e-09 1.808670587699311548e-09
-1.538275876786830581e-18 2.478987337395950623e-10 7.691841897555199218e-10 5.362289016581008042e-09 3.015837674306759660e-09 8.980709024490092575e-09 1.353799462567594607e-08 6.034318084589869327e-09 5.618430745921793856e-09 3.207079657126149340e-09 -3.293370060430428426e-09 6.748908456002987364e-09 8.703207177085322226e-10
-1.010227322878422279e-18 7.736284819396035991e-10 7.911940657378365739e-10 4.204002743604669645e-09 3.527733733579172095e-09 5.864429039061914368e-09 4.813525765916028989e-09 1.289138164397241378e-08 1.029169730975264792e-08 7.948581887179484314e-09 -1.763726207536316723e-09 2.667031099626420400e-09 -5.116712770822867216e-10
2.952922542909324742e-17 4.852794676924167679e-09 4.112698323528798440e-09 4.934979239260035014e-09 5.532081603194791433e-09 1.363753186002465636e-08 1.306900666128306523e-08 7.600744868666325054e-09 1.011023023001287851e-08 7.563831452932456988e-09 -1.163694896363621229e-09 1.103009055447861565e-09 2.480149642837506618e-09
-7.565712580270261559e-18 1.466952682634252750e-09 2.540224692731693816e-09 9.522264326876495501e-10 2.311989811799496037e-09 4.300314998157841430e-09 7.811230245902614808e-09 9.403723794810757537e-09 8.301892986539181826e-09 3.237774838055330774e-09 -1.092023193121446523e-10 2.374482812719447833e-09 2.439052863978461321e-09
4.264891125388803568e-17 2.514964088291185878e-09 3.910513358547485370e-09 4.655810155040295526e-09 3.023472802257263981e-09 3.001226189157638732e-09 6.360888911454098159e-09 1.048076017218345886e-08 1.287833364169133724e-08 1.208581704257195143e-08 9.740231540787342161e-09 6.982143240194826266e-09 2.536173124157674645e-09
3.201483995783836038e-17 1.996926320486470910e-09 4.903465740841455135e-09 2.390528614915361379e-09 3.350090233132887788e-09 -1.102408299122204203e-09 7.077137661084605986e-09 8.067321854243960544e-09 3.926659745189411296e-09 3.253043445237985352e-09 4.743151492938461233e-10 -3.120733580479329721e-10 3.011133607517236701e-09
3.647962286291696649e-17 6.760136227613252587e-10 1.049220329882526129e-09 1.956852425682217900e-09 4.773214614448078920e-09 5.192783052859828977e-09 9.892450975569968385e-09 5.695873703836253204e-09 7.788958193793516005e-09 6.322300213761424213e-09 2.973355107821408192e-09 -1.649445987564589870e-09 1.985074169977389242e-09
-3.121141571273558499e-17 2.252526811570567966e-10 1.920768457232557185e-09 3.743807064448297595e-09 4.241022817775199361e-09 1.059980298261683486e-08 9.876201339937107027e-09 1.000679872279672733e-08 9.255483753563175127e-09 5.421221779759426192e-09 6.048135085580764632e-10 4.345863797149199045e-09 3.136976155311765192e-09
3.690132474110786522e-18 2.188895099423598473e-09 4.327148624174158044e-09 4.491405200760600455e-09 6.435940437678219726e-09 7.086030649592854655e-09 1.109904884458358546e-08 1.078209093828204553e-08 1.254842539538626038e-08 9.249599237373682441e-09 8.322919044738789830e-09 1.095577236047064743e-08 -2.396659567902042307e-09
-7.158498314580132453e-18 1.718278852535437443e-09 4.359144242524002022e-09 1.227301724697096823e-09 5.363627024631293236e-09 7.735460917899459669e-09 7.172709619424806417e-09 1.015750759354388600e-08 1.450015341013926734e-08 9.387644017342141077e-09 7.590111469232695784e-09 2.735289496257444123e-11 -6.073856390918408087e-10
1.321208538323946533e-18 -2.162610839730211331e-10 1.053028706737309194e-09 2.011346352178362527e-09 3.223121133514705932e-09 7.298632478863292887e-09 5.066295760029342064e-09 8.574966776627259085e-09 5.193439307019264418e-09 1.007752771925808911e-08 4.654125986959335828e-09 7.491039573784246003e-09 2.054352918901771558e-09
5.265921837502585934e-18 1.550331353005150916e-10 2.435958178433414209e-10 2.619711274993676863e-09 4.404287049437435901e-09 8.181284833634575270e-09 5.973106486652386973e-09 1.216803983894647362e-08 3.324942850517615688e-09 1.876648420613215169e-09 9.655797319145271115e-09 2.282314039137121536e-09 -1.569915516323726660e-09
6.223361009320222074e-17 7.460483500445844298e-10 3.619139102013381286e-09 7.619213705249475666e-09 5.922230935253465778e-09 3.846497080315533962e-09 6.037646154847049823e-09 7.956587034975714649e-09 4.057245245265102327e-09 1.032039884981687513e-08 5.612417667614571280e-09 4.195796466373133256e-09 2.761469718690064759e-09
3.812642534964208519e-17 1.309034082672779952e-09 1.762952527480697468e-09 7.153575791431722756e-09 5.146779490298747743e-09 7.964162136500629737e-09 4.486633262268354532e-09 5.788730133243914593e-09 7.913504903176206391e-09 2.924628039556419451e-09 2.165994087331807860e-09 5.496173711719118340e-10 8.930124120067907105e-10
-1.757184691139511322e-17 -1.053372453814216279e-10 1.176158679443378495e-09 4.579205540360514608e-09 4.761226381398598749e-09 4.345784294487683686e-09 4.341713780207743286e-09 1.035984257006202505e-08 8.195190412617076284e-09 1.053525792352544761e-08 1.321297861971404042e-08 4.929480045170881364e-09 1.664616561085994017e-09
5.398669043128148710e-17 3.236591544557790117e-10 6.873943727768248111e-10 2.563089167648759283e-09 4.396990472604220536e-09 4.595513946348155590e-09 8.263969531303231458e-09 9.151002055088171757e-09 9.293738240999628560e-09 4.128560668097205362e-09 -3.379691503544293642e-11 3.840989268367393464e-09 6.285600851508085862e-10
1.216147864311276927e-18 7.686767437171006209e-10 1.406926674871267531e-09 -5.159584509241178744e-10 5.322090012825570406e-09 4.980797866832618551e-09 7.240128878977876774e-09 9.538197632389328150e-09 4.349665817086220646e-09 6.124350121522749726e-09 1.589342415938008048e-09 8.462258614753253914e-09 -1.993298565967216759e-09
-1.318290867785551413e-17 -3.324986975892825955e-10 1.285129164841817620e-09 3.806940744793338020e-09 7.008472552384983267e-09 4.937030161050769341e-09 6.528998486277741619e-09 6.541185241401655194e-09 -7.075067307963078611e-11 2.106907382282843158e-09 3.984398888297109981e-09 4.917963488157129979e-09 1.386719116176014084e-09
-4.664079777121919186e-19 -2.580203137282760461e-10 2.095417630453420063e-09 3.955870933535411003e-09 3.976083082048517600e-09 3.860646500330865237e-09 5.719496967731237031e-09 1.845223518498723983e-09 5.651926818068687376e-09 1.165137094263563867e-08 8.280250561376400243e-09 -1.268590106991134383e-09 -2.485088447629619314e-09
1.031861364988301451e-17 1.915326257585926455e-09 6.325030367118143918e-09 6.288732596852139423e-09 4.536269031952026420e-09 6.827435204549360472e-09 4.478538548852832092e-09 8.849863048236952228e-09 1.023228806992022331e-08 4.902477955902355511e-09 3.308199678591330062e-09 4.134772881521660144e-09 8.415526941756643359e-10
-9.918086248699566448e-18 1.102926791604451841e-09 2.159184812462930383e-09 4.620363285071582980e-09 5.203445255730943022e-09 6.815773523574687997e-10 1.014488384496798841e-08 7.154258878298635931e-09 5.138051888474444442e-09 6.013679756498538290e-09 6.435437026037388033e-09 -2.475432740702122698e-09 1.669018591090030763e-10
-5.382971163101250845e-18 7.120916300551787023e-11 3.825028543571191495e-09 2.935625384954079629e-09 4.014111217050857887e-09 8.354543365341181373e-09 1.406719688803445134e-08 8.873490174979624665e-09 8.186236902870734344e-09 6.016986371170611613e-09 8.149714154205365611e-09 -1.373455236154675998e-09 1.708136701778795907e-09
-8.527903293233630770e-18 1.317300183781585382e-09 3.380863990362164526e-09 2.193834284911100028e-09 4.528550253267850337e-10 6.329291040814276026e-09 6.134390031901227777e-09 3.441554957282946338e-09 6.999222384590145578e-09 3.017790804252691065e-09 -3.149992438818545695e-10 2.290846285206134752e-09 1.551367394929631607e-09
-3.943438600576129864e-17 -1.494758457040463089e-10 5.487430279040356492e-10 2.205386560636939361e-09 1.232445090002049614e-09 4.186856000252875029e-09 6.862487939626158072e-09 9.183584430878582369e-09 1.152988788284285665e-08 5.455454962471250040e-09 4.564890841124594188e-09 2.261815848552474949e-10 -1.064053614956470588e-09
-1.217441435205902914e-17 5.996809304986544461e-09 6.229269936850884611e-09 2.350081191025522747e-09 4.803504375235963151e-09 7.151185254152201136e-09 9.903093618960097453e-09 8.841236812994518330e-09 7.383236844969793164e-09 1.245134214097581107e-08 -9.019192740352010132e-11 3.332874551640629709e-09 1.804575132781838805e-09
9.688663228375487005e-17 4.791032430522564468e-11 1.465192723702759967e-09 6.626478220095372254e-09 4.140953524350924755e-09 6.253702841320096567e-09 9.852656559895564469e-09 5.272683826271824120e-09 5.909717194851393440e-09 1.303646003179903740e-08 4.415779795770881711e-09 2.695223674614600069e-09 2.723817165576648176e-09
4.755197484581515698e-17 1.592835403483432337e-09 5.629119079560479786e-09 4.564564694138344289e-09 2.900029530202634578e-09 6.035256215353517446e-09 6.319380999663497196e-09 6.014487316174767399e-09 6.656649163495511562e-09 7.589321788768195224e-09 5.109246249105447548e-09 -8.097607964959717805e-10 1.556015340783779989e-09
-4.948506784418656876e-17 3.527781952618861774e-10 5.122632120220010040e-10 4.967493695062897362e-09 1.159530798963062548e-08 4.418753850193190363e-09 3.740232783733296055e-09 6.364916017306146988e-09 7.242806849394193147e-09 3.849513339421189741e-09 -6.764424178189465321e-10 -2.454473829694083799e-09 -2.529797797914786670e-09
5.568914081055656177e-19 2.534253435343716820e-09 3.216208600126307553e-09 6.965730554686567396e-09 8.006537194850694682e-09 3.745663169065877265e-09 5.955038988908653874e-09 1.074892215762047253e-08 1.150450004421553398e-08 2.301361492568467996e-09 3.474630825533581001e-09 6.320475294139885920e-09 -2.765415380189768205e-10
-9.194070718607486244e-18 -8.004488763892707404e-10 -4.344662661578640624e-10 4.967418260738395078e-09 1.745545916387812133e-09 5.147458353651489778e-09 6.453527604820011421e-09 7.937690923991833099e-09 1.095164974170406278e-08 9.250104145157932245e-09 2.300094731856568673e-09 7.174257273695230073e-09 1.928273883059649959e-10
9.525552942349252541e-18 2.043084100626977538e-11 2.252471727792895009e-09 2.240909186135150974e-09 4.684188283391894554e-09 7.572014261719450566e-09 6.774377331375243837e-09 1.215057866682673924e-08 1.167360236525787147e-08 3.809703897445353376e-09 5.253307557009595898e-09 2.601013331771506174e-09 2.067420066450954732e-10
7.771497492439151680e-17 2.038348671697538830e-10 2.434402959881824989e-09 4.634697511639431446e-09 4.631114172914960399e-09 5.301281386436684910e-09 6.476702578554190544e-09 1.394857919524089367e-08 9.760012211683090664e-09 7.411744372580232463e-09 3.302891365193219193e-09 5.516089988399146898e-09 1.487736511858153958e-09
